slug,version,archived,leaf,pages,access_levels
adapter-code-for-tibco-api-exchange-and-joomla,2.3.4,False,no,,
adapter-code-for-tibco-api-exchange-and-joomla,2.3.3,False,no,,
ibi-ai-assistant,9.3.8,False,yes,38,Public
ibi-data-intelligence,2.1.0,False,yes,56,Public
ibi-data-intelligence,2.0.0,False,yes,156,Public
ibi-data-intelligence,1.2.0,False,yes,158,Public
ibi-data-intelligence,1.1.0,False,yes,159,Public
ibi-data-intelligence,1.0.0,False,yes,113,Public
ibi-data-quality,5.2.2,False,yes,50,Public
ibi-data-quality,5.2.1,False,yes,51,Public
ibi-data-quality,5.2.0,False,yes,5,Public
ibi-data-quality,5.1.1,False,yes,5,Public
ibi-data-quality,5.1.0,False,yes,5,Public
ibi-data-quality,5.0.0,False,yes,3,Public
ibi-data-quality,3.1.0,False,yes,3,Public
ibi-data-quality,3.0.0,False,yes,2,Public
ibi-focus,8207.28.14,False,yes,20,Public
ibi-focus,8207.28.13,False,yes,20,Public
ibi-focus,8207.27.0,False,yes,20,Public
ibi-focus,9.3.8,False,yes,2217,Public
ibi-focus,9.3.7,False,yes,1939,Public
ibi-focus,9.3.6,False,yes,1937,Public
ibi-focus,9.3.5,False,yes,1942,Public
ibi-focus,9.3.4,False,yes,2014,Public
ibi-focus,9.3.3,False,yes,1995,Public
ibi-focus,9.3.2,False,yes,1995,Public
ibi-focus,9.3.1,False,yes,2003,Public
ibi-focus,9.3.0,False,yes,1986,Public
ibi-focus,9.2.5,False,yes,20,Public
ibi-focus,9.2.4,False,yes,19,Public
ibi-focus,9.2.3,False,yes,19,Public
ibi-focus,9.2.2,False,yes,19,Public
ibi-focus,9.2.1,False,yes,19,Public
ibi-focus,9.2.0,False,yes,19,Public
ibi-focus,9.1.3,False,yes,20,Public
ibi-focus,9.1.2,False,yes,19,Public
ibi-focus,9.1.1,False,yes,19,Public
ibi-focus,9.1.0,False,yes,20,Public
ibi-focus,9.0.6,False,yes,20,Public
ibi-focus,9.0.5,False,yes,19,Public
ibi-focus,9.0.4,False,yes,19,Public
ibi-focus,9.0.2,False,yes,20,Public
ibi-iway-service-manager,9.3.0,False,yes,1732,Public
ibi-iway-service-manager,9.2.0,False,yes,1745,Public
ibi-iway-service-manager,9.1.0,False,yes,39,Public
ibi-iway-service-manager,9.0.0,False,yes,4,Public
ibi-iway-service-manager,8.1.0,False,yes,30,Public
ibi-iway-service-manager,8.0.7,False,yes,3,Public
ibi-iway-service-manager,8.0.6,False,yes,28,Public
ibi-iway-service-manager,8.0.5,False,yes,4,Public
ibi-iway-service-manager-edi-add-on,9.3.0,False,yes,37,Public
ibi-iway-service-manager-edi-add-on,9.1.1,False,yes,35,Public
ibi-mdm-add-on-for-global-data-synchronization,4.0.0,False,yes,147,Public
ibi-mdm-add-on-for-global-data-synchronization,3.0.3,True,yes,146,Public
ibi-mdm-add-on-for-global-data-synchronization,3.0.2,True,yes,147,Public
ibi-mdm-add-on-for-global-data-synchronization,3.0.1,True,yes,106,Public
ibi-mdm-add-on-for-global-data-synchronization,3.0.0,True,yes,106,Public
ibi-mdm-add-on-for-global-data-synchronization,1.2.1,True,no,,
ibi-mdm-add-on-for-global-data-synchronization,1.2.0,True,yes,89,Public
ibi-mdm-add-on-for-global-data-synchronization,1.1.1,False,no,,
ibi-mdm-add-on-for-global-data-synchronization,(uncatalogued leaf tibco-collaborative-information-manager-add-on-for-global-data-synchronization-1-1-0),,yes,,
ibi-omni-gen,4.3.0,False,yes,3,Public
ibi-omni-gen,4.1.1,True,yes,3,Public
ibi-omni-gen,4.1.0,True,yes,4,Public
ibi-omni-gen,3.16.1,True,yes,3,Public
ibi-omni-gen,3.16.0,True,yes,14,Public
ibi-omni-gen-mdm,4.3.0,False,yes,3,Public
ibi-omni-gen-mdm,4.1.1,True,yes,3,Public
ibi-omni-gen-mdm,4.1.0,True,yes,4,Public
ibi-omni-gen-mdm,3.16.1,True,yes,3,Public
ibi-omni-gen-mdm,3.16.0,True,yes,13,Public
ibi-omni-healthdata,4.3.0,False,yes,3,Public
ibi-omni-healthdata,4.1.1,True,yes,3,Public
ibi-omni-healthdata,3.16.1,True,yes,3,Public
ibi-omni-healthdata,3.16.0,True,yes,11,Public
ibi-omni-healthdata-business-release,2023.3.0,False,yes,2,Public
ibi-omni-healthdata-business-release,2023.2.0,False,yes,2,Public
ibi-omni-healthdata-business-release,2023.1.0,False,yes,2,Employee
ibi-omni-healthdata-business-release,2022.4.0,True,yes,2,Public
ibi-omni-healthdata-business-release,2022.3.0,True,yes,2,Public
ibi-omni-healthdata-business-release,2022.2.0,True,yes,2,Public
ibi-omni-healthdata-business-release,2022.1.0,True,yes,2,Public
ibi-omni-healthdata-business-release,2021.4.0,True,yes,2,Public
ibi-omni-healthdata-business-release,2021.3.0,True,yes,2,Public
ibi-omni-healthdata-business-release,2021.2.0,True,yes,2,Public
ibi-omni-insurance,4.3.0,False,yes,2,Public
ibi-omni-insurance,4.1.1,True,yes,3,Public
ibi-omni-insurance,3.16.1,True,yes,2,Public
ibi-omni-insurance,3.16.0,True,yes,13,Public
ibi-open-data-hub-for-mainframe-connectors,1.3.8,False,yes,279,Public
ibi-open-data-hub-for-mainframe-connectors,1.3.7,False,yes,229,Public
ibi-open-data-hub-for-mainframe-connectors,1.3.6,False,yes,230,Public
ibi-open-data-hub-for-mainframe-connectors,1.3.5,False,yes,236,Public
ibi-open-data-hub-for-mainframe-connectors,1.3.4,False,yes,252,Public
ibi-open-data-hub-for-mainframe-connectors,1.0.9,False,yes,251,Public
ibi-open-data-hub-for-mainframe-connectors,1.0.8,False,yes,251,Public
ibi-open-data-hub-for-mainframe-connectors,1.0.7,False,yes,251,Public
ibi-open-data-hub-for-mainframe-connectors,1.0.6,False,yes,4,Public
ibi-open-data-hub-for-mainframe-connectors,1.0.5,False,yes,251,Public
ibi-open-data-hub-for-mainframe-connectors,1.0.4,False,yes,202,Public
ibi-open-data-hub-for-mainframe-connectors,1.0.3,False,yes,202,Public
ibi-open-data-hub-for-mainframe-connectors,1.0.2,False,yes,4,Public
ibi-open-data-hub-for-mainframe-connectors,1.0.1,False,yes,4,Public
ibi-open-data-hub-for-mainframe-connectors,1.0.0,False,yes,3,Public
ibi-web-query-for-ibm-i,8207.28.14,False,yes,2,Public
ibi-web-query-for-ibm-i,8207.28.13,False,yes,2,Public
ibi-web-query-for-ibm-i,8207.28.12,False,yes,2,Public
ibi-web-query-for-ibm-i,8207.28.11,False,yes,2,Public
ibi-web-query-for-ibm-i,8207.28.09,False,yes,2,Public
ibi-web-query-for-ibm-i,9.2.1,False,yes,2,Public
ibi-web-query-for-ibm-i,9.2.0,False,yes,2,Public
ibi-web-query-for-ibm-i,9.1.2,False,yes,2,Public
ibi-web-query-for-ibm-i,9.1.1,False,yes,2,Public
ibi-web-query-for-ibm-i,9.1.0,False,yes,2,Public
ibi-web-query-for-ibm-i,9.0.4,False,yes,2,Public
ibi-web-query-for-ibm-i,9.0.3,False,yes,2,Public
ibi-web-query-for-ibm-i,9.0.2,False,yes,2,Public
ibi-web-query-for-ibm-i,9.0.1,False,yes,2,Public
ibi-webfocus-app-studio,8207.28.14,False,yes,9,Public
ibi-webfocus-app-studio,8207.28.13,False,yes,8,Public
ibi-webfocus-app-studio,8207.28.12,False,yes,10,Public
ibi-webfocus-app-studio,8207.28.11,False,yes,10,Public
ibi-webfocus-app-studio,8207.28.10,False,yes,10,Public
ibi-webfocus-app-studio,8207.28.09,False,yes,10,Public
ibi-webfocus-app-studio,8207.28.05,False,yes,8,Public
ibi-webfocus-app-studio,8207.28.0,False,yes,11,Public
ibi-webfocus-app-studio,8207.27.0,False,yes,10,Public
ibi-webfocus-app-studio,9.3.8,False,yes,697,Public
ibi-webfocus-app-studio,9.3.7,False,yes,548,Public
ibi-webfocus-app-studio,9.3.6,False,yes,630,Public
ibi-webfocus-app-studio,9.3.5,False,yes,633,Public
ibi-webfocus-app-studio,9.3.4,False,yes,313,Public
ibi-webfocus-app-studio,9.3.3,False,yes,312,Public
ibi-webfocus-app-studio,9.3.2,False,yes,312,Public
ibi-webfocus-app-studio,9.3.1,False,yes,311,Public
ibi-webfocus-app-studio,9.3.0,False,yes,775,Public
ibi-webfocus-app-studio,9.2.7,False,yes,8,Public
ibi-webfocus-app-studio,9.2.6,False,yes,9,Public
ibi-webfocus-app-studio,9.2.5,False,yes,9,Public
ibi-webfocus-app-studio,9.2.4,False,yes,9,Public
ibi-webfocus-app-studio,9.2.3,False,yes,11,Public
ibi-webfocus-app-studio,9.2.2,False,yes,11,Public
ibi-webfocus-app-studio,9.2.1,False,yes,11,Public
ibi-webfocus-app-studio,9.2.0,False,yes,11,Public
ibi-webfocus-app-studio,9.1.4,False,yes,8,Public
ibi-webfocus-app-studio,9.1.3,False,yes,9,Public
ibi-webfocus-app-studio,9.1.2,False,yes,11,Public
ibi-webfocus-app-studio,9.1.1,False,yes,10,Public
ibi-webfocus-app-studio,9.1.0,False,yes,10,Public
ibi-webfocus-app-studio,9.0.6,False,yes,9,Public
ibi-webfocus-app-studio,9.0.5,False,yes,11,Public
ibi-webfocus-app-studio,9.0.4,False,yes,10,Public
ibi-webfocus-app-studio,9.0.3,False,yes,10,Public
ibi-webfocus-app-studio,9.0.2,False,yes,11,Public
ibi-webfocus-app-studio,9.0.1,False,yes,11,Public
ibi-webfocus-app-studio,9.0.0,False,yes,11,Public
ibi-webfocus-client,8207.28.14,False,yes,26,Public
ibi-webfocus-client,8207.28.13,False,yes,27,Public;Requires Login
ibi-webfocus-client,8207.28.12,False,yes,39,Public
ibi-webfocus-client,8207.28.11,False,yes,39,Public;Requires Login
ibi-webfocus-client,8207.28.10,False,yes,38,Public;Requires Login
ibi-webfocus-client,8207.28.09,False,yes,38,Public;Requires Login
ibi-webfocus-client,8207.28.06,False,yes,38,Public;Requires Login
ibi-webfocus-client,8207.28.05,False,yes,38,Public;Requires Login
ibi-webfocus-client,8207.28.0,False,yes,39,Public;Requires Login
ibi-webfocus-client,8207.27.0,False,yes,24,Public;Requires Login
ibi-webfocus-client,9.3.8,False,yes,16275,Public
ibi-webfocus-client,9.3.7,False,yes,14118,Public
ibi-webfocus-client,9.3.6,False,yes,13972,Public
ibi-webfocus-client,9.3.5,False,yes,14203,Public
ibi-webfocus-client,9.3.4,False,yes,2780,Public
ibi-webfocus-client,9.3.3,False,yes,2752,Public
ibi-webfocus-client,9.3.2,False,yes,2750,Public
ibi-webfocus-client,9.3.1,False,yes,2757,Public
ibi-webfocus-client,9.3.0,False,yes,4318,Public
ibi-webfocus-client,9.2.7,False,yes,28,Public
ibi-webfocus-client,9.2.6,False,yes,29,Public
ibi-webfocus-client,9.2.5,False,yes,28,Public
ibi-webfocus-client,9.2.4,False,yes,29,Public
ibi-webfocus-client,9.2.3,False,yes,44,Public
ibi-webfocus-client,9.2.2,False,yes,44,Public
ibi-webfocus-client,9.2.1,False,yes,44,Public
ibi-webfocus-client,9.2.0,False,yes,44,Public
ibi-webfocus-client,9.1.4,False,yes,28,Public
ibi-webfocus-client,9.1.3,False,yes,28,Public
ibi-webfocus-client,9.1.2,False,yes,42,Public
ibi-webfocus-client,9.1.1,False,yes,44,Public
ibi-webfocus-client,9.1.0,False,yes,45,Public;Requires Login
ibi-webfocus-client,9.0.6,False,yes,28,Public
ibi-webfocus-client,9.0.5,False,yes,42,Public
ibi-webfocus-client,9.0.4,False,yes,43,Public;Requires Login
ibi-webfocus-client,9.0.3,False,yes,44,Public;Requires Login
ibi-webfocus-client,9.0.2,False,yes,44,Public;Requires Login
ibi-webfocus-client,9.0.1,False,yes,44,Public;Requires Login
ibi-webfocus-client,9.0.0,False,yes,44,Public;Requires Login
ibi-webfocus-container-edition,9.3.8,False,yes,121,Public
ibi-webfocus-container-edition,9.3.7,False,yes,74,Public
ibi-webfocus-container-edition,9.3.6,False,yes,80,Public
ibi-webfocus-container-edition,9.3.5,False,yes,78,Public
ibi-webfocus-container-edition,1.3.4,False,yes,73,Public
ibi-webfocus-container-edition,1.3.3,False,yes,72,Public
ibi-webfocus-container-edition,1.3.2,False,yes,70,Public
ibi-webfocus-container-edition,1.3.1,False,yes,66,Public
ibi-webfocus-container-edition,1.3.0,False,yes,68,Public
ibi-webfocus-container-edition,1.2.5,False,yes,58,Public
ibi-webfocus-container-edition,1.2.4,False,yes,59,Public
ibi-webfocus-container-edition,1.2.3,False,yes,50,Public
ibi-webfocus-container-edition,1.2.2,False,yes,50,Public
ibi-webfocus-container-edition,1.2.1,False,yes,4,Public
ibi-webfocus-container-edition,1.2.0,False,yes,4,Public
ibi-webfocus-container-edition,1.1.2,False,yes,3,Public
ibi-webfocus-container-edition,1.1.1,False,yes,4,Public
ibi-webfocus-container-edition,1.1.0,False,yes,4,Public
ibi-webfocus-container-edition,1.0.5,False,yes,48,Public
ibi-webfocus-container-edition,1.0.4,False,yes,3,Public
ibi-webfocus-container-edition,1.0.3,False,yes,3,Public
ibi-webfocus-container-edition,1.0.2,False,yes,3,Public
ibi-webfocus-container-edition,1.0.0,False,yes,3,Public
ibi-webfocus-dsml-services,8207.28.0,False,yes,4,Public
ibi-webfocus-dsml-services,9.3.8,False,yes,18,Public
ibi-webfocus-dsml-services,9.3.7,False,yes,19,Public
ibi-webfocus-dsml-services,9.3.6,False,yes,18,Public
ibi-webfocus-dsml-services,9.3.5,False,yes,21,Public
ibi-webfocus-dsml-services,9.3.4,False,yes,30,Public
ibi-webfocus-dsml-services,9.3.3,False,yes,17,Public
ibi-webfocus-dsml-services,9.3.2,False,yes,17,Public
ibi-webfocus-dsml-services,9.3.0,False,yes,16,Public
ibi-webfocus-dsml-services,9.2.0,False,yes,4,Public
ibi-webfocus-dsml-services,9.1.0,False,yes,4,Public
ibi-webfocus-dsml-services,9.0.4,False,yes,4,Public
ibi-webfocus-dsml-services,9.0.2,False,yes,4,Public
ibi-webfocus-dsml-services,9.0.1,False,yes,4,Public
ibi-webfocus-dsml-services,9.0.0,False,yes,4,Public
ibi-webfocus-dsml-services-container-edition,9.3.8,False,yes,35,Public
ibi-webfocus-dsml-services-container-edition,9.3.7,False,yes,34,Public
ibi-webfocus-dsml-services-container-edition,9.3.6,False,yes,33,Public
ibi-webfocus-dsml-services-container-edition,9.3.5,False,yes,34,Public
ibi-webfocus-dsml-services-container-edition,1.0.7,False,no,,
ibi-webfocus-dsml-services-container-edition,1.0.6,False,yes,28,Public
ibi-webfocus-dsml-services-container-edition,1.0.5,False,yes,29,Public
ibi-webfocus-dsml-services-container-edition,1.0.4,False,yes,27,Public
ibi-webfocus-dsml-services-container-edition,1.0.3,False,yes,4,Public
ibi-webfocus-dsml-services-container-edition,1.0.2,True,no,,
ibi-webfocus-dsml-services-container-edition,1.0.1,True,no,,
ibi-webfocus-dsml-services-container-edition,1.0.0,True,no,,
ibi-webfocus-installer,8207.28.14,False,yes,4,Public
ibi-webfocus-installer,8207.28.13,False,yes,4,Public
ibi-webfocus-installer,8207.28.12,False,yes,4,Public
ibi-webfocus-installer,8207.28.11,False,yes,4,Public
ibi-webfocus-installer,8207.28.10,False,yes,4,Public
ibi-webfocus-installer,8207.28.09,False,yes,4,Public
ibi-webfocus-installer,8207.28.06,False,yes,3,Public
ibi-webfocus-installer,8207.28.05,False,yes,3,Public
ibi-webfocus-installer,8207.28.0,False,yes,5,Public
ibi-webfocus-installer,8207.27.0,False,yes,4,Public
ibi-webfocus-installer,9.3.6,False,yes,18,Public
ibi-webfocus-installer,9.3.5,False,yes,19,Public
ibi-webfocus-installer,9.3.4,False,yes,22,Public
ibi-webfocus-installer,9.3.3,False,yes,21,Public
ibi-webfocus-installer,9.3.2,False,yes,21,Public
ibi-webfocus-installer,9.3.1,False,yes,21,Public
ibi-webfocus-installer,9.3.0,False,yes,21,Public
ibi-webfocus-installer,9.2.6,False,yes,5,Public
ibi-webfocus-installer,9.2.5,False,yes,4,Public
ibi-webfocus-installer,9.2.4,False,yes,4,Public
ibi-webfocus-installer,9.2.3,False,yes,4,Public
ibi-webfocus-installer,9.2.2,False,yes,4,Public
ibi-webfocus-installer,9.2.1,False,yes,4,Public
ibi-webfocus-installer,9.2.0,False,yes,4,Public
ibi-webfocus-installer,9.1.4,False,yes,5,Public
ibi-webfocus-installer,9.1.3,False,yes,4,Public
ibi-webfocus-installer,9.1.2,False,yes,4,Public
ibi-webfocus-installer,9.1.1,False,yes,4,Public
ibi-webfocus-installer,9.1.0,False,yes,4,Public
ibi-webfocus-installer,9.0.6,False,yes,4,Public
ibi-webfocus-installer,9.0.5,False,yes,4,Public
ibi-webfocus-installer,9.0.4,False,yes,4,Public
ibi-webfocus-installer,9.0.3,False,yes,4,Public
ibi-webfocus-installer,9.0.2,False,yes,4,Public
ibi-webfocus-installer,9.0.1,False,yes,4,Public
ibi-webfocus-installer,9.0.0,False,yes,4,Public
ibi-webfocus-reporting-server,8207.28.14,False,yes,12,Public
ibi-webfocus-reporting-server,8207.28.13,False,yes,13,Public
ibi-webfocus-reporting-server,8207.28.12,False,yes,15,Public
ibi-webfocus-reporting-server,8207.28.11,False,yes,15,Public
ibi-webfocus-reporting-server,8207.28.10,False,yes,15,Public
ibi-webfocus-reporting-server,8207.28.09,False,yes,15,Public
ibi-webfocus-reporting-server,8207.28.06,False,yes,15,Public
ibi-webfocus-reporting-server,8207.28.05,False,yes,15,Public
ibi-webfocus-reporting-server,8207.28.0,False,yes,15,Public
ibi-webfocus-reporting-server,8207.27.0,False,yes,14,Public
ibi-webfocus-reporting-server,9.3.8,False,yes,6061,Public
ibi-webfocus-reporting-server,9.3.7,False,yes,4825,Public
ibi-webfocus-reporting-server,9.3.6,False,yes,4791,Public
ibi-webfocus-reporting-server,9.3.5,False,yes,4826,Public
ibi-webfocus-reporting-server,9.3.4,False,yes,2410,Public
ibi-webfocus-reporting-server,9.3.3,False,yes,2413,Public
ibi-webfocus-reporting-server,9.3.2,False,yes,2410,Public
ibi-webfocus-reporting-server,9.3.1,False,yes,2407,Public
ibi-webfocus-reporting-server,9.3.0,False,yes,4068,Public
ibi-webfocus-reporting-server,9.2.7,False,yes,12,Public
ibi-webfocus-reporting-server,9.2.6,False,yes,13,Public
ibi-webfocus-reporting-server,9.2.5,False,yes,12,Public
ibi-webfocus-reporting-server,9.2.4,False,yes,12,Public
ibi-webfocus-reporting-server,9.2.3,False,yes,15,Public
ibi-webfocus-reporting-server,9.2.2,False,yes,15,Public
ibi-webfocus-reporting-server,9.2.1,False,yes,15,Public
ibi-webfocus-reporting-server,9.2.0,False,yes,15,Public
ibi-webfocus-reporting-server,9.1.4,False,yes,13,Public
ibi-webfocus-reporting-server,9.1.3,False,yes,12,Public
ibi-webfocus-reporting-server,9.1.2,False,yes,15,Public
ibi-webfocus-reporting-server,9.1.1,False,yes,15,Public
ibi-webfocus-reporting-server,9.1.0,False,yes,15,Public
ibi-webfocus-reporting-server,9.0.6,False,yes,12,Public
ibi-webfocus-reporting-server,9.0.5,False,yes,15,Public
ibi-webfocus-reporting-server,9.0.4,False,yes,15,Public
ibi-webfocus-reporting-server,9.0.3,False,yes,15,Public
ibi-webfocus-reporting-server,9.0.2,False,yes,15,Public
ibi-webfocus-reporting-server,9.0.1,False,yes,15,Public
ibi-webfocus-reporting-server,9.0.0,False,yes,15,Public
premium-subscription-for-tibco-businessworks-container-edition-and-plug-ins-for-aws-marketplace,2.3.1,False,no,,
spotfire-data-science-author,2.2.0,False,yes,24,Public
spotfire-data-science-author,2.1.0,False,yes,22,Public
spotfire-data-science-author,2.0.0,False,yes,21,Public
spotfire-data-science-author,1.5.0,False,yes,25,Public
spotfire-data-science-author,1.4.0,False,yes,18,Public
spotfire-data-science-author,1.3.0,True,no,,
spotfire-data-science-author,1.2.0,True,no,,
spotfire-data-science-author,1.1.0,True,no,,
spotfire-data-science-author,1.0.0,True,no,,
spotfire-data-science-for-life-science-author,2.2.0,False,yes,24,Public
spotfire-data-science-for-life-science-author,2.1.0,False,yes,22,Public
spotfire-data-science-for-life-science-author,2.0.0,False,yes,21,Public
spotfire-data-science-for-life-science-author,1.5.0,False,yes,25,Public
spotfire-data-science-for-life-science-author,1.4.0,False,yes,18,Public
spotfire-data-science-for-life-science-author,1.3.0,True,no,,
spotfire-data-science-for-life-science-operations,2.2.0,False,yes,24,Public
spotfire-data-science-for-life-science-operations,2.1.0,False,yes,22,Public
spotfire-data-science-for-life-science-operations,2.0.0,False,yes,21,Public
spotfire-data-science-for-life-science-operations,1.5.0,False,yes,25,Public
spotfire-data-science-for-life-science-operations,1.4.0,False,yes,18,Public
spotfire-data-science-for-life-science-operations,1.3.0,True,no,,
spotfire-data-science-operations,2.2.0,False,yes,24,Public
spotfire-data-science-operations,2.1.0,False,yes,22,Public
spotfire-data-science-operations,2.0.0,False,yes,21,Public
spotfire-data-science-operations,1.5.0,False,yes,25,Public
spotfire-data-science-operations,1.4.0,False,yes,18,Public
spotfire-data-science-operations,1.3.0,True,no,,
spotfire-data-science-operations,1.2.0,True,no,,
spotfire-data-science-operations,1.1.0,True,no,,
spotfire-data-science-operations,1.0.0,True,no,,
spotfire-data-science-workbench,14.4.0,False,yes,14275,Public
spotfire-data-science-workbench,14.3.0,False,yes,14259,Public
spotfire-data-science-workbench,14.2.0,True,no,,
spotfire-data-science-workbench,14.1.0,False,yes,14265,Public
spotfire-data-science-workbench,14.0.1,True,no,,
spotfire-data-science-workbench,14.0.0,True,no,,
spotfire-data-science-workbench,13.6.0,True,no,,
spotfire-data-science-workbench,13.5.0,True,no,,
spotfire-data-streams,11.1.1,False,yes,3672,Public
spotfire-data-streams,11.1.0,False,yes,3664,Public
spotfire-data-streams,11.0.1,True,yes,3741,Public
spotfire-data-streams,11.0.0,True,yes,3734,Public
spotfire-data-streams,10.6.6,False,yes,3534,Public
spotfire-data-streams,10.6.5,False,yes,3531,Public
spotfire-data-streams,10.6.4,True,yes,3529,Public
spotfire-data-streams,10.6.3,True,yes,3527,Public
spotfire-data-streams,10.6.2,True,no,,
spotfire-data-streams,10.6.1,True,no,,
spotfire-data-streams,10.6.0,True,no,,
spotfire-data-streams,10.5.0,True,no,,
spotfire-data-streams,10.4.5,True,no,,
spotfire-data-streams,10.4.4,True,no,,
spotfire-data-streams,10.4.3,True,no,,
spotfire-data-streams,10.4.2,True,no,,
spotfire-data-streams,10.4.1,True,no,,
spotfire-data-streams,10.4.0,True,no,,
spotfire-liveview-web-enterprise-edition,1.7.1,False,yes,4,Public
spotfire-liveview-web-enterprise-edition,1.7.0,False,yes,5,Public
spotfire-liveview-web-enterprise-edition,1.6.2,True,yes,5,Public
spotfire-liveview-web-enterprise-edition,1.6.0,True,yes,5,Public
spotfire-liveview-web-enterprise-edition,1.5.0,True,yes,3,Public
spotfire-liveview-web-enterprise-edition,1.4.1,True,yes,6,Public
spotfire-liveview-web-enterprise-edition,1.4.0,True,yes,6,Public
spotfire-liveview-web-enterprise-edition,1.3.2,True,yes,5,Public
spotfire-liveview-web-enterprise-edition,1.3.1,True,yes,5,Public
spotfire-liveview-web-enterprise-edition,1.3.0,True,yes,7,Public
spotfire-liveview-web-enterprise-edition,1.2.1,True,yes,7,Public
spotfire-liveview-web-enterprise-edition,1.2.0,True,yes,7,Public
spotfire-liveview-web-enterprise-edition,1.1.3,True,no,,
spotfire-liveview-web-enterprise-edition,1.1.2,True,no,,
spotfire-liveview-web-enterprise-edition,1.1.1,True,no,,
spotfire-liveview-web-enterprise-edition,1.1.0,True,no,,
spotfire-liveview-web-enterprise-edition,1.0.3,True,no,,
spotfire-liveview-web-enterprise-edition,1.0.2,True,no,,
spotfire-statistica,14.4.0,False,yes,14275,Public
spotfire-statistica,14.3.0,False,yes,14260,Public
spotfire-statistica,14.2.0,True,no,,
spotfire-statistica,14.1.0,False,yes,14266,Public
spotfire-statistica,14.0.1,True,no,,
spotfire-statistica,14.0.0,True,no,,
spotfire-statistica,13.6.0,True,no,,
spotfire-statistica,13.5.0,True,no,,
spotfire-statistica,13.4.0,True,no,,
spotfire-statistica,13.3.1,True,no,,
spotfire-statistica,13.3.0,True,no,,
spotfire-statistica-all-servers,14.4.0,False,yes,11,Public
spotfire-statistica-all-servers,14.3.0,False,yes,12,Public
spotfire-statistica-all-servers,14.2.0,False,yes,12,Public
spotfire-statistica-all-servers,14.1.0,False,yes,12,Public
spotfire-statistica-all-servers,14.0.1,True,no,,
spotfire-statistica-all-servers,14.0.0,True,no,,
spotfire-statistica-estore-edition,14.1.0,False,yes,2,Public
spotfire-statistica-estore-edition,14.0.1,True,yes,2,Public
spotfire-statistica-estore-edition,14.0.0,True,yes,2,Public
spotfire-statistica-integration,14.5.0,False,yes,146,Public
spotfire-statistica-integration,14.4.0,False,yes,106,Public
spotfire-statistica-integration,14.3.0,False,yes,43,Public
spotfire-statistica-integration,14.2.0,False,yes,23,Public
spotfire-statistics-services,Services,False,no,,
spotfire-statistics-services,14.0.0,False,yes,15,Public
spotfire-statistics-services,12.3.1,False,yes,533,Public
spotfire-statistics-services,12.3.0,False,yes,533,Public
spotfire-statistics-services,12.2.0,True,yes,533,Public
spotfire-statistics-services,12.1.0,True,yes,533,Public
spotfire-statistics-services,12.0.9,False,yes,527,Public
spotfire-statistics-services,12.0.8,True,yes,527,Public
spotfire-statistics-services,12.0.7,True,yes,532,Public
spotfire-statistics-services,12.0.6,False,yes,532,Public
spotfire-statistics-services,12.0.5,False,yes,532,Public
spotfire-statistics-services,12.0.4,False,yes,533,Public
spotfire-statistics-services,12.0.3,False,yes,533,Public
spotfire-statistics-services,12.0.2,True,yes,533,Public
spotfire-statistics-services,12.0.1,True,yes,533,Public
spotfire-statistics-services,12.0.0,True,yes,533,Public
spotfire-statistics-services,11.8.1,True,yes,533,Public
spotfire-statistics-services,11.8.0,True,yes,533,Public
spotfire-statistics-services,11.7.0,True,no,,
spotfire-statistics-services,11.6.2,True,no,,
spotfire-statistics-services,11.6.1,True,no,,
spotfire-statistics-services,11.6.0,True,no,,
spotfire-statistics-services,11.5.0,True,no,,
spotfire-statistics-services,11.4.13,False,yes,539,Public
spotfire-statistics-services,11.4.12,False,yes,540,Public
spotfire-statistics-services,11.4.11,False,yes,540,Public
spotfire-statistics-services,11.4.10,True,yes,540,Public
spotfire-statistics-services,11.4.9,True,yes,540,Public
spotfire-statistics-services,11.4.8,True,yes,540,Public
spotfire-statistics-services,11.4.7,True,yes,540,Public
spotfire-statistics-services,11.4.6,True,yes,540,Public
spotfire-statistics-services,11.4.5,True,yes,540,Public
spotfire-statistics-services,11.4.4,True,yes,540,Public
spotfire-statistics-services,11.4.3,True,yes,540,Public
spotfire-statistics-services,11.4.2,True,yes,540,Public
spotfire-statistics-services,11.4.1,True,yes,570,Public
spotfire-statistics-services,11.4.0,True,yes,570,Public
spotfire-statistics-services,11.3.0,True,no,,
spotfire-statistics-services,11.2.0,True,no,,
spotfire-statistics-services,11.1.0,True,no,,
spotfire-statistics-services,10.10.10,True,yes,539,Public
spotfire-statistics-services,10.10.9,True,yes,539,Public
spotfire-statistics-services,10.10.8,True,yes,539,Public
spotfire-statistics-services,10.10.7,True,yes,539,Public
spotfire-statistics-services,10.10.6,True,yes,539,Public
spotfire-statistics-services,10.10.5,True,yes,539,Public
spotfire-statistics-services,10.10.4,True,yes,568,Public
spotfire-statistics-services,10.10.3,True,yes,569,Public
spotfire-statistics-services,10.10.2,True,yes,569,Public
spotfire-statistics-services,10.10.1,True,yes,568,Public
spotfire-statistics-services,10.10.0,True,yes,568,Public
spotfire-statistics-services,10.3.1,True,no,,
spotfire-statistics-services,10.3.0,True,no,,
spotfire-statistics-services,10.0.1,True,no,,
spotfire-statistics-services,10.0.0,True,no,,
spotfire-statistics-services,7.11.2,True,no,,
spotfire-statistics-services,7.11.1,True,no,,
spotfire-statistics-services,7.11.0,True,no,,
spotfire-statistics-services,7.5.0,True,no,,
spotfire-statistics-services,7.0.0,True,no,,
spotfire-statistics-services,(uncatalogued leaf tibco-spotfire-statistics-services),,yes,,
"tibbr,-tibbr-service,-tibbr-community,-and-tibbrcommunity-service",8.0.0,False,no,,
"tibbr,-tibbr-service,-tibbr-community,-and-tibbrcommunity-service",7.1.0,True,no,,
"tibbr,-tibbr-service,-tibbr-community,-and-tibbrcommunity-service",7.0.1,True,no,,
"tibbr,-tibbr-service,-tibbr-community,-and-tibbrcommunity-service",7.0.0,True,no,,
"tibbr,-tibbr-service,-tibbr-community,-and-tibbrcommunity-service",6.0.2,True,no,,
"tibbr,-tibbr-service,-tibbr-community,-and-tibbrcommunity-service",6.0.1,True,no,,
"tibbr,-tibbr-service,-tibbr-community,-and-tibbrcommunity-service",5.1.1,True,no,,
"tibbr,-tibbr-service,-tibbr-community,-and-tibbrcommunity-service",5.1.0,True,no,,
"tibbr,-tibbr-service,-tibbr-community,-and-tibbrcommunity-service",5.0.1,True,no,,
"tibbr,-tibbr-service,-tibbr-community,-and-tibbrcommunity-service",4.1.2,True,no,,
tibbr-for-ios,6.4.0,True,no,,
tibbr-for-ios,6.3.0,True,no,,
tibbr-for-ios,6.2.1,True,no,,
tibbr-for-microsoft-outlook,1.0.0,True,no,,
tibbr-for-microsoft-sharepoint,5.1.0,True,no,,
tibbr-for-salesforce-com-app,1.2.0,True,no,,
tibbr-for-salesforce-com-app,1.1.0,True,no,,
tibbr-for-salesforce-com-app,1.0.1,True,no,,
tibbr-for-salesforce-com-app,1.0.0,True,no,,
tibbr-ideas,2.2.0,True,no,,
tibbr-ideas,2.1.0,True,no,,
tibbr-pages,2.0.0,True,no,,
tibbr-pages,1.2.0,True,no,,
tibbr-pages,1.1.0,True,no,,
tibbr-pages,1.0.0,True,no,,
tibbr-tasks,1.2.0,True,no,,
tibbr-tasks,1.1.0,True,no,,
tibbr-tasks,1.0.1,True,no,,
tibco-activation-service,1.1.0,False,yes,44,Public
tibco-activation-service,1.0.0,False,yes,40,Public
tibco-activematrix-adapter-for-amdocs-crm,5.5.0,True,no,,
tibco-activematrix-adapter-for-amdocs-crm,5.4.0,False,no,,
tibco-activematrix-adapter-for-database-tibco-business-studio,1.3.0,False,no,,
tibco-activematrix-adapter-for-database-tibco-business-studio,1.2.0,False,no,,
tibco-activematrix-adapter-for-files-for-unix-win-tibco-business-studio,1.3.0,False,no,,
tibco-activematrix-adapter-for-files-for-unix-win-tibco-business-studio,1.2.0,False,no,,
tibco-activematrix-adapter-for-ibm-i,6.4.0,False,no,,
tibco-activematrix-adapter-for-ibm-i,6.3.0,False,no,,
tibco-activematrix-adapter-for-ibm-i,6.2.2,False,no,,
tibco-activematrix-adapter-for-ibm-i,6.2.1,False,no,,
tibco-activematrix-adapter-for-ibm-i,6.2.0,False,no,,
tibco-activematrix-adapter-for-ibm-i,6.1.0,False,no,,
tibco-activematrix-adapter-for-ibm-i,6.0.0,False,no,,
tibco-activematrix-adapter-for-jd-edwards-enterpriseone,6.1.0,False,no,,
tibco-activematrix-adapter-for-jd-edwards-enterpriseone,6.0.0,False,no,,
tibco-activematrix-adapter-for-jd-edwards-enterpriseone,5.3,False,no,,
tibco-activematrix-adapter-for-kenan-bp,6.0.0,False,no,,
tibco-activematrix-adapter-for-sap-tibco-business-studio,1.3.0,False,no,,
tibco-activematrix-adapter-for-sap-tibco-business-studio,1.2.0,False,no,,
tibco-activematrix-adapter-for-websphere-mq,6.2.5,True,no,,
tibco-activematrix-adapter-for-websphere-mq,6.2.1,True,no,,
tibco-activematrix-adapter-for-websphere-mq,6.2.0,True,no,,
tibco-activematrix-adapter-for-websphere-mq,6.1.0,True,no,,
tibco-activematrix-adapter-for-websphere-mq,6.0.0,True,no,,
tibco-activematrix-adapter-framework,1.6.1,False,no,,
tibco-activematrix-adapter-framework,1.6.0,False,no,,
tibco-activematrix-adapter-framework,1.4.2,False,no,,
tibco-activematrix-adapter-framework,1.4.1,False,no,,
tibco-activematrix-adapter-framework,1.4.0,False,no,,
tibco-activematrix-adapter-framework,1.3.2,False,no,,
tibco-activematrix-adapter-framework,1.3.1,False,no,,
tibco-activematrix-adapter-framework,1.3.0,False,no,,
tibco-activematrix-adapter-framework,1.2.0,False,no,,
tibco-activematrix-adapter-framework,1.1.2,False,no,,
tibco-activematrix-adapter-framework,1.1.1,False,no,,
tibco-activematrix-adapter-framework,1.1.0,False,no,,
tibco-activematrix-adapter-service-engine-for-files,6.0.0,False,no,,
tibco-activematrix-adapter-service-engine-for-ibm-i,6.0.0,False,no,,
tibco-activematrix-adapter-service-engine-for-lotus-notes,6.0.0,False,no,,
tibco-activematrix-adapter-service-engine-for-peoplesoft,6.0.0,False,no,,
tibco-activematrix-adapter-service-engine-for-sap,6.0.0,False,no,,
tibco-activematrix-adapter-service-engine-for-siebel,6.0.0,False,no,,
tibco-activematrix-adapter-service-engine-for-tuxedo,6.0.0,False,no,,
tibco-activematrix-adapter-service-engine-for-websphere-mq,6.0.0,False,no,,
tibco-activematrix-binding-type-for-adapters,3.2.0,True,no,,
tibco-activematrix-binding-type-for-adapters,3.1.2,True,no,,
tibco-activematrix-binding-type-for-adapters,3.0.1,True,no,,
tibco-activematrix-binding-type-for-ejb,3.2.0,False,no,,
tibco-activematrix-binding-type-for-ejb,3.1.2,False,no,,
tibco-activematrix-binding-type-for-ejb,3.0.1,True,no,,
tibco-activematrix-binding-type-for-ejb,1.0.0,False,no,,
tibco-activematrix-binding-type-for-ldap,1.0.0,True,no,,
tibco-activematrix-binding-type-for-rest,3.3.0,False,no,,
tibco-activematrix-binding-type-for-rest,3.2.0,False,no,,
tibco-activematrix-bpm,4.3.0,False,no,,
tibco-activematrix-bpm,4.2.0,False,no,,
tibco-activematrix-bpm,4.1.0,True,no,,
tibco-activematrix-bpm,3.1.0,True,no,,
tibco-activematrix-bpm,3.0.0,True,no,,
tibco-activematrix-bpm,2.2.0,True,no,,
tibco-activematrix-bpm,2.1.0,True,no,,
tibco-activematrix-bpm-mobilespace-for-ios-1-0-0,1.0.0,False,no,,
tibco-activematrix-businessworks,6.13.0,False,yes,2449,Public
tibco-activematrix-businessworks,6.12.0,False,yes,2539,Public
tibco-activematrix-businessworks,6.11.0,False,yes,1227,Public
tibco-activematrix-businessworks,6.10.0,False,yes,1457,Public
tibco-activematrix-businessworks,6.9.1,False,yes,1400,Public
tibco-activematrix-businessworks,6.9.0,True,no,,
tibco-activematrix-businessworks,6.8.1,True,no,,
tibco-activematrix-businessworks,6.8.0,True,no,,
tibco-activematrix-businessworks,6.7.0,True,no,,
tibco-activematrix-businessworks,6.6.1,True,no,,
tibco-activematrix-businessworks,6.6.0,True,no,,
tibco-activematrix-businessworks,6.5.1,True,no,,
tibco-activematrix-businessworks,6.5.0,True,no,,
tibco-activematrix-businessworks,6.4.2,True,no,,
tibco-activematrix-businessworks,6.4.1,True,no,,
tibco-activematrix-businessworks,6.4.0,True,no,,
tibco-activematrix-businessworks,6.3.5,True,no,,
tibco-activematrix-businessworks,6.3.4,True,no,,
tibco-activematrix-businessworks,6.3.3,True,no,,
tibco-activematrix-businessworks,6.3.2,True,no,,
tibco-activematrix-businessworks,6.3.1,True,no,,
tibco-activematrix-businessworks,6.3.0,True,no,,
tibco-activematrix-businessworks,6.2.2,True,no,,
tibco-activematrix-businessworks,6.2.1,True,no,,
tibco-activematrix-businessworks,6.2.0,True,no,,
tibco-activematrix-businessworks,6.1.1,True,no,,
tibco-activematrix-businessworks,6.1.0,True,no,,
tibco-activematrix-businessworks,5.16.1,False,yes,1450,Public
tibco-activematrix-businessworks,5.16.0,False,yes,550,Public
tibco-activematrix-businessworks,5.15.1,False,yes,561,Public
tibco-activematrix-businessworks,5.15.0,False,yes,561,Public
tibco-activematrix-businessworks,5.14.1,False,yes,561,Public
tibco-activematrix-businessworks,5.14.0,False,yes,596,Public
tibco-activematrix-businessworks,5.13.2,True,no,,
tibco-activematrix-businessworks,5.13.1,True,no,,
tibco-activematrix-businessworks,5.13.0,True,no,,
tibco-activematrix-businessworks,5.12.0,True,no,,
tibco-activematrix-businessworks,5.11.0,True,no,,
tibco-activematrix-businessworks,5.10.0,True,no,,
tibco-activematrix-businessworks,5.9.3,True,no,,
tibco-activematrix-businessworks,5.9.2,True,no,,
tibco-activematrix-businessworks,5.9.0,True,no,,
tibco-activematrix-businessworks,5.8.0,True,no,,
tibco-activematrix-businessworks,5.7.2,True,no,,
tibco-activematrix-businessworks,5.7.1,True,no,,
tibco-activematrix-businessworks-activeaspects-plug-in,1.2,False,no,,
tibco-activematrix-businessworks-activeaspects-plug-in,1.1,False,no,,
tibco-activematrix-businessworks-activeaspects-plug-in,1.0,False,no,,
tibco-activematrix-businessworks-bpel-extension,5.9,False,no,,
tibco-activematrix-businessworks-bpel-extension,5.8.0,False,no,,
tibco-activematrix-businessworks-bpel-extension,5.7.1,False,no,,
tibco-activematrix-businessworks-bpel-extension,5.7.0,False,no,,
tibco-activematrix-businessworks-plug-in-component-for-aws-common-services,6.1.1,False,no,,
tibco-activematrix-businessworks-plug-in-component-for-aws-common-services,6.1.0,False,no,,
tibco-activematrix-businessworks-plug-in-component-for-aws-common-services,6.0.2,False,no,,
tibco-activematrix-businessworks-plug-in-component-for-aws-common-services,6.0.1,False,no,,
tibco-activematrix-businessworks-plug-in-component-for-aws-common-services,6.0.0,False,no,,
tibco-activematrix-businessworks-plug-in-development-kit,6.3.1,False,no,,
tibco-activematrix-businessworks-plug-in-development-kit,6.3.0,False,no,,
tibco-activematrix-businessworks-plug-in-development-kit,6.2.1,False,no,,
tibco-activematrix-businessworks-plug-in-development-kit,6.2.0,True,no,,
tibco-activematrix-businessworks-plug-in-development-kit,6.1.2,True,no,,
tibco-activematrix-businessworks-plug-in-development-kit,6.1.1,True,no,,
tibco-activematrix-businessworks-plug-in-development-kit,6.1.0,True,no,,
tibco-activematrix-businessworks-plug-in-development-kit,6.0.0,True,no,,
tibco-activematrix-businessworks-plug-in-for-activespaces,8.1.1,False,yes,75,Public
tibco-activematrix-businessworks-plug-in-for-activespaces,8.1.0,False,yes,75,Public
tibco-activematrix-businessworks-plug-in-for-activespaces,8.0.3,False,yes,75,Public
tibco-activematrix-businessworks-plug-in-for-activespaces,8.0.2,False,yes,67,Public
tibco-activematrix-businessworks-plug-in-for-activespaces,8.0.1,True,yes,68,Public
tibco-activematrix-businessworks-plug-in-for-activespaces,8.0.0,True,no,,
tibco-activematrix-businessworks-plug-in-for-activespaces,7.3.2,False,yes,71,Public
tibco-activematrix-businessworks-plug-in-for-activespaces,7.3.1,False,yes,71,Public
tibco-activematrix-businessworks-plug-in-for-activespaces,7.3.0,False,yes,68,Public
tibco-activematrix-businessworks-plug-in-for-activespaces,7.2.2,False,yes,57,Public
tibco-activematrix-businessworks-plug-in-for-activespaces,7.2.1,False,yes,58,Public
tibco-activematrix-businessworks-plug-in-for-activespaces,7.2.0,False,yes,59,Public
tibco-activematrix-businessworks-plug-in-for-activespaces,7.1.1,False,yes,139,Public
tibco-activematrix-businessworks-plug-in-for-activespaces,7.1.0,True,yes,140,Public
tibco-activematrix-businessworks-plug-in-for-activespaces,7.0.0,True,yes,136,Public
tibco-activematrix-businessworks-plug-in-for-activespaces,6.3.2,True,no,,
tibco-activematrix-businessworks-plug-in-for-activespaces,6.3.1,True,no,,
tibco-activematrix-businessworks-plug-in-for-activespaces,6.3.0,True,no,,
tibco-activematrix-businessworks-plug-in-for-activespaces,6.2.0,True,no,,
tibco-activematrix-businessworks-plug-in-for-activespaces,6.1.0,True,no,,
tibco-activematrix-businessworks-plug-in-for-activespaces,6.0.2,True,no,,
tibco-activematrix-businessworks-plug-in-for-activespaces,6.0.1.,True,no,,
tibco-activematrix-businessworks-plug-in-for-activespaces,2.2.0,True,no,,
tibco-activematrix-businessworks-plug-in-for-activespaces,2.1.0,True,no,,
tibco-activematrix-businessworks-plug-in-for-activespaces,2.0.0,True,no,,
tibco-activematrix-businessworks-plug-in-for-activespaces,1.1.0,True,no,,
tibco-activematrix-businessworks-plug-in-for-activespaces,1.0.0,True,no,,
tibco-activematrix-businessworks-plug-in-for-amazon-redshift,6.1.0,False,yes,70,Public
tibco-activematrix-businessworks-plug-in-for-amazon-redshift,6.0.0,True,yes,70,Public
tibco-activematrix-businessworks-plug-in-for-amazon-s3,6.7.0,False,yes,75,Public
tibco-activematrix-businessworks-plug-in-for-amazon-s3,6.6.0,False,yes,74,Public
tibco-activematrix-businessworks-plug-in-for-amazon-s3,6.5.1,False,yes,70,Public
tibco-activematrix-businessworks-plug-in-for-amazon-s3,6.5.0,True,no,,
tibco-activematrix-businessworks-plug-in-for-amazon-s3,6.4.0,True,no,,
tibco-activematrix-businessworks-plug-in-for-amazon-s3,6.3.1,True,no,,
tibco-activematrix-businessworks-plug-in-for-amazon-s3,6.3.0,True,no,,
tibco-activematrix-businessworks-plug-in-for-amazon-s3,6.2.0,True,no,,
tibco-activematrix-businessworks-plug-in-for-amazon-s3,6.1.1,True,no,,
tibco-activematrix-businessworks-plug-in-for-amazon-s3,6.0.0,True,no,,
tibco-activematrix-businessworks-plug-in-for-amazon-sqs-and-sns,6.6.1,False,yes,75,Public
tibco-activematrix-businessworks-plug-in-for-amazon-sqs-and-sns,6.6.0,False,yes,76,Public
tibco-activematrix-businessworks-plug-in-for-amazon-sqs-and-sns,6.5.2,False,yes,71,Public
tibco-activematrix-businessworks-plug-in-for-amazon-sqs-and-sns,6.5.1,False,yes,71,Public
tibco-activematrix-businessworks-plug-in-for-amazon-sqs-and-sns,6.5.0,False,yes,72,Public
tibco-activematrix-businessworks-plug-in-for-amazon-sqs-and-sns,6.4.2,True,no,,
tibco-activematrix-businessworks-plug-in-for-amazon-sqs-and-sns,6.4.1,True,no,,
tibco-activematrix-businessworks-plug-in-for-amazon-sqs-and-sns,6.4.0,True,no,,
tibco-activematrix-businessworks-plug-in-for-amazon-sqs-and-sns,6.3.0,True,no,,
tibco-activematrix-businessworks-plug-in-for-amazon-sqs-and-sns,6.2.0,True,no,,
tibco-activematrix-businessworks-plug-in-for-amazon-sqs-and-sns,6.1.0,True,no,,
tibco-activematrix-businessworks-plug-in-for-amqp,6.5.3,False,yes,67,Public
tibco-activematrix-businessworks-plug-in-for-amqp,6.5.2,False,yes,66,Public
tibco-activematrix-businessworks-plug-in-for-amqp,6.5.1,False,yes,67,Public
tibco-activematrix-businessworks-plug-in-for-amqp,6.5.0,False,yes,65,Public
tibco-activematrix-businessworks-plug-in-for-amqp,6.4.0,False,yes,65,Public
tibco-activematrix-businessworks-plug-in-for-amqp,6.3.1,False,yes,65,Public
tibco-activematrix-businessworks-plug-in-for-amqp,6.3.0,False,yes,65,Public
tibco-activematrix-businessworks-plug-in-for-amqp,6.2.1,True,no,,
tibco-activematrix-businessworks-plug-in-for-amqp,6.2.0,True,no,,
tibco-activematrix-businessworks-plug-in-for-amqp,6.1.0,True,no,,
tibco-activematrix-businessworks-plug-in-for-amqp,6.0.2,True,no,,
tibco-activematrix-businessworks-plug-in-for-amqp,6.0.1,True,no,,
tibco-activematrix-businessworks-plug-in-for-amqp,6.0.0,True,no,,
tibco-activematrix-businessworks-plug-in-for-amqp,5.0.0,False,yes,71,Public
tibco-activematrix-businessworks-plug-in-for-apache-cassandra,6.3.3,False,yes,62,Public
tibco-activematrix-businessworks-plug-in-for-apache-cassandra,6.3.2,False,yes,60,Public
tibco-activematrix-businessworks-plug-in-for-apache-cassandra,6.3.1,True,no,,
tibco-activematrix-businessworks-plug-in-for-apache-cassandra,6.3.0,True,no,,
tibco-activematrix-businessworks-plug-in-for-apache-kafka,6.8.2,False,yes,105,Public
tibco-activematrix-businessworks-plug-in-for-apache-kafka,6.8.1,False,yes,89,Public
tibco-activematrix-businessworks-plug-in-for-apache-kafka,6.8.0,False,yes,89,Public
tibco-activematrix-businessworks-plug-in-for-apache-kafka,6.7.0,False,yes,90,Public
tibco-activematrix-businessworks-plug-in-for-apache-kafka,6.6.0,True,yes,90,Public
tibco-activematrix-businessworks-plug-in-for-apache-kafka,6.5.2,True,yes,76,Public
tibco-activematrix-businessworks-plug-in-for-apache-kafka,6.5.1,True,yes,75,Public
tibco-activematrix-businessworks-plug-in-for-apache-kafka,6.5.0,True,yes,77,Public
tibco-activematrix-businessworks-plug-in-for-apache-kafka,6.4.1,True,yes,76,Public
tibco-activematrix-businessworks-plug-in-for-apache-kafka,6.4.0,True,yes,77,Public
tibco-activematrix-businessworks-plug-in-for-apache-kafka,6.3.1,True,yes,75,Public
tibco-activematrix-businessworks-plug-in-for-apache-kafka,6.3.0,True,yes,76,Public
tibco-activematrix-businessworks-plug-in-for-apache-kafka,6.2.0,True,yes,72,Public
tibco-activematrix-businessworks-plug-in-for-apache-kafka,6.1.1,True,yes,69,Public
tibco-activematrix-businessworks-plug-in-for-apache-kafka,6.1.0,True,yes,65,Public
tibco-activematrix-businessworks-plug-in-for-apache-kafka,6.0.0,True,yes,62,Public
tibco-activematrix-businessworks-plug-in-for-apache-kafka,5.0.1,False,yes,96,Public
tibco-activematrix-businessworks-plug-in-for-apache-kafka,5.0.0,False,yes,87,Public
tibco-activematrix-businessworks-plug-in-for-apache-pulsar,6.2.1,False,yes,68,Public
tibco-activematrix-businessworks-plug-in-for-apache-pulsar,6.2.0,False,yes,66,Public
tibco-activematrix-businessworks-plug-in-for-apache-pulsar,6.1.0,False,yes,66,Public
tibco-activematrix-businessworks-plug-in-for-apache-pulsar,6.0.0,False,yes,62,Public
tibco-activematrix-businessworks-plug-in-for-apache-pulsar,5.0.0,False,yes,52,Public
tibco-activematrix-businessworks-plug-in-for-applicability-statement-2-as2-protocol,6.0.0,False,no,,
tibco-activematrix-businessworks-plug-in-for-applicability-statement-2-as2-protocol,(uncatalogued leaf tibco-activematrix-businessworks-plug-in-for-applicability-statement-2-6-0-0),,yes,,
tibco-activematrix-businessworks-plug-in-for-azure-cloud-services-azure-data-lake-storage-gen2,6.0.0,False,yes,67,Public
tibco-activematrix-businessworks-plug-in-for-b2b,1.1.0,False,no,,
tibco-activematrix-businessworks-plug-in-for-big-data,6.6.1,False,yes,83,Public
tibco-activematrix-businessworks-plug-in-for-big-data,6.6.0,False,yes,82,Public
tibco-activematrix-businessworks-plug-in-for-big-data,6.5.0,False,yes,82,Public
tibco-activematrix-businessworks-plug-in-for-big-data,6.4.0,True,no,,
tibco-activematrix-businessworks-plug-in-for-big-data,6.3.1,True,no,,
tibco-activematrix-businessworks-plug-in-for-big-data,6.3.0,True,no,,
tibco-activematrix-businessworks-plug-in-for-big-data,6.2.0,True,no,,
tibco-activematrix-businessworks-plug-in-for-big-data,6.1.0,True,no,,
tibco-activematrix-businessworks-plug-in-for-big-data,6.0.0,True,no,,
tibco-activematrix-businessworks-plug-in-for-big-data,1.0.0,True,no,,
tibco-activematrix-businessworks-plug-in-for-businessconnect,6.4.0,False,yes,68,Public
tibco-activematrix-businessworks-plug-in-for-businessconnect,6.3.3,False,yes,69,Public
tibco-activematrix-businessworks-plug-in-for-businessconnect,6.3.2,False,yes,69,Public
tibco-activematrix-businessworks-plug-in-for-businessconnect,6.3.1,False,yes,70,Public
tibco-activematrix-businessworks-plug-in-for-businessconnect,6.3.0,False,yes,65,Public
tibco-activematrix-businessworks-plug-in-for-businessconnect,6.2.0,True,no,,
tibco-activematrix-businessworks-plug-in-for-businessconnect,6.1.2,True,no,,
tibco-activematrix-businessworks-plug-in-for-businessconnect,6.1.1,True,no,,
tibco-activematrix-businessworks-plug-in-for-businessconnect,6.1.0,True,no,,
tibco-activematrix-businessworks-plug-in-for-businessconnect,6.0.1,True,no,,
tibco-activematrix-businessworks-plug-in-for-businessconnect,6.0.0,False,yes,60,Public
tibco-activematrix-businessworks-plug-in-for-change-data-capture,6.2.0,False,yes,75,Public
tibco-activematrix-businessworks-plug-in-for-change-data-capture,6.1.0,False,yes,75,Public
tibco-activematrix-businessworks-plug-in-for-change-data-capture,6.0.0,False,yes,68,Public
tibco-activematrix-businessworks-plug-in-for-cics,2.5.0,False,yes,80,Public
tibco-activematrix-businessworks-plug-in-for-cics,2.4.1,False,yes,79,Public
tibco-activematrix-businessworks-plug-in-for-cics,2.4.0,True,no,,
tibco-activematrix-businessworks-plug-in-for-cics,2.3.0,True,no,,
tibco-activematrix-businessworks-plug-in-for-cics,2.2.0,True,no,,
tibco-activematrix-businessworks-plug-in-for-cics,1.5.0,False,yes,92,Public
tibco-activematrix-businessworks-plug-in-for-cics,1.3.0,False,yes,55,Public
tibco-activematrix-businessworks-plug-in-for-cics,1.2.2,False,yes,58,Public
tibco-activematrix-businessworks-plug-in-for-cics,1.2.1,False,yes,58,Public
tibco-activematrix-businessworks-plug-in-for-cics,1.2.0,True,no,,
tibco-activematrix-businessworks-plug-in-for-confidentiality,6.1.1,False,yes,56,Public
tibco-activematrix-businessworks-plug-in-for-confidentiality,6.1.0,False,yes,51,Public
tibco-activematrix-businessworks-plug-in-for-confidentiality,6.0.0,False,yes,430,Public
tibco-activematrix-businessworks-plug-in-for-data-conversion,5.0.0,False,yes,122,Public
tibco-activematrix-businessworks-plug-in-for-data-conversion,4.8.1,False,yes,132,Public
tibco-activematrix-businessworks-plug-in-for-data-conversion,4.8.0,False,yes,120,Public
tibco-activematrix-businessworks-plug-in-for-data-conversion,4.7.0,False,yes,118,Public
tibco-activematrix-businessworks-plug-in-for-data-conversion,4.6.0,False,yes,118,Public
tibco-activematrix-businessworks-plug-in-for-data-conversion,4.5.1,True,no,,
tibco-activematrix-businessworks-plug-in-for-data-conversion,4.5.0,True,no,,
tibco-activematrix-businessworks-plug-in-for-data-conversion,4.4.0,True,no,,
tibco-activematrix-businessworks-plug-in-for-data-conversion,4.3.0,True,no,,
tibco-activematrix-businessworks-plug-in-for-data-conversion,4.2.0,True,no,,
tibco-activematrix-businessworks-plug-in-for-data-conversion,4.1.0,True,no,,
tibco-activematrix-businessworks-plug-in-for-data-conversion,3.6.0,False,yes,82,Public
tibco-activematrix-businessworks-plug-in-for-data-conversion,3.5.1,False,yes,51,Public
tibco-activematrix-businessworks-plug-in-for-data-conversion,3.5.0,True,no,,
tibco-activematrix-businessworks-plug-in-for-data-conversion,3.4.0,True,no,,
tibco-activematrix-businessworks-plug-in-for-data-conversion,3.3.0,True,no,,
tibco-activematrix-businessworks-plug-in-for-data-conversion,3.2.0,True,no,,
tibco-activematrix-businessworks-plug-in-for-data-conversion,3.1.0,True,no,,
tibco-activematrix-businessworks-plug-in-for-data-conversion,3.0.0,True,no,,
tibco-activematrix-businessworks-plug-in-for-database,8.6.0,False,yes,196,Public
tibco-activematrix-businessworks-plug-in-for-database,8.5.0,False,yes,196,Public
tibco-activematrix-businessworks-plug-in-for-database,8.4.0,False,yes,208,Public
tibco-activematrix-businessworks-plug-in-for-database,8.3.2,True,no,,
tibco-activematrix-businessworks-plug-in-for-database,8.3.1,True,no,,
tibco-activematrix-businessworks-plug-in-for-database,8.3.0,True,no,,
tibco-activematrix-businessworks-plug-in-for-database,8.2.0,True,no,,
tibco-activematrix-businessworks-plug-in-for-database,8.1.0,True,no,,
tibco-activematrix-businessworks-plug-in-for-database,8.0.1,True,no,,
tibco-activematrix-businessworks-plug-in-for-database,8.0.0,True,no,,
tibco-activematrix-businessworks-plug-in-for-database,7.3.2,False,yes,484,Public
tibco-activematrix-businessworks-plug-in-for-database,7.3.1,False,yes,485,Public
tibco-activematrix-businessworks-plug-in-for-database,7.3.0,True,no,,
tibco-activematrix-businessworks-plug-in-for-database,7.2.1,False,yes,484,Public
tibco-activematrix-businessworks-plug-in-for-database,7.2.0,False,yes,251,Public
tibco-activematrix-businessworks-plug-in-for-database,7.1.0,True,no,,
tibco-activematrix-businessworks-plug-in-for-database,7.0.0,True,no,,
tibco-activematrix-businessworks-plug-in-for-database,6.3.0,True,no,,
tibco-activematrix-businessworks-plug-in-for-database,6.2.0,True,no,,
tibco-activematrix-businessworks-plug-in-for-database,6.1.0,True,no,,
tibco-activematrix-businessworks-plug-in-for-database,6.0.0,True,no,,
tibco-activematrix-businessworks-plug-in-for-database,5.5.1,True,no,,
tibco-activematrix-businessworks-plug-in-for-edi,6.3.0,False,no,,
tibco-activematrix-businessworks-plug-in-for-edi,6.0.0,True,no,,
tibco-activematrix-businessworks-plug-in-for-edi-healthcare-edition,6.3.1,False,no,,
tibco-activematrix-businessworks-plug-in-for-edi-standard-edition,6.3.1,False,no,,
tibco-activematrix-businessworks-plug-in-for-ejb,6.1.1,False,yes,72,Public
tibco-activematrix-businessworks-plug-in-for-ejb,6.1.0,False,yes,73,Public
tibco-activematrix-businessworks-plug-in-for-ejb,6.0.0,True,no,,
tibco-activematrix-businessworks-plug-in-for-ejb,5.4.0,False,yes,53,Public
tibco-activematrix-businessworks-plug-in-for-ejb,5.3.0,True,no,,
tibco-activematrix-businessworks-plug-in-for-facebook,6.5.0,False,yes,73,Public
tibco-activematrix-businessworks-plug-in-for-facebook,6.4.0,False,yes,73,Public
tibco-activematrix-businessworks-plug-in-for-facebook,6.3.0,True,no,,
tibco-activematrix-businessworks-plug-in-for-facebook,6.2.0,True,no,,
tibco-activematrix-businessworks-plug-in-for-facebook,6.1.0,True,no,,
tibco-activematrix-businessworks-plug-in-for-facebook,6.0.2,True,no,,
tibco-activematrix-businessworks-plug-in-for-facebook,6.0.1,True,no,,
tibco-activematrix-businessworks-plug-in-for-facebook,6.0.0,True,no,,
tibco-activematrix-businessworks-plug-in-for-facebook,1.4.0,False,yes,63,Public
tibco-activematrix-businessworks-plug-in-for-facebook,1.3.0,False,yes,65,Public
tibco-activematrix-businessworks-plug-in-for-facebook,1.2.0,False,yes,71,Public
tibco-activematrix-businessworks-plug-in-for-facebook,1.1.0,True,no,,
tibco-activematrix-businessworks-plug-in-for-facebook,1.0.1,True,no,,
tibco-activematrix-businessworks-plug-in-for-facebook,1.0.0,True,no,,
tibco-activematrix-businessworks-plug-in-for-files-for-unix-and-windows,8.3.0,False,yes,112,Public
tibco-activematrix-businessworks-plug-in-for-files-for-unix-and-windows,8.2.0,False,yes,116,Public
tibco-activematrix-businessworks-plug-in-for-files-for-unix-and-windows,8.1.0,False,no,,
tibco-activematrix-businessworks-plug-in-for-files-for-unix-and-windows,8.0.0,True,no,,
tibco-activematrix-businessworks-plug-in-for-files-for-unix-and-windows,7.1.1,True,no,,
tibco-activematrix-businessworks-plug-in-for-files-for-unix-and-windows,7.1.0,True,no,,
tibco-activematrix-businessworks-plug-in-for-files-for-unix-and-windows,7.0.0,True,no,,
tibco-activematrix-businessworks-plug-in-for-files-for-unix-and-windows,6.2.1,True,no,,
tibco-activematrix-businessworks-plug-in-for-files-for-unix-and-windows,6.2.0,True,no,,
tibco-activematrix-businessworks-plug-in-for-files-for-unix-and-windows,6.1.0,True,no,,
tibco-activematrix-businessworks-plug-in-for-files-for-unix-and-windows,6.0.0,True,no,,
tibco-activematrix-businessworks-plug-in-for-formvine,1.0.0,True,no,,
tibco-activematrix-businessworks-plug-in-for-google-bigquery,6.1.0,False,yes,88,Public
tibco-activematrix-businessworks-plug-in-for-google-bigquery,6.0.0,True,yes,74,Public
tibco-activematrix-businessworks-plug-in-for-google-cloud-pub-sub,6.0.2,False,yes,58,Public
tibco-activematrix-businessworks-plug-in-for-google-cloud-pub-sub,6.0.1,True,yes,56,Public
tibco-activematrix-businessworks-plug-in-for-google-cloud-pub-sub,6.0.0,True,no,,
tibco-activematrix-businessworks-plug-in-for-google-cloud-storage,6.0.0,False,yes,80,Public
tibco-activematrix-businessworks-plug-in-for-hl7-with-fhir,8.6.0,False,yes,159,Public
tibco-activematrix-businessworks-plug-in-for-hl7-with-fhir,8.5.0,False,yes,147,Public
tibco-activematrix-businessworks-plug-in-for-hl7-with-fhir,8.4.0,False,yes,132,Public
tibco-activematrix-businessworks-plug-in-for-hl7-with-fhir,8.3.0,False,yes,127,Public
tibco-activematrix-businessworks-plug-in-for-hl7-with-fhir,8.2.1,False,yes,126,Public
tibco-activematrix-businessworks-plug-in-for-hl7-with-fhir,8.2.0,False,yes,125,Public
tibco-activematrix-businessworks-plug-in-for-hl7-with-fhir,8.1.0,True,no,,
tibco-activematrix-businessworks-plug-in-for-hl7-with-fhir,8.0.0,True,no,,
tibco-activematrix-businessworks-plug-in-for-hl7-with-fhir,7.3.1,True,no,,
tibco-activematrix-businessworks-plug-in-for-hl7-with-fhir,7.3.0,False,yes,53,Public
tibco-activematrix-businessworks-plug-in-for-hl7-with-fhir,7.0.0,False,yes,53,Public
tibco-activematrix-businessworks-plug-in-for-hl7-with-fhir,6.0.0,False,yes,125,Public
tibco-activematrix-businessworks-plug-in-for-ibm-i,7.3.0,False,no,,
tibco-activematrix-businessworks-plug-in-for-ibm-i,7.2.2,True,no,,
tibco-activematrix-businessworks-plug-in-for-ibm-i,7.2.1,True,no,,
tibco-activematrix-businessworks-plug-in-for-ibm-i,7.2.0,True,no,,
tibco-activematrix-businessworks-plug-in-for-ibm-i,7.1.1,True,no,,
tibco-activematrix-businessworks-plug-in-for-ibm-i,7.1.0,True,no,,
tibco-activematrix-businessworks-plug-in-for-ibm-i,7.0.2,True,no,,
tibco-activematrix-businessworks-plug-in-for-ibm-i,7.0.1,True,no,,
tibco-activematrix-businessworks-plug-in-for-ibm-i,7.0.0,True,no,,
tibco-activematrix-businessworks-plug-in-for-ibm-mq,8.8.2,False,yes,90,Public
tibco-activematrix-businessworks-plug-in-for-ibm-mq,8.8.1,False,yes,87,Public
tibco-activematrix-businessworks-plug-in-for-ibm-mq,8.8.0,False,yes,90,Public
tibco-activematrix-businessworks-plug-in-for-ibm-mq,8.7.0,False,yes,88,Public
tibco-activematrix-businessworks-plug-in-for-ibm-mq,8.6.0,True,no,,
tibco-activematrix-businessworks-plug-in-for-ibm-mq,8.5.1,True,no,,
tibco-activematrix-businessworks-plug-in-for-ibm-mq,8.5.0,True,no,,
tibco-activematrix-businessworks-plug-in-for-ibm-mq,8.4.0,True,no,,
tibco-activematrix-businessworks-plug-in-for-ibm-mq,8.3.1,True,no,,
tibco-activematrix-businessworks-plug-in-for-ibm-mq,8.3.0,True,no,,
tibco-activematrix-businessworks-plug-in-for-ibm-mq,8.2.0,True,no,,
tibco-activematrix-businessworks-plug-in-for-ibm-mq,8.1.0,True,no,,
tibco-activematrix-businessworks-plug-in-for-ibm-mq,7.8.0,False,yes,71,Public
tibco-activematrix-businessworks-plug-in-for-ibm-mq,7.7.3,False,yes,110,Public
tibco-activematrix-businessworks-plug-in-for-ibm-mq,7.7.2,True,no,,
tibco-activematrix-businessworks-plug-in-for-ibm-mq,7.7.1,True,no,,
tibco-activematrix-businessworks-plug-in-for-ibm-mq,7.7.0,True,no,,
tibco-activematrix-businessworks-plug-in-for-ibm-mq,7.6.0,True,no,,
tibco-activematrix-businessworks-plug-in-for-ibm-mq,7.5.0,True,no,,
tibco-activematrix-businessworks-plug-in-for-ibm-mq,7.4.0,True,no,,
tibco-activematrix-businessworks-plug-in-for-ibm-mq,7.3.0,True,no,,
tibco-activematrix-businessworks-plug-in-for-ibm-mq,7.2.0,True,no,,
tibco-activematrix-businessworks-plug-in-for-jd-edwards-enterpriseone,7.1.0,False,yes,73,Public
tibco-activematrix-businessworks-plug-in-for-jd-edwards-enterpriseone,7.0.1,False,yes,68,Public
tibco-activematrix-businessworks-plug-in-for-jd-edwards-enterpriseone,7.0.0,True,no,,
tibco-activematrix-businessworks-plug-in-for-large-xml,6.1.4,False,yes,70,Public
tibco-activematrix-businessworks-plug-in-for-large-xml,6.1.3,False,yes,56,Public
tibco-activematrix-businessworks-plug-in-for-large-xml,6.1.2,False,yes,55,Public
tibco-activematrix-businessworks-plug-in-for-large-xml,6.1.1,True,no,,
tibco-activematrix-businessworks-plug-in-for-large-xml,6.1.0,True,no,,
tibco-activematrix-businessworks-plug-in-for-large-xml,6.0.0,True,no,,
tibco-activematrix-businessworks-plug-in-for-large-xml,1.1.0,False,yes,50,Public
tibco-activematrix-businessworks-plug-in-for-large-xml,1.0.0,True,no,,
tibco-activematrix-businessworks-plug-in-for-ldap,7.3.0,False,yes,82,Public
tibco-activematrix-businessworks-plug-in-for-ldap,7.2.0,False,yes,79,Public
tibco-activematrix-businessworks-plug-in-for-ldap,7.1.1,True,no,,
tibco-activematrix-businessworks-plug-in-for-ldap,7.1.0,True,no,,
tibco-activematrix-businessworks-plug-in-for-ldap,7.0.0,True,no,,
tibco-activematrix-businessworks-plug-in-for-ldap,6.1.2,False,yes,221,Public
tibco-activematrix-businessworks-plug-in-for-ldap,6.1.1,True,no,,
tibco-activematrix-businessworks-plug-in-for-ldap,6.1.0,True,no,,
tibco-activematrix-businessworks-plug-in-for-ldap,6.0.0,True,no,,
tibco-activematrix-businessworks-plug-in-for-marketo,7.2.2,False,yes,103,Public
tibco-activematrix-businessworks-plug-in-for-marketo,7.2.1,False,yes,102,Public
tibco-activematrix-businessworks-plug-in-for-marketo,7.2.0,False,yes,102,Public
tibco-activematrix-businessworks-plug-in-for-marketo,7.1.0,False,yes,111,Public
tibco-activematrix-businessworks-plug-in-for-marketo,7.0.0,True,no,,
tibco-activematrix-businessworks-plug-in-for-marketo,6.0.1,True,no,,
tibco-activematrix-businessworks-plug-in-for-marketo,6.0.0,True,no,,
tibco-activematrix-businessworks-plug-in-for-mdm,7.0.2,False,yes,102,Public
tibco-activematrix-businessworks-plug-in-for-mdm,7.0.1,False,yes,108,Public
tibco-activematrix-businessworks-plug-in-for-mdm,7.0.0,False,yes,109,Public
tibco-activematrix-businessworks-plug-in-for-mdm,6.5.0,True,no,,
tibco-activematrix-businessworks-plug-in-for-mdm,6.4.0,True,no,,
tibco-activematrix-businessworks-plug-in-for-mdm,6.3.1,False,yes,75,Public
tibco-activematrix-businessworks-plug-in-for-mdm,6.3.0,True,no,,
tibco-activematrix-businessworks-plug-in-for-mdm,6.0.1,True,no,,
tibco-activematrix-businessworks-plug-in-for-mdm,6.0.0,True,no,,
tibco-activematrix-businessworks-plug-in-for-mdm,2.0.0,True,no,,
tibco-activematrix-businessworks-plug-in-for-mdm,1.0.1,True,no,,
tibco-activematrix-businessworks-plug-in-for-mdm,1.0.0,True,no,,
tibco-activematrix-businessworks-plug-in-for-microsoft-dynamics-crm,6.10.1,False,yes,78,Public
tibco-activematrix-businessworks-plug-in-for-microsoft-dynamics-crm,6.10.0,False,yes,80,Public
tibco-activematrix-businessworks-plug-in-for-microsoft-dynamics-crm,6.9.4,False,yes,95,Public
tibco-activematrix-businessworks-plug-in-for-microsoft-dynamics-crm,6.9.3,False,yes,95,Public
tibco-activematrix-businessworks-plug-in-for-microsoft-dynamics-crm,6.9.2,True,no,,
tibco-activematrix-businessworks-plug-in-for-microsoft-dynamics-crm,6.9.1,True,no,,
tibco-activematrix-businessworks-plug-in-for-microsoft-dynamics-crm,6.9.0,True,no,,
tibco-activematrix-businessworks-plug-in-for-microsoft-dynamics-crm,6.8.1,True,no,,
tibco-activematrix-businessworks-plug-in-for-microsoft-dynamics-crm,6.8.0,True,no,,
tibco-activematrix-businessworks-plug-in-for-microsoft-dynamics-crm,6.7.0,False,yes,91,Public
tibco-activematrix-businessworks-plug-in-for-microsoft-dynamics-crm,6.6.0,True,no,,
tibco-activematrix-businessworks-plug-in-for-microsoft-dynamics-crm,6.5.0,True,no,,
tibco-activematrix-businessworks-plug-in-for-microsoft-dynamics-crm,6.4.0,True,no,,
tibco-activematrix-businessworks-plug-in-for-microsoft-dynamics-crm,6.3.1,True,no,,
tibco-activematrix-businessworks-plug-in-for-microsoft-dynamics-crm,6.3.0,True,no,,
tibco-activematrix-businessworks-plug-in-for-microsoft-dynamics-crm,6.2.0,True,no,,
tibco-activematrix-businessworks-plug-in-for-microsoft-dynamics-crm,6.1.0,True,no,,
tibco-activematrix-businessworks-plug-in-for-microsoft-dynamics-crm,6.0.1,True,no,,
tibco-activematrix-businessworks-plug-in-for-microsoft-dynamics-crm,6.0.0,True,no,,
tibco-activematrix-businessworks-plug-in-for-microsoft-excel,6.1.1,False,yes,86,Public
tibco-activematrix-businessworks-plug-in-for-microsoft-excel,6.1.0,False,no,,
tibco-activematrix-businessworks-plug-in-for-microsoft-excel,6.0.0,True,no,,
tibco-activematrix-businessworks-plug-in-for-microsoft-sharepoint,6.4.0,False,yes,92,Public
tibco-activematrix-businessworks-plug-in-for-microsoft-sharepoint,6.3.1,False,yes,115,Public
tibco-activematrix-businessworks-plug-in-for-microsoft-sharepoint,6.3.0,False,yes,116,Public
tibco-activematrix-businessworks-plug-in-for-microsoft-sharepoint,6.2.2,True,no,,
tibco-activematrix-businessworks-plug-in-for-microsoft-sharepoint,6.2.1,True,no,,
tibco-activematrix-businessworks-plug-in-for-microsoft-sharepoint,6.2.0,True,no,,
tibco-activematrix-businessworks-plug-in-for-microsoft-sharepoint,6.1.1,True,no,,
tibco-activematrix-businessworks-plug-in-for-microsoft-sharepoint,6.1.0,True,no,,
tibco-activematrix-businessworks-plug-in-for-microsoft-sharepoint,6.0.1,True,no,,
tibco-activematrix-businessworks-plug-in-for-microsoft-sharepoint,6.0.0,True,no,,
tibco-activematrix-businessworks-plug-in-for-microsoft-sharepoint,1.1.0,True,no,,
tibco-activematrix-businessworks-plug-in-for-microsoft-sharepoint,1.0.0,True,no,,
tibco-activematrix-businessworks-plug-in-for-mobile-integration,6.4.0,False,yes,95,Public
tibco-activematrix-businessworks-plug-in-for-mobile-integration,6.3.0,False,yes,90,Public
tibco-activematrix-businessworks-plug-in-for-mobile-integration,6.2.0,False,yes,83,Public
tibco-activematrix-businessworks-plug-in-for-mobile-integration,6.1.0,True,no,,
tibco-activematrix-businessworks-plug-in-for-mobile-integration,2.0.0,False,yes,40,Public
tibco-activematrix-businessworks-plug-in-for-mobile-integration,1.4.0,False,yes,51,Public
tibco-activematrix-businessworks-plug-in-for-mobile-integration,1.3.0,False,yes,53,Public
tibco-activematrix-businessworks-plug-in-for-mobile-integration,1.2.2,True,no,,
tibco-activematrix-businessworks-plug-in-for-mobile-integration,1.2.1,True,no,,
tibco-activematrix-businessworks-plug-in-for-mobile-integration,1.2.0,False,yes,67,Public
tibco-activematrix-businessworks-plug-in-for-mobile-integration,1.1.1,True,no,,
tibco-activematrix-businessworks-plug-in-for-mobile-integration,1.1.0,True,no,,
tibco-activematrix-businessworks-plug-in-for-mobile-integration,1.0.0,False,yes,66,Public
tibco-activematrix-businessworks-plug-in-for-mongodb,6.5.0,False,yes,156,Public
tibco-activematrix-businessworks-plug-in-for-mongodb,6.4.2,False,yes,154,Public
tibco-activematrix-businessworks-plug-in-for-mongodb,6.4.1,False,yes,153,Public
tibco-activematrix-businessworks-plug-in-for-mongodb,6.4.0,True,no,,
tibco-activematrix-businessworks-plug-in-for-mongodb,6.3.1,True,no,,
tibco-activematrix-businessworks-plug-in-for-mongodb,6.3.0,True,no,,
tibco-activematrix-businessworks-plug-in-for-mongodb,6.2.1,True,no,,
tibco-activematrix-businessworks-plug-in-for-mongodb,6.2.0,True,no,,
tibco-activematrix-businessworks-plug-in-for-mongodb,6.1.1,True,no,,
tibco-activematrix-businessworks-plug-in-for-mongodb,6.1.0,True,no,,
tibco-activematrix-businessworks-plug-in-for-mongodb,6.0.0,True,no,,
tibco-activematrix-businessworks-plug-in-for-mongodb,1.2.0,False,yes,102,Public
tibco-activematrix-businessworks-plug-in-for-mongodb,1.1.1,True,no,,
tibco-activematrix-businessworks-plug-in-for-mongodb,1.1.0,True,no,,
tibco-activematrix-businessworks-plug-in-for-mongodb,1.0.0,True,no,,
tibco-activematrix-businessworks-plug-in-for-mqtt,6.0.0,False,yes,68,Public
tibco-activematrix-businessworks-plug-in-for-netsuite,6.4.0,False,yes,91,Public
tibco-activematrix-businessworks-plug-in-for-netsuite,6.3.6,False,yes,89,Public
tibco-activematrix-businessworks-plug-in-for-netsuite,6.3.5,False,yes,91,Public
tibco-activematrix-businessworks-plug-in-for-netsuite,6.3.4,True,no,,
tibco-activematrix-businessworks-plug-in-for-netsuite,6.3.3,True,no,,
tibco-activematrix-businessworks-plug-in-for-netsuite,6.3.2,True,no,,
tibco-activematrix-businessworks-plug-in-for-netsuite,6.3.1,True,no,,
tibco-activematrix-businessworks-plug-in-for-netsuite,6.3.0,True,no,,
tibco-activematrix-businessworks-plug-in-for-netsuite,6.2.0,True,no,,
tibco-activematrix-businessworks-plug-in-for-netsuite,6.1.0,True,no,,
tibco-activematrix-businessworks-plug-in-for-netsuite,6.0.1,True,no,,
tibco-activematrix-businessworks-plug-in-for-netsuite,6.0.0,True,no,,
tibco-activematrix-businessworks-plug-in-for-netsuite,1.3.0,False,yes,79,Public
tibco-activematrix-businessworks-plug-in-for-netsuite,1.2.0,False,yes,79,Public
tibco-activematrix-businessworks-plug-in-for-netsuite,1.1.0,True,no,,
tibco-activematrix-businessworks-plug-in-for-netsuite,1.0.0,True,no,,
tibco-activematrix-businessworks-plug-in-for-odata,6.8.0,False,yes,80,Public
tibco-activematrix-businessworks-plug-in-for-odata,6.7.0,False,yes,80,Public
tibco-activematrix-businessworks-plug-in-for-odata,6.6.0,False,yes,81,Public
tibco-activematrix-businessworks-plug-in-for-odata,6.5.0,False,yes,81,Public
tibco-activematrix-businessworks-plug-in-for-odata,6.4.0,False,yes,81,Public
tibco-activematrix-businessworks-plug-in-for-odata,6.3.1,True,no,,
tibco-activematrix-businessworks-plug-in-for-odata,6.3.0,True,no,,
tibco-activematrix-businessworks-plug-in-for-odata,6.2.2,True,no,,
tibco-activematrix-businessworks-plug-in-for-odata,6.2.1,True,no,,
tibco-activematrix-businessworks-plug-in-for-odata,6.2.0,True,no,,
tibco-activematrix-businessworks-plug-in-for-odata,6.1.0,True,no,,
tibco-activematrix-businessworks-plug-in-for-odata,6.0.1,True,no,,
tibco-activematrix-businessworks-plug-in-for-odata,6.0.0,True,no,,
tibco-activematrix-businessworks-plug-in-for-odata-services-for-sap-s-4hana,6.4.0,False,yes,81,Public
tibco-activematrix-businessworks-plug-in-for-odata-services-for-sap-s-4hana,6.3.0,False,yes,79,Public
tibco-activematrix-businessworks-plug-in-for-odata-services-for-sap-s-4hana,6.2.1,False,yes,71,Public
tibco-activematrix-businessworks-plug-in-for-odata-services-for-sap-s-4hana,6.2.0,True,no,,
tibco-activematrix-businessworks-plug-in-for-odata-services-for-sap-s-4hana,6.1.0,True,no,,
tibco-activematrix-businessworks-plug-in-for-odata-services-for-sap-s-4hana,6.0.0,True,no,,
tibco-activematrix-businessworks-plug-in-for-openspirit,2.0.0,True,no,,
tibco-activematrix-businessworks-plug-in-for-openspirit,1.5.0,True,no,,
tibco-activematrix-businessworks-plug-in-for-openspirit,1.4.0,True,no,,
tibco-activematrix-businessworks-plug-in-for-openspirit,1.3.0,True,no,,
tibco-activematrix-businessworks-plug-in-for-openspirit,1.2.0,True,no,,
tibco-activematrix-businessworks-plug-in-for-openspirit,1.1.0,True,no,,
tibco-activematrix-businessworks-plug-in-for-openspirit,1.0.0,True,no,,
tibco-activematrix-businessworks-plug-in-for-oracle-e-business-suite,6.1.2,False,yes,107,Public
tibco-activematrix-businessworks-plug-in-for-oracle-e-business-suite,6.1.1,False,no,,
tibco-activematrix-businessworks-plug-in-for-oracle-e-business-suite,6.1.0,False,no,,
tibco-activematrix-businessworks-plug-in-for-oracle-e-business-suite,6.0.0,False,no,,
tibco-activematrix-businessworks-plug-in-for-oracle-e-business-suite,1.3.0,False,yes,87,Public
tibco-activematrix-businessworks-plug-in-for-oracle-e-business-suite,1.2.0,True,no,,
tibco-activematrix-businessworks-plug-in-for-oracle-e-business-suite,1.1.0,True,no,,
tibco-activematrix-businessworks-plug-in-for-oracle-e-business-suite,1.0.0,True,no,,
tibco-activematrix-businessworks-plug-in-for-oracle-fusion-cloud-applications-suite,6.0.0,False,yes,70,Public
tibco-activematrix-businessworks-plug-in-for-oracle-tuxedo,8.3.0,False,yes,96,Public
tibco-activematrix-businessworks-plug-in-for-oracle-tuxedo,8.2.0,False,yes,83,Public
tibco-activematrix-businessworks-plug-in-for-oracle-tuxedo,8.1.0,False,yes,89,Public
tibco-activematrix-businessworks-plug-in-for-oracle-tuxedo,8.0.1,True,no,,
tibco-activematrix-businessworks-plug-in-for-oracle-tuxedo,8.0.0,True,no,,
tibco-activematrix-businessworks-plug-in-for-oracle-tuxedo,7.0.2,True,no,,
tibco-activematrix-businessworks-plug-in-for-oracle-tuxedo,7.0.1,True,no,,
tibco-activematrix-businessworks-plug-in-for-oracle-tuxedo,7.0.0,True,no,,
tibco-activematrix-businessworks-plug-in-for-oracle-tuxedo,6.1.2,False,yes,287,Public
tibco-activematrix-businessworks-plug-in-for-oracle-tuxedo,6.1.1,False,yes,288,Public
tibco-activematrix-businessworks-plug-in-for-oracle-tuxedo,6.1.0,False,yes,225,Public
tibco-activematrix-businessworks-plug-in-for-oracle-tuxedo,6.0.0,False,yes,224,Public
tibco-activematrix-businessworks-plug-in-for-osb,6.0.0,False,no,,
tibco-activematrix-businessworks-plug-in-for-osb,5.0.0,False,no,,
tibco-activematrix-businessworks-plug-in-for-osisoft-pi-system,6.5.0,False,yes,102,Public
tibco-activematrix-businessworks-plug-in-for-osisoft-pi-system,6.4.0,False,yes,95,Public
tibco-activematrix-businessworks-plug-in-for-osisoft-pi-system,6.3.0,True,no,,
tibco-activematrix-businessworks-plug-in-for-osisoft-pi-system,6.2.0,True,no,,
tibco-activematrix-businessworks-plug-in-for-osisoft-pi-system,6.1.0,True,no,,
tibco-activematrix-businessworks-plug-in-for-osisoft-pi-system,6.0.0,True,no,,
tibco-activematrix-businessworks-plug-in-for-osisoft-pi-system,1.1.0,False,yes,126,Public
tibco-activematrix-businessworks-plug-in-for-osisoft-pi-system,1.0.0,False,yes,118,Public
tibco-activematrix-businessworks-plug-in-for-pdf,6.2.3,False,yes,67,Public
tibco-activematrix-businessworks-plug-in-for-pdf,6.2.2,False,yes,67,Public
tibco-activematrix-businessworks-plug-in-for-pdf,6.2.1,True,no,,
tibco-activematrix-businessworks-plug-in-for-pdf,6.2.0,True,no,,
tibco-activematrix-businessworks-plug-in-for-pdf,6.1.0,True,no,,
tibco-activematrix-businessworks-plug-in-for-pdf,6.0.0,True,no,,
tibco-activematrix-businessworks-plug-in-for-pdf,1.0.0,True,no,,
tibco-activematrix-businessworks-plug-in-for-peoplesoft,7.4.0,False,yes,146,Public
tibco-activematrix-businessworks-plug-in-for-peoplesoft,7.3.0,False,yes,132,Public
tibco-activematrix-businessworks-plug-in-for-peoplesoft,7.2.0,False,yes,107,Public
tibco-activematrix-businessworks-plug-in-for-peoplesoft,7.1.0,True,no,,
tibco-activematrix-businessworks-plug-in-for-peoplesoft,7.0.1,True,no,,
tibco-activematrix-businessworks-plug-in-for-peoplesoft,7.0.0,True,no,,
tibco-activematrix-businessworks-plug-in-for-peoplesoft,6.1.0,False,yes,247,Public
tibco-activematrix-businessworks-plug-in-for-peoplesoft,6.0.0,True,no,,
tibco-activematrix-businessworks-plug-in-for-redis,6.1.0,False,yes,60,Public
tibco-activematrix-businessworks-plug-in-for-redis,6.0.0,False,yes,59,Public
tibco-activematrix-businessworks-plug-in-for-rest-and-json,2.1.0,False,yes,100,Public
tibco-activematrix-businessworks-plug-in-for-rest-and-json,2.0.1,False,yes,98,Public
tibco-activematrix-businessworks-plug-in-for-rest-and-json,2.0.0,False,no,,
tibco-activematrix-businessworks-plug-in-for-rest-and-json,1.1.1,False,no,,
tibco-activematrix-businessworks-plug-in-for-rest-and-json,1.1.0,False,no,,
tibco-activematrix-businessworks-plug-in-for-rest-and-json,1.0.0,True,no,,
tibco-activematrix-businessworks-plug-in-for-salesforce-com,6.11.0,False,yes,129,Public
tibco-activematrix-businessworks-plug-in-for-salesforce-com,6.10.0,False,yes,129,Public
tibco-activematrix-businessworks-plug-in-for-salesforce-com,6.9.3,False,yes,125,Public
tibco-activematrix-businessworks-plug-in-for-salesforce-com,6.9.2,False,yes,124,Public
tibco-activematrix-businessworks-plug-in-for-salesforce-com,6.9.1,False,yes,124,Public
tibco-activematrix-businessworks-plug-in-for-salesforce-com,6.9.0,False,yes,125,Public
tibco-activematrix-businessworks-plug-in-for-salesforce-com,6.8.0,True,no,,
tibco-activematrix-businessworks-plug-in-for-salesforce-com,6.7.0,True,no,,
tibco-activematrix-businessworks-plug-in-for-salesforce-com,6.6.0,True,no,,
tibco-activematrix-businessworks-plug-in-for-salesforce-com,6.5.2,True,no,,
tibco-activematrix-businessworks-plug-in-for-salesforce-com,6.5.1,True,no,,
tibco-activematrix-businessworks-plug-in-for-salesforce-com,6.5.0,True,no,,
tibco-activematrix-businessworks-plug-in-for-salesforce-com,6.4.0,True,no,,
tibco-activematrix-businessworks-plug-in-for-salesforce-com,6.3.0,True,no,,
tibco-activematrix-businessworks-plug-in-for-salesforce-com,6.2.1,True,no,,
tibco-activematrix-businessworks-plug-in-for-salesforce-com,6.2.0,True,no,,
tibco-activematrix-businessworks-plug-in-for-salesforce-com,6.1.1,True,no,,
tibco-activematrix-businessworks-plug-in-for-salesforce-com,6.1.0,True,no,,
tibco-activematrix-businessworks-plug-in-for-salesforce-com,6.0.1,True,no,,
tibco-activematrix-businessworks-plug-in-for-salesforce-com,6.0.0,True,no,,
tibco-activematrix-businessworks-plug-in-for-salesforce-com,2.6.0,True,no,,
tibco-activematrix-businessworks-plug-in-for-salesforce-com,2.5.0,True,no,,
tibco-activematrix-businessworks-plug-in-for-salesforce-com,2.4.1,True,no,,
tibco-activematrix-businessworks-plug-in-for-salesforce-com,2.4.0,True,no,,
tibco-activematrix-businessworks-plug-in-for-salesforce-com,2.3.0,True,no,,
tibco-activematrix-businessworks-plug-in-for-sap-ariba,6.0.0,False,yes,63,Public
tibco-activematrix-businessworks-plug-in-for-sap-business-technology-platform,6.0.0,False,yes,74,Public
tibco-activematrix-businessworks-plug-in-for-sap-hana-database,6.1.0,False,yes,80,Public
tibco-activematrix-businessworks-plug-in-for-sap-hana-database,6.0.0,True,yes,81,Public
tibco-activematrix-businessworks-plug-in-for-sap-solutions,8.8.0,False,yes,124,Public
tibco-activematrix-businessworks-plug-in-for-sap-solutions,8.7.0,False,yes,124,Public
tibco-activematrix-businessworks-plug-in-for-sap-solutions,8.6.0,False,yes,124,Public
tibco-activematrix-businessworks-plug-in-for-sap-solutions,8.5.0,True,no,,
tibco-activematrix-businessworks-plug-in-for-sap-solutions,8.4.0,True,no,,
tibco-activematrix-businessworks-plug-in-for-sap-solutions,8.3.0,True,no,,
tibco-activematrix-businessworks-plug-in-for-sap-solutions,8.2.2,True,no,,
tibco-activematrix-businessworks-plug-in-for-sap-solutions,8.2.1,True,no,,
tibco-activematrix-businessworks-plug-in-for-sap-solutions,8.2.0,True,no,,
tibco-activematrix-businessworks-plug-in-for-sap-solutions,8.1.1,True,no,,
tibco-activematrix-businessworks-plug-in-for-sap-solutions,8.1.0,True,no,,
tibco-activematrix-businessworks-plug-in-for-sap-solutions,8.0.0,True,no,,
tibco-activematrix-businessworks-plug-in-for-sap-solutions,7.3.2,False,yes,450,Public
tibco-activematrix-businessworks-plug-in-for-sap-solutions,7.3.1,False,yes,245,Public
tibco-activematrix-businessworks-plug-in-for-sap-solutions,7.3.0,False,yes,245,Public
tibco-activematrix-businessworks-plug-in-for-sap-solutions,7.2.1,False,yes,243,Public
tibco-activematrix-businessworks-plug-in-for-sap-solutions,7.2.0,False,yes,244,Public
tibco-activematrix-businessworks-plug-in-for-sap-solutions,7.1.0,True,no,,
tibco-activematrix-businessworks-plug-in-for-sap-solutions,7.0.0,True,no,,
tibco-activematrix-businessworks-plug-in-for-sap-solutions,6.2.1,True,no,,
tibco-activematrix-businessworks-plug-in-for-sap-solutions,6.2.0,True,no,,
tibco-activematrix-businessworks-plug-in-for-sap-solutions,6.1.0,True,no,,
tibco-activematrix-businessworks-plug-in-for-sap-solutions,6.0.0,True,no,,
tibco-activematrix-businessworks-plug-in-for-sap-successfactors,6.1.0,False,yes,66,Public
tibco-activematrix-businessworks-plug-in-for-sap-successfactors,6.0.0,False,yes,118,Public;Requires Login
tibco-activematrix-businessworks-plug-in-for-servicenow,6.1.0,False,no,,
tibco-activematrix-businessworks-plug-in-for-servicenow,6.0.0,False,yes,54,Public
tibco-activematrix-businessworks-plug-in-for-sftp,6.2.0,False,yes,68,Public
tibco-activematrix-businessworks-plug-in-for-sftp,6.1.4,False,yes,64,Public
tibco-activematrix-businessworks-plug-in-for-sftp,6.1.3,True,no,,
tibco-activematrix-businessworks-plug-in-for-sftp,6.1.2,True,no,,
tibco-activematrix-businessworks-plug-in-for-sftp,6.1.1,True,no,,
tibco-activematrix-businessworks-plug-in-for-sftp,6.1.0,True,no,,
tibco-activematrix-businessworks-plug-in-for-sftp,6.0.0,True,no,,
tibco-activematrix-businessworks-plug-in-for-sftp,1.1.1,False,yes,72,Public
tibco-activematrix-businessworks-plug-in-for-sftp,1.1.0,False,yes,55,Public
tibco-activematrix-businessworks-plug-in-for-sftp,1.0.0,True,no,,
tibco-activematrix-businessworks-plug-in-for-siebel,7.3.0,False,yes,174,Public
tibco-activematrix-businessworks-plug-in-for-siebel,7.2.0,False,yes,174,Public
tibco-activematrix-businessworks-plug-in-for-siebel,7.1.0,True,no,,
tibco-activematrix-businessworks-plug-in-for-siebel,7.0.0,True,no,,
tibco-activematrix-businessworks-plug-in-for-siebel,6.1.0,False,yes,299,Public
tibco-activematrix-businessworks-plug-in-for-siebel,6.0.1,False,yes,356,Public
tibco-activematrix-businessworks-plug-in-for-siebel,6.0.0,False,yes,334,Public
tibco-activematrix-businessworks-plug-in-for-siebel,5.3.2,False,yes,289,Public
tibco-activematrix-businessworks-plug-in-for-smartmapper,7.1.3,False,yes,222,Public
tibco-activematrix-businessworks-plug-in-for-smartmapper,7.1.2,False,yes,222,Public
tibco-activematrix-businessworks-plug-in-for-smartmapper,7.1.1,True,no,,
tibco-activematrix-businessworks-plug-in-for-smartmapper,7.1.0,True,no,,
tibco-activematrix-businessworks-plug-in-for-smartmapper,7.0.1,True,no,,
tibco-activematrix-businessworks-plug-in-for-smartmapper,7.0.0,True,no,,
tibco-activematrix-businessworks-plug-in-for-smartmapper,6.0.0,False,yes,173,Public
tibco-activematrix-businessworks-plug-in-for-smpp,6.0.3,True,yes,73,Public
tibco-activematrix-businessworks-plug-in-for-smpp,6.0.2,True,yes,71,Public
tibco-activematrix-businessworks-plug-in-for-smpp,6.0.1,True,no,,
tibco-activematrix-businessworks-plug-in-for-smpp,6.0.0,True,no,,
tibco-activematrix-businessworks-plug-in-for-snowflake,6.3.1,False,yes,75,Public
tibco-activematrix-businessworks-plug-in-for-snowflake,6.3.0,False,yes,75,Public
tibco-activematrix-businessworks-plug-in-for-snowflake,6.2.0,True,yes,76,Public
tibco-activematrix-businessworks-plug-in-for-snowflake,6.1.0,True,no,,
tibco-activematrix-businessworks-plug-in-for-snowflake,6.0.1,True,no,,
tibco-activematrix-businessworks-plug-in-for-snowflake,6.0.0,True,no,,
tibco-activematrix-businessworks-plug-in-for-swift,6.11.0,False,yes,110,Public
tibco-activematrix-businessworks-plug-in-for-swift,6.10.0,False,yes,122,Public
tibco-activematrix-businessworks-plug-in-for-swift,6.9.0,False,yes,123,Public
tibco-activematrix-businessworks-plug-in-for-swift,6.8.0,False,yes,124,Public
tibco-activematrix-businessworks-plug-in-for-swift,6.7.0,True,no,,
tibco-activematrix-businessworks-plug-in-for-swift,6.6.0,True,no,,
tibco-activematrix-businessworks-plug-in-for-swift,6.5.0,True,no,,
tibco-activematrix-businessworks-plug-in-for-swift,6.4.0,True,no,,
tibco-activematrix-businessworks-plug-in-for-swift,6.3.0,True,no,,
tibco-activematrix-businessworks-plug-in-for-swift,6.2.0,True,no,,
tibco-activematrix-businessworks-plug-in-for-swift,6.1.0,True,no,,
tibco-activematrix-businessworks-plug-in-for-swift,6.0.0,True,no,,
tibco-activematrix-businessworks-plug-in-for-swift,5.25.0,False,yes,153,Public
tibco-activematrix-businessworks-plug-in-for-swift,5.24.0,False,yes,162,Public
tibco-activematrix-businessworks-plug-in-for-swift,5.23.0,False,yes,161,Public
tibco-activematrix-businessworks-plug-in-for-swift,5.22.0,False,yes,162,Public
tibco-activematrix-businessworks-plug-in-for-swift,5.21.0,True,no,,
tibco-activematrix-businessworks-plug-in-for-swift,5.20.0,True,no,,
tibco-activematrix-businessworks-plug-in-for-swift,5.19.0,True,no,,
tibco-activematrix-businessworks-plug-in-for-swift,5.18.0,True,no,,
tibco-activematrix-businessworks-plug-in-for-swift,5.17.0,True,no,,
tibco-activematrix-businessworks-plug-in-for-swift,5.16.0,True,no,,
tibco-activematrix-businessworks-plug-in-for-swift,5.15.0,True,no,,
tibco-activematrix-businessworks-plug-in-for-swift,5.14.0,True,no,,
tibco-activematrix-businessworks-plug-in-for-swift,5.13.0,True,no,,
tibco-activematrix-businessworks-plug-in-for-swift,5.12.0,True,no,,
tibco-activematrix-businessworks-plug-in-for-swift,5.11.0,False,yes,280,Public
tibco-activematrix-businessworks-plug-in-for-swift,5.10.0,False,yes,288,Public
tibco-activematrix-businessworks-plug-in-for-tibco-auditsafe,6.4.2,False,yes,63,Public
tibco-activematrix-businessworks-plug-in-for-tibco-auditsafe,6.4.1,False,yes,63,Public
tibco-activematrix-businessworks-plug-in-for-tibco-auditsafe,6.4.0,False,yes,63,Public
tibco-activematrix-businessworks-plug-in-for-tibco-auditsafe,6.3.2,False,yes,65,Public
tibco-activematrix-businessworks-plug-in-for-tibco-auditsafe,6.3.1,False,yes,51,Public
tibco-activematrix-businessworks-plug-in-for-tibco-auditsafe,6.3.0,False,yes,51,Public
tibco-activematrix-businessworks-plug-in-for-tibco-auditsafe,6.2.0,False,yes,51,Public
tibco-activematrix-businessworks-plug-in-for-tibco-auditsafe,6.1.0,False,yes,51,Public
tibco-activematrix-businessworks-plug-in-for-tibco-auditsafe,6.0.0,True,no,,
tibco-activematrix-businessworks-plug-in-for-tibco-clarity,6.1.1,True,no,,
tibco-activematrix-businessworks-plug-in-for-tibco-clarity,6.1.0,True,no,,
tibco-activematrix-businessworks-plug-in-for-tibco-clarity,6.0.0,True,no,,
tibco-activematrix-businessworks-plug-in-for-tibco-eftl,6.0.0,False,no,,
tibco-activematrix-businessworks-plug-in-for-tibco-ftl,6.7.4,False,yes,60,Public
tibco-activematrix-businessworks-plug-in-for-tibco-ftl,6.7.3,False,yes,58,Public
tibco-activematrix-businessworks-plug-in-for-tibco-ftl,6.7.2,False,yes,57,Public
tibco-activematrix-businessworks-plug-in-for-tibco-ftl,6.7.1,False,yes,57,Public
tibco-activematrix-businessworks-plug-in-for-tibco-ftl,6.7.0,False,yes,57,Public
tibco-activematrix-businessworks-plug-in-for-tibco-ftl,6.6.0,False,yes,52,Public
tibco-activematrix-businessworks-plug-in-for-tibco-ftl,6.5.0,False,yes,60,Public
tibco-activematrix-businessworks-plug-in-for-tibco-ftl,6.4.4,False,yes,57,Public
tibco-activematrix-businessworks-plug-in-for-tibco-ftl,6.4.3,True,no,,
tibco-activematrix-businessworks-plug-in-for-tibco-ftl,6.4.2,True,no,,
tibco-activematrix-businessworks-plug-in-for-tibco-ftl,6.4.1,True,no,,
tibco-activematrix-businessworks-plug-in-for-tibco-ftl,6.4.0,True,no,,
tibco-activematrix-businessworks-plug-in-for-tibco-ftl,5.0.0,False,yes,57,Public
tibco-activematrix-businessworks-plug-in-for-tibco-managed-file-transfer,6.3.1,False,no,,
tibco-activematrix-businessworks-plug-in-for-tibco-managed-file-transfer,6.3.0,False,no,,
tibco-activematrix-businessworks-plug-in-for-tibco-managed-file-transfer,6.0.1,False,no,,
tibco-activematrix-businessworks-plug-in-for-tibco-managed-file-transfer,6.0.0,False,no,,
tibco-activematrix-businessworks-plug-in-for-tibco-managed-file-transfer,1.0.0,False,no,,
tibco-activematrix-businessworks-plug-in-for-tibco-patterns,6.2.0,False,yes,92,Public
tibco-activematrix-businessworks-plug-in-for-tibco-patterns,6.1.2,False,yes,85,Public
tibco-activematrix-businessworks-plug-in-for-tibco-patterns,6.1.0,False,yes,86,Public
tibco-activematrix-businessworks-plug-in-for-tibco-patterns,6.0.0,False,yes,74,Public
tibco-activematrix-businessworks-plug-in-for-tibco-patterns,5.7.0,False,yes,74,Public
tibco-activematrix-businessworks-plug-in-for-tibco-patterns,5.6.1,False,yes,74,Public
tibco-activematrix-businessworks-plug-in-for-tibco-patterns,5.6.0,True,no,,
tibco-activematrix-businessworks-plug-in-for-tibco-patterns,5.5.0,True,no,,
tibco-activematrix-businessworks-plug-in-for-tibco-patterns,5.4.0,False,yes,48,Public
tibco-activematrix-businessworks-plug-in-for-tibco-patterns,2.1.2,False,yes,44,Public
tibco-activematrix-businessworks-plug-in-for-tibco-patterns,2.1.0,False,yes,46,Public
tibco-activematrix-businessworks-plug-in-for-tibco-patterns,2.0.0,False,yes,45,Public
tibco-activematrix-businessworks-plug-in-for-tibco-patterns,1.5.0,False,yes,43,Public
tibco-activematrix-businessworks-plug-in-for-tibco-patterns,1.4.0,True,no,,
tibco-activematrix-businessworks-plug-in-for-tibco-patterns,1.3.0,True,no,,
tibco-activematrix-businessworks-plug-in-for-tibco-patterns,1.2.0,False,yes,48,Public
tibco-activematrix-businessworks-plug-in-for-tibco-patterns,1.1.0,False,yes,47,Public
tibco-activematrix-businessworks-plug-in-for-tibco-patterns,1.0.0,False,yes,46,Public
tibco-activematrix-businessworks-plug-in-for-transaction-insight,6.0.1,False,no,,
tibco-activematrix-businessworks-plug-in-for-transaction-insight,6.0.0,False,no,,
tibco-activematrix-businessworks-plug-in-for-trillium,6.0.0,False,no,,
tibco-activematrix-businessworks-plug-in-for-twitter,6.1.2,True,yes,123,Public
tibco-activematrix-businessworks-plug-in-for-twitter,6.1.1,True,yes,100,Public
tibco-activematrix-businessworks-plug-in-for-twitter,6.1.0,False,yes,100,Public
tibco-activematrix-businessworks-plug-in-for-twitter,6.0.1,True,no,,
tibco-activematrix-businessworks-plug-in-for-twitter,6.0.0,True,no,,
tibco-activematrix-businessworks-plug-in-for-twitter,1.0.0,True,no,,
tibco-activematrix-businessworks-plug-in-for-workday,6.0.1,False,yes,59,Public
tibco-activematrix-businessworks-plug-in-for-workday,6.0.0,False,yes,60,Public
tibco-activematrix-businessworks-plug-in-for-workday,1.0.0,False,yes,75,Public
tibco-activematrix-businessworks-service-engine-plug-in-for-oracle-e-business-suite,1.1,True,yes,53,Public
tibco-activematrix-businessworks-service-engine-plug-in-for-smartmapper,5.5,True,yes,55,Public
tibco-activematrix-businessworks-smartmapper-enterprise-server,6.0.1,True,no,,
tibco-activematrix-businessworks-smartmapper-enterprise-server,6.0.0,False,yes,173,Public
tibco-activematrix-businessworks-smartmapper-enterprise-server,5.5.0,True,no,,
tibco-activematrix-decisions,1.3.0,True,no,,
tibco-activematrix-decisions,1.2.0,True,no,,
tibco-activematrix-decisions,1.1.1,True,no,,
tibco-activematrix-decisions,1.1.0,True,no,,
tibco-activematrix-decisions,1.0.1,True,no,,
tibco-activematrix-decisions,1.0.0,True,no,,
tibco-activematrix-implementation-type-for-c++,3.2.0,False,no,,
tibco-activematrix-implementation-type-for-c++,3.1.2,False,no,,
tibco-activematrix-implementation-type-for-c++,3.0.1,False,no,,
tibco-activematrix-implementation-type-for-c++,3.0.0,False,no,,
tibco-activematrix-implementation-type-for-c++,1.1.0,False,no,,
tibco-activematrix-implementation-type-for-microsoft-clr,3.3.0,False,no,,
tibco-activematrix-implementation-type-for-microsoft-clr,3.2.0,False,no,,
tibco-activematrix-implementation-type-for-microsoft-clr,3.1.2,False,no,,
tibco-activematrix-implementation-type-for-scripting-in-ruby,1.0,False,no,,
tibco-activematrix-implementation-type-for-tibco-adapters,1.0.0,True,no,,
tibco-activematrix-implementation-type-for-wcf-host,1.0,False,no,,
tibco-activematrix-management-agent-for-wcf,1.2.1,False,no,,
tibco-activematrix-management-agent-for-wcf,1.2,False,no,,
tibco-activematrix-management-agent-for-wcf,1.1,False,no,,
tibco-activematrix-management-agent-for-websphere,1.2.1,False,no,,
tibco-activematrix-management-agent-for-websphere,1.2,False,no,,
tibco-activematrix-management-agent-for-websphere,1.1,False,no,,
tibco-activematrix-policy-director,2.0.0,True,no,,
tibco-activematrix-policy-director,1.1.0,True,no,,
tibco-activematrix-policy-director,1.0.1,True,no,,
tibco-activematrix-policy-director,1.0.0,True,no,,
tibco-activematrix-runtime-uddi-server,3.1,False,no,,
tibco-activematrix-runtime-uddi-server,3.0.0,False,no,,
tibco-activematrix-service-bus,3.4.0,True,no,,
tibco-activematrix-service-bus,3.3.0,True,no,,
tibco-activematrix-service-bus,3.2.0,True,no,,
tibco-activematrix-service-bus,3.1.5,True,no,,
tibco-activematrix-service-bus,2.3.2,True,no,,
tibco-activematrix-service-bus,2.3.1,True,no,,
tibco-activematrix-service-bus,2.3.0,True,no,,
tibco-activematrix-service-bus,2.2.0,True,no,,
tibco-activematrix-service-gateway,1.1,False,no,,
tibco-activematrix-service-grid,3.4.4,False,yes,2640,Public
tibco-activematrix-service-grid,3.4.3,False,yes,2640,Public
tibco-activematrix-service-grid,3.4.2,True,yes,2765,Public
tibco-activematrix-service-grid,3.4.1,True,yes,3112,Public
tibco-activematrix-service-grid,3.4.0,True,yes,3126,Public
tibco-activematrix-service-grid,3.3.1,True,no,,
tibco-activematrix-service-grid,3.3.0,True,no,,
tibco-activematrix-service-grid,3.2.0,True,no,,
tibco-activematrix-service-grid,3.1.5,True,no,,
tibco-activematrix-service-grid-container-edition,1.0.1,False,no,,
tibco-activematrix-service-grid-container-edition,1.0.0,False,no,,
tibco-activematrix-updater-tool-for-java-runtime-environment-jre,1.1.0,False,no,,
tibco-activematrix-updater-tool-for-java-runtime-environment-jre,1.0.0,False,no,,
tibco-activespaces-connector-for-apache-kafka-enterprise-edition,1.0.0,True,no,,
tibco-activespaces-connector-for-apache-pulsar-enterprise-edition,1.0.0,True,yes,35,Public
tibco-activespaces-enterprise-edition,5.2.0,False,yes,452,Public
tibco-activespaces-enterprise-edition,5.1.1,False,yes,456,Public
tibco-activespaces-enterprise-edition,5.1.0,False,yes,457,Public
tibco-activespaces-enterprise-edition,5.0.0,False,yes,456,Public
tibco-activespaces-enterprise-edition,4.10.1,False,yes,449,Public
tibco-activespaces-enterprise-edition,4.10.0,False,yes,449,Public
tibco-activespaces-enterprise-edition,4.9.1,True,no,,
tibco-activespaces-enterprise-edition,4.9.0,True,no,,
tibco-activespaces-enterprise-edition,4.8.1,True,no,,
tibco-activespaces-enterprise-edition,4.8.0,True,no,,
tibco-activespaces-enterprise-edition,4.7.1,True,no,,
tibco-activespaces-enterprise-edition,4.7.0,True,no,,
tibco-activespaces-enterprise-edition,4.6.2,True,no,,
tibco-activespaces-enterprise-edition,4.6.1,True,no,,
tibco-activespaces-enterprise-edition,4.6.0,True,no,,
tibco-activespaces-enterprise-edition,4.5.0,True,no,,
tibco-activespaces-enterprise-edition,4.4.0,True,no,,
tibco-activespaces-enterprise-edition,4.3.0,True,no,,
tibco-activespaces-enterprise-edition,4.2.0,True,no,,
tibco-activespaces-enterprise-edition,4.1.0,True,no,,
tibco-activespaces-enterprise-edition,4.0.0,True,no,,
tibco-activespaces-enterprise-edition,3.5.1,True,no,,
tibco-activespaces-enterprise-edition,3.5.0,True,no,,
tibco-activespaces-enterprise-edition,3.4.0,True,no,,
tibco-activespaces-enterprise-edition,3.3.0,True,no,,
tibco-activespaces-enterprise-edition,3.2.0,True,no,,
tibco-activespaces-enterprise-edition,3.1.0,True,no,,
tibco-activespaces-enterprise-edition,3.0.0,True,no,,
tibco-activespaces-enterprise-edition,2.4.2,True,no,,
tibco-activespaces-enterprise-edition,2.4.1,True,no,,
tibco-activespaces-enterprise-edition,2.4.0,True,no,,
tibco-activespaces-enterprise-edition,2.3.0,True,no,,
tibco-activespaces-enterprise-edition,2.2.1,True,no,,
tibco-activespaces-enterprise-edition,2.2.0,True,no,,
tibco-activespaces-enterprise-edition,2.1.6,True,no,,
tibco-activespaces-enterprise-edition,2.1.5,True,no,,
tibco-activespaces-enterprise-edition,2.1.4,True,no,,
tibco-activespaces-enterprise-edition,2.1.3,True,no,,
tibco-activespaces-enterprise-edition,2.1.2,True,no,,
tibco-activespaces-enterprise-edition,2.1.1,True,no,,
tibco-activespaces-enterprise-edition,2.0.2,True,no,,
tibco-activespaces-enterprise-edition,2.0.1,True,no,,
tibco-activespaces-enterprise-edition,2.0.0,True,no,,
tibco-activespaces-enterprise-edition,1.1.1,True,no,,
tibco-activespaces-enterprise-edition,1.1.0,True,no,,
tibco-activespaces-enterprise-edition,1.0.2,True,no,,
tibco-activespaces-enterprise-edition,1.0.1,True,no,,
tibco-activespaces-enterprise-edition-add-on,2.1.2,True,yes,1949,Public
tibco-activespaces-remote-client,2.3.0,True,no,,
tibco-activespaces-remote-client,2.2.1,True,no,,
tibco-activespaces-remote-client,2.2.0,True,no,,
tibco-activespaces-remote-client,2.1.6,True,no,,
tibco-activespaces-remote-client,2.1.5,True,no,,
tibco-activespaces-remote-client,2.1.4,True,no,,
tibco-activespaces-remote-client,2.1.3,True,no,,
tibco-activespaces-transactions,2.5.11,True,no,,
tibco-activespaces-transactions,2.5.10,True,no,,
tibco-activespaces-transactions,2.5.9,True,no,,
tibco-activespaces-transactions,2.5.8,True,no,,
tibco-activespaces-transactions,2.5.7,True,no,,
tibco-activespaces-transactions,2.5.6,True,no,,
tibco-activespaces-transactions,2.5.5,True,no,,
tibco-activespaces-transactions,2.5.4,True,no,,
tibco-activespaces-transactions,2.5.3,True,no,,
tibco-activespaces-transactions,2.5.2,True,no,,
tibco-activespaces-transactions,2.5.1,True,no,,
tibco-activespaces-transactions,2.4.1,True,no,,
tibco-activespaces-transactions,2.4.0,True,no,,
tibco-activespaces-transactions,2.3.9,True,no,,
tibco-activespaces-transactions,2.3.8,True,no,,
tibco-activespaces-transactions,2.3.7,True,no,,
tibco-activespaces-transactions,2.3.6,True,no,,
tibco-activespaces-transactions,2.3.4,True,no,,
tibco-activespaces-transactions,2.3.3,True,no,,
tibco-activespaces-transactions,2.3.2,True,no,,
tibco-activespaces-transactions,2.3.1,True,no,,
tibco-activespaces-transactions,2.3.0,True,no,,
tibco-activespaces-transactions,2.2.3,True,no,,
tibco-activespaces-transactions,2.2.2,True,no,,
tibco-activespaces-transactions,2.2.1,True,no,,
tibco-activespaces-transactions,2.2.0,True,no,,
tibco-adapter-for-com,5.3.1,True,no,,
tibco-adapter-for-files-ibm-i,5.0.1,True,yes,55,Public
tibco-adapter-for-files-ibm-i,5.0.0,True,yes,55,Public
tibco-adapter-for-files-ibm-i,4.7,True,yes,51,Public
tibco-adapter-for-files-z-os-mvs,4.7,False,no,,
tibco-adapter-for-infranet-5-2-0,5.2.0,False,no,,
tibco-adapter-for-oracle-applications,5.4.1,False,no,,
tibco-adapter-migration,1.8.1,False,no,,
tibco-adapter-migration,1.8.0,False,no,,
tibco-adapter-migration,1.7.0,False,no,,
tibco-adapter-sdk,5.8.0,False,yes,3,Public
tibco-adapter-sdk,5.7.0,True,no,,
tibco-administrator-enterprise-edition,5.13.0,False,yes,435,Public
tibco-administrator-enterprise-edition,5.12.4,False,yes,292,Public
tibco-administrator-enterprise-edition,5.12.2,False,yes,292,Public
tibco-administrator-enterprise-edition,5.12.0,True,yes,292,Public
tibco-administrator-enterprise-edition,5.11.3,True,yes,291,Public
tibco-administrator-enterprise-edition,5.11.2,True,yes,303,Public
tibco-administrator-enterprise-edition,5.11.1,True,yes,303,Public
tibco-administrator-enterprise-edition,5.11.0,True,yes,306,Public
tibco-administrator-enterprise-edition,5.10.3,True,yes,303,Public
tibco-administrator-enterprise-edition,5.10.2,True,yes,303,Public
tibco-administrator-enterprise-edition,5.10.1,True,yes,302,Public
tibco-administrator-enterprise-edition,5.10.0,True,yes,303,Public
tibco-administrator-enterprise-edition,5.9.1,True,yes,304,Public
tibco-administrator-enterprise-edition,5.9.0,True,yes,299,Public
tibco-administrator-enterprise-edition,5.8.0,True,yes,300,Public
tibco-administrator-enterprise-edition,5.7.1,True,yes,299,Public
tibco-administrator-enterprise-edition,5.7.0,True,yes,267,Public
tibco-administrator-enterprise-edition-distribution-for-tibco-silver-fabric,5.11.0,True,no,,
tibco-analytics,10.6.1,True,yes,3,Public
tibco-analytics,10.6.0,True,yes,3,Public
tibco-analytics,10.5.0,True,yes,3,Public
tibco-analytics,10.4.0,True,yes,3,Public
tibco-analytics,10.3.4,True,yes,3,Public
tibco-analytics,10.3.3,True,yes,3,Public
tibco-analytics,10.3.2,True,yes,3,Public
tibco-analytics,10.3.1,True,yes,3,Public
tibco-analytics,10.3.0,True,yes,3,Public
tibco-analytics,10.2.1,True,yes,3,Public
tibco-analytics,10.2.0,True,yes,3,Public
tibco-analytics,10.1.0,True,yes,3,Public
tibco-analytics,10.0.1,True,yes,3,Public
tibco-analytics,10.0.0,True,yes,3,Public
tibco-analytics,7.14.1,True,yes,3,Public
tibco-analytics,7.14.0,True,yes,3,Public
tibco-analytics,7.13.0,True,yes,3,Public
tibco-analytics,7.12.0,True,yes,2,Public
tibco-analytics,7.11.7,True,yes,3,Public
tibco-analytics,7.11.6,True,yes,3,Public
tibco-analytics,7.11.5,True,yes,3,Public
tibco-analytics,7.11.4,True,yes,3,Public
tibco-analytics,7.11.3,True,yes,3,Public
tibco-analytics,7.11.2,True,yes,3,Public
tibco-analytics,7.11.1,True,yes,3,Public
tibco-analytics,7.11.0,True,yes,2,Public
tibco-analytics,7.10.1,True,yes,2,Public
tibco-analytics,7.10.0,True,yes,2,Public
tibco-analytics,7.9.0,True,yes,2,Public
tibco-analytics,7.8.1,True,yes,2,Public
tibco-analytics-business-author-add-on,10.6.1,True,yes,3,Public
tibco-analytics-business-author-add-on,10.6.0,True,yes,3,Public
tibco-analytics-business-author-add-on,10.5.0,True,yes,3,Public
tibco-analytics-business-author-add-on,10.4.0,True,yes,3,Public
tibco-analytics-business-author-add-on,10.3.4,True,yes,3,Public
tibco-analytics-business-author-add-on,10.3.3,True,yes,3,Public
tibco-analytics-business-author-add-on,10.3.2,True,yes,3,Public
tibco-analytics-business-author-add-on,10.3.1,True,yes,3,Public
tibco-analytics-business-author-add-on,10.3.0,True,yes,3,Public
tibco-analytics-business-author-add-on,10.2.1,True,yes,3,Public
tibco-analytics-business-author-add-on,10.2.0,True,yes,3,Public
tibco-analytics-business-author-add-on,10.1.0,True,yes,3,Public
tibco-analytics-business-author-add-on,10.0.1,True,yes,3,Public
tibco-analytics-business-author-add-on,10.0.0,True,yes,3,Public
tibco-analytics-business-author-add-on,7.14.1,True,yes,3,Public
tibco-analytics-business-author-add-on,7.14.0,True,yes,3,Public
tibco-analytics-business-author-add-on,7.13.0,True,yes,3,Public
tibco-analytics-business-author-add-on,7.12.0,True,yes,2,Public
tibco-analytics-business-author-add-on,7.11.7,True,yes,3,Public
tibco-analytics-business-author-add-on,7.11.6,True,yes,3,Public
tibco-analytics-business-author-add-on,7.11.5,True,yes,3,Public
tibco-analytics-business-author-add-on,7.11.4,True,yes,3,Public
tibco-analytics-business-author-add-on,7.11.3,True,yes,3,Public
tibco-analytics-business-author-add-on,7.11.2,True,yes,3,Public
tibco-analytics-business-author-add-on,7.11.1,True,yes,3,Public
tibco-analytics-business-author-add-on,7.11.0,True,yes,2,Public
tibco-analytics-business-author-add-on,7.10.0,True,yes,2,Public
tibco-analytics-business-author-add-on,7.9.0,True,yes,2,Public
tibco-analytics-business-author-add-on,7.8.1,True,yes,2,Public
tibco-analytics-consumer-add-on,10.6.1,True,yes,3,Public
tibco-analytics-consumer-add-on,10.6.0,True,yes,3,Public
tibco-analytics-consumer-add-on,10.5.0,True,yes,3,Public
tibco-analytics-consumer-add-on,10.4.0,True,yes,3,Public
tibco-analytics-consumer-add-on,10.3.4,True,yes,3,Public
tibco-analytics-consumer-add-on,10.3.3,True,yes,3,Public
tibco-analytics-consumer-add-on,10.3.2,True,yes,3,Public
tibco-analytics-consumer-add-on,10.3.1,True,yes,3,Public
tibco-analytics-consumer-add-on,10.3.0,True,yes,3,Public
tibco-analytics-consumer-add-on,10.2.1,True,yes,3,Public
tibco-analytics-consumer-add-on,10.2.0,True,yes,3,Public
tibco-analytics-consumer-add-on,10.1.0,True,yes,3,Public
tibco-analytics-consumer-add-on,10.0.1,True,yes,3,Public
tibco-analytics-consumer-add-on,10.0.0,True,yes,3,Public
tibco-analytics-consumer-add-on,7.14.1,True,yes,3,Public
tibco-analytics-consumer-add-on,7.14.0,True,yes,3,Public
tibco-analytics-consumer-add-on,7.13.0,True,yes,3,Public
tibco-analytics-consumer-add-on,7.12.0,True,yes,2,Public
tibco-analytics-consumer-add-on,7.11.7,True,yes,3,Public
tibco-analytics-consumer-add-on,7.11.6,True,yes,3,Public
tibco-analytics-consumer-add-on,7.11.5,True,yes,3,Public
tibco-analytics-consumer-add-on,7.11.4,True,yes,3,Public
tibco-analytics-consumer-add-on,7.11.3,True,yes,3,Public
tibco-analytics-consumer-add-on,7.11.2,True,yes,3,Public
tibco-analytics-consumer-add-on,7.11.1,True,yes,3,Public
tibco-analytics-consumer-add-on,7.11.0,True,yes,2,Public
tibco-analytics-consumer-add-on,7.10.0,True,yes,2,Public
tibco-analytics-consumer-add-on,7.9.0,True,yes,2,Public
tibco-analytics-consumer-add-on,7.8.1,True,yes,2,Public
tibco-api-exchange-gateway,2.5.1,False,no,,
tibco-api-exchange-gateway,2.5.0,False,no,,
tibco-api-exchange-gateway,2.4.1,False,no,,
tibco-api-exchange-gateway,2.4.0,False,no,,
tibco-api-exchange-gateway,2.3.3,False,no,,
tibco-api-exchange-gateway,2.3.2,False,no,,
tibco-api-exchange-gateway,2.3.1,False,no,,
tibco-api-exchange-gateway,2.3.0,False,no,,
tibco-api-exchange-gateway,2.2.1,False,no,,
tibco-api-exchange-gateway,2.2.0,False,no,,
tibco-api-exchange-gateway,2.1.1,False,no,,
tibco-api-exchange-gateway,2.1.0,False,no,,
tibco-api-exchange-gateway,2.0.0,False,no,,
tibco-api-exchange-manager,2.3.3,False,no,,
tibco-api-exchange-manager,2.3.2,False,no,,
tibco-api-exchange-manager,2.3.1,False,no,,
tibco-api-exchange-manager,2.3.0,False,no,,
tibco-api-exchange-manager,2.2.1,True,no,,
tibco-api-exchange-manager,2.2.0,True,no,,
tibco-api-exchange-manager,2.1.1,True,no,,
tibco-api-exchange-manager,2.1.0,True,no,,
tibco-application-integration-b2b,1.3.0,False,no,,
tibco-application-integration-b2b,1.2.0,False,no,,
tibco-application-integration-b2b,1.1.0,False,no,,
tibco-application-integration-b2b,1.0.0,False,no,,
tibco-auditsafe,1.4.0,False,no,,
tibco-auditsafe,1.3.0,False,no,,
tibco-auditsafe,1.2.0,False,no,,
tibco-auditsafe,1.1.1,True,no,,
tibco-auditsafe,1.1.0,True,no,,
tibco-auditsafe,1.0.0,True,no,,
tibco-bpm-enterprise,5.7.0,False,yes,483,Public
tibco-bpm-enterprise,5.6.1,False,yes,470,Public
tibco-bpm-enterprise,5.6.0,False,yes,467,Public
tibco-bpm-enterprise,5.5.0,False,yes,452,Public
tibco-bpm-enterprise,5.4.0,False,yes,415,Public
tibco-bpm-enterprise,5.3.0,True,no,,
tibco-bpm-enterprise,5.2.2,True,no,,
tibco-bpm-enterprise,5.2.1,True,no,,
tibco-bpm-enterprise,5.2.0,True,no,,
tibco-bpm-enterprise,5.1.0,True,no,,
tibco-bpm-enterprise,5.0.0,True,no,,
tibco-bpm-enterprise,4.3.5,False,yes,4914,Public
tibco-bpm-enterprise,4.3.4,False,yes,4912,Public
tibco-bpm-enterprise,4.3.3,False,yes,4499,Public
tibco-bpm-enterprise,4.3.2,True,no,,
tibco-bpm-enterprise,4.3.1,True,no,,
tibco-bpm-suite,4.3.2,False,no,,
tibco-bpm-suite,4.3.1,False,no,,
tibco-bpm-suite,4.3.0,False,no,,
tibco-bpm-suite,4.2.0,False,no,,
tibco-bpm-suite,4.1.0,True,no,,
tibco-bpm-suite,4.0.0,True,no,,
tibco-business-studio-activematrix-decisions-add-in,1.4.0,False,no,,
tibco-business-studio-activematrix-decisions-add-in,1.3.0,False,no,,
tibco-business-studio-activematrix-decisions-add-in,1.2.0,True,no,,
tibco-business-studio-activematrix-decisions-add-in,1.1.1,True,no,,
tibco-business-studio-activematrix-decisions-add-in,1.1.0,True,no,,
tibco-business-studio-activematrix-decisions-add-in,1.0.1,True,no,,
tibco-business-studio-activematrix-decisions-add-in,1.0.0,True,no,,
tibco-business-studio-analyst-edition,4.3.0,False,no,,
tibco-business-studio-analyst-edition,4.2.0,False,no,,
tibco-business-studio-analyst-edition,4.1.0,True,no,,
tibco-business-studio-analyst-edition,4.0.0,True,no,,
tibco-business-studio-bpm-edition,5.7.0,False,yes,1122,Public
tibco-business-studio-bpm-edition,5.6.1,False,yes,1118,Public
tibco-business-studio-bpm-edition,5.6.0,False,yes,1117,Public
tibco-business-studio-bpm-edition,5.5.0,False,yes,1110,Public
tibco-business-studio-bpm-edition,5.4.0,False,yes,1090,Public
tibco-business-studio-bpm-edition,5.3.0,False,yes,1127,Public
tibco-business-studio-bpm-edition,5.2.1,True,no,,
tibco-business-studio-bpm-edition,5.2.0,True,no,,
tibco-business-studio-bpm-edition,5.1.0,True,no,,
tibco-business-studio-bpm-edition,5.0.0,True,no,,
tibco-business-studio-bpm-edition,4.3.5,False,yes,1244,Public
tibco-business-studio-bpm-edition,4.3.4,False,yes,1242,Public
tibco-business-studio-bpm-edition,4.3.3,False,yes,1247,Public
tibco-business-studio-bpm-edition,4.3.2,True,no,,
tibco-business-studio-bpm-edition,4.3.1,True,no,,
tibco-business-studio-bpm-edition,4.3.0,True,no,,
tibco-business-studio-bpm-edition,4.2.0,True,no,,
tibco-business-studio-bpm-edition,4.1.0,True,no,,
tibco-business-studio-bpm-edition,4.0.0,True,no,,
tibco-business-studio-bpm-edition,3.9.0,True,no,,
tibco-business-studio-bpm-edition,3.8.0,True,no,,
tibco-business-studio-bpm-edition,3.7.0,True,no,,
tibco-business-studio-bpm-edition,3.6.0,True,no,,
tibco-business-studio-bpm-edition,3.5.20,True,no,,
tibco-business-studio-bpm-edition,3.5.2,True,no,,
tibco-business-studio-community-edition,4.2.0,False,no,,
tibco-business-studio-for-analysts,3.6.0,False,no,,
tibco-business-studio-for-analysts,3.5.20,False,no,,
tibco-business-studio-for-analysts,3.5.10,False,no,,
tibco-business-studio-iprocess-add-in,3.5.1,False,no,,
tibco-businessconnect,7.5.0,False,yes,1155,Public
tibco-businessconnect,7.4.0,False,yes,1114,Public
tibco-businessconnect,7.3.1,True,no,,
tibco-businessconnect,7.3.0,True,no,,
tibco-businessconnect,7.2.1,True,no,,
tibco-businessconnect,7.2.0,True,no,,
tibco-businessconnect,7.1.0,True,no,,
tibco-businessconnect,7.0.0,True,no,,
tibco-businessconnect,6.4.0,True,no,,
tibco-businessconnect,6.3.0,True,no,,
tibco-businessconnect,6.2.1,True,no,,
tibco-businessconnect,6.1.0,True,no,,
tibco-businessconnect,6.0.2,True,no,,
tibco-businessconnect,6.0.1,True,no,,
tibco-businessconnect,6.0.0,True,no,,
tibco-businessconnect,5.3.3,True,no,,
tibco-businessconnect,5.3.2,True,no,,
tibco-businessconnect,5.3.1,True,no,,
tibco-businessconnect-b2bplugin-for-cmi,1.0.0,False,no,,
tibco-businessconnect-configstore-management-interface-protocol,6.1.0,False,no,,
tibco-businessconnect-configstore-management-interface-protocol,6.0.0,True,no,,
tibco-businessconnect-configstore-management-interface-protocol,1.0,False,no,,
tibco-businessconnect-container-edition,1.7.0,False,yes,279,Public
tibco-businessconnect-container-edition,1.6.1,False,yes,285,Public
tibco-businessconnect-container-edition,1.6.0,False,yes,264,Public
tibco-businessconnect-container-edition,1.5.0,False,yes,264,Public
tibco-businessconnect-container-edition,1.4.0,False,yes,259,Public
tibco-businessconnect-container-edition,1.3.0,False,yes,256,Public
tibco-businessconnect-container-edition,1.2.0,True,yes,253,Public
tibco-businessconnect-container-edition,1.1.1,True,no,,
tibco-businessconnect-container-edition,1.1.0,True,no,,
tibco-businessconnect-container-edition,1.0.0,True,no,,
tibco-businessconnect-container-edition-configstore-management-interface-protocol,1.2.0,False,yes,62,Public
tibco-businessconnect-container-edition-configstore-management-interface-protocol,1.1.0,False,yes,63,Public
tibco-businessconnect-container-edition-configstore-management-interface-protocol,1.0.0,False,yes,62,Public
tibco-businessconnect-container-edition-ebxml-protocol,1.3.0,False,yes,243,Public
tibco-businessconnect-container-edition-ebxml-protocol,1.2.1,False,yes,243,Public
tibco-businessconnect-container-edition-ebxml-protocol,1.2.0,False,yes,244,Public
tibco-businessconnect-container-edition-ebxml-protocol,1.1.0,False,yes,245,Public
tibco-businessconnect-container-edition-ebxml-protocol,1.0.0,False,yes,237,Public
tibco-businessconnect-container-edition-edi-protocol-hipaa-edition-powered-by-instream,1.3.0,False,yes,90,Public
tibco-businessconnect-container-edition-edi-protocol-hipaa-edition-powered-by-instream,1.2.0,False,yes,91,Public
tibco-businessconnect-container-edition-edi-protocol-hipaa-edition-powered-by-instream,1.1.0,False,yes,91,Public
tibco-businessconnect-container-edition-edi-protocol-hipaa-edition-powered-by-instream,1.0.0,False,yes,90,Public
tibco-businessconnect-container-edition-edi-protocol-powered-by-instream,1.6.0,False,yes,419,Public
tibco-businessconnect-container-edition-edi-protocol-powered-by-instream,1.5.0,False,yes,420,Public
tibco-businessconnect-container-edition-edi-protocol-powered-by-instream,1.4.0,False,yes,352,Public
tibco-businessconnect-container-edition-edi-protocol-powered-by-instream,1.3.0,False,yes,320,Public
tibco-businessconnect-container-edition-edi-protocol-powered-by-instream,1.2.0,False,yes,282,Public
tibco-businessconnect-container-edition-edi-protocol-powered-by-instream,1.1.0,False,yes,287,Public
tibco-businessconnect-container-edition-edi-protocol-powered-by-instream,1.0.0,True,no,,
tibco-businessconnect-container-edition-rosettanet-protocol,1.7.0,False,yes,85,Public
tibco-businessconnect-container-edition-rosettanet-protocol,1.6.0,False,yes,86,Public
tibco-businessconnect-container-edition-rosettanet-protocol,1.5.0,False,yes,85,Public
tibco-businessconnect-container-edition-rosettanet-protocol,1.4.0,False,yes,81,Public
tibco-businessconnect-container-edition-rosettanet-protocol,1.3.0,False,yes,81,Public
tibco-businessconnect-container-edition-rosettanet-protocol,1.2.0,True,yes,79,Public
tibco-businessconnect-container-edition-rosettanet-protocol,1.1.0,True,no,,
tibco-businessconnect-container-edition-rosettanet-protocol,1.0.0,True,no,,
tibco-businessconnect-container-edition-services-plug-in,1.7.0,False,yes,102,Public
tibco-businessconnect-container-edition-services-plug-in,1.6.0,False,yes,103,Public
tibco-businessconnect-container-edition-services-plug-in,1.5.0,False,yes,103,Public
tibco-businessconnect-container-edition-services-plug-in,1.4.0,False,yes,100,Public
tibco-businessconnect-container-edition-services-plug-in,1.3.0,False,yes,98,Public
tibco-businessconnect-container-edition-services-plug-in,1.2.0,False,yes,105,Public
tibco-businessconnect-container-edition-services-plug-in,1.1.0,True,no,,
tibco-businessconnect-container-edition-services-plug-in,1.0.0,True,no,,
tibco-businessconnect-container-edition-soap-protocol,1.3.0,False,yes,164,Public
tibco-businessconnect-container-edition-soap-protocol,1.2.1,False,yes,201,Public
tibco-businessconnect-container-edition-soap-protocol,1.2.0,False,yes,202,Public
tibco-businessconnect-container-edition-soap-protocol,1.1.0,False,yes,203,Public
tibco-businessconnect-container-edition-soap-protocol,1.0.0,False,yes,202,Public
tibco-businessconnect-cxml-protocol,6.1.0,True,yes,172,Public
tibco-businessconnect-cxml-protocol,6.0.1,True,no,,
tibco-businessconnect-cxml-protocol,6.0.0,True,no,,
tibco-businessconnect-distribution-for-tibco-silver-fabric,6.2.1,True,no,,
tibco-businessconnect-ebxml-protocol,6.4.0,False,yes,310,Public
tibco-businessconnect-ebxml-protocol,6.3.0,True,yes,180,Public
tibco-businessconnect-ebxml-protocol,6.2.0,True,no,,
tibco-businessconnect-ebxml-protocol,6.1.0,True,no,,
tibco-businessconnect-ebxml-protocol,6.0.1,True,no,,
tibco-businessconnect-ebxml-protocol,6.0.0,True,no,,
tibco-businessconnect-edi-protocol-hipaa-edition-powered-by-instream,6.7.0,False,no,,
tibco-businessconnect-edi-protocol-hipaa-edition-powered-by-instream,6.6.0,True,no,,
tibco-businessconnect-edi-protocol-hipaa-edition-powered-by-instream,6.5.0,True,no,,
tibco-businessconnect-edi-protocol-hipaa-edition-powered-by-instream,6.4.0,True,no,,
tibco-businessconnect-edi-protocol-hipaa-edition-powered-by-instream,6.3.0,True,no,,
tibco-businessconnect-edi-protocol-hipaa-edition-powered-by-instream,6.2.0,True,no,,
tibco-businessconnect-edi-protocol-hipaa-edition-powered-by-instream,6.1.0,True,no,,
tibco-businessconnect-edi-protocol-powered-by-instream,6.11.0,False,yes,631,Public
tibco-businessconnect-edi-protocol-powered-by-instream,6.10.0,False,yes,463,Public
tibco-businessconnect-edi-protocol-powered-by-instream,6.9.0,True,no,,
tibco-businessconnect-edi-protocol-powered-by-instream,6.8.0,True,no,,
tibco-businessconnect-edi-protocol-powered-by-instream,6.7.0,True,no,,
tibco-businessconnect-edi-protocol-powered-by-instream,6.6.0,True,no,,
tibco-businessconnect-edi-protocol-powered-by-instream,6.5.1,True,no,,
tibco-businessconnect-edi-protocol-powered-by-instream,6.5.0,True,no,,
tibco-businessconnect-edi-protocol-powered-by-instream,6.4.0,True,no,,
tibco-businessconnect-edi-protocol-powered-by-instream,6.3.0,True,no,,
tibco-businessconnect-edi-protocol-powered-by-instream,6.2.1,True,no,,
tibco-businessconnect-edi-protocol-powered-by-instream,6.2.0,True,no,,
tibco-businessconnect-edi-protocol-powered-by-instream,6.1.0,True,no,,
tibco-businessconnect-edi-protocol-powered-by-instream,6.0.0,True,no,,
tibco-businessconnect-palette,6.6.0,False,yes,63,Public
tibco-businessconnect-palette,6.5.0,False,yes,63,Public
tibco-businessconnect-palette,6.4.0,False,yes,64,Public
tibco-businessconnect-palette,6.3.0,True,no,,
tibco-businessconnect-palette,6.2.0,True,no,,
tibco-businessconnect-palette-distribution-for-tibco-silver-fabric,6.2.0,True,no,,
tibco-businessconnect-partner-management-portal,1.1.0,False,yes,151,Public
tibco-businessconnect-partner-management-portal,1.0.0,False,yes,152,Employee
tibco-businessconnect-plug-in-for-ftp-server,1.0.1,False,no,,
tibco-businessconnect-plug-in-for-ssh-server,1.1.0,False,no,,
tibco-businessconnect-plug-in-for-ssh-server,1.0.1,True,no,,
tibco-businessconnect-plug-in-for-ssh-server,1.0.0,True,no,,
tibco-businessconnect-remote,5.0,False,no,,
tibco-businessconnect-rosettanet-protocol,5.3.0,True,yes,101,Public
tibco-businessconnect-rosettanet-protocol,5.2.0,True,no,,
tibco-businessconnect-services-plug-in,6.4.0,False,yes,127,Public
tibco-businessconnect-services-plug-in,6.3.0,False,yes,84,Public
tibco-businessconnect-services-plug-in,6.2.0,True,no,,
tibco-businessconnect-services-plug-in,6.1.0,True,no,,
tibco-businessconnect-soap-protocol,7.2.0,False,yes,186,Public
tibco-businessconnect-soap-protocol,7.1.0,False,yes,127,Public
tibco-businessconnect-soap-protocol,7.0.0,True,no,,
tibco-businessconnect-soap-protocol,6.2.0,True,no,,
tibco-businessconnect-soap-protocol,6.1.0,True,no,,
tibco-businessconnect-soap-protocol,6.0.0,True,no,,
tibco-businessconnect-trading-community-management,6.2.0,False,yes,234,Public
tibco-businessconnect-trading-community-management,6.1.1,True,yes,173,Public
tibco-businessconnect-trading-community-management,6.1.0,True,yes,101,Public
tibco-businessconnect-trading-community-management,6.0.0,True,no,,
tibco-businessevents-data-modeling,5.4.1,True,yes,109,Public
tibco-businessevents-data-modeling,5.4.0,True,yes,109,Public
tibco-businessevents-data-modeling,5.3.0,True,yes,110,Public
tibco-businessevents-data-modeling,5.2.2,True,yes,108,Public
tibco-businessevents-data-modeling,5.2.1,True,yes,108,Public
tibco-businessevents-data-modeling,5.2.0,True,yes,108,Public
tibco-businessevents-data-modeling,5.1.4,True,yes,71,Public
tibco-businessevents-data-modeling,5.1.3,True,yes,71,Public
tibco-businessevents-data-modeling,5.1.2,True,yes,71,Public
tibco-businessevents-data-modeling,5.1.1,True,yes,71,Public
tibco-businessevents-data-modeling,5.1.0,True,yes,71,Public
tibco-businessevents-data-modeling,5.0.1,True,yes,64,Public
tibco-businessevents-data-modeling,5.0,False,yes,69,Public
tibco-businessevents-data-modeling,4.0.2,True,yes,48,Public
tibco-businessevents-data-modeling,4.0.1,True,yes,53,Public
tibco-businessevents-data-modeling,4.0.0,True,yes,44,Public
tibco-businessevents-decision-manager,5.4.1,True,yes,109,Public
tibco-businessevents-decision-manager,5.4.0,True,yes,109,Public
tibco-businessevents-decision-manager,5.3.0,True,yes,110,Public
tibco-businessevents-decision-manager,5.2.2,True,yes,108,Public
tibco-businessevents-decision-manager,5.2.1,True,yes,106,Public
tibco-businessevents-decision-manager,5.2.0,True,yes,106,Public
tibco-businessevents-decision-manager,5.1.4,True,yes,68,Public
tibco-businessevents-decision-manager,5.1.3,True,yes,68,Public
tibco-businessevents-decision-manager,5.1.2,True,yes,68,Public
tibco-businessevents-decision-manager,5.1.1,True,yes,69,Public
tibco-businessevents-decision-manager,5.1.0,True,yes,69,Public
tibco-businessevents-decision-manager,5.0.1,True,yes,82,Public
tibco-businessevents-decision-manager,5.0.0,True,yes,88,Public
tibco-businessevents-decision-manager,4.0.2,True,yes,90,Public
tibco-businessevents-decision-manager,4.0.1,True,yes,96,Public
tibco-businessevents-decision-manager,4.0.0,True,yes,68,Public
tibco-businessevents-enterprise-edition,6.4.0,False,yes,2962,Public
tibco-businessevents-enterprise-edition,6.3.2,False,yes,2940,Public
tibco-businessevents-enterprise-edition,6.3.1,False,yes,2931,Public
tibco-businessevents-enterprise-edition,6.3.0,False,yes,2882,Public
tibco-businessevents-enterprise-edition,6.2.2,True,yes,2984,Public
tibco-businessevents-enterprise-edition,6.2.1,True,no,,
tibco-businessevents-enterprise-edition,6.2.0,True,no,,
tibco-businessevents-enterprise-edition,6.1.2,True,no,,
tibco-businessevents-enterprise-edition,6.1.1,True,no,,
tibco-businessevents-enterprise-edition,6.1.0,True,no,,
tibco-businessevents-enterprise-edition,6.0.0,True,no,,
tibco-businessevents-enterprise-edition,5.6.1,True,no,,
tibco-businessevents-enterprise-edition,5.6.0,True,no,,
tibco-businessevents-enterprise-edition,5.5.0,True,no,,
tibco-businessevents-enterprise-edition,5.4.1,True,no,,
tibco-businessevents-enterprise-edition,5.4.0,True,no,,
tibco-businessevents-enterprise-edition,5.3.0,True,no,,
tibco-businessevents-enterprise-edition,5.2.2,True,no,,
tibco-businessevents-enterprise-edition,5.2.1,True,no,,
tibco-businessevents-enterprise-edition,5.2.0,True,no,,
tibco-businessevents-enterprise-edition,5.1.4,True,no,,
tibco-businessevents-enterprise-edition,5.1.3,True,no,,
tibco-businessevents-enterprise-edition,5.1.2,True,no,,
tibco-businessevents-enterprise-edition,5.1.1,True,no,,
tibco-businessevents-enterprise-edition,5.1.0,True,no,,
tibco-businessevents-enterprise-edition,5.0.1,True,no,,
tibco-businessevents-enterprise-edition,5.0.0,True,no,,
tibco-businessevents-enterprise-edition,4.0.2,True,no,,
tibco-businessevents-enterprise-edition,4.0.1,True,no,,
tibco-businessevents-enterprise-edition,4.0.0,True,no,,
tibco-businessevents-enterprise-edition,3.0.3,True,no,,
tibco-businessevents-enterprise-edition,3.0.2,True,no,,
tibco-businessevents-event-stream-processing,5.4.1,True,yes,131,Public
tibco-businessevents-event-stream-processing,5.4.0,True,yes,131,Public
tibco-businessevents-event-stream-processing,5.3.0,True,yes,132,Public
tibco-businessevents-event-stream-processing,5.2.2,True,yes,130,Public
tibco-businessevents-event-stream-processing,5.2.1,True,yes,130,Public
tibco-businessevents-event-stream-processing,5.2.0,True,yes,130,Public
tibco-businessevents-event-stream-processing,5.1.4,True,yes,95,Public
tibco-businessevents-event-stream-processing,5.1.3,True,yes,95,Public
tibco-businessevents-event-stream-processing,5.1.2,True,yes,95,Public
tibco-businessevents-event-stream-processing,5.1.1,True,yes,94,Public
tibco-businessevents-event-stream-processing,5.1.0,True,yes,94,Public
tibco-businessevents-event-stream-processing,5.0.1,True,yes,84,Public
tibco-businessevents-event-stream-processing,5.0,False,yes,91,Public
tibco-businessevents-event-stream-processing,4.0.2,True,yes,85,Public
tibco-businessevents-event-stream-processing,4.0.1,True,yes,92,Public
tibco-businessevents-event-stream-processing,4.0.0,True,yes,81,Public
tibco-businessevents-extreme,1.3.6,True,yes,817,Public
tibco-businessevents-extreme,1.3.5,True,yes,817,Public
tibco-businessevents-extreme,1.3.4,True,no,,
tibco-businessevents-extreme,1.3.3,True,no,,
tibco-businessevents-extreme,1.3.2,True,no,,
tibco-businessevents-extreme,1.3.1,True,no,,
tibco-businessevents-extreme,1.3.0,True,no,,
tibco-businessevents-extreme,1.2.1,True,no,,
tibco-businessevents-extreme,1.2.0,True,no,,
tibco-businessevents-extreme,1.1.4,True,no,,
tibco-businessevents-extreme,1.1.3,True,no,,
tibco-businessevents-extreme,1.1.2,True,no,,
tibco-businessevents-extreme,1.1.1,True,no,,
tibco-businessevents-extreme,1.1.0,True,no,,
tibco-businessevents-extreme,1.0.5,True,no,,
tibco-businessevents-extreme,1.0.4,True,no,,
tibco-businessevents-extreme,1.0.3,True,no,,
tibco-businessevents-extreme,1.0.2,True,no,,
tibco-businessevents-extreme,1.0.1,True,no,,
tibco-businessevents-extreme,1.0.0,True,no,,
tibco-businessevents-plug-in-for-edi-healthcare-edition,2.0.0,True,no,,
tibco-businessevents-plug-in-for-edi-standard-edition,2.0.0,True,no,,
tibco-businessevents-process-orchestration,6.2.2,True,yes,75,Public
tibco-businessevents-process-orchestration,6.2.1,True,yes,75,Public
tibco-businessevents-process-orchestration,6.2.0,True,yes,75,Public
tibco-businessevents-process-orchestration,6.1.2,True,yes,75,Public
tibco-businessevents-process-orchestration,6.1.1,True,yes,75,Public
tibco-businessevents-process-orchestration,6.1.0,True,yes,75,Public
tibco-businessevents-process-orchestration,6.0.0,True,yes,75,Public
tibco-businessevents-process-orchestration,5.6.1,True,yes,76,Public
tibco-businessevents-process-orchestration,5.6.0,True,yes,76,Public
tibco-businessevents-process-orchestration,5.5.0,True,no,,
tibco-businessevents-process-orchestration,5.4.1,True,no,,
tibco-businessevents-process-orchestration,5.4.0,True,no,,
tibco-businessevents-process-orchestration,5.3.0,True,no,,
tibco-businessevents-process-orchestration,1.2.2,True,no,,
tibco-businessevents-process-orchestration,1.2.1,True,no,,
tibco-businessevents-process-orchestration,1.2.0,True,no,,
tibco-businessevents-process-orchestration,1.1.2,True,no,,
tibco-businessevents-process-orchestration,1.1.0,True,no,,
tibco-businessevents-process-orchestration,1.0.1,True,no,,
tibco-businessevents-process-orchestration,1.0.0,True,no,,
tibco-businessevents-views,5.6.1,True,yes,218,Public
tibco-businessevents-views,5.6.0,True,yes,218,Public
tibco-businessevents-views,5.5.0,True,yes,217,Public
tibco-businessevents-views,5.4.1,True,no,,
tibco-businessevents-views,5.4.0,True,no,,
tibco-businessevents-views,5.3.0,True,no,,
tibco-businessevents-views,5.2.2,True,no,,
tibco-businessevents-views,5.2.1,True,no,,
tibco-businessevents-views,5.2.0,True,no,,
tibco-businessevents-views,5.1.4,True,no,,
tibco-businessevents-views,5.1.3,True,no,,
tibco-businessevents-views,5.1.2,True,no,,
tibco-businessevents-views,5.1.1,True,no,,
tibco-businessevents-views,5.1.0,True,no,,
tibco-businessevents-views,5.0.1,True,no,,
tibco-businessevents-views,5.0.0,True,no,,
tibco-businessevents-views,4.0.2,True,no,,
tibco-businessevents-views,4.0.1,True,no,,
tibco-businessevents-views,4.0.0,True,no,,
tibco-businessworks-cobol-copybook-plug-in,2.5.0,False,no,,
tibco-businessworks-collaborator,5.6.3,True,no,,
tibco-businessworks-collaborator,5.6.2,True,no,,
tibco-businessworks-collaborator,5.6.1,True,no,,
tibco-businessworks-collaborator,5.6.0,False,no,,
tibco-businessworks-collaborator,5.5.1,True,no,,
tibco-businessworks-container-edition,2.10.0,False,yes,1155,Public
tibco-businessworks-container-edition,2.9.2,False,yes,1119,Public
tibco-businessworks-container-edition,2.9.1,False,yes,1116,Public
tibco-businessworks-container-edition,2.9.0,False,yes,1117,Public
tibco-businessworks-container-edition,2.8.3,False,yes,1191,Public
tibco-businessworks-container-edition,2.8.2,False,yes,1229,Public
tibco-businessworks-container-edition,2.8.1,False,yes,1254,Public
tibco-businessworks-container-edition,2.8.0,True,yes,1432,Public
tibco-businessworks-container-edition,2.7.3,True,yes,1477,Public
tibco-businessworks-container-edition,2.7.2,True,yes,1388,Public
tibco-businessworks-container-edition,2.7.1,True,yes,1373,Public
tibco-businessworks-container-edition,2.7.0,True,yes,1470,Public
tibco-businessworks-container-edition,2.6.3,True,no,,
tibco-businessworks-container-edition,2.6.2,True,no,,
tibco-businessworks-container-edition,2.6.1,True,no,,
tibco-businessworks-container-edition,2.6.0,True,no,,
tibco-businessworks-container-edition,2.5.4,True,no,,
tibco-businessworks-container-edition,2.5.3,True,no,,
tibco-businessworks-container-edition,2.5.2,True,no,,
tibco-businessworks-container-edition,2.5.1,True,no,,
tibco-businessworks-container-edition,2.5.0,True,no,,
tibco-businessworks-container-edition,2.4.5,True,no,,
tibco-businessworks-container-edition,2.4.4,True,no,,
tibco-businessworks-container-edition,2.4.3,True,no,,
tibco-businessworks-container-edition,2.4.2,True,no,,
tibco-businessworks-container-edition,2.4.1,True,no,,
tibco-businessworks-container-edition,2.4.0,True,no,,
tibco-businessworks-container-edition,2.3.4,True,no,,
tibco-businessworks-container-edition,2.3.3,True,no,,
tibco-businessworks-container-edition,2.3.2,True,no,,
tibco-businessworks-container-edition,2.3.1,True,no,,
tibco-businessworks-container-edition,2.3.0,True,no,,
tibco-businessworks-container-edition,2.2.1,True,no,,
tibco-businessworks-container-edition,2.2.0,True,no,,
tibco-businessworks-container-edition,2.1.1,True,no,,
tibco-businessworks-container-edition,2.1.0,True,no,,
tibco-businessworks-container-edition,2.0.0,True,no,,
tibco-businessworks-container-edition,1.0.1,True,no,,
tibco-businessworks-container-edition,1.0.0,True,no,,
tibco-businessworks-container-edition-buildpack-for-pcf,2.2.1,False,no,,
tibco-businessworks-enterprise,3.12.0,False,yes,4,Public
tibco-businessworks-enterprise,3.11.0,False,yes,4,Public
tibco-businessworks-enterprise,3.10.0,False,yes,4,Public
tibco-businessworks-enterprise,3.9.0,False,yes,4,Public
tibco-businessworks-enterprise,3.8.0,False,yes,4,Public
tibco-businessworks-enterprise,3.7.0,False,yes,4,Public
tibco-businessworks-enterprise,3.6.0,False,yes,4,Public
tibco-businessworks-enterprise,3.4.0,False,yes,4,Public
tibco-businessworks-enterprise,3.3.0,False,yes,4,Public
tibco-businessworks-enterprise,3.1.0,False,yes,4,Public
tibco-businessworks-enterprise,3.0.0,False,yes,4,Public
tibco-businessworks-enterprise,2.9.0,False,yes,4,Public
tibco-businessworks-enterprise,2.8.0,False,yes,4,Public
tibco-businessworks-enterprise,2.7.0,False,yes,4,Public
tibco-businessworks-enterprise,2.6.0,False,yes,4,Public
tibco-businessworks-enterprise,2.5.0,False,yes,4,Public
tibco-businessworks-enterprise,2.4.0,False,yes,4,Public
tibco-businessworks-enterprise,2.3.0,False,yes,4,Public
tibco-businessworks-enterprise,2.2.0,False,yes,4,Public
tibco-businessworks-enterprise,2.1.0,False,yes,4,Public
tibco-businessworks-enterprise,2.0.0,False,yes,4,Public
tibco-businessworks-enterprise,1.9.0,False,yes,4,Public
tibco-businessworks-enterprise,1.8.0,False,yes,4,Public
tibco-businessworks-enterprise,1.7.0,False,yes,4,Public
tibco-businessworks-enterprise,1.6.0,False,yes,4,Public
tibco-businessworks-enterprise,1.5.0,False,yes,4,Public
tibco-businessworks-enterprise,1.4.0,False,yes,4,Public
tibco-businessworks-enterprise,1.3.0,True,no,,
tibco-businessworks-enterprise,1.2.0,True,no,,
tibco-businessworks-enterprise,1.1.0,True,no,,
tibco-businessworks-formbuilder,5.3.2,False,no,,
tibco-businessworks-formbuilder,5.3.1,False,no,,
tibco-businessworks-formbuilder,5.3,False,no,,
tibco-businessworks-integrationmanager-plug-in,1.0,False,no,,
tibco-businessworks-plug-in-for-ai,6.0.1,False,yes,66,Public
tibco-businessworks-plug-in-for-ai,6.0.0,False,yes,60,Public
tibco-businessworks-plug-in-for-tibco-auditsafe-for-tibco-platform,6.0.0,False,yes,58,Public
tibco-businessworks-processmonitor,3.2.0,True,no,,
tibco-businessworks-processmonitor,3.1.0,False,no,,
tibco-businessworks-processmonitor,3.0.2,False,no,,
tibco-businessworks-processmonitor,3.0.1,False,no,,
tibco-businessworks-processmonitor,3.0.0,False,no,,
tibco-businessworks-processmonitor,2.2.1,False,no,,
tibco-businessworks-processmonitor,2.2.0,False,no,,
tibco-businessworks-processmonitor,2.1.2,False,no,,
tibco-businessworks-processmonitor,2.1.0,False,no,,
tibco-businessworks-processmonitor,2.0.0,False,no,,
tibco-businessworks-xa-transaction-manager,1.1.2,True,no,,
tibco-businessworks-xa-transaction-manager,1.1.1,False,no,,
tibco-clarity,3.0.0,True,yes,256,Public
tibco-clarity,2.4.0,True,yes,242,Public
tibco-clarity,2.3.0,False,yes,219,Public
tibco-clarity,2.2.0,True,yes,218,Public
tibco-clarity,2.1.0,True,yes,206,Public
tibco-clarity,2.0.1,True,yes,208,Public
tibco-clarity,2.0.0,True,yes,208,Public
tibco-clarity,1.3.2,True,yes,144,Public
tibco-clarity,1.3.1,True,yes,143,Public
tibco-clarity,1.3.0,True,yes,144,Public
tibco-clarity,1.2.0,True,yes,147,Public
tibco-clarity,1.1.0,True,yes,104,Public
tibco-clarity,1.0.1,True,yes,91,Public
tibco-clarity,1.0.0,True,yes,90,Public
tibco-clarity-cloud-edition,3.1.0,True,yes,229,Public
tibco-clarity-cloud-edition,3.0.1,True,yes,253,Public
tibco-clarity-enterprise-edition,3.2.1,True,yes,257,Public
tibco-clarity-enterprise-edition,3.2.0,True,yes,259,Public
tibco-clarity-enterprise-edition,3.1.0,True,yes,261,Public
tibco-clarity-enterprise-edition,3.0.1,True,yes,253,Public
tibco-cloud,Cloud™,False,no,,
tibco-cloud-administration,Administration,False,no,,
tibco-cloud-api-modeler,1.5.0,False,no,,
tibco-cloud-api-modeler,1.4.0,False,no,,
tibco-cloud-api-modeler,1.3.0,False,no,,
tibco-cloud-api-modeler,1.2.0,False,no,,
tibco-cloud-api-modeler,1.1.0,False,no,,
tibco-cloud-api-modeler,1.0.0,False,no,,
tibco-cloud-auditsafe,1.5.1,False,no,,
tibco-cloud-auditsafe,1.5.0,False,no,,
tibco-cloud-auditsafe,1.0.0,False,no,,
tibco-cloud-bus,1.2.0,False,no,,
tibco-cloud-data-streams,1.2.0,True,yes,5,Public
tibco-cloud-events,Events,False,no,,
tibco-cloud-integration-businessworks-payg,2.8.0,False,no,,
tibco-cloud-integration-businessworks-payg,2.6.1,False,no,,
tibco-cloud-integration-businessworks-payg,2.6.0,False,no,,
tibco-cloud-integration-businessworks-payg,2.5.4,False,no,,
tibco-cloud-integration-businessworks-payg,2.5.3,False,no,,
tibco-cloud-integration-businessworks-payg,2.5.0,False,no,,
tibco-cloud-integration-businessworks-payg,2.4.5,False,no,,
tibco-cloud-integration-businessworks-payg,2.4.3,False,no,,
tibco-cloud-integration-businessworks-payg,2.4.2,False,no,,
tibco-cloud-integration-businessworks-payg,2.4.0,False,no,,
tibco-cloud-integration-businessworks-payg,2.3.4,False,no,,
tibco-cloud-integration-businessworks-payg,2.3.3,False,no,,
tibco-cloud-integration-businessworks-payg,2.3.1,False,no,,
tibco-cloud-integration-flogo-payg,2.11.0,False,no,,
tibco-cloud-integration-flogo-payg,2.9.0,False,no,,
tibco-cloud-integration-flogo-payg,2.8.0,False,no,,
tibco-cloud-integration-flogo-payg,2.7.0,False,no,,
tibco-cloud-integration-flogo-payg,2.6.1,False,no,,
tibco-cloud-integration-flogo-payg,2.4.0,False,no,,
tibco-cloud-integration-for-salesforce,1.0.0,False,no,,
tibco-cloud-integration-for-salesforce,0.1.0,False,no,,
tibco-cloud-integration-hybrid,3.12.0,False,yes,4,Public
tibco-cloud-integration-hybrid,3.11.0,False,yes,4,Public
tibco-cloud-integration-hybrid,3.10.0,False,yes,4,Public
tibco-cloud-integration-hybrid,3.9.0,False,yes,4,Public
tibco-cloud-integration-hybrid,3.8.0,False,yes,4,Public
tibco-cloud-integration-hybrid,3.7.0,False,yes,4,Public
tibco-cloud-integration-hybrid,3.6.0,False,yes,4,Public
tibco-cloud-integration-hybrid,3.5.0,False,yes,4,Public
tibco-cloud-integration-hybrid,3.4.0,False,yes,4,Public
tibco-cloud-integration-hybrid,3.3.0,False,yes,4,Public
tibco-cloud-integration-hybrid,3.2.0,False,yes,4,Public
tibco-cloud-integration-hybrid,3.1.0,False,yes,4,Public
tibco-cloud-integration-hybrid,3.0.0,False,yes,4,Public
tibco-cloud-integration-hybrid,2.9.0,False,yes,4,Public
tibco-cloud-integration-hybrid,2.8.0,False,yes,4,Public
tibco-cloud-integration-hybrid,2.7.0,False,yes,4,Public
tibco-cloud-integration-hybrid,2.6.1,False,yes,4,Public
tibco-cloud-integration-hybrid,2.6.0,False,yes,4,Public
tibco-cloud-integration-hybrid,2.5.0,False,yes,5,Public
tibco-cloud-integration-hybrid,2.3.0,False,yes,4,Public
tibco-cloud-integration-hybrid,2.2.0,False,yes,4,Public
tibco-cloud-integration-hybrid,2.1.1,False,yes,4,Public
tibco-cloud-integration-hybrid,2.1.0,False,yes,4,Public
tibco-cloud-integration-hybrid,2.0.0,False,yes,4,Public
tibco-cloud-integration-hybrid,1.8.0,False,yes,4,Public
tibco-cloud-integration-hybrid,1.7.0,False,yes,4,Public
tibco-cloud-integration-hybrid,1.6.0,False,yes,4,Public
tibco-cloud-integration-hybrid,1.5.0,False,yes,4,Public
tibco-cloud-integration-hybrid,1.4.0,False,yes,4,Public
tibco-cloud-integration-hybrid,1.3.0,False,yes,4,Public
tibco-cloud-integration-hybrid,1.2.0,False,yes,4,Public
tibco-cloud-integration-hybrid,1.1.0,False,yes,4,Public
tibco-cloud-integration-hybrid,1.0.0,False,yes,3,Public
tibco-cloud-integration-hybrid-connectivity-add-on,3.10.0,False,no,,
tibco-cloud-integration-hybrid-connectivity-add-on,3.9.0,False,no,,
tibco-cloud-integration-hybrid-connectivity-add-on,3.8.0,False,no,,
tibco-cloud-integration-hybrid-connectivity-add-on,3.7.0,False,no,,
tibco-cloud-integration-hybrid-connectivity-add-on,3.6.0,False,no,,
tibco-cloud-integration-hybrid-connectivity-add-on,3.5.0,False,no,,
tibco-cloud-integration-hybrid-connectivity-add-on,3.4.1,False,no,,
tibco-cloud-integration-hybrid-connectivity-add-on,3.4.0,False,no,,
tibco-cloud-integration-hybrid-connectivity-add-on,3.3.0,False,no,,
tibco-cloud-integration-hybrid-connectivity-add-on,3.2.0,False,no,,
tibco-cloud-integration-hybrid-connectivity-add-on,3.1.0,False,no,,
tibco-cloud-integration-hybrid-connectivity-add-on,3.0.0,False,no,,
tibco-cloud-integration-hybrid-connectivity-add-on,2.9.1,False,no,,
tibco-cloud-integration-hybrid-connectivity-add-on,2.9.0,False,no,,
tibco-cloud-integration-hybrid-connectivity-add-on,2.7.0,False,no,,
tibco-cloud-integration-hybrid-connectivity-add-on,2.6.1,False,no,,
tibco-cloud-integration-hybrid-connectivity-add-on,2.6.0,False,no,,
tibco-cloud-integration-hybrid-connectivity-add-on,2.5.3,False,no,,
tibco-cloud-integration-hybrid-connectivity-add-on,2.5.2,False,no,,
tibco-cloud-integration-hybrid-connectivity-add-on,2.5.1,False,no,,
tibco-cloud-integration-hybrid-connectivity-add-on,2.5.0,False,no,,
tibco-cloud-integration-hybrid-connectivity-add-on,2.4.0,False,no,,
tibco-cloud-integration-hybrid-connectivity-add-on,2.3.0,False,no,,
tibco-cloud-integration-hybrid-connectivity-add-on,2.2.0,False,no,,
tibco-cloud-integration-hybrid-connectivity-add-on,2.1.1,False,no,,
tibco-cloud-integration-hybrid-connectivity-add-on,2.1.0,False,no,,
tibco-cloud-integration-hybrid-connectivity-add-on,2.0.0,False,no,,
tibco-cloud-integration-hybrid-connectivity-add-on,1.8.0,False,no,,
tibco-cloud-integration-hybrid-connectivity-add-on,1.7.0,False,no,,
tibco-cloud-integration-hybrid-connectivity-add-on,1.3.0,False,no,,
tibco-cloud-integration-hybrid-connectivity-add-on,1.2.0,False,no,,
tibco-cloud-integration-hybrid-connectivity-add-on,1.1.0,False,no,,
tibco-cloud-integration-hybrid-connectivity-add-on,1.0.0,False,no,,
tibco-cloud-integration-hybrid-plan,3.12.0,False,yes,4,Public
tibco-cloud-integration-hybrid-plan,3.11.0,False,yes,4,Public
tibco-cloud-integration-hybrid-plan,3.10.0,False,yes,4,Public
tibco-cloud-integration-hybrid-plan,3.9.0,False,yes,4,Public
tibco-cloud-integration-hybrid-plan,3.8.0,False,yes,4,Public
tibco-cloud-integration-hybrid-plan,3.7.0,False,yes,4,Public
tibco-cloud-integration-hybrid-plan,3.6.0,False,yes,4,Public
tibco-cloud-integration-hybrid-plan,3.5.0,False,yes,4,Public
tibco-cloud-integration-hybrid-plan,3.4.0,False,yes,4,Public
tibco-cloud-integration-hybrid-plan,3.3.0,True,no,,
tibco-cloud-integration-hybrid-plan,3.2.0,True,no,,
tibco-cloud-integration-hybrid-plan,3.1.0,True,no,,
tibco-cloud-integration-hybrid-plan,3.0.0,True,no,,
tibco-cloud-integration-hybrid-plan,2.9.1,True,no,,
tibco-cloud-integration-hybrid-plan,2.9.0,True,no,,
tibco-cloud-integration-hybrid-plan,2.8.0,True,no,,
tibco-cloud-integration-hybrid-plan,2.7.0,True,no,,
tibco-cloud-integration-hybrid-plan,2.6.1,True,no,,
tibco-cloud-integration-hybrid-plan,2.6.0,True,no,,
tibco-cloud-integration-hybrid-plan,2.5.0,True,no,,
tibco-cloud-integration-hybrid-plan,2.4.0,True,no,,
tibco-cloud-integration-hybrid-plan,2.3.0,True,no,,
tibco-cloud-integration-hybrid-plan,2.2.0,True,no,,
tibco-cloud-integration-hybrid-plan,2.1.0,True,no,,
tibco-cloud-integration-hybrid-plan,2.0.0,True,no,,
tibco-cloud-integration-hybrid-plan,1.1.0,True,no,,
tibco-cloud-integration-hybrid-plan,1.0.0,True,no,,
tibco-cloud-integration-ipaas,(iPaaS),False,no,,
tibco-cloud-live-apps,Apps,False,no,,
tibco-cloud-mdm,2.0.1,True,yes,51,Public
tibco-cloud-mdm,2.0.0,True,no,,
tibco-cloud-mdm,1.1.0,True,no,,
tibco-cloud-mdm,1.0.0,True,no,,
tibco-cloud-messaging,Messaging,False,no,,
tibco-cloud-metadata,Metadata,False,no,,
tibco-cloud-nimbus-essentials,Essentials,False,no,,
tibco-cloud-nimbus-professional,Professional,False,no,,
tibco-cloud-passport,Passport,False,no,,
tibco-computedb-enterprise-edition,1.2.0,True,yes,5,Public
tibco-computedb-enterprise-edition,1.1.1,True,yes,5,Public
tibco-computedb-enterprise-edition,1.1.0,True,yes,5,Public
tibco-configuration-tool,1.3.0,False,no,,
tibco-control-plane,1.20.0,False,yes,571,Public
tibco-control-plane,1.19.0,False,yes,543,Public
tibco-control-plane,1.18.0,False,yes,521,Public
tibco-control-plane,1.17.0,False,yes,509,Public
tibco-control-plane,1.16.0,False,yes,503,Public
tibco-control-plane,1.15.0,False,yes,499,Public
tibco-control-plane,1.14.0,False,yes,491,Public
tibco-control-plane,1.13.0,False,yes,476,Public
tibco-control-plane,1.12.0,False,yes,463,Public
tibco-control-plane,1.11.0,False,yes,448,Public
tibco-control-plane,1.10.0,False,yes,442,Public
tibco-control-plane,1.9.0,False,no,,
tibco-control-plane,1.8.0,False,no,,
tibco-control-plane,1.7.0,False,no,,
tibco-control-plane,1.6.0,False,no,,
tibco-control-plane,1.5.1,False,no,,
tibco-control-plane,1.5.0,False,no,,
tibco-control-plane,1.4.0,False,no,,
tibco-control-plane,1.3.0,False,no,,
tibco-data-science-for-tibco-spotfire-analyst,14.1.0,False,yes,343,Public
tibco-data-science-for-tibco-spotfire-analyst,14.0.1,True,yes,41,Public
tibco-data-science-for-tibco-spotfire-analyst,14.0.0,True,yes,17,Public
tibco-data-science-for-tibco-spotfire-analyst,13.6.0,True,yes,17,Public
tibco-data-science-for-tibco-spotfire-analyst,13.5.0,True,yes,17,Public
tibco-data-science-for-tibco-spotfire-analyst,13.4.0,True,yes,47,Public
tibco-data-science-package-for-notebooks,6.6.1,True,yes,2,Public
tibco-data-science-package-for-notebooks,6.6.0,True,yes,2,Employee
tibco-data-science-service-for-tibco-spotfire,14.1.0,False,yes,304,Public
tibco-data-science-service-for-tibco-spotfire,14.0.2,True,yes,6,Public
tibco-data-science-service-for-tibco-spotfire,14.0.1,True,yes,6,Public
tibco-data-science-service-for-tibco-spotfire,14.0.0,True,yes,5,Public
tibco-data-science-service-for-tibco-spotfire,13.6.0,True,yes,4,Public
tibco-data-science-team-studio,7.1.0,False,yes,1572,Public
tibco-data-science-team-studio,7.0.1,False,yes,846,Public
tibco-data-science-team-studio,7.0.0,False,yes,847,Public
tibco-data-science-team-studio,6.6.0,True,yes,888,Public
tibco-data-science-team-studio,6.5.0,False,yes,180,Public
tibco-data-science-team-studio,6.4.1,True,no,,
tibco-data-science-team-studio,6.4.0,True,no,,
tibco-data-science-team-studio,6.3.2,True,no,,
tibco-data-virtualization,8.9.0,False,yes,11172,Public
tibco-data-virtualization,8.8.1,False,yes,14333,Public
tibco-data-virtualization,8.8.0,False,yes,13799,Public
tibco-data-virtualization,8.7.0,True,no,,
tibco-data-virtualization,8.6.1,True,no,,
tibco-data-virtualization,8.6.0,True,no,,
tibco-data-virtualization,8.5.6,True,no,,
tibco-data-virtualization,8.5.5,True,no,,
tibco-data-virtualization,8.5.4,True,no,,
tibco-data-virtualization,8.5.3,True,no,,
tibco-data-virtualization,8.5.2,True,no,,
tibco-data-virtualization,8.5.1,True,no,,
tibco-data-virtualization,8.5.0,True,no,,
tibco-data-virtualization,8.4.3,True,no,,
tibco-data-virtualization,8.4.1,True,no,,
tibco-data-virtualization,8.4.0,True,no,,
tibco-data-virtualization,8.3.1,True,no,,
tibco-data-virtualization,8.3.0,True,no,,
tibco-data-virtualization,8.2.0,True,no,,
tibco-data-virtualization,8.1.1,True,no,,
tibco-data-virtualization,8.1.0,True,no,,
tibco-data-virtualization,8.0.0,True,no,,
tibco-data-virtualization,7.0.9,True,no,,
tibco-data-virtualization,7.0.8,True,no,,
tibco-data-virtualization,7.0.7,True,no,,
tibco-data-virtualization,7.0.6,True,no,,
tibco-designer,5.10.0,True,yes,141,Public
tibco-designer,5.9.0,True,yes,141,Public
tibco-designer,5.8.0,True,yes,141,Public
tibco-designer,5.7.3,True,yes,140,Public
tibco-designer,5.7.2,True,yes,139,Public
tibco-designer,5.7.1,True,yes,138,Public
tibco-designer,5.7.0,True,yes,134,Public
tibco-designer-add-in-for-tibco-business-studio,1.5.0,False,no,,
tibco-designer-add-in-for-tibco-business-studio,1.4.0,False,no,,
tibco-designer-add-in-for-tibco-business-studio,1.3.2,False,no,,
tibco-designer-add-in-for-tibco-business-studio,1.3.1,False,no,,
tibco-designer-add-in-for-tibco-business-studio,1.2.0,False,no,,
tibco-designer-add-in-for-tibco-business-studio,1.1.1,False,no,,
tibco-designer-add-in-for-tibco-business-studio,1.1.0,False,no,,
tibco-designer-add-in-for-tibco-business-studio,1.0.0,False,no,,
tibco-dq-service-provider-dqs-add-on,5.0.0,True,yes,2,Public
tibco-eftl-enterprise-edition,7.3.0,False,yes,292,Public
tibco-eftl-enterprise-edition,7.2.0,False,yes,294,Public
tibco-eftl-enterprise-edition,7.1.2,False,yes,301,Public
tibco-eftl-enterprise-edition,7.1.1,False,yes,358,Public
tibco-eftl-enterprise-edition,7.1.0,False,yes,356,Public
tibco-eftl-enterprise-edition,7.0.1,False,yes,358,Public
tibco-eftl-enterprise-edition,7.0.0,False,yes,358,Public
tibco-eftl-enterprise-edition,6.10.2,False,yes,346,Public
tibco-eftl-enterprise-edition,6.10.1,False,yes,292,Public
tibco-eftl-enterprise-edition,6.10.0,False,yes,292,Public
tibco-eftl-enterprise-edition,6.9.1,True,no,,
tibco-eftl-enterprise-edition,6.9.0,True,no,,
tibco-eftl-enterprise-edition,6.8.1,True,no,,
tibco-eftl-enterprise-edition,6.8.0,True,no,,
tibco-eftl-enterprise-edition,6.7.4,True,no,,
tibco-eftl-enterprise-edition,6.7.3,True,no,,
tibco-eftl-enterprise-edition,6.7.2,True,no,,
tibco-eftl-enterprise-edition,6.7.1,True,no,,
tibco-eftl-enterprise-edition,6.7.0,True,no,,
tibco-eftl-enterprise-edition,6.6.1,True,no,,
tibco-eftl-enterprise-edition,6.6.0,True,no,,
tibco-eftl-enterprise-edition,6.5.0,True,no,,
tibco-eftl-enterprise-edition,6.4.0,True,no,,
tibco-eftl-enterprise-edition,6.3.1,True,no,,
tibco-eftl-enterprise-edition,6.3.0,True,no,,
tibco-eftl-enterprise-edition,6.2.0,True,no,,
tibco-eftl-enterprise-edition,6.1.0,True,no,,
tibco-eftl-enterprise-edition,6.0.1,True,no,,
tibco-eftl-enterprise-edition,6.0.0,True,no,,
tibco-eftl-enterprise-edition,3.4.2,True,no,,
tibco-eftl-enterprise-edition,3.4.0,True,no,,
tibco-eftl-enterprise-edition,3.3.2,True,no,,
tibco-eftl-enterprise-edition,3.3.1,True,no,,
tibco-eftl-enterprise-edition,3.3.0,True,no,,
tibco-eftl-enterprise-edition,3.2.0,True,no,,
tibco-eftl-enterprise-edition,3.1.0,True,no,,
tibco-eftl-enterprise-edition,3.0.0,True,no,,
tibco-eftl-enterprise-edition,2.0.0,True,no,,
tibco-eftl-enterprise-edition,1.1.1,True,no,,
tibco-eftl-enterprise-edition,1.1.0,True,no,,
tibco-eftl-enterprise-edition,1.0.0,True,no,,
tibco-ems-client-for-ibm-i,8.6.0,True,yes,53,Public
tibco-ems-client-for-ibm-i,8.5.1,True,yes,53,Public
tibco-ems-client-for-ibm-i,8.5.0,True,yes,53,Public
tibco-ems-client-for-ibm-i,8.4.0,True,no,,
tibco-ems-client-for-ibm-i,8.3.0,True,no,,
tibco-ems-client-for-ibm-i,8.2.0,True,no,,
tibco-ems-client-for-ibm-i,8.0.0,True,no,,
tibco-ems-client-for-ibm-i,7.0.0,True,no,,
tibco-ems-client-for-ibm-i,6.1.0,True,no,,
tibco-ems-client-for-ibm-i,6.0.1,True,no,,
tibco-ems-client-for-ibm-i,6.0.0,True,no,,
tibco-ems-client-for-ibm-i,5.1.5,True,no,,
tibco-ems-client-for-z-os-cics,8.5.1,True,no,,
tibco-ems-client-for-z-os-cics,8.5.0,True,no,,
tibco-ems-client-for-z-os-cics,8.4.0,True,no,,
tibco-ems-client-for-z-os-cics,8.2.0,True,no,,
tibco-ems-client-for-z-os-cics,8.0.0,True,no,,
tibco-ems-client-for-z-os-cics,6.1.0,True,no,,
tibco-ems-client-for-z-os-cics,6.0.1,True,no,,
tibco-ems-client-for-z-os-cics,5.1.5,True,no,,
tibco-ems-client-for-z-os-cics,5.1.0,True,no,,
tibco-ems-client-for-z-os-mvs,8.6.0,True,yes,82,Public
tibco-ems-client-for-z-os-mvs,8.5.0,True,yes,81,Public
tibco-ems-client-for-z-os-mvs,8.4.0,True,no,,
tibco-ems-client-for-z-os-mvs,8.3.0,True,no,,
tibco-ems-client-for-z-os-mvs,8.2.0,True,no,,
tibco-ems-client-for-z-os-mvs,8.0.0,True,no,,
tibco-ems-client-for-z-os-mvs,7.0.0,True,no,,
tibco-ems-client-for-z-os-mvs,6.1.0,True,no,,
tibco-ems-client-for-z-os-mvs,6.0.1,True,no,,
tibco-ems-client-for-z-os-mvs,6.0.0,True,no,,
tibco-ems-transport-channel-for-wcf,2.0.0,True,no,,
tibco-ems-transport-channel-for-wcf,1.2.0,True,no,,
tibco-ems-transport-channel-for-wcf,1.0.0,True,no,,
tibco-enterprise-administrator,2.4.3,False,yes,499,Public
tibco-enterprise-administrator,2.4.2,False,yes,493,Public
tibco-enterprise-administrator,2.4.1,True,yes,493,Public
tibco-enterprise-administrator,2.4.0,True,yes,492,Public
tibco-enterprise-administrator,2.3.0,True,yes,504,Public
tibco-enterprise-administrator,2.2.0,True,yes,499,Public
tibco-enterprise-administrator,2.1.0,True,yes,549,Public
tibco-enterprise-administrator,2.0.0,True,yes,114,Public
tibco-enterprise-administrator,1.2.0,True,yes,91,Public
tibco-enterprise-administrator,1.1.0,True,yes,90,Public
tibco-enterprise-administrator,1.0.0,True,yes,83,Public
tibco-enterprise-administrator-sdk,2.2.0,True,yes,499,Public
tibco-enterprise-administrator-sdk,2.1.0,True,yes,549,Public
tibco-enterprise-administrator-sdk,2.0.0,True,yes,456,Public
tibco-enterprise-administrator-sdk,1.3.0,True,yes,443,Public
tibco-enterprise-administrator-sdk,1.2.0,True,yes,191,Public
tibco-enterprise-administrator-sdk,1.1.0,True,yes,250,Public
tibco-enterprise-administrator-sdk,1.0.0,True,yes,54,Public
tibco-enterprise-foresight,1.1.0,False,yes,3,Public
tibco-enterprise-foresight,1.0.0,False,yes,4,Public
tibco-enterprise-foresight-healthcare-add-on,1.1.0,False,yes,3,Public
tibco-enterprise-foresight-healthcare-add-on,1.0.0,False,yes,4,Public
tibco-enterprise-fulfillment-orchestration-suite,1.1.0,False,yes,3,Public
tibco-enterprise-mdm,1.0.0,False,yes,4,Public
tibco-enterprise-message-service,10.5.1,False,yes,2117,Public
tibco-enterprise-message-service,10.5.0,False,yes,2118,Public
tibco-enterprise-message-service,10.4.4,False,yes,2096,Public
tibco-enterprise-message-service,10.4.3,False,yes,2094,Public
tibco-enterprise-message-service,10.4.1,False,yes,2109,Public
tibco-enterprise-message-service,10.4.0,False,yes,2124,Public
tibco-enterprise-message-service,10.3.0,False,yes,2055,Public
tibco-enterprise-message-service,10.2.1,True,no,,
tibco-enterprise-message-service,10.2.0,True,no,,
tibco-enterprise-message-service,10.1.0,True,no,,
tibco-enterprise-message-service,8.7.0,True,no,,
tibco-enterprise-message-service,8.6.0,True,no,,
tibco-enterprise-message-service,8.5.1,True,no,,
tibco-enterprise-message-service,8.5.0,True,no,,
tibco-enterprise-message-service,8.4.1,True,no,,
tibco-enterprise-message-service,8.4.0,True,no,,
tibco-enterprise-message-service,8.3.0,True,no,,
tibco-enterprise-message-service,8.2.2,True,no,,
tibco-enterprise-message-service,8.2.1,True,no,,
tibco-enterprise-message-service,8.2.0,True,no,,
tibco-enterprise-message-service,8.1.0,True,no,,
tibco-enterprise-message-service,8.0.0,True,no,,
tibco-enterprise-message-service,7.0.1,True,no,,
tibco-enterprise-message-service,7.0.0,True,no,,
tibco-enterprise-message-service,6.3.0,True,no,,
tibco-enterprise-message-service,6.2.0,True,no,,
tibco-enterprise-message-service,6.1.0,True,no,,
tibco-enterprise-message-service,6.0.1,True,no,,
tibco-enterprise-message-service,6.0.0,True,no,,
tibco-enterprise-message-service,5.1.5,True,no,,
tibco-enterprise-message-service,5.1.4,True,no,,
tibco-enterprise-message-service,5.1.3,True,no,,
tibco-enterprise-message-service,5.1.2,True,no,,
tibco-enterprise-message-service,5.1.1,True,no,,
tibco-enterprise-message-service,5.1.0,True,no,,
tibco-enterprise-streaming,11.2.1,False,yes,3,Public
tibco-enterprise-streaming,11.2.0,False,yes,3,Public
tibco-enterprise-streaming,11.1.3,False,yes,3,Public
tibco-enterprise-streaming,11.1.2,False,yes,4,Public
tibco-enterprise-streaming-high-performance-fix-engine,11.2.1,False,yes,3,Public
tibco-enterprise-streaming-high-performance-fix-engine,11.2.0,False,yes,3,Public
tibco-enterprise-streaming-high-performance-fix-engine,11.1.3,False,yes,3,Public
tibco-enterprise-streaming-high-performance-fix-engine,11.1.2,False,yes,4,Public
tibco-event-processing,1.1.0,True,yes,2,Public
tibco-event-processing,1.0.0,True,yes,2,Public
tibco-flogo,3.0.0,False,yes,821,Public
tibco-flogo,2.26.7,False,yes,865,Public
tibco-flogo,2.26.6,False,yes,854,Public
tibco-flogo,2.26.5,False,yes,840,Public
tibco-flogo,2.26.4,False,yes,848,Public
tibco-flogo,2.26.3,False,yes,847,Public
tibco-flogo,2.26.2,False,yes,836,Public
tibco-flogo,2.26.1,False,yes,820,Public
tibco-flogo,2.26.0,False,yes,814,Public
tibco-flogo,2.25.11,False,yes,800,Public
tibco-flogo,2.25.10,False,yes,336,Public
tibco-flogo,2.25.9,False,yes,338,Public
tibco-flogo,2.25.8,False,yes,338,Public
tibco-flogo,2.25.7,False,yes,337,Public
tibco-flogo,2.25.6,False,yes,337,Public
tibco-flogo,2.25.5,False,yes,334,Public
tibco-flogo,2.25.4,False,yes,334,Public
tibco-flogo,2.25.3,False,yes,586,Public
tibco-flogo,2.25.2,False,yes,586,Public
tibco-flogo,2.25.1,False,yes,600,Public
tibco-flogo,2.25.0,False,yes,620,Public
tibco-flogo,2.24.0,False,yes,594,Public
tibco-flogo,2.23.0,False,yes,591,Public
tibco-flogo,2.22.0,False,yes,590,Public
tibco-flogo,2.21.0,False,yes,587,Public
tibco-flogo,2.20.0,False,yes,587,Public
tibco-flogo,2.19.0,True,no,,
tibco-flogo,2.18.0,True,no,,
tibco-flogo,2.17.0,True,no,,
tibco-flogo,2.16.0,True,no,,
tibco-flogo,2.15.0,True,no,,
tibco-flogo,2.14.1,True,no,,
tibco-flogo,2.14.0,True,no,,
tibco-flogo,2.13.0,True,no,,
tibco-flogo,2.12.0,True,no,,
tibco-flogo,2.11.0,True,no,,
tibco-flogo,2.10.0,True,no,,
tibco-flogo,2.9.0,True,no,,
tibco-flogo,2.8.1,True,no,,
tibco-flogo,2.8.0,True,no,,
tibco-flogo,2.7.0,True,no,,
tibco-flogo,2.6.1,True,no,,
tibco-flogo,2.6.0,True,no,,
tibco-flogo,2.5.0,True,no,,
tibco-flogo,2.4.0,True,no,,
tibco-flogo,2.3.0,True,no,,
tibco-flogo,2.2.0,True,no,,
tibco-flogo,2.1.0,True,no,,
tibco-flogo,2.0.0,True,no,,
tibco-flogo-connection-for-microsoft-azure,1.0.0,True,yes,20,Public
tibco-flogo-connection-for-sap,1.0.0,False,no,,
tibco-flogo-connector-db-service,2.2.0,False,no,,
tibco-flogo-connector-db-service,2.1.1,False,no,,
tibco-flogo-connector-db-service,2.1.0,False,no,,
tibco-flogo-connector-db-service,2.0.1,False,no,,
tibco-flogo-connector-db-service,2.0.0,False,no,,
tibco-flogo-connector-for-amazon-dynamodb,1.1.0,False,no,,
tibco-flogo-connector-for-amazon-dynamodb,1.0.1,False,no,,
tibco-flogo-connector-for-amazon-dynamodb,1.0.0,False,no,,
tibco-flogo-connector-for-amazon-elastic-file-system,1.0.0,False,no,,
tibco-flogo-connector-for-amazon-glacier,1.0.0,False,no,,
tibco-flogo-connector-for-amazon-kinesis,1.1.1,False,yes,23,Public
tibco-flogo-connector-for-amazon-kinesis,1.1.0,True,yes,25,Public
tibco-flogo-connector-for-amazon-redshift,2.1.0,False,no,,
tibco-flogo-connector-for-amazon-redshift,2.0.1,True,no,,
tibco-flogo-connector-for-amazon-redshift,2.0.0,True,no,,
tibco-flogo-connector-for-amazon-s3,1.3.1,False,yes,23,Public
tibco-flogo-connector-for-amazon-s3,1.2.0,True,yes,25,Public
tibco-flogo-connector-for-amazon-s3,1.1.0,True,yes,25,Public
tibco-flogo-connector-for-amazon-s3,1.0.0,True,yes,25,Public
tibco-flogo-connector-for-amazon-sns,1.0.1,False,yes,18,Public
tibco-flogo-connector-for-amazon-sns,1.0.0,True,yes,21,Public
tibco-flogo-connector-for-amazon-sqs,1.0.1,False,yes,19,Public
tibco-flogo-connector-for-amazon-sqs,1.0.0,True,yes,22,Public
tibco-flogo-connector-for-apache-avro,1.1.1,False,no,,
tibco-flogo-connector-for-apache-avro,1.1.0,False,no,,
tibco-flogo-connector-for-apache-avro,1.0.0,False,no,,
tibco-flogo-connector-for-apache-couchdb,1.0.0,False,no,,
tibco-flogo-connector-for-apache-kafka,1.3.3,False,yes,40,Public
tibco-flogo-connector-for-apache-kafka,1.3.2,False,yes,40,Public
tibco-flogo-connector-for-apache-kafka,1.3.1,False,yes,38,Public
tibco-flogo-connector-for-apache-kafka,1.1.1,True,yes,22,Public
tibco-flogo-connector-for-apache-kafka,1.1.0,True,yes,22,Public
tibco-flogo-connector-for-apache-kafka,1.0.0,True,yes,23,Public
tibco-flogo-connector-for-apache-pulsar,1.3.4,False,yes,21,Public
tibco-flogo-connector-for-apache-pulsar,1.3.3,False,yes,20,Public
tibco-flogo-connector-for-apache-pulsar,1.3.2,False,yes,21,Public
tibco-flogo-connector-for-apache-pulsar,1.3.1,False,yes,19,Public
tibco-flogo-connector-for-apache-solr,1.1.0,False,no,,
tibco-flogo-connector-for-apache-solr,1.0.0,False,no,,
tibco-flogo-connector-for-data-conversion,1.0.0,False,no,,
tibco-flogo-connector-for-docusign,3.0.1,False,yes,22,Public
tibco-flogo-connector-for-github,1.0.0,False,no,,
tibco-flogo-connector-for-google-cloud-pub-sub,1.0.1,False,yes,21,Public
tibco-flogo-connector-for-google-cloud-pub-sub,1.0.0,True,yes,25,Public
tibco-flogo-connector-for-google-cloud-sql,1.0.0,False,no,,
tibco-flogo-connector-for-google-cloud-storage,1.0.0,False,no,,
tibco-flogo-connector-for-google-docs,1.1.0,False,no,,
tibco-flogo-connector-for-google-docs,1.0.0,False,no,,
tibco-flogo-connector-for-google-sheets,1.0.0,False,no,,
tibco-flogo-connector-for-greenplum-database,2.1.0,False,no,,
tibco-flogo-connector-for-greenplum-database,2.0.0,True,no,,
tibco-flogo-connector-for-http,1.1.1,False,yes,15,Public
tibco-flogo-connector-for-hubspot,2.1.0,False,no,,
tibco-flogo-connector-for-ibm-mq,2.2.0,False,no,,
tibco-flogo-connector-for-ibm-mq,1.0.0,False,no,,
tibco-flogo-connector-for-jira,1.0.1,False,no,,
tibco-flogo-connector-for-jira,1.0.0,False,no,,
tibco-flogo-connector-for-magento,2.0.0,False,no,,
tibco-flogo-connector-for-mailchimp,1.0.1,False,yes,22,Public
tibco-flogo-connector-for-mailchimp,1.0.0,False,yes,23,Public
tibco-flogo-connector-for-marketo,1.2.1,False,no,,
tibco-flogo-connector-for-marketo,1.2.0,False,no,,
tibco-flogo-connector-for-marketo,1.1.1,False,no,,
tibco-flogo-connector-for-marketo,1.1.0,False,no,,
tibco-flogo-connector-for-marketo,1.0.0,False,no,,
tibco-flogo-connector-for-microsoft-azure-data-factory,1.1.1,False,yes,23,Public
tibco-flogo-connector-for-microsoft-azure-data-factory,1.0.1,True,yes,20,Public
tibco-flogo-connector-for-microsoft-azure-data-factory,1.0.0,True,yes,21,Public
tibco-flogo-connector-for-microsoft-azure-service-bus,1.4.3,False,yes,20,Public
tibco-flogo-connector-for-microsoft-azure-service-bus,1.4.1,False,yes,31,Public
tibco-flogo-connector-for-microsoft-azure-service-bus,1.2.1,True,yes,1,Public
tibco-flogo-connector-for-microsoft-azure-service-bus,1.2.0,True,yes,34,Public
tibco-flogo-connector-for-microsoft-azure-service-bus,1.1.0,True,yes,23,Public
tibco-flogo-connector-for-microsoft-azure-service-bus,1.0.0,True,yes,22,Public
tibco-flogo-connector-for-microsoft-azure-storage,1.2.0,False,yes,24,Public
tibco-flogo-connector-for-microsoft-azure-storage,1.1.3,False,yes,24,Public
tibco-flogo-connector-for-microsoft-azure-storage,1.1.1,True,yes,23,Public
tibco-flogo-connector-for-microsoft-azure-storage,1.1.0,True,yes,24,Public
tibco-flogo-connector-for-microsoft-azure-storage,1.0.0,True,yes,23,Public
tibco-flogo-connector-for-microsoft-sql-server,2.6.1,False,yes,45,Public
tibco-flogo-connector-for-microsoft-sql-server,2.1.0,True,yes,24,Public
tibco-flogo-connector-for-microsoft-sql-server,2.0.0,True,yes,23,Public
tibco-flogo-connector-for-mongodb,1.1.1,False,yes,19,Public
tibco-flogo-connector-for-mongodb,1.0.0,True,yes,25,Public
tibco-flogo-connector-for-mqtt,1.3.1,False,yes,31,Public
tibco-flogo-connector-for-mqtt,1.1.0,True,yes,23,Public
tibco-flogo-connector-for-mqtt,1.0.0,True,yes,22,Public
tibco-flogo-connector-for-odata,1.0.0,False,yes,21,Public
tibco-flogo-connector-for-oracle-database,1.2.2,False,yes,30,Public
tibco-flogo-connector-for-oracle-database,1.2.1,False,yes,32,Public
tibco-flogo-connector-for-oracle-database,1.0.1,True,yes,27,Public
tibco-flogo-connector-for-oracle-database,1.0.0,True,yes,28,Public
tibco-flogo-connector-for-oracle-mysql,2.4.5,False,yes,51,Public
tibco-flogo-connector-for-oracle-mysql,2.2.0,True,yes,24,Public
tibco-flogo-connector-for-oracle-mysql,2.1.0,True,yes,24,Public
tibco-flogo-connector-for-oracle-mysql,2.0.0,True,yes,23,Public
tibco-flogo-connector-for-postgresql,2.7.1,False,yes,20,Public
tibco-flogo-connector-for-postgresql,2.1.0,True,yes,24,Public
tibco-flogo-connector-for-postgresql,2.0.1,True,yes,23,Public
tibco-flogo-connector-for-postgresql,2.0.0,True,yes,23,Public
tibco-flogo-connector-for-redis,1.3.0,False,no,,
tibco-flogo-connector-for-redis,1.1.0,True,yes,23,Public
tibco-flogo-connector-for-redis,1.0.0,True,yes,21,Public
tibco-flogo-connector-for-riak,1.0.0,False,no,,
tibco-flogo-connector-for-salesforce-com,1.3.7,False,yes,29,Public
tibco-flogo-connector-for-salesforce-com,1.3.5,False,yes,28,Public
tibco-flogo-connector-for-salesforce-com,1.3.3,False,yes,1,Public
tibco-flogo-connector-for-salesforce-com,1.3.2,False,yes,31,Public
tibco-flogo-connector-for-salesforce-com,1.3.1,False,yes,30,Public
tibco-flogo-connector-for-salesforce-com,1.3.0,False,yes,28,Public
tibco-flogo-connector-for-salesforce-com,1.2.0,False,yes,25,Public
tibco-flogo-connector-for-salesforce-com,1.1.1,False,yes,24,Public
tibco-flogo-connector-for-salesforce-com,1.1.0,False,yes,24,Public
tibco-flogo-connector-for-salesforce-com,1.0.0,False,yes,25,Public
tibco-flogo-connector-for-salesforce-com-einstein-analytics,1.0.1,False,no,,
tibco-flogo-connector-for-salesforce-com-einstein-analytics,1.0.0,False,no,,
tibco-flogo-connector-for-salesforce-pardot,2.0.0,False,no,,
tibco-flogo-connector-for-salesforce-pardot,1.0.2,False,no,,
tibco-flogo-connector-for-salesforce-pardot,1.0.1,False,no,,
tibco-flogo-connector-for-salesforce-pardot,1.0.0,False,no,,
tibco-flogo-connector-for-sap-cloud-for-customer,1.0.0,False,no,,
tibco-flogo-connector-for-sap-hana-database,1.0.0,False,no,,
tibco-flogo-connector-for-sap-s-4hana-cloud,1.1.0,False,no,,
tibco-flogo-connector-for-sap-s-4hana-cloud,1.0.0,False,no,,
tibco-flogo-connector-for-sap-successfactors,1.0.0,False,no,,
tibco-flogo-connector-for-sftp,1.0.0,False,no,,
tibco-flogo-connector-for-slack,1.0.2,False,no,,
tibco-flogo-connector-for-slack,1.0.1,False,no,,
tibco-flogo-connector-for-slack,1.0.0,False,no,,
tibco-flogo-connector-for-snowflake,1.2.0,False,yes,26,Public
tibco-flogo-connector-for-snowflake,1.0.0,True,yes,24,Public
tibco-flogo-connector-for-stripe,3.0.1,False,no,,
tibco-flogo-connector-for-stripe,3.0.0,False,no,,
tibco-flogo-connector-for-sugarcrm,1.3.2,False,no,,
tibco-flogo-connector-for-sugarcrm,1.3.1,False,no,,
tibco-flogo-connector-for-sugarcrm,1.3.0,False,no,,
tibco-flogo-connector-for-sugarcrm,1.0.0,False,no,,
tibco-flogo-connector-for-tibco-cloud-auditsafe,1.3.0,False,no,,
tibco-flogo-connector-for-tibco-cloud-messaging,1.3.3,False,no,,
tibco-flogo-connector-for-tibco-cloud-messaging,1.3.2,False,no,,
tibco-flogo-connector-for-tibco-cloud-messaging,1.1.0,False,no,,
tibco-flogo-connector-for-tibco-cloud-messaging,1.0.0,False,no,,
tibco-flogo-connector-for-tibco-data-virtualization,1.1.2,False,yes,14,Public
tibco-flogo-connector-for-tibco-enterprise-message-service,1.0.1,False,yes,25,Public
tibco-flogo-connector-for-tibco-enterprise-message-service,1.0.0,False,yes,25,Public
tibco-flogo-connector-for-twilio,2.1.0,False,no,,
tibco-flogo-connector-for-websockets,1.0.1,False,yes,15,Public
tibco-flogo-connector-for-zoho-crm,1.1.0,False,no,,
tibco-flogo-connector-for-zoho-crm,1.0.1,False,no,,
tibco-flogo-connector-for-zoho-crm,1.0.0,False,no,,
tibco-flogo-connector-for-zuora,2.0.0,False,no,,
tibco-flogo-extension-for-visual-studio-code,1.3.5,False,yes,645,Public
tibco-flogo-extension-for-visual-studio-code,1.3.4,False,yes,646,Public
tibco-flogo-extension-for-visual-studio-code,1.3.3,False,yes,644,Public
tibco-flogo-extension-for-visual-studio-code,1.3.2,False,yes,634,Public
tibco-flogo-extension-for-visual-studio-code,1.3.1,False,yes,619,Public
tibco-flogo-extension-for-visual-studio-code,1.3.0,False,yes,376,Public
tibco-flogo-extension-for-visual-studio-code,1.2.1,False,yes,376,Public
tibco-flogo-extension-for-visual-studio-code,1.2.0,False,yes,374,Public
tibco-flogo-extension-for-visual-studio-code,1.1.1,False,yes,368,Public
tibco-flogo-extension-for-visual-studio-code,1.1.0,False,yes,356,Public
tibco-flogo-extension-for-visual-studio-code,1.0.0,False,yes,343,Public
tibco-foresight-archive-and-retrieval-system,6.0.0,False,yes,112,Public
tibco-foresight-archive-and-retrieval-system,5.5.0,False,yes,112,Public
tibco-foresight-archive-and-retrieval-system,5.4.0,False,yes,111,Public
tibco-foresight-archive-and-retrieval-system,5.3.0,True,yes,7,Public
tibco-foresight-archive-and-retrieval-system,5.2.1,True,no,,
tibco-foresight-archive-and-retrieval-system,5.2.0,True,no,,
tibco-foresight-archive-and-retrieval-system,5.1.1,True,no,,
tibco-foresight-archive-and-retrieval-system,5.1.0,True,no,,
tibco-foresight-businessconnect-insight,1.0.0,False,no,,
tibco-foresight-connect-with-fhir,1.0.1,True,yes,30,Public
tibco-foresight-connect-with-fhir,1.0.0,True,yes,29,Public
tibco-foresight-edisim,6.21.0,False,yes,1193,Public
tibco-foresight-edisim,6.20.0,True,yes,26,Public
tibco-foresight-edisim,6.19.0,True,yes,26,Public
tibco-foresight-edisim,6.18.0,True,no,,
tibco-foresight-edisim,6.17.0,True,no,,
tibco-foresight-edisim,6.16.0,True,no,,
tibco-foresight-edisim,6.15.0,True,yes,29,Public
tibco-foresight-edisim,6.14.0,True,yes,29,Public
tibco-foresight-hipaa-validator-desktop,9.2.0,True,yes,629,Public
tibco-foresight-hipaa-validator-desktop,9.1.0,True,yes,23,Public
tibco-foresight-hipaa-validator-desktop,9.0.0,True,yes,23,Public
tibco-foresight-hipaa-validator-desktop,8.8.0,True,no,,
tibco-foresight-hipaa-validator-desktop,8.7.0,True,no,,
tibco-foresight-hipaa-validator-desktop,8.6.0,True,no,,
tibco-foresight-hipaa-validator-desktop,8.5.0,True,no,,
tibco-foresight-hipaa-validator-desktop,8.4.0,True,no,,
tibco-foresight-icd-10-conversion-adapter,1.3.0,False,no,,
tibco-foresight-icd-10-conversion-adapter,1.2.0,False,no,,
tibco-foresight-instream,9.4.0,False,yes,8280,Public;Requires Login
tibco-foresight-instream,9.3.0,False,yes,8536,Public
tibco-foresight-instream,9.2.0,True,yes,1866,Public;Requires Login
tibco-foresight-instream,9.1.0,True,yes,49,Public
tibco-foresight-instream,9.0.0,True,no,,
tibco-foresight-instream,8.8.0,True,no,,
tibco-foresight-instream,8.7.0,True,no,,
tibco-foresight-instream,8.6.0,True,no,,
tibco-foresight-instream,8.5.0,True,no,,
tibco-foresight-instream,8.4.0,True,no,,
tibco-foresight-instream,8.3.0,True,no,,
tibco-foresight-instream,8.2.1,True,no,,
tibco-foresight-instream,8.2.0,True,no,,
tibco-foresight-instream,8.1.0,True,no,,
tibco-foresight-instream,8.0.0,True,no,,
tibco-foresight-instream,7.15.0,True,no,,
tibco-foresight-instream-mac-adapter,5.0.0,True,yes,5,Public
tibco-foresight-instream-mac-adapter,4.0.0,True,yes,5,Public
tibco-foresight-operational-monitor,6.0.0,False,yes,37,Public
tibco-foresight-operational-monitor,5.5.0,False,yes,37,Public
tibco-foresight-operational-monitor,5.4.0,False,yes,38,Public
tibco-foresight-operational-monitor,5.3.0,True,yes,5,Public
tibco-foresight-operational-monitor,5.2.1,True,no,,
tibco-foresight-operational-monitor,5.2.0,True,no,,
tibco-foresight-operational-monitor,5.1.1,True,no,,
tibco-foresight-operational-monitor,5.1.0,True,no,,
tibco-foresight-rest-api,1.2.0,False,yes,78,Public
tibco-foresight-rest-api,1.1.0,False,yes,61,Public
tibco-foresight-rest-api,1.0.3,False,yes,38,Public
tibco-foresight-rest-api,1.0.2,True,yes,35,Public
tibco-foresight-rest-api,1.0.1,True,yes,20,Public
tibco-foresight-rest-api,1.0.0,True,yes,16,Public
tibco-foresight-studio,9.3.0,False,yes,362,Public
tibco-foresight-studio,9.2.0,True,yes,370,Public
tibco-foresight-studio,9.1.0,True,yes,13,Public
tibco-foresight-studio,9.0.1,True,yes,5,Public
tibco-foresight-studio,9.0.0,True,yes,14,Public
tibco-foresight-studio,8.8.1,True,yes,4,Public
tibco-foresight-studio,8.8.0,True,no,,
tibco-foresight-studio,8.7.0,True,no,,
tibco-foresight-studio,8.2.0,True,no,,
tibco-foresight-studio,8.0.0,True,yes,6,Public
tibco-foresight-studio,7.16.0,True,yes,6,Public
tibco-foresight-studio,7.15.0,True,yes,3,Public
tibco-foresight-studio,7.14.0,True,yes,3,Public
tibco-foresight-studio,7.13.0,True,yes,2,Public
tibco-foresight-transaction-insight,6.0.0,False,yes,1182,Public
tibco-foresight-transaction-insight,5.5.0,False,yes,1360,Public
tibco-foresight-transaction-insight,5.4.0,False,yes,941,Public
tibco-foresight-transaction-insight,5.3.0,True,yes,33,Public
tibco-foresight-transaction-insight,5.2.1,True,no,,
tibco-foresight-transaction-insight,5.2.0,True,no,,
tibco-foresight-transaction-insight,5.1.1,True,no,,
tibco-foresight-transaction-insight,5.1.0,True,no,,
tibco-foresight-transaction-insight-standard-edition,5.2.0,True,no,,
tibco-foresight-translator,4.2.0,False,no,,
tibco-foresight-translator,4.1.0,True,yes,11,Public
tibco-foresight-translator,4.0.0,True,yes,11,Public
tibco-foresight-translator,3.8.0,True,no,,
tibco-foresight-translator,3.7.0,True,no,,
tibco-foresight-translator,3.6.0,True,yes,17,Public
tibco-foresight-translator,3.5.0,True,yes,16,Public
tibco-foresight-translator,3.4.0,True,yes,17,Public
tibco-foresight-translator,3.3.0,True,yes,20,Public
tibco-foresight-translator,3.2.1,True,yes,19,Public
tibco-foresight-translator,3.2.0,True,yes,22,Public
tibco-foresight-translator,3.1.0,True,yes,22,Public
tibco-foresight-translator,3.0.0,True,yes,7,Public
tibco-foresight-translator-attachment-adapter,3.0.0,False,no,,
tibco-foresight-translator-attachment-adapter,2.0.0,False,no,,
tibco-foresight-translator-attachment-adapter,1.1.0,False,no,,
tibco-foresight-translator-attachment-adapter,1.0.0,False,no,,
tibco-formvine,3.3.3,True,no,,
tibco-formvine,3.3.1,True,no,,
tibco-formvine,3.3.0,True,no,,
tibco-formvine,3.2.2,True,no,,
tibco-formvine,3.2.1,True,no,,
tibco-formvine,2.0.5,True,no,,
tibco-formvine,2.0.4,True,no,,
tibco-formvine,2.0.2,True,no,,
tibco-formvine,2.0.1,True,no,,
tibco-ftl-enterprise-edition,7.3.0,False,yes,1209,Public
tibco-ftl-enterprise-edition,7.2.0,False,yes,1141,Public
tibco-ftl-enterprise-edition,7.1.2,False,yes,1186,Public
tibco-ftl-enterprise-edition,7.1.1,False,yes,1209,Public
tibco-ftl-enterprise-edition,7.1.0,False,yes,1206,Public
tibco-ftl-enterprise-edition,7.0.1,False,yes,1127,Public
tibco-ftl-enterprise-edition,7.0.0,False,yes,1117,Public
tibco-ftl-enterprise-edition,6.10.2,False,yes,1425,Public
tibco-ftl-enterprise-edition,6.10.1,False,yes,1110,Public
tibco-ftl-enterprise-edition,6.10.0,False,yes,1110,Public
tibco-ftl-enterprise-edition,6.9.1,True,no,,
tibco-ftl-enterprise-edition,6.9.0,True,no,,
tibco-ftl-enterprise-edition,6.8.1,True,no,,
tibco-ftl-enterprise-edition,6.8.0,True,no,,
tibco-ftl-enterprise-edition,6.7.4,True,no,,
tibco-ftl-enterprise-edition,6.7.3,True,no,,
tibco-ftl-enterprise-edition,6.7.2,True,no,,
tibco-ftl-enterprise-edition,6.7.1,True,no,,
tibco-ftl-enterprise-edition,6.7.0,True,no,,
tibco-ftl-enterprise-edition,6.6.1,True,no,,
tibco-ftl-enterprise-edition,6.6.0,True,no,,
tibco-ftl-enterprise-edition,6.5.0,True,no,,
tibco-ftl-enterprise-edition,6.4.0,True,no,,
tibco-ftl-enterprise-edition,6.3.1,True,no,,
tibco-ftl-enterprise-edition,6.3.0,True,no,,
tibco-ftl-enterprise-edition,6.2.0,True,no,,
tibco-ftl-enterprise-edition,6.1.0,True,no,,
tibco-ftl-enterprise-edition,6.0.1,True,no,,
tibco-ftl-enterprise-edition,6.0.0,True,no,,
tibco-ftl-enterprise-edition,5.4.2,True,no,,
tibco-ftl-enterprise-edition,5.4.1,True,no,,
tibco-ftl-enterprise-edition,5.4.0,True,no,,
tibco-ftl-enterprise-edition,5.3.2,True,no,,
tibco-ftl-enterprise-edition,5.3.1,True,no,,
tibco-ftl-enterprise-edition,5.3.0,True,no,,
tibco-ftl-enterprise-edition,5.2.1,True,no,,
tibco-ftl-enterprise-edition,5.2.0,True,no,,
tibco-ftl-enterprise-edition,5.1.0,True,no,,
tibco-ftl-enterprise-edition,5.0.0,True,no,,
tibco-ftl-enterprise-edition,4.3.0,True,no,,
tibco-ftl-enterprise-edition,4.2.0,True,no,,
tibco-ftl-enterprise-edition,4.1.0,True,no,,
tibco-ftl-enterprise-edition,4.0.0,True,no,,
tibco-ftl-enterprise-edition,3.1.0,True,no,,
tibco-ftl-enterprise-edition,3.0.0,True,no,,
tibco-ftl-enterprise-edition,2.1.0,True,no,,
tibco-ftl-enterprise-edition,2.0.1,True,no,,
tibco-ftl-enterprise-edition,2.0.0,True,no,,
tibco-ftl-enterprise-edition,1.1.0,True,no,,
tibco-ftl-enterprise-edition,1.0.0,True,no,,
tibco-fulfillment-orchestration-suite,1.0.0,False,no,,
tibco-fulfillment-provisioning,3.10.0,False,yes,662,Public
tibco-fulfillment-provisioning,3.9.0,True,yes,664,Public
tibco-fulfillment-provisioning,3.8.1,True,yes,882,Public
tibco-fulfillment-provisioning,3.8,True,yes,223,Public
tibco-fulfillment-provisioning,3.7,True,yes,2863,Public
tibco-fulfillment-provisioning,3.6,True,yes,5,Public
tibco-fulfillment-provisioning-client-adapter-for-bscs,3.10.0,False,no,,
tibco-fulfillment-provisioning-client-adapter-for-bscs,3.9.1,False,no,,
tibco-fulfillment-provisioning-client-adapter-for-files,3.9.0,False,no,,
tibco-fulfillment-provisioning-client-adapter-for-files,3.8.1,False,no,,
tibco-fulfillment-provisioning-client-adapter-for-http,3.9.0,False,no,,
tibco-fulfillment-provisioning-client-adapter-for-http,3.8.1,False,no,,
tibco-fulfillment-provisioning-load-balancer,3.10.0,False,no,,
tibco-fulfillment-provisioning-load-balancer,3.9.1,False,no,,
tibco-fulfillment-provisioning-load-balancer,3.9,False,no,,
tibco-fulfillment-provisioning-load-balancer,3.7,False,no,,
tibco-fulfillment-provisioning-session-layer-for-files,3.10.0,False,no,,
tibco-fulfillment-provisioning-session-layer-for-files,3.9.1,False,no,,
tibco-fulfillment-provisioning-session-layer-for-ftp,3.9.0,False,no,,
tibco-fulfillment-provisioning-session-layer-for-ftp,3.8.1,False,no,,
tibco-fulfillment-provisioning-session-layer-for-http,3.9.0,False,no,,
tibco-fulfillment-provisioning-session-layer-for-http,3.8.1,False,no,,
tibco-fulfillment-provisioning-session-layer-for-ldap,3.11.0,False,no,,
tibco-fulfillment-provisioning-session-layer-for-ldap,3.10.0,False,no,,
tibco-fulfillment-provisioning-session-layer-for-odbc,3.9.0,False,no,,
tibco-fulfillment-provisioning-session-layer-for-odbc,3.8.1,False,no,,
tibco-fulfillment-provisioning-session-layer-for-pad,3.9.0,False,no,,
tibco-fulfillment-provisioning-session-layer-for-pad,3.8.1,False,no,,
tibco-fulfillment-provisioning-session-layer-for-radius,3.9.0,False,no,,
tibco-fulfillment-provisioning-session-layer-for-radius,3.8.1,False,no,,
tibco-fulfillment-provisioning-session-layer-for-smpp,3.9.0,False,no,,
tibco-fulfillment-provisioning-session-layer-for-smpp,3.8.1,False,no,,
tibco-fulfillment-provisioning-session-layer-for-snmp,3.9.0,False,no,,
tibco-fulfillment-provisioning-session-layer-for-snmp,3.8.1,False,no,,
tibco-fulfillment-provisioning-session-layer-for-ssh,3.9.0,False,no,,
tibco-fulfillment-provisioning-session-layer-for-ssh,3.8.1,False,no,,
tibco-fulfillment-provisioning-session-layer-for-telnet,3.9.0,False,no,,
tibco-fulfillment-provisioning-session-layer-for-telnet,3.8.1,False,no,,
tibco-fulfillment-provisioning-session-layer-for-tftp,3.9.0,False,no,,
tibco-fulfillment-provisioning-session-layer-for-tftp,3.8.1,False,no,,
tibco-fulfillment-studio,1.0,False,no,,
tibco-fulfillment-subscriber-inventory,2.0.0,True,no,,
tibco-fulfillment-subscriber-inventory,1.0.1,True,no,,
tibco-fulfillment-subscriber-inventory,1.0.0,True,no,,
tibco-gemini-powered-by-apache-cassandra,5.0.2,False,no,,
tibco-gemini-powered-by-apache-cassandra,5.0.1,False,no,,
tibco-gemini-powered-by-apache-cassandra,5.0.0,False,no,,
tibco-gemini-powered-by-apache-cassandra,4.1.7,False,no,,
tibco-gemini-powered-by-apache-cassandra,4.1.5,False,no,,
tibco-gems,1.1.0,False,yes,8,Public
tibco-general-interface-enterprise-edition,3.9.2,False,no,,
tibco-general-interface-enterprise-edition,3.9.1,False,no,,
tibco-general-interface-enterprise-edition,3.9.0,False,no,,
tibco-geoanalytics,1.3.1,True,yes,3,Public
tibco-geoanalytics,1.2.4,True,yes,2,Public
tibco-geoanalytics-builder,1.9.3,True,yes,4,Public
tibco-graph-database-community-edition,3.1.0,True,yes,3,Public
tibco-graph-database-community-edition,1.1.0,True,yes,2,Public
tibco-graph-database-enterprise-edition,3.1.0,True,no,,
tibco-graph-database-enterprise-edition,3.0.0,True,no,,
tibco-graph-database-enterprise-edition,2.0.2,True,no,,
tibco-graph-database-enterprise-edition,2.0.1,True,no,,
tibco-graph-database-enterprise-edition,2.0.0,True,no,,
tibco-graph-database-enterprise-edition,1.1.1,True,no,,
tibco-graph-database-enterprise-edition,1.1.0,True,no,,
tibco-graph-database-enterprise-edition,1.0.0,True,no,,
tibco-graphical-rendezvous,1.1.0,False,yes,9,Public
tibco-hawk-activematrix-plug-in,1.2.0,False,no,,
tibco-hawk-activematrix-plug-in,1.1,False,no,,
tibco-hawk-container-edition,2.0.0,True,no,,
tibco-hawk-container-edition,1.0.0,True,no,,
tibco-hawk-database-adapter,6.2.1,False,no,,
tibco-hawk-database-adapter,6.2.0,False,no,,
tibco-hawk-database-adapter,6.0.0,True,no,,
tibco-hawk-database-adapter,5.2.0,True,no,,
tibco-hawk-database-adapter,5.1.0,False,no,,
tibco-hawk-database-adapter,4.6.0,True,no,,
tibco-hawk-jmx-plug-in,6.0.0,False,no,,
tibco-hawk-jmx-plug-in,5.2.0,True,no,,
tibco-hawk-jmx-plug-in,2.1.0,False,no,,
tibco-hawk-microagent-for-tibco-activematrix-businessworks-6,6.8.0,False,yes,69,Public
tibco-hawk-microagent-for-tibco-activematrix-businessworks-6,6.7.2,False,yes,66,Public
tibco-hawk-microagent-for-tibco-activematrix-businessworks-6,6.7.1,False,yes,55,Public
tibco-hawk-microagent-for-tibco-activematrix-businessworks-6,6.7.0,False,yes,54,Public
tibco-hawk-microagent-for-tibco-activematrix-businessworks-6,6.6.2,False,yes,60,Public
tibco-hawk-microagent-for-tibco-activematrix-businessworks-6,6.6.1,False,yes,60,Public
tibco-hawk-microagent-for-tibco-activematrix-businessworks-6,6.6.0,True,no,,
tibco-hawk-microagent-for-tibco-activematrix-businessworks-6,6.5.0,True,no,,
tibco-hawk-microagent-for-tibco-businessworks-container-edition,2.2.0,False,yes,24,Public
tibco-hawk-microagent-for-tibco-businessworks-container-edition,2.1.1,False,yes,24,Public
tibco-hawk-microagent-for-tibco-businessworks-container-edition,2.1.0,False,yes,24,Public
tibco-hawk-microagent-for-tibco-businessworks-container-edition,2.0.0,False,yes,21,Public
tibco-hawk-microagent-for-tibco-businessworks-container-edition,1.0.0,True,no,,
tibco-hawk-microagent-for-tibco-ftl-tibco-eftl,1.1.0,False,no,,
tibco-hawk-microagent-for-tibco-ftl-tibco-eftl,1.0.0,True,no,,
tibco-hawk-snmp-adapter,6.0.0,True,yes,86,Public
tibco-hawk-snmp-adapter,5.2.0,True,yes,88,Public
tibco-hawk-snmp-adapter,5.1.0,True,yes,90,Public
tibco-hawk-snmp-adapter,4.9.0,True,no,,
tibco-health-essentials-cloud,Cloud,False,no,,
tibco-hybrid-integration,3.14.0,False,yes,4,Public
tibco-hybrid-integration,3.13.0,False,yes,4,Public
tibco-hybrid-integration,3.12.0,False,yes,4,Public
tibco-hybrid-integration,3.11.0,False,yes,4,Public
tibco-hybrid-integration,3.10.0,False,yes,4,Public
tibco-hybrid-integration,3.9.0,False,yes,4,Public
tibco-hybrid-integration,3.8.0,False,yes,4,Public
tibco-hybrid-integration,3.7.0,False,yes,4,Public
tibco-hybrid-integration,3.6.0,False,yes,4,Public
tibco-hybrid-integration,3.5.0,False,yes,4,Public
tibco-hybrid-integration,3.4.0,False,yes,4,Public
tibco-hybrid-integration,3.3.0,True,no,,
tibco-hybrid-integration,3.2.0,True,no,,
tibco-hybrid-integration,3.1.0,True,no,,
tibco-hybrid-integration,3.0.0,True,no,,
tibco-hybrid-integration,2.9.1,True,no,,
tibco-hybrid-integration,2.9.0,True,no,,
tibco-hybrid-integration,2.8.0,True,no,,
tibco-hybrid-integration,2.7.0,True,no,,
tibco-hybrid-integration,2.6.1,True,no,,
tibco-hybrid-integration,2.6.0,True,no,,
tibco-hybrid-integration,2.5.0,True,no,,
tibco-hybrid-integration,2.3.0,True,no,,
tibco-hybrid-integration,2.2.0,True,no,,
tibco-hybrid-integration,2.1.1,True,no,,
tibco-hybrid-integration,2.1.0,True,no,,
tibco-hybrid-integration,2.0.0,True,no,,
tibco-hybrid-integration,1.8.0,True,no,,
tibco-hybrid-integration,1.7.0,True,no,,
tibco-hybrid-integration,1.6.0,True,no,,
tibco-hybrid-integration,1.5.0,True,no,,
tibco-hybrid-integration,1.4.0,True,no,,
tibco-hybrid-integration,1.3.0,True,no,,
tibco-hybrid-integration,1.2.0,True,no,,
tibco-hybrid-integration,1.1.0,True,no,,
tibco-hybrid-integration,1.0.0,True,no,,
tibco-hybrid-integration-connectivity-add-on,3.11.0,False,no,,
tibco-hybrid-integration-connectivity-add-on,3.9.0,False,no,,
tibco-hybrid-integration-connectivity-add-on,3.8.0,False,no,,
tibco-hybrid-integration-connectivity-add-on,3.7.0,False,no,,
tibco-hybrid-integration-connectivity-add-on,3.6.0,False,no,,
tibco-hybrid-integration-connectivity-add-on,3.5.1,False,no,,
tibco-hybrid-integration-connectivity-add-on,3.5.0,False,no,,
tibco-hybrid-integration-connectivity-add-on,3.3.0,False,no,,
tibco-hybrid-integration-connectivity-add-on,3.2.0,False,no,,
tibco-hybrid-integration-connectivity-add-on,3.1.0,False,no,,
tibco-hybrid-integration-connectivity-add-on,3.0.0,False,no,,
tibco-hybrid-integration-connectivity-add-on,2.9.1,False,no,,
tibco-hybrid-integration-connectivity-add-on,2.9.0,False,no,,
tibco-hybrid-integration-connectivity-add-on,2.7.0,False,no,,
tibco-hybrid-integration-connectivity-add-on,2.6.1,False,no,,
tibco-hybrid-integration-connectivity-add-on,2.6.0,False,no,,
tibco-hybrid-integration-connectivity-add-on,2.5.1,False,no,,
tibco-hybrid-integration-connectivity-add-on,2.5.0,False,no,,
tibco-hybrid-integration-connectivity-add-on,2.4.0,False,no,,
tibco-hybrid-integration-connectivity-add-on,2.3.0,False,no,,
tibco-hybrid-integration-connectivity-add-on,2.2.0,False,no,,
tibco-hybrid-integration-connectivity-add-on,2.1.0,False,no,,
tibco-hybrid-integration-connectivity-add-on,2.0.0,False,no,,
tibco-hybrid-integration-connectivity-add-on,1.8.0,False,no,,
tibco-hybrid-integration-connectivity-add-on,1.7.0,False,no,,
tibco-hybrid-integration-connectivity-add-on,1.5.0,False,no,,
tibco-hybrid-integration-connectivity-add-on,1.4.0,False,no,,
tibco-hybrid-integration-connectivity-add-on,1.3.0,False,no,,
tibco-hybrid-integration-connectivity-add-on,1.2.0,False,no,,
tibco-hybrid-integration-connectivity-add-on,1.1.0,False,no,,
tibco-hybrid-integration-connectivity-add-on,1.0.0,False,no,,
tibco-integration,3.16.0,False,yes,3,Public
tibco-integration,3.15.0,False,yes,4,Public
tibco-integration,3.14.0,False,yes,4,Public
tibco-integration,3.13.0,False,yes,4,Public
tibco-integration,3.12.0,False,yes,4,Public
tibco-integration,3.11.0,False,yes,4,Public
tibco-integration,3.10.1,False,yes,4,Public
tibco-integration,3.10.0,False,yes,4,Public
tibco-integration,3.9.0,False,yes,4,Public
tibco-integration,3.8.0,False,yes,4,Public
tibco-integration,3.7.0,False,yes,4,Public
tibco-integration,3.6.0,False,yes,4,Public
tibco-integration,3.5.0,False,yes,4,Public
tibco-integration,3.4.0,False,yes,4,Public
tibco-integration,3.3.0,True,no,,
tibco-integration,3.2.0,True,no,,
tibco-integration,3.1.0,True,no,,
tibco-integration,3.0.0,True,no,,
tibco-integration,2.9.1,True,no,,
tibco-integration,2.9.0,True,no,,
tibco-integration,2.8.0,True,no,,
tibco-integration,2.7.0,True,no,,
tibco-integration,2.6.1,True,no,,
tibco-integration,2.6.0,True,no,,
tibco-integration,2.5.0,True,no,,
tibco-integration,2.4.0,True,no,,
tibco-integration,2.3.0,True,no,,
tibco-integration,2.2.0,True,no,,
tibco-integration,2.1.1,True,no,,
tibco-integration,2.1.0,True,no,,
tibco-integration,2.0.0,True,no,,
tibco-integration,1.7.0,True,no,,
tibco-integration,1.6.0,True,no,,
tibco-integration,1.5.0,True,no,,
tibco-integration,1.4.0,True,no,,
tibco-integration,1.3.0,True,no,,
tibco-integration,1.2.0,True,no,,
tibco-integration,1.1.0,True,no,,
tibco-integration-connectivity-add-on,3.10.1,False,no,,
tibco-integration-connectivity-add-on,3.10.0,False,no,,
tibco-integration-connectivity-add-on,3.9.0,False,no,,
tibco-integration-connectivity-add-on,3.8.0,False,no,,
tibco-integration-connectivity-add-on,3.7.0,False,no,,
tibco-integration-connectivity-add-on,3.6.0,False,no,,
tibco-integration-connectivity-add-on,3.5.0,False,no,,
tibco-integration-connectivity-add-on,3.4.1,False,no,,
tibco-integration-connectivity-add-on,3.4.0,False,no,,
tibco-integration-connectivity-add-on,3.3.0,False,no,,
tibco-integration-connectivity-add-on,3.2.0,False,no,,
tibco-integration-connectivity-add-on,3.1.0,False,no,,
tibco-integration-connectivity-add-on,3.0.0,False,no,,
tibco-integration-connectivity-add-on,2.9.1,False,no,,
tibco-integration-connectivity-add-on,2.9.0,False,no,,
tibco-integration-connectivity-add-on,2.7.0,False,no,,
tibco-integration-connectivity-add-on,2.6.1,False,no,,
tibco-integration-connectivity-add-on,2.6.0,False,no,,
tibco-integration-connectivity-add-on,2.5.2,False,no,,
tibco-integration-connectivity-add-on,2.5.1,False,no,,
tibco-integration-connectivity-add-on,2.5.0,False,no,,
tibco-integration-connectivity-add-on,2.4.0,False,no,,
tibco-integration-connectivity-add-on,2.3.0,False,no,,
tibco-integration-connectivity-add-on,2.2.0,False,no,,
tibco-integration-connectivity-add-on,2.1.1,False,no,,
tibco-integration-connectivity-add-on,2.1.0,False,no,,
tibco-integration-connectivity-add-on,2.0.0,False,no,,
tibco-integration-connectivity-add-on,1.7.0,False,no,,
tibco-integration-connectivity-add-on,1.6.0,False,no,,
tibco-integration-connectivity-add-on,1.2.0,False,no,,
tibco-integration-connectivity-add-on,1.1.0,False,no,,
tibco-integration-connectivity-add-on,1.0.0,False,no,,
tibco-integration-connectivity-for-tibco-platform,1.3.0,False,yes,4,Public
tibco-integration-connectivity-for-tibco-platform,1.2.0,False,yes,4,Public
tibco-integration-connectivity-for-tibco-platform,1.1.0,False,yes,4,Public
tibco-integration-connectivity-for-tibco-platform,1.0.0,False,yes,1,Public
tibco-integration-for-tibco-platform,1.6.0,False,yes,4,Public
tibco-integration-for-tibco-platform,1.5.0,False,yes,4,Public
tibco-integration-for-tibco-platform,1.4.0,False,yes,4,Public
tibco-integration-for-tibco-platform,1.3.0,False,yes,4,Public
tibco-integration-for-tibco-platform,1.2.0,False,yes,4,Public
tibco-integration-for-tibco-platform,1.1.0,False,yes,4,Public
tibco-integration-for-tibco-platform,1.0.0,False,yes,2,Public
tibco-iprocess-client-asp,9.2,False,no,,
tibco-iprocess-client-jsp,9.2,False,no,,
tibco-iprocess-conductor,11.2.1,False,no,,
tibco-iprocess-decisions,5.4.1,False,no,,
tibco-iprocess-decisions,4.3.2,False,no,,
tibco-iprocess-engine,11.10.0,False,yes,2222,Public
tibco-iprocess-engine,11.9.2,False,no,,
tibco-iprocess-engine,11.9.1,False,yes,2180,Public
tibco-iprocess-engine,11.9.0,False,yes,2395,Public
tibco-iprocess-engine,11.8.1,False,yes,1855,Public
tibco-iprocess-engine,11.8.0,True,yes,1856,Public
tibco-iprocess-engine,11.7.0,True,no,,
tibco-iprocess-engine,11.6.1,True,no,,
tibco-iprocess-engine,11.6.0,True,no,,
tibco-iprocess-engine,11.5.0,True,no,,
tibco-iprocess-engine,11.4.1,True,no,,
tibco-iprocess-engine,11.4.0,True,no,,
tibco-iprocess-engine,11.3.1,True,no,,
tibco-iprocess-engine,11.3.0,True,no,,
tibco-iprocess-engine,11.1.0,True,no,,
tibco-iprocess-modeler,11.4.0,False,no,,
tibco-iprocess-modeler,11.3.1,False,no,,
tibco-iprocess-modeler,11.3,False,no,,
tibco-iprocess-modeler,11.1,False,no,,
tibco-iprocess-objects,10.x,False,no,,
tibco-iprocess-server-objects-java,11.10.0,False,yes,6,Public
tibco-iprocess-server-objects-java,11.9.0,False,yes,6,Public
tibco-iprocess-server-objects-java,11.4.1,False,yes,5,Public
tibco-iprocess-server-objects-java,11.4.0,False,yes,5,Public
tibco-iprocess-server-objects-java,11.3.0,True,no,,
tibco-iprocess-server-objects-net,11.10.0,False,yes,6,Public
tibco-iprocess-server-objects-net,11.9.0,False,yes,6,Public
tibco-iprocess-server-objects-net,11.4.1,False,yes,5,Public
tibco-iprocess-server-objects-net,11.4.0,False,yes,5,Public
tibco-iprocess-server-objects-net,11.3.0,True,no,,
tibco-iprocess-suite,1.0.0,False,no,,
tibco-iprocess-technology-plug-ins,11.10.0,False,yes,280,Public
tibco-iprocess-technology-plug-ins,11.9.2,False,yes,282,Public
tibco-iprocess-technology-plug-ins,11.9.0,False,yes,279,Public
tibco-iprocess-technology-plug-ins,11.8.1,False,yes,125,Public
tibco-iprocess-technology-plug-ins,11.8.0,False,yes,126,Public
tibco-iprocess-technology-plug-ins,11.7.0,True,yes,126,Public
tibco-iprocess-technology-plug-ins,11.6.2,True,yes,239,Public
tibco-iprocess-technology-plug-ins,11.6.1,True,no,,
tibco-iprocess-technology-plug-ins,11.6.0,True,yes,239,Public
tibco-iprocess-technology-plug-ins,11.5.0,True,no,,
tibco-iprocess-technology-plug-ins,11.4.1,True,no,,
tibco-iprocess-technology-plug-ins,11.4.0,True,no,,
tibco-iprocess-technology-plug-ins,11.3.1,True,no,,
tibco-iprocess-technology-plug-ins,11.3.0,True,no,,
tibco-iprocess-web-services-client-plug-in,11.9.0,False,no,,
tibco-iprocess-web-services-client-plug-in,11.8.1,False,no,,
tibco-iprocess-web-services-client-plug-in,11.8.0,False,no,,
tibco-iprocess-web-services-client-plug-in,10.6.0,True,no,,
tibco-iprocess-web-services-server-plug-in,11.9.0,False,no,,
tibco-iprocess-web-services-server-plug-in,11.8.1,False,no,,
tibco-iprocess-web-services-server-plug-in,11.8.0,False,no,,
tibco-iprocess-web-services-server-plug-in,11.3,False,no,,
tibco-iprocess-web-services-server-plug-in,10.6.1,True,no,,
tibco-iprocess-workspace-browser,11.10.0,False,yes,677,Public
tibco-iprocess-workspace-browser,11.9.0,True,yes,675,Public
tibco-iprocess-workspace-browser,11.8.1,True,yes,10,Public
tibco-iprocess-workspace-browser,11.8.0,True,yes,332,Public
tibco-iprocess-workspace-browser,11.6.0,True,no,,
tibco-iprocess-workspace-browser,11.4.1,True,no,,
tibco-iprocess-workspace-browser,11.4.0,True,no,,
tibco-iprocess-workspace-browser,11.3.1,True,no,,
tibco-iprocess-workspace-lite,1.2,False,no,,
tibco-iprocess-workspace-plug-ins,11.10.0,False,yes,35,Public
tibco-iprocess-workspace-plug-ins,11.9.0,False,yes,33,Public
tibco-iprocess-workspace-plug-ins,11.8.1,False,yes,4,Public
tibco-iprocess-workspace-plug-ins,11.8.0,False,yes,5,Public
tibco-iprocess-workspace-plug-ins,11.7.0,True,yes,5,Public
tibco-iprocess-workspace-plug-ins,11.6.2,True,no,,
tibco-iprocess-workspace-plug-ins,11.6.1,True,no,,
tibco-iprocess-workspace-plug-ins,11.6.0,True,no,,
tibco-iprocess-workspace-plug-ins,11.5.0,True,no,,
tibco-iprocess-workspace-plug-ins,11.4.1,True,no,,
tibco-iprocess-workspace-plug-ins,11.4.0,True,no,,
tibco-iprocess-workspace-plug-ins,11.3.1,True,no,,
tibco-iprocess-workspace-plug-ins,11.3.0,True,no,,
tibco-iprocess-workspace-plug-ins,11.2.0,True,no,,
tibco-iprocess-workspace-windows,11.10.0,False,yes,1093,Public
tibco-iprocess-workspace-windows,11.9.2,False,yes,1057,Public
tibco-iprocess-workspace-windows,11.9.0,True,yes,1050,Public
tibco-iprocess-workspace-windows,11.8.0,True,yes,537,Public
tibco-iprocess-workspace-windows,11.7.0,True,no,,
tibco-iprocess-workspace-windows,11.6.1,True,no,,
tibco-iprocess-workspace-windows,11.6.0,True,no,,
tibco-iprocess-workspace-windows,11.5.0,True,no,,
tibco-iprocess-workspace-windows,11.4.2,True,no,,
tibco-iprocess-workspace-windows,11.4.1,True,no,,
tibco-iprocess-workspace-windows,11.4.0,True,no,,
tibco-iprocess-workspace-windows,11.3.1,True,no,,
tibco-iprocess-workspace-windows,11.3.0,True,no,,
tibco-iprocess-workspace-windows,11.1.3,True,no,,
tibco-it-operations-analytics,3.0.0,True,yes,3,Public
tibco-it-operations-analytics,2.0.0,True,yes,2,Public
tibco-it-operations-analytics,1.0.0,True,yes,2,Public
tibco-iway-business-activity-monitor,8.0.5,False,no,,
tibco-iway-trading-partner-manager,8.0.5,False,no,,
tibco-kabira-adapter-factory-for-java,5.8.3,False,no,,
tibco-kabira-adapter-factory-for-persistence,5.8.3,False,no,,
tibco-kabira-adapter-factory-for-snmp,5.9.5,False,no,,
tibco-kabira-builder,3.6.5,False,no,,
tibco-live-datamart,10.3.0,True,yes,3961,Public
tibco-live-datamart,10.2.1,True,yes,3161,Public
tibco-live-datamart,10.2.0,True,yes,2718,Public
tibco-live-datamart,2.2.8,True,yes,3783,Public
tibco-live-datamart,2.2.7,True,yes,3780,Public
tibco-live-datamart,2.2.6,True,yes,3782,Public
tibco-live-datamart,2.2.5,True,yes,3104,Public
tibco-live-datamart,2.2.4,True,yes,3112,Public
tibco-live-datamart,2.2.3,True,yes,3082,Public
tibco-live-datamart,2.2.2,True,yes,3066,Public
tibco-live-datamart,2.2.1,True,yes,3059,Public
tibco-live-datamart,2.2.0,True,yes,3041,Public
tibco-live-datamart,2.1.8,True,yes,3036,Public
tibco-live-datamart,2.1.7,True,yes,3021,Public
tibco-live-datamart,2.1.6,True,yes,3003,Public
tibco-live-datamart,2.1.5,True,yes,3001,Public
tibco-live-datamart,2.1.4,True,yes,3023,Public
tibco-live-datamart,2.1.3,True,yes,3013,Public
tibco-live-datamart,2.1.2,True,yes,2971,Public
tibco-live-datamart,2.1.1,True,yes,2871,Public
tibco-live-datamart,2.1.0,True,yes,2806,Public
tibco-live-datamart,(uncatalogued leaf tibco-live-datamart-standard-edition-2-2-4),,yes,,
tibco-live-datamart-standard-edition,2.2.8,True,yes,3,Public
tibco-live-datamart-standard-edition,2.2.7,True,yes,3,Public
tibco-live-datamart-standard-edition,2.2.6,True,yes,3,Public
tibco-liveview-desktop,2.7.0,True,yes,3,Public
tibco-liveview-desktop,2.6.4,True,yes,4,Public
tibco-liveview-desktop,2.6.3,True,yes,3,Public
tibco-liveview-desktop,2.6.2,True,yes,4,Public
tibco-liveview-desktop,2.6.1,True,yes,4,Public
tibco-liveview-desktop,2.6.0,True,yes,3,Public
tibco-liveview-desktop,2.5.0,True,yes,5,Public
tibco-liveview-desktop,2.4.1,True,yes,4,Public
tibco-liveview-desktop,2.4.0,True,yes,4,Public
tibco-liveview-desktop,2.3.1,True,yes,3,Public
tibco-liveview-desktop,2.1.8,True,yes,3036,Public
tibco-liveview-desktop,2.1.7,True,yes,3019,Public
tibco-liveview-desktop,2.1.6,True,yes,3003,Public
tibco-liveview-desktop,2.1.5,True,yes,3001,Public
tibco-liveview-desktop,2.1.4,True,yes,3023,Public
tibco-liveview-desktop,2.1.3,True,yes,3013,Public
tibco-liveview-desktop,2.1.2,True,yes,2971,Public
tibco-liveview-desktop,2.1.1,True,yes,2871,Public
tibco-liveview-desktop,2.1.0,True,yes,2806,Public
tibco-liveview-desktop,2.0.6,True,yes,2,Public
tibco-liveview-desktop,2.0.5,True,yes,2789,Public
tibco-liveview-desktop,2.0.4,True,yes,2788,Public
tibco-liveview-desktop,2.0.3,True,yes,2763,Public
tibco-liveview-desktop,2.0.2,True,yes,3,Public
tibco-liveview-desktop,2.0.1,True,yes,3,Public
tibco-liveview-desktop,2.0.0,True,yes,3,Public
tibco-liveview-desktop,1.6.4,True,yes,2,Public
tibco-liveview-desktop,1.6.0,True,yes,483,Public
tibco-liveview-desktop,1.5.7,True,yes,2,Public
tibco-loglogic,-,True,no,,
tibco-loglogic-compliance-manager,2.1.1,True,no,,
tibco-loglogic-compliance-manager,2.1.0,True,no,,
tibco-loglogic-compliance-manager,2.0.0,True,no,,
tibco-loglogic-compliance-suite-fisma-edition,4.0.0,True,no,,
tibco-loglogic-compliance-suite-fisma-edition,3.9.0,True,no,,
tibco-loglogic-compliance-suite-fisma-edition,3.8.0,True,no,,
tibco-loglogic-compliance-suite-fisma-edition,3.7.0,True,no,,
tibco-loglogic-compliance-suite-fisma-edition,3.6.0,True,no,,
tibco-loglogic-compliance-suite-fisma-edition,3.5.0,True,no,,
tibco-loglogic-compliance-suite-fisma-edition,3.4.0,True,no,,
tibco-loglogic-compliance-suite-gdpr-enterprise-edition,4.0.0,False,no,,
tibco-loglogic-compliance-suite-gdpr-enterprise-edition,3.9.0,False,no,,
tibco-loglogic-compliance-suite-gpg-13-edition,4.0.0,False,no,,
tibco-loglogic-compliance-suite-gpg-13-edition,3.9.0,True,yes,29,Public
tibco-loglogic-compliance-suite-hipaa-edition,4.0.0,True,no,,
tibco-loglogic-compliance-suite-hipaa-edition,3.9.0,True,no,,
tibco-loglogic-compliance-suite-hipaa-edition,3.8.0,True,no,,
tibco-loglogic-compliance-suite-hipaa-edition,3.7.0,True,no,,
tibco-loglogic-compliance-suite-hipaa-edition,3.6.0,True,no,,
tibco-loglogic-compliance-suite-hipaa-edition,3.5.0,True,no,,
tibco-loglogic-compliance-suite-hipaa-edition,3.4.0,True,no,,
tibco-loglogic-compliance-suite-hipaa-edition,3.3.0,True,no,,
tibco-loglogic-compliance-suite-hipaa-edition,3.2.0,True,no,,
tibco-loglogic-compliance-suite-iso-edition,4.0.0,True,no,,
tibco-loglogic-compliance-suite-iso-edition,3.9.0,True,no,,
tibco-loglogic-compliance-suite-iso-edition,3.8.0,True,no,,
tibco-loglogic-compliance-suite-iso-edition,3.7.0,True,no,,
tibco-loglogic-compliance-suite-iso-edition,3.6.0,True,no,,
tibco-loglogic-compliance-suite-iso-edition,3.5.0,True,no,,
tibco-loglogic-compliance-suite-iso-edition,3.4.0,True,no,,
tibco-loglogic-compliance-suite-iso-edition,3.3.0,True,no,,
tibco-loglogic-compliance-suite-iso-edition,3.2.0,True,no,,
tibco-loglogic-compliance-suite-itil-edition,4.0.0,True,no,,
tibco-loglogic-compliance-suite-itil-edition,3.9.0,True,no,,
tibco-loglogic-compliance-suite-itil-edition,3.8.0,True,no,,
tibco-loglogic-compliance-suite-itil-edition,3.7.0,True,no,,
tibco-loglogic-compliance-suite-itil-edition,3.6.0,True,no,,
tibco-loglogic-compliance-suite-itil-edition,3.5.0,True,no,,
tibco-loglogic-compliance-suite-itil-edition,3.4.0,True,no,,
tibco-loglogic-compliance-suite-itil-edition,3.3.0,True,no,,
tibco-loglogic-compliance-suite-itil-edition,3.2.0,True,no,,
tibco-loglogic-compliance-suite-nerc-edition,4.0.0,True,no,,
tibco-loglogic-compliance-suite-nerc-edition,3.9.0,True,no,,
tibco-loglogic-compliance-suite-nerc-edition,3.8.0,True,no,,
tibco-loglogic-compliance-suite-nerc-edition,3.7.0,True,no,,
tibco-loglogic-compliance-suite-nerc-edition,3.6.0,True,no,,
tibco-loglogic-compliance-suite-nerc-edition,3.5.0,True,no,,
tibco-loglogic-compliance-suite-nerc-edition,3.4.0,True,no,,
tibco-loglogic-compliance-suite-nerc-edition,3.3.0,True,no,,
tibco-loglogic-compliance-suite-nerc-edition,3.2.0,True,no,,
tibco-loglogic-compliance-suite-pci-edition,4.0.0,True,no,,
tibco-loglogic-compliance-suite-pci-edition,3.9.0,True,no,,
tibco-loglogic-compliance-suite-pci-edition,3.8.0,True,no,,
tibco-loglogic-compliance-suite-pci-edition,3.7.0,True,no,,
tibco-loglogic-compliance-suite-pci-edition,3.6.0,True,no,,
tibco-loglogic-compliance-suite-pci-edition,3.5.0,True,no,,
tibco-loglogic-compliance-suite-pci-edition,3.4.0,True,no,,
tibco-loglogic-compliance-suite-pci-edition,3.3.0,True,no,,
tibco-loglogic-compliance-suite-pci-edition,3.2.0,True,no,,
tibco-loglogic-compliance-suite-sarbanes-oxley-edition,4.0.0,True,no,,
tibco-loglogic-compliance-suite-sarbanes-oxley-edition,3.9.0,True,no,,
tibco-loglogic-compliance-suite-sarbanes-oxley-edition,3.8.0,True,no,,
tibco-loglogic-compliance-suite-sarbanes-oxley-edition,3.7.0,True,no,,
tibco-loglogic-compliance-suite-sarbanes-oxley-edition,3.6.0,True,no,,
tibco-loglogic-compliance-suite-sarbanes-oxley-edition,3.5.0,True,no,,
tibco-loglogic-compliance-suite-sarbanes-oxley-edition,3.4.0,True,no,,
tibco-loglogic-compliance-suite-sarbanes-oxley-edition,3.3.0,True,no,,
tibco-loglogic-compliance-suite-sarbanes-oxley-edition,3.2.0,True,no,,
tibco-loglogic-database-security-manager-server,4.2.1,True,no,,
tibco-loglogic-database-security-manager-vulnerability-assessment,4.2.1,True,no,,
tibco-loglogic-enterprise-virtual-appliance,6.4.0,True,no,,
tibco-loglogic-enterprise-virtual-appliance,6.3.1,True,no,,
tibco-loglogic-enterprise-virtual-appliance,6.3.0,True,no,,
tibco-loglogic-enterprise-virtual-appliance,6.2.1,True,no,,
tibco-loglogic-enterprise-virtual-appliance,6.2.0,True,no,,
tibco-loglogic-enterprise-virtual-appliance,6.1.1,True,no,,
tibco-loglogic-enterprise-virtual-appliance,6.1.0,True,no,,
tibco-loglogic-enterprise-virtual-appliance,5.7.0,True,no,,
tibco-loglogic-enterprise-virtual-appliance,5.6.3,True,no,,
tibco-loglogic-enterprise-virtual-appliance,5.6.1,True,no,,
tibco-loglogic-enterprise-virtual-appliance,5.6.0,True,no,,
tibco-loglogic-enterprise-virtual-appliance,5.5.1,True,no,,
tibco-loglogic-enterprise-virtual-appliance,5.5.0,True,no,,
tibco-loglogic-enterprise-virtual-appliance,5.4.2,True,no,,
tibco-loglogic-enterprise-virtual-appliance,5.4.1,True,no,,
tibco-loglogic-enterprise-virtual-appliance,5.4.0,True,no,,
tibco-loglogic-enterprise-virtual-appliance,5.3.1,True,no,,
tibco-loglogic-enterprise-virtual-appliance,5.3.0,True,no,,
tibco-loglogic-enterprise-virtual-appliance-container-edition,6.4.0,False,no,,
tibco-loglogic-enterprise-virtual-appliance-container-edition,6.3.1,False,no,,
tibco-loglogic-log-management-intelligence,6.4.0,True,no,,
tibco-loglogic-log-management-intelligence,6.3.1,True,no,,
tibco-loglogic-log-management-intelligence,6.3.0,True,no,,
tibco-loglogic-log-management-intelligence,6.2.1,True,no,,
tibco-loglogic-log-management-intelligence,6.2.0,True,no,,
tibco-loglogic-log-management-intelligence,6.1.1,True,no,,
tibco-loglogic-log-management-intelligence,6.1.0,True,no,,
tibco-loglogic-log-management-intelligence,5.7.0,True,no,,
tibco-loglogic-log-management-intelligence,5.6.3,True,no,,
tibco-loglogic-log-management-intelligence,5.6.2,True,no,,
tibco-loglogic-log-management-intelligence,5.6.1,True,no,,
tibco-loglogic-log-management-intelligence,5.6.0,True,no,,
tibco-loglogic-log-management-intelligence,5.5.1,True,no,,
tibco-loglogic-log-management-intelligence,5.5.0,True,no,,
tibco-loglogic-log-management-intelligence,5.4.2,True,no,,
tibco-loglogic-log-management-intelligence,5.4.1,True,no,,
tibco-loglogic-log-management-intelligence,5.4.0,True,no,,
tibco-loglogic-log-management-intelligence,5.3.1,True,no,,
tibco-loglogic-log-management-intelligence,5.3.0,True,no,,
tibco-loglogic-log-management-intelligence,5.1.0,True,no,,
tibco-loglogic-log-source-packages,34.1.0,True,no,,
tibco-loglogic-management-center,2.1.1,True,no,,
tibco-loglogic-management-center,2.1.0,True,no,,
tibco-loglogic-management-center,2.0.0,True,no,,
tibco-loglogic-unity,2.6.0,True,no,,
tibco-loglogic-unity,2.5.0,True,no,,
tibco-loglogic-unity,2.4.0,True,no,,
tibco-loglogic-unity,2.3.0,True,no,,
tibco-loglogic-unity,2.2.0,True,no,,
tibco-loglogic-unity,2.1.0,True,no,,
tibco-loglogic-unity,2.0.0,True,no,,
tibco-loglogic-unity,1.1.1,True,no,,
tibco-loglogic-unity,1.0.0,True,no,,
tibco-loglogic-unity-plug-in-for-activematrix-businessworks,1.0.0,True,no,,
tibco-loglogic-universal-collector,2.9.0,True,no,,
tibco-loglogic-universal-collector,2.8.0,True,no,,
tibco-loglogic-universal-collector,2.7.0,True,no,,
tibco-loglogic-universal-collector,2.6.0,True,no,,
tibco-loglogic-universal-collector,2.5.0,True,no,,
tibco-loglogic-universal-collector,2.4.0,True,no,,
tibco-loglogic-universal-collector,2.3.0,True,no,,
tibco-loglogic-universal-collector,2.2.0,True,no,,
tibco-loglogic-visual-analytics,2.2.0,True,no,,
tibco-loglogic-visual-analytics,2.1.0,True,no,,
tibco-loglogic-visual-analytics,2.0.0,True,no,,
tibco-mainframe-red,3.1.0,False,yes,256,Public
tibco-mainframe-red,2.5.1,True,no,,
tibco-mainframe-red,2.5.0,True,no,,
tibco-mainframe-red,2.4.0,True,no,,
tibco-mainframe-red,2.3.1,True,no,,
tibco-mainframe-red,2.3.0,True,no,,
tibco-mainframe-red,2.2.0,True,no,,
tibco-mainframe-red,2.1.0,True,no,,
tibco-mainframe-red,2.0.0,True,no,,
tibco-mainframe-red,1.1.0,True,no,,
tibco-mainframe-red,1.0.0,True,no,,
tibco-mainframe-service-tracker,1.2.0,False,no,,
tibco-mainframe-tcp-library,3.0.0,False,no,,
tibco-mainframe-tcp-library,2.5.0,False,no,,
tibco-mainframe-tcp-library,2.1.0,False,no,,
tibco-mainframe-webui,3.0.0,False,no,,
tibco-mainframe-webui,2.5.0,False,no,,
tibco-mainframe-webui,2.4.0,False,no,,
tibco-mainframe-webui,2.2.0,False,no,,
tibco-mainframe-webui,2.1.0,False,no,,
tibco-mainframe-webui,2.0.0,False,no,,
tibco-mainframe-webui,1.1.0,False,no,,
tibco-mainframe-webui,1.0.0,False,no,,
tibco-managed-file-transfer-command-center,8.7.1,False,yes,994,Public
tibco-managed-file-transfer-command-center,8.7.0,False,yes,993,Public
tibco-managed-file-transfer-command-center,8.6.0,False,yes,988,Public
tibco-managed-file-transfer-command-center,8.5.2,False,yes,934,Public
tibco-managed-file-transfer-command-center,8.5.1,False,yes,937,Public
tibco-managed-file-transfer-command-center,8.5.0,False,yes,939,Public
tibco-managed-file-transfer-command-center,8.4.4,False,yes,1126,Public
tibco-managed-file-transfer-command-center,8.4.3,False,yes,1127,Public
tibco-managed-file-transfer-command-center,8.4.2,True,no,,
tibco-managed-file-transfer-command-center,8.4.1,True,no,,
tibco-managed-file-transfer-command-center,8.4.0,True,no,,
tibco-managed-file-transfer-command-center,8.3.2,True,no,,
tibco-managed-file-transfer-command-center,8.3.1,True,no,,
tibco-managed-file-transfer-command-center,8.3.0,True,no,,
tibco-managed-file-transfer-command-center,8.2.2,True,no,,
tibco-managed-file-transfer-command-center,8.2.1,True,no,,
tibco-managed-file-transfer-command-center,8.2.0,True,no,,
tibco-managed-file-transfer-command-center,8.1.1,True,no,,
tibco-managed-file-transfer-command-center,8.1.0,True,no,,
tibco-managed-file-transfer-command-center,8.0.3,True,no,,
tibco-managed-file-transfer-command-center,8.0.2,True,no,,
tibco-managed-file-transfer-command-center,8.0.1,True,no,,
tibco-managed-file-transfer-command-center,8.0.0,True,no,,
tibco-managed-file-transfer-command-center,7.3.3,True,no,,
tibco-managed-file-transfer-command-center,7.3.2,True,no,,
tibco-managed-file-transfer-command-center,7.3.1,True,no,,
tibco-managed-file-transfer-command-center,7.3.0,True,no,,
tibco-managed-file-transfer-command-center,7.2.6,True,no,,
tibco-managed-file-transfer-command-center,7.2.5,True,no,,
tibco-managed-file-transfer-command-center,7.2.4,True,no,,
tibco-managed-file-transfer-command-center,7.2.3,True,no,,
tibco-managed-file-transfer-command-center,7.2.2,True,no,,
tibco-managed-file-transfer-command-center,7.2.1,True,no,,
tibco-managed-file-transfer-command-center,7.2.0,True,no,,
tibco-managed-file-transfer-command-center,7.1.1,True,no,,
tibco-managed-file-transfer-command-center,7.0.1,True,no,,
tibco-managed-file-transfer-internet-server,8.7.1,False,yes,995,Public
tibco-managed-file-transfer-internet-server,8.7.0,False,yes,996,Public
tibco-managed-file-transfer-internet-server,8.6.0,False,yes,989,Public
tibco-managed-file-transfer-internet-server,8.5.2,False,yes,936,Public
tibco-managed-file-transfer-internet-server,8.5.1,False,yes,939,Public
tibco-managed-file-transfer-internet-server,8.5.0,False,yes,940,Public
tibco-managed-file-transfer-internet-server,8.4.4,False,yes,1128,Public
tibco-managed-file-transfer-internet-server,8.4.3,False,yes,1129,Public
tibco-managed-file-transfer-internet-server,8.4.2,True,no,,
tibco-managed-file-transfer-internet-server,8.4.1,True,no,,
tibco-managed-file-transfer-internet-server,8.4.0,True,no,,
tibco-managed-file-transfer-internet-server,8.3.2,True,no,,
tibco-managed-file-transfer-internet-server,8.3.1,True,no,,
tibco-managed-file-transfer-internet-server,8.3.0,True,no,,
tibco-managed-file-transfer-internet-server,8.2.2,True,no,,
tibco-managed-file-transfer-internet-server,8.2.1,True,no,,
tibco-managed-file-transfer-internet-server,8.2.0,True,no,,
tibco-managed-file-transfer-internet-server,8.1.1,True,no,,
tibco-managed-file-transfer-internet-server,8.1.0,True,no,,
tibco-managed-file-transfer-internet-server,8.0.3,True,no,,
tibco-managed-file-transfer-internet-server,8.0.2,True,no,,
tibco-managed-file-transfer-internet-server,8.0.1,True,no,,
tibco-managed-file-transfer-internet-server,8.0.0,True,no,,
tibco-managed-file-transfer-internet-server,7.3.3,True,no,,
tibco-managed-file-transfer-internet-server,7.3.2,True,no,,
tibco-managed-file-transfer-internet-server,7.3.1,True,no,,
tibco-managed-file-transfer-internet-server,7.3.0,True,no,,
tibco-managed-file-transfer-internet-server,7.2.6,True,no,,
tibco-managed-file-transfer-internet-server,7.2.5,True,no,,
tibco-managed-file-transfer-internet-server,7.2.4,True,no,,
tibco-managed-file-transfer-internet-server,7.2.3,True,no,,
tibco-managed-file-transfer-internet-server,7.2.2,True,no,,
tibco-managed-file-transfer-internet-server,7.2.1,True,no,,
tibco-managed-file-transfer-internet-server,7.2.0,True,no,,
tibco-managed-file-transfer-internet-server,7.1.1,True,no,,
tibco-managed-file-transfer-internet-server,7.0.1,True,no,,
tibco-managed-file-transfer-internet-server-with-rocketstream-accelerator,7.2.6,False,no,,
tibco-managed-file-transfer-internet-server-with-rocketstream-accelerator,7.2.5,True,no,,
tibco-managed-file-transfer-internet-server-with-rocketstream-accelerator,7.2.4,True,no,,
tibco-managed-file-transfer-internet-server-with-rocketstream-accelerator,7.2.3,True,no,,
tibco-managed-file-transfer-internet-server-with-rocketstream-accelerator,7.2.2,True,no,,
tibco-managed-file-transfer-platform-server-agent,7.1.0,False,no,,
tibco-managed-file-transfer-platform-server-agent,7.0.0,False,no,,
tibco-managed-file-transfer-platform-server-for-ibm-i,8.0.0,True,no,,
tibco-managed-file-transfer-platform-server-for-ibm-i,7.1.0,True,no,,
tibco-managed-file-transfer-platform-server-for-unix,8.2.0,False,yes,229,Public
tibco-managed-file-transfer-platform-server-for-unix,8.1.2,False,yes,221,Public
tibco-managed-file-transfer-platform-server-for-unix,8.1.1,False,yes,221,Public
tibco-managed-file-transfer-platform-server-for-unix,8.1.0,True,no,,
tibco-managed-file-transfer-platform-server-for-unix,8.0.2,False,yes,164,Public
tibco-managed-file-transfer-platform-server-for-unix,8.0.1,True,no,,
tibco-managed-file-transfer-platform-server-for-unix,8.0.0,True,no,,
tibco-managed-file-transfer-platform-server-for-unix,7.2.0,True,no,,
tibco-managed-file-transfer-platform-server-for-unix,7.1,True,no,,
tibco-managed-file-transfer-platform-server-for-windows,8.2.0,False,yes,174,Public
tibco-managed-file-transfer-platform-server-for-windows,8.1.0,False,yes,177,Public
tibco-managed-file-transfer-platform-server-for-windows,8.0.1,True,yes,160,Public
tibco-managed-file-transfer-platform-server-for-windows,8.0.0,True,yes,161,Public
tibco-managed-file-transfer-platform-server-for-windows,7.2.0,True,no,,
tibco-managed-file-transfer-platform-server-for-windows,7.1.1,True,no,,
tibco-managed-file-transfer-platform-server-for-windows,7.1.0,True,no,,
tibco-managed-file-transfer-platform-server-for-windows-with-rocketstream-accelerator,7.1.1,False,no,,
tibco-managed-file-transfer-platform-server-for-windows-with-rocketstream-accelerator,7.1.0,False,no,,
tibco-managed-file-transfer-platform-server-for-z-linux,8.1.2,False,yes,225,Public
tibco-managed-file-transfer-platform-server-for-z-linux,8.1.1,False,yes,221,Public
tibco-managed-file-transfer-platform-server-for-z-linux,8.1.0,False,yes,226,Public
tibco-managed-file-transfer-platform-server-for-z-linux,8.0.1,False,yes,164,Public
tibco-managed-file-transfer-platform-server-for-z-linux,8.0.0,False,yes,163,Public
tibco-managed-file-transfer-platform-server-for-z-linux,7.2.0,False,no,,
tibco-managed-file-transfer-platform-server-for-z-linux,7.1.0,False,no,,
tibco-managed-file-transfer-platform-server-for-z-os,8.1.0,True,yes,578,Public
tibco-managed-file-transfer-platform-server-for-z-os,8.0.0,True,yes,529,Public
tibco-managed-file-transfer-platform-server-for-z-os,7.2.0,True,no,,
tibco-managed-file-transfer-platform-server-for-z-os,7.1.0,True,no,,
tibco-mdm,11.1.0,False,yes,2887,Public
tibco-mdm,11.0.0,False,yes,2893,Public
tibco-mdm,10.0.0,False,yes,8164,Public
tibco-mdm,9.3.2,False,yes,3258,Public
tibco-mdm,9.3.1,True,yes,3241,Public
tibco-mdm,9.3.0,True,yes,3193,Public
tibco-mdm,9.2.0,True,yes,2654,Public
tibco-mdm,9.1.2,True,no,,
tibco-mdm,9.1.0,True,no,,
tibco-mdm,9.0.2,True,no,,
tibco-mdm,9.0.1,True,no,,
tibco-mdm,9.0.0,True,no,,
tibco-mdm,8.3.2,True,no,,
tibco-mdm,8.3.1,True,no,,
tibco-mdm-administration-agent,1.0.0,True,no,,
tibco-mdm-for-retail,1.2.0,True,yes,3,Public
tibco-mdm-for-retail,1.1.0,True,yes,3,Public
tibco-mdm-for-retail,1.0.0,True,no,,
tibco-mdm-studio,6.1.1,False,yes,1873,Public
tibco-mdm-studio,6.1.0,False,yes,950,Public
tibco-mdm-studio,6.0.0,False,yes,1837,Public
tibco-mdm-studio,5.3.0,True,yes,1836,Public
tibco-mdm-studio,5.2.0,True,yes,944,Public
tibco-mdm-studio,5.1.0,True,yes,947,Public
tibco-mdm-studio,5.0.0,True,yes,914,Public
tibco-mdm-studio,4.1.0,True,yes,372,Public
tibco-mdm-studio,4.0.1,True,no,,
tibco-mdm-studio,3.3.0,True,no,,
tibco-mdm-studio,3.2.0,True,no,,
tibco-mdm-studio,3.1,True,no,,
tibco-mdm-studio,3.0,True,no,,
tibco-mdm-studio,2.0,True,no,,
tibco-messaging,1.30.0,False,yes,3,Public
tibco-messaging,1.27.0,False,yes,3,Public
tibco-messaging,1.26.0,False,yes,3,Public
tibco-messaging,1.25.0,False,yes,3,Public
tibco-messaging,1.24.0,False,yes,3,Public
tibco-messaging,1.23.0,False,yes,3,Public
tibco-messaging,1.22.0,False,yes,3,Public
tibco-messaging,1.21.0,False,yes,3,Public
tibco-messaging,1.20.0,True,no,,
tibco-messaging,1.19.0,True,no,,
tibco-messaging,1.18.0,True,no,,
tibco-messaging,1.17.0,True,no,,
tibco-messaging,1.16.0,True,no,,
tibco-messaging,1.15.0,True,no,,
tibco-messaging,1.14.0,True,no,,
tibco-messaging,1.13.0,True,no,,
tibco-messaging,1.12.0,True,no,,
tibco-messaging,1.11.0,True,no,,
tibco-messaging,1.10.0,True,no,,
tibco-messaging,1.9.0,True,no,,
tibco-messaging,1.8.0,True,no,,
tibco-messaging,1.7.0,True,no,,
tibco-messaging,1.6.0,True,no,,
tibco-messaging,1.5.0,True,no,,
tibco-messaging,1.4.0,True,no,,
tibco-messaging,1.3.0,True,no,,
tibco-messaging,1.2.0,True,no,,
tibco-messaging,1.1.0,True,no,,
tibco-messaging,1.0.0,True,no,,
tibco-messaging-bridge-for-apache-kafka-community-edition,2.4.0,False,no,,
tibco-messaging-bridge-for-apache-kafka-community-edition,2.3.1,False,no,,
tibco-messaging-bridge-for-apache-kafka-community-edition,2.3.0,False,no,,
tibco-messaging-bridge-for-apache-kafka-community-edition,2.2.0,False,no,,
tibco-messaging-bridge-for-apache-kafka-community-edition,2.1.0,False,no,,
tibco-messaging-bridge-for-apache-kafka-community-edition,2.0.0,False,no,,
tibco-messaging-bridge-for-apache-kafka-enterprise-edition,2.4.0,False,no,,
tibco-messaging-bridge-for-apache-kafka-enterprise-edition,2.3.1,False,no,,
tibco-messaging-bridge-for-apache-kafka-enterprise-edition,2.3.0,False,no,,
tibco-messaging-bridge-for-apache-kafka-enterprise-edition,2.2.0,True,no,,
tibco-messaging-bridge-for-apache-kafka-enterprise-edition,2.1.0,False,no,,
tibco-messaging-bridge-for-apache-kafka-enterprise-edition,2.0.0,False,no,,
tibco-messaging-bridge-for-apache-kafka-enterprise-edition,1.0.0,False,no,,
tibco-messaging-bridge-for-apache-pulsar-community-edition,1.0.0,False,no,,
tibco-messaging-bridge-for-apache-pulsar-enterprise-edition,1.0.0,False,no,,
tibco-messaging-eclipse-mosquitto-distribution-bridge-enterprise-edition,2.0.7,True,no,,
tibco-messaging-eclipse-mosquitto-distribution-bridge-enterprise-edition,1.3.0,True,no,,
tibco-messaging-eclipse-mosquitto-distribution-bridge-enterprise-edition,1.2.0,True,no,,
tibco-messaging-eclipse-mosquitto-distribution-bridge-enterprise-edition,1.1.0,True,no,,
tibco-messaging-eclipse-mosquitto-distribution-bridge-enterprise-edition,1.0.0,True,no,,
tibco-messaging-eclipse-mosquitto-distribution-core-enterprise-edition,2.0.7,True,no,,
tibco-messaging-eclipse-mosquitto-distribution-core-enterprise-edition,1.3.0,True,no,,
tibco-messaging-eclipse-mosquitto-distribution-core-enterprise-edition,1.2.0,True,no,,
tibco-messaging-eclipse-mosquitto-distribution-core-enterprise-edition,1.1.0,True,no,,
tibco-messaging-eclipse-mosquitto-distribution-core-enterprise-edition,1.0.0,True,no,,
tibco-messaging-enterprise-edition,3.4.0,False,yes,1,Public
tibco-messaging-enterprise-edition,3.3.0,False,yes,1,Public
tibco-messaging-enterprise-edition,3.2.0,True,yes,1,Public
tibco-messaging-enterprise-edition,3.1.0,True,yes,1,Public
tibco-messaging-enterprise-edition,3.0.0,True,yes,1,Public
tibco-messaging-enterprise-edition,2.0.0,True,yes,1,Public
tibco-messaging-enterprise-edition,1.0.0,True,yes,1,Public
tibco-messaging-manager,4.0.0,False,yes,118,Public
tibco-messaging-manager,3.1.1,False,yes,114,Public
tibco-messaging-manager,3.1.0,True,yes,114,Public
tibco-messaging-manager,3.0.0,True,no,,
tibco-messaging-manager,2.0.0,True,no,,
tibco-messaging-manager,1.1.0,False,yes,59,Public
tibco-messaging-manager,1.0.0,False,yes,56,Public
tibco-messaging-monitor-core,1.1.0,False,no,,
tibco-messaging-monitor-core,1.0.1,False,no,,
tibco-messaging-monitor-core,1.0.0,False,no,,
tibco-messaging-monitor-for-apache-kafka,1.1.0,False,no,,
tibco-messaging-monitor-for-apache-kafka,1.0.0,False,no,,
tibco-messaging-monitor-for-apache-pulsar,1.1.0,False,no,,
tibco-messaging-monitor-for-apache-pulsar,1.0.0,False,no,,
tibco-messaging-monitor-for-tibco-enterprise-message-service,1.1.0,False,no,,
tibco-messaging-monitor-for-tibco-enterprise-message-service,1.0.0,False,no,,
tibco-messaging-monitor-for-tibco-ftl,1.0.0,False,no,,
tibco-messaging-schema-repository-for-apache-kafka-community-edition,1.6.0,False,no,,
tibco-messaging-schema-repository-for-apache-kafka-community-edition,1.5.0,False,no,,
tibco-messaging-schema-repository-for-apache-kafka-community-edition,1.4.0,False,no,,
tibco-messaging-schema-repository-for-apache-kafka-community-edition,1.3.0,False,no,,
tibco-messaging-schema-repository-for-apache-kafka-community-edition,1.2.0,False,no,,
tibco-messaging-schema-repository-for-apache-kafka-community-edition,1.1.0,False,no,,
tibco-messaging-schema-repository-for-apache-kafka-community-edition,1.0.1,False,no,,
tibco-messaging-schema-repository-for-apache-kafka-community-edition,1.0.0,False,no,,
tibco-messaging-schema-repository-for-apache-kafka-enterprise-edition,2.1.0,False,yes,101,Public
tibco-messaging-schema-repository-for-apache-kafka-enterprise-edition,2.0.0,False,yes,90,Public
tibco-messaging-schema-repository-for-apache-kafka-enterprise-edition,1.6.0,False,yes,87,Public
tibco-messaging-schema-repository-for-apache-kafka-enterprise-edition,1.5.0,False,yes,88,Public
tibco-messaging-schema-repository-for-apache-kafka-enterprise-edition,1.4.0,True,no,,
tibco-messaging-schema-repository-for-apache-kafka-enterprise-edition,1.3.0,True,no,,
tibco-messaging-schema-repository-for-apache-kafka-enterprise-edition,1.2.0,True,no,,
tibco-messaging-schema-repository-for-apache-kafka-enterprise-edition,1.1.0,True,no,,
tibco-messaging-schema-repository-for-apache-kafka-enterprise-edition,1.0.1,True,no,,
tibco-messaging-schema-repository-for-apache-kafka-enterprise-edition,1.0.0,True,no,,
tibco-microflow-container-edition,1.2.0,True,no,,
tibco-microflow-container-edition,1.1.0,True,no,,
tibco-microflow-container-edition,1.0.0,True,no,,
tibco-modelops,1.3.0,False,yes,77,Public
tibco-modelops,1.2.0,True,yes,72,Employee
tibco-modelops,1.1.0,True,yes,70,Public
tibco-modelops,1.0.0,True,yes,59,Public
tibco-monitoring-1-0-0,1.0.0,False,no,,
tibco-nimbus,10.6.1,False,no,,
tibco-nimbus,10.6.0,False,no,,
tibco-nimbus,10.5.1,False,no,,
tibco-nimbus,10.5.0,False,no,,
tibco-nimbus,10.4.1,True,no,,
tibco-nimbus,10.4.0,True,no,,
tibco-nimbus,10.3.0,True,no,,
tibco-nimbus,10.2.2,True,no,,
tibco-nimbus,10.2.0,True,no,,
tibco-nimbus,10.1.0,True,no,,
tibco-nimbus,10.0.0,False,no,,
tibco-nimbus,9.5.2,True,no,,
tibco-nimbus,9.4.1,True,no,,
tibco-nimbus,9.4.0,True,no,,
tibco-nimbus,9.3.2,True,no,,
tibco-nimbus,9.3.1,True,no,,
tibco-nimbus,9.3.0,True,no,,
tibco-nimbus,9.2.2,True,no,,
tibco-nimbus,9.2.1,True,no,,
tibco-nimbus,9.2.0,False,no,,
tibco-nimbus,9.1.2,False,no,,
tibco-nimbus,9.1.1,False,no,,
tibco-nimbus,9.1.0,False,no,,
tibco-nimbus,9.0.1,False,no,,
tibco-nimbus,8.1.5,False,no,,
tibco-nimbus,8.1.4,False,no,,
tibco-nimbus,8.1.3,False,no,,
tibco-nimbus,8.1.2,False,no,,
tibco-nimbus-iphone-edition,2.5.1,False,no,,
tibco-nimbus-iphone-edition,2.3.0,False,no,,
tibco-nimbus-iphone-edition,2.2.0,False,no,,
tibco-nimbus-maps,1.5.0,False,no,,
tibco-nimbus-maps,1.4.0,False,no,,
tibco-nimbus-player-desktop-edition,2.0.0,True,yes,2,Public
tibco-nimbus-player-desktop-edition,1.1.0,True,yes,2,Public
tibco-nimbus-storyboard-player,3.0.0,False,no,,
tibco-object-service-broker,6.0.0,False,no,,
tibco-object-service-broker,5.2.0,False,no,,
tibco-offer-and-price-engine,6.0.0,False,yes,245,Public
tibco-offer-and-price-engine,5.1.0,True,yes,217,Public
tibco-offer-and-price-engine,5.0.0,True,yes,154,Public
tibco-omni-healthdata-cohort-builder,3.16.0,True,yes,2,Public
tibco-omni-healthdata-healthviews,1.0.0,True,yes,2,Public
tibco-omni-healthdata-reference-data,1.0.0,True,yes,2,Public
tibco-omni-insurance-business-release,19.0.0,True,yes,2,Public
tibco-openspirit-adapter-for-petrel,32.0.0,True,no,,
tibco-openspirit-adapter-for-petrel,31.0.0,True,no,,
tibco-openspirit-adapter-for-petrel,30.0.0,True,no,,
tibco-openspirit-adapter-for-petrel,29.0.0,True,no,,
tibco-openspirit-adapter-for-petrel,28.0.0,True,no,,
tibco-openspirit-adapter-for-petrel,27.0.0,True,no,,
tibco-openspirit-adapter-for-petrel,26.0.0,True,no,,
tibco-openspirit-adapter-for-petrel,25.0.0,True,no,,
tibco-openspirit-adapter-for-petrel,24.0.0,True,no,,
tibco-openspirit-adapter-for-petrel,23.0.0,True,no,,
tibco-openspirit-adapter-for-petrel,22.0.0,True,no,,
tibco-openspirit-adapter-for-petrel,21.1.0,True,no,,
tibco-openspirit-adapter-for-petrel,21.0.0,True,no,,
tibco-openspirit-adapter-for-petrel,20.10.3.1,False,no,,
tibco-openspirit-adapter-for-petrel,20.10.3.0,False,no,,
tibco-openspirit-adapter-for-petrel,20.1.0,True,no,,
tibco-openspirit-adapter-for-petrel,20.0.2,True,no,,
tibco-openspirit-adapter-for-petrel,20.0.0,True,no,,
tibco-openspirit-adapter-for-petrel,9.3.2,False,no,,
tibco-openspirit-arcgis-extension,2010.1.1,False,yes,2,Public
tibco-openspirit-arcgis-extension,2010.1.0,False,yes,2,Public
tibco-openspirit-arcgis-extension,2010.0.1,False,yes,2,Public
tibco-openspirit-arcgis-extension,2010,False,yes,2,Public
tibco-openspirit-connect-sub-surface-viewer,1.0.1,True,no,,
tibco-openspirit-connect-sub-surface-viewer,1.0.0,True,no,,
tibco-openspirit-copy-manager,2015.1.1,True,no,,
tibco-openspirit-copy-manager,2015.1.0,True,no,,
tibco-openspirit-copy-manager,2015.0.1,True,no,,
tibco-openspirit-copy-manager,2015.0.0,True,no,,
tibco-openspirit-copy-manager,2013.1.0,True,no,,
tibco-openspirit-copy-manager,2013.0.0,True,no,,
tibco-openspirit-copy-manager,2012.0.0,True,no,,
tibco-openspirit-copy-manager,2010,False,no,,
tibco-openspirit-copy-rule-manager,2015.1.1,False,no,,
tibco-openspirit-copy-rule-manager,2015.1.0,False,no,,
tibco-openspirit-copy-rule-manager,2015.0.1,False,no,,
tibco-openspirit-copy-rule-manager,2015.0.0,False,no,,
tibco-openspirit-copy-rule-manager,2013.1.0,False,no,,
tibco-openspirit-copy-rule-manager,2013.0.0,False,no,,
tibco-openspirit-copy-rule-manager,2012.0.0,False,no,,
tibco-openspirit-data-connector-for-epos,2.8.0,True,no,,
tibco-openspirit-data-connector-for-epos,2.7.0,True,no,,
tibco-openspirit-data-connector-for-epos,2.6.0,True,no,,
tibco-openspirit-data-connector-for-epos,2.5.0,True,no,,
tibco-openspirit-data-connector-for-epos,2.4.0,True,no,,
tibco-openspirit-data-connector-for-epos,2.3.0,True,no,,
tibco-openspirit-data-connector-for-epos,2.2.0,True,no,,
tibco-openspirit-data-connector-for-epos,2.1.0,True,no,,
tibco-openspirit-data-connector-for-epos,2.0.0,True,no,,
tibco-openspirit-data-connector-for-epos,1.0.0,True,no,,
tibco-openspirit-data-connector-for-geoframe,2.1.1,True,no,,
tibco-openspirit-data-connector-for-geoframe,2.1.0,True,no,,
tibco-openspirit-data-connector-for-geoframe,2.0.1,True,no,,
tibco-openspirit-data-connector-for-kingdom,2.9.0,True,no,,
tibco-openspirit-data-connector-for-kingdom,2.8.0,True,no,,
tibco-openspirit-data-connector-for-kingdom,2.7.0,True,no,,
tibco-openspirit-data-connector-for-kingdom,2.6.0,True,no,,
tibco-openspirit-data-connector-for-kingdom,2.5.0,True,no,,
tibco-openspirit-data-connector-for-kingdom,2.4.0,True,no,,
tibco-openspirit-data-connector-for-kingdom,2.3.0,True,no,,
tibco-openspirit-data-connector-for-kingdom,2.2.0,True,no,,
tibco-openspirit-data-connector-for-kingdom,2.1.1,True,no,,
tibco-openspirit-data-connector-for-kingdom,2.1.0,True,no,,
tibco-openspirit-data-connector-for-kingdom,2.0.0,True,no,,
tibco-openspirit-data-connector-for-openworks,2.6.2,True,no,,
tibco-openspirit-data-connector-for-openworks,2.6.1,True,no,,
tibco-openspirit-data-connector-for-openworks,2.6.0,True,no,,
tibco-openspirit-data-connector-for-openworks,2.5.1,True,no,,
tibco-openspirit-data-connector-for-openworks,2.5.0,True,no,,
tibco-openspirit-data-connector-for-openworks,2.4.0,True,no,,
tibco-openspirit-data-connector-for-openworks,2.3.0,True,no,,
tibco-openspirit-data-connector-for-openworks,2.2.0,True,no,,
tibco-openspirit-data-connector-for-openworks,2.1.0,True,no,,
tibco-openspirit-data-connector-for-petra,2.4.0,True,no,,
tibco-openspirit-data-connector-for-petra,2.3.0,True,no,,
tibco-openspirit-data-connector-for-petra,2.2.0,True,no,,
tibco-openspirit-data-connector-for-petra,2.1.0,True,no,,
tibco-openspirit-data-connector-for-ppdm,2.2.1,True,no,,
tibco-openspirit-data-connector-for-ppdm,2.2.0,True,no,,
tibco-openspirit-data-connector-for-ppdm,2.1.1,True,no,,
tibco-openspirit-data-connector-for-ppdm,2.1.0,True,no,,
tibco-openspirit-data-connector-for-recall,2.2.0,True,no,,
tibco-openspirit-data-connector-for-recall,2.1.0,True,no,,
tibco-openspirit-data-connector-for-recall,2.0.1,True,no,,
tibco-openspirit-data-connector-for-segy,2.2.0,True,no,,
tibco-openspirit-data-connector-for-segy,2.1.0,True,no,,
tibco-openspirit-data-connector-for-segy,2.0.1,True,no,,
tibco-openspirit-data-connector-for-studio,3.12.1,True,no,,
tibco-openspirit-data-connector-for-studio,3.12.0,True,no,,
tibco-openspirit-data-connector-for-studio,3.11.0,True,no,,
tibco-openspirit-data-connector-for-studio,3.10.0,True,no,,
tibco-openspirit-data-connector-for-studio,3.9.0,True,no,,
tibco-openspirit-data-connector-for-studio,3.8.0,True,no,,
tibco-openspirit-data-connector-for-studio,3.7.0,True,no,,
tibco-openspirit-data-connector-for-studio,3.6.0,True,no,,
tibco-openspirit-data-connector-for-studio,3.5.1,True,no,,
tibco-openspirit-data-connector-for-studio,3.5.0,True,no,,
tibco-openspirit-data-connector-for-studio,3.4.1,True,no,,
tibco-openspirit-data-connector-for-studio,3.4.0,True,no,,
tibco-openspirit-data-connector-for-studio,3.3.0,True,no,,
tibco-openspirit-data-connector-for-studio,3.2.0,True,no,,
tibco-openspirit-data-connector-for-studio,3.1.0,True,no,,
tibco-openspirit-data-connector-for-studio,3.0.0,True,no,,
tibco-openspirit-data-connector-for-studio,2.0.0,False,no,,
tibco-openspirit-data-connector-for-studio,1.0.0,False,no,,
tibco-openspirit-developer-kit,4.3.0,True,no,,
tibco-openspirit-developer-kit,4.2.0,True,no,,
tibco-openspirit-developer-kit,4.1.0,True,no,,
tibco-openspirit-extension-for-arcgis,2019.0.0,True,no,,
tibco-openspirit-extension-for-arcgis,2018.0.0,True,no,,
tibco-openspirit-extension-for-arcgis,2015.1.0,True,no,,
tibco-openspirit-extension-for-arcgis,2015.0.0,True,no,,
tibco-openspirit-runtime,4.3.1,True,no,,
tibco-openspirit-runtime,4.3.0,True,no,,
tibco-openspirit-runtime,4.2.0,True,no,,
tibco-openspirit-runtime,4.1.0,True,no,,
tibco-openspirit-runtime,4.0.3,True,no,,
tibco-openspirit-runtime,4.0.2,True,no,,
tibco-openspirit-runtime,4.0.1,True,no,,
tibco-openspirit-runtime,4.0.0,True,no,,
tibco-openspirit-runtime,3.2.3,True,no,,
tibco-openspirit-runtime,3.2.2,True,no,,
tibco-openspirit-runtime,3.1.5,True,no,,
tibco-openspirit-scan-for-studio,9.0.0,True,no,,
tibco-openspirit-scan-for-studio,8.0.0,True,no,,
tibco-openspirit-scan-for-studio,7.0.0,True,no,,
tibco-openspirit-scan-for-studio,6.0.0,False,no,,
tibco-openspirit-scan-for-studio,5.0.0,False,no,,
tibco-openspirit-scan-for-studio,4.0.0,True,no,,
tibco-openspirit-scan-for-studio,3.0.0,True,no,,
tibco-openspirit-scan-for-studio,2.0.0,True,no,,
tibco-openspirit-scan-for-studio,1.0.0,True,no,,
tibco-openspirit-scan-utility,2018.0.1,True,no,,
tibco-openspirit-scan-utility,2018.0.0,True,no,,
tibco-openspirit-scan-utility,2016.1.0,True,no,,
tibco-openspirit-scan-utility,2016.0.0,True,no,,
tibco-openspirit-scan-utility,2013.0.0,True,no,,
tibco-openspirit-scan-utility,2011.0.1,True,no,,
tibco-openspirit-scan-utility,2011.0.0,True,no,,
tibco-openspirit-web-server-2008,2008,False,no,,
tibco-openspirit-web-services,1.0.0,False,no,,
tibco-operational-intelligence-hawk-redtail,7.5.0,False,yes,980,Public
tibco-operational-intelligence-hawk-redtail,7.4.0,False,yes,1210,Public
tibco-operational-intelligence-hawk-redtail,7.3.0,False,yes,1226,Public
tibco-operational-intelligence-hawk-redtail,7.2.2,False,yes,1239,Public
tibco-operational-intelligence-hawk-redtail,7.2.1,False,yes,1238,Public
tibco-operational-intelligence-hawk-redtail,7.2.0,True,yes,1239,Public
tibco-operational-intelligence-hawk-redtail,7.1.0,True,no,,
tibco-operational-intelligence-hawk-redtail,7.0.1,True,yes,284,Public
tibco-operational-intelligence-hawk-redtail,7.0.0,True,no,,
tibco-operational-intelligence-hawk-redtail,6.3.1,False,yes,1514,Public
tibco-operational-intelligence-hawk-redtail,6.3.0,False,yes,1514,Public
tibco-operational-intelligence-hawk-redtail,6.2.5,False,yes,1514,Public
tibco-operational-intelligence-hawk-redtail,6.2.4,False,yes,1514,Public
tibco-operational-intelligence-hawk-redtail,6.2.3,False,yes,1429,Public
tibco-operational-intelligence-hawk-redtail,6.2.2,False,yes,1429,Public
tibco-operational-intelligence-hawk-redtail,6.2.1,True,yes,1276,Public
tibco-operational-intelligence-hawk-redtail,6.2.0,True,yes,1275,Public
tibco-operational-intelligence-hawk-redtail,6.1.0,True,no,,
tibco-operational-intelligence-hawk-redtail,6.0.0,True,no,,
tibco-operational-intelligence-hawk-redtail,5.2.0,True,no,,
tibco-operational-intelligence-hawk-redtail,5.1.1,True,no,,
tibco-operational-intelligence-hawk-redtail,5.1.0,True,no,,
tibco-operational-intelligence-hawk-redtail,5.0.0,True,no,,
tibco-operational-intelligence-hawk-redtail,4.9.1,True,no,,
tibco-operational-intelligence-hawk-redtail,4.9.0,True,no,,
tibco-orchestra-networks,Networks,False,no,,
tibco-order-management,6.1.0,False,yes,1123,Public
tibco-order-management,6.0.1,False,yes,1075,Public
tibco-order-management,6.0.0,False,yes,1049,Public
tibco-order-management,5.1.0,True,no,,
tibco-order-management,5.0.1,False,yes,755,Public
tibco-order-management,5.0.0,True,no,,
tibco-order-management,4.0.2,True,no,,
tibco-order-management,4.0.1,True,no,,
tibco-order-management,4.0.0,True,no,,
tibco-order-management,3.0.2,True,no,,
tibco-order-management,3.0.1,True,no,,
tibco-order-management,3.0.0,True,no,,
tibco-order-management,2.1.2,True,no,,
tibco-order-management,2.1.1,True,no,,
tibco-order-management,2.1.0,True,no,,
tibco-order-management,2.0.1,True,no,,
tibco-partnerexpress,6.2.2,True,yes,70,Public
tibco-partnerexpress,6.2.1,True,yes,70,Public
tibco-partnerexpress,6.2.0,True,yes,70,Public
tibco-partnerexpress,6.1.0,True,no,,
tibco-partnerexpress,6.0.0,False,no,,
tibco-partnerexpress,(uncatalogued leaf tibco-partnerexpress-6-0),,yes,,
tibco-patterns,6.2.0,False,yes,883,Public
tibco-patterns,6.1.2,False,yes,866,Public
tibco-patterns,6.1.1,False,yes,929,Public
tibco-patterns,6.1.0,False,yes,926,Public
tibco-patterns,6.0.0,False,yes,3042,Public
tibco-patterns,5.7.1,True,no,,
tibco-patterns,5.7.0,True,no,,
tibco-patterns,5.6.0,True,no,,
tibco-patterns,5.5.0,True,no,,
tibco-patterns,5.4.0,True,no,,
tibco-patterns,5.3.0,True,no,,
tibco-patterns,5.2.0,True,no,,
tibco-patterns,5.1.0,True,no,,
tibco-patterns,5.0.0,True,no,,
tibco-patterns,4.5.1,True,no,,
tibco-platform,1.1.0,False,yes,572,Public
tibco-platform,1.0.0,False,yes,284,Public
tibco-platform-add-on-for-business-process-management,1.0.0,False,yes,4,Public
tibco-platform-add-on-for-event-processing,1.9.0,False,yes,4,Public
tibco-platform-add-on-for-event-processing,1.8.0,False,yes,4,Public
tibco-platform-add-on-for-event-processing,1.7.0,False,yes,4,Public
tibco-platform-add-on-for-event-processing,1.4.0,False,yes,4,Public
tibco-platform-add-on-for-event-processing,1.3.0,False,yes,4,Public
tibco-platform-add-on-for-event-processing,1.0.0,False,yes,2,Public
tibco-platform-command-line-interface,1.2.0,False,yes,448,Public
tibco-platform-command-line-interface,1.1.0,False,yes,2,Public
tibco-product-and-service-catalog,5.1.0,False,yes,1898,Public
tibco-product-and-service-catalog,5.0.0,True,no,,
tibco-product-and-service-catalog,4.1.0,True,no,,
tibco-product-and-service-catalog,4.0.2,True,no,,
tibco-product-and-service-catalog,4.0.1,True,no,,
tibco-product-and-service-catalog,4.0.0,True,no,,
tibco-product-and-service-catalog,3.1.0,True,no,,
tibco-product-and-service-catalog,3.0.2,True,no,,
tibco-product-and-service-catalog,3.0.1,True,no,,
tibco-product-and-service-catalog,3.0.0,True,no,,
tibco-product-and-service-catalog,2.1.0,True,no,,
tibco-product-and-service-catalog,1.2,True,no,,
tibco-product-and-service-catalog,1.1,True,no,,
tibco-product-and-service-catalog,1.0.0,True,no,,
tibco-product-and-service-catalog-powered-by-tibco-ebx,2.0.0,False,no,,
tibco-product-and-service-catalog-powered-by-tibco-ebx,1.2.1,True,no,,
tibco-product-and-service-catalog-powered-by-tibco-ebx,1.2.0,True,no,,
tibco-product-and-service-catalog-powered-by-tibco-ebx,1.1.0,False,no,,
tibco-product-and-service-catalog-powered-by-tibco-ebx,1.0.0,False,no,,
tibco-product-and-service-inventory,2.1.0,False,yes,262,Public
tibco-product-and-service-inventory,2.0.0,True,no,,
tibco-product-and-service-inventory,1.0.1,True,no,,
tibco-product-and-service-inventory,1.0.0,True,no,,
tibco-product-and-service-inventory-2-1-0,2.1.0,False,no,,
tibco-red-enabled-for-ziip,3.1.0,False,yes,25,Public
tibco-red-enabled-for-ziip,2.5.0,True,no,,
tibco-red-enabled-for-ziip,2.4.0,True,no,,
tibco-red-enabled-for-ziip,2.3.0,True,no,,
tibco-red-enabled-for-ziip,2.2.0,True,no,,
tibco-red-enabled-for-ziip,2.1.0,True,no,,
tibco-red-enabled-for-ziip,1.0.0,True,no,,
tibco-rendezvous,9.0.0,False,yes,1675,Public
tibco-rendezvous,8.8.1,False,yes,1675,Public
tibco-rendezvous,8.8.0,False,yes,1679,Public
tibco-rendezvous,8.7.0,False,yes,1664,Public
tibco-rendezvous,8.6.1,True,no,,
tibco-rendezvous,8.6.0,True,no,,
tibco-rendezvous,8.5.2,True,no,,
tibco-rendezvous,8.5.1,True,no,,
tibco-rendezvous,8.5.0,True,no,,
tibco-rendezvous,8.4.6,True,no,,
tibco-rendezvous,8.4.5,True,no,,
tibco-rendezvous,8.4.4,True,no,,
tibco-rendezvous,8.4.3,True,no,,
tibco-rendezvous,8.4.2,True,no,,
tibco-rendezvous,8.4.1,True,no,,
tibco-rendezvous,8.4.0,True,no,,
tibco-rendezvous,8.3.2,True,no,,
tibco-rendezvous,8.3.1,True,no,,
tibco-rendezvous,8.3.0,True,no,,
tibco-rendezvous,8.2.2,True,no,,
tibco-rendezvous,8.2.1,True,no,,
tibco-rendezvous-network-service,2.2.0,False,yes,40,Public
tibco-rendezvous-network-service,2.1.0,False,yes,40,Public
tibco-rendezvous-network-service,2.0.0,True,no,,
tibco-reward,22.3.0,False,no,,
tibco-reward,22.2.0,False,no,,
tibco-reward,21.4.0,False,no,,
tibco-reward,21.3.0,False,no,,
tibco-reward,21.2.0,False,no,,
tibco-reward,21.1.0,False,no,,
tibco-reward,20.3.0,False,no,,
tibco-reward,20.2.0,False,no,,
tibco-reward,20.1.0,False,no,,
tibco-reward,19.4.0,False,no,,
tibco-reward,19.3.1,False,no,,
tibco-reward,19.3.0,False,no,,
tibco-reward,19.2.0,False,no,,
tibco-reward,19.1.1,False,no,,
tibco-reward,19.1.0,False,no,,
tibco-reward,18.4.0,False,no,,
tibco-reward,18.3.1,False,no,,
tibco-reward,18.3.0,False,no,,
tibco-reward,18.2.0,False,no,,
tibco-reward,18.1.0,False,no,,
tibco-reward,17.4.1,False,no,,
tibco-reward,17.4.0,False,no,,
tibco-reward,17.3.0,False,no,,
tibco-reward,17.2.2,False,no,,
tibco-reward,17.2.1,True,no,,
tibco-reward,17.2.0,False,no,,
tibco-reward,17.1.0,False,no,,
tibco-reward,16.4.0,False,no,,
tibco-reward,16.3.0,False,no,,
tibco-reward,16.2.0,False,no,,
tibco-reward,16.1.0,False,no,,
tibco-reward,15.4.0,True,no,,
tibco-reward,15.3.0,True,no,,
tibco-reward,15.2.0,True,no,,
tibco-reward,14.3.0,True,no,,
tibco-reward,14.2.0,True,no,,
tibco-reward,14.1.0,True,no,,
tibco-reward,13.3.0,True,no,,
tibco-reward,13.2.0,True,no,,
tibco-reward,13.1.0,True,no,,
tibco-reward,12.3.0,True,no,,
tibco-reward,12.2.0,True,no,,
tibco-rtview,7.6.0,False,no,,
tibco-rtview,7.5.0,False,no,,
tibco-rtview,7.1.0,False,no,,
tibco-rtview,7.0.0,False,no,,
tibco-rtview,6.9.0,False,no,,
tibco-rtview,6.8.0,False,no,,
tibco-rtview,6.5.0,False,no,,
tibco-rtview,6.4.0,False,no,,
tibco-rtview,6.2.1,False,no,,
tibco-rtview,6.0.0,False,no,,
tibco-rtview,5.9.1,False,no,,
tibco-rtview-for-tibco-businessevents,7.1.1,True,no,,
tibco-rtview-for-tibco-businessevents,7.0.0,True,no,,
tibco-rtview-for-tibco-businessevents,3.5.0,True,no,,
tibco-rtview-for-tibco-businessevents,1.5.3,True,no,,
tibco-runtime-agent,5.13.0,False,yes,669,Public
tibco-runtime-agent,5.12.4,False,yes,328,Public
tibco-runtime-agent,5.12.3,False,yes,139,Public
tibco-runtime-agent,5.12.2,False,yes,317,Public
tibco-runtime-agent,5.12.1,True,no,,
tibco-runtime-agent,5.12.0,True,no,,
tibco-runtime-agent,5.11.3,True,no,,
tibco-runtime-agent,5.11.2,True,no,,
tibco-runtime-agent,5.11.1,True,no,,
tibco-runtime-agent,5.11.0,True,no,,
tibco-runtime-agent,5.10.3,True,no,,
tibco-runtime-agent,5.10.2,True,no,,
tibco-runtime-agent,5.10.1,True,no,,
tibco-runtime-agent,5.10.0,True,no,,
tibco-runtime-agent,5.9.1,True,no,,
tibco-runtime-agent,5.9.0,True,no,,
tibco-runtime-agent,5.8.0,True,no,,
tibco-runtime-agent,5.7.4,True,no,,
tibco-runtime-agent,5.7.3,True,no,,
tibco-runtime-agent,5.7.2,True,no,,
tibco-runtime-agent,5.7.1,True,no,,
tibco-runtime-agent,5.7.0,True,no,,
tibco-scribe,Online,False,no,,
tibco-service-gateway-for-files,6.0.0,False,no,,
tibco-service-gateway-for-files,5.3.0,False,no,,
tibco-service-gateway-for-files,5.2.0,False,no,,
tibco-service-gateway-for-files,5.1.0,False,no,,
tibco-service-performance-manager,2.3.0,True,no,,
tibco-service-performance-manager,2.2.1,False,no,,
tibco-service-performance-manager,2.2.0,True,no,,
tibco-service-performance-manager,2.0.1,False,no,,
tibco-service-performance-manager,1.3.3,False,no,,
tibco-service-performance-manager,1.3.2,False,no,,
tibco-service-performance-manager,1.3.1,False,no,,
tibco-service-performance-manager,1.3.0,False,no,,
tibco-service-performance-manager,1.2.0,False,no,,
tibco-service-performance-manager,1.1.1,False,no,,
tibco-silver-fabric,6.0.4,True,no,,
tibco-silver-fabric,6.0.3,True,no,,
tibco-silver-fabric,6.0.2,False,no,,
tibco-silver-fabric,6.0.1,False,no,,
tibco-silver-fabric,6.0.0,False,no,,
tibco-silver-fabric,5.8.1,False,no,,
tibco-silver-fabric,5.8.0,True,no,,
tibco-silver-fabric,5.7.1,True,no,,
tibco-silver-fabric,5.7.0,True,no,,
tibco-silver-fabric,5.6.0,True,no,,
tibco-silver-fabric,5.5.1,True,no,,
tibco-silver-fabric,5.5.0,True,no,,
tibco-silver-fabric-asset-manager-for-cloud,1.0.0,False,no,,
tibco-silver-fabric-continuity,1.0.0,False,no,,
tibco-silver-fabric-enabler-for-activematrix-bpm,1.4.2,True,no,,
tibco-silver-fabric-enabler-for-activematrix-bpm,1.4.1,True,no,,
tibco-silver-fabric-enabler-for-activematrix-bpm,1.4.0,True,no,,
tibco-silver-fabric-enabler-for-activematrix-bpm,1.3.0,True,no,,
tibco-silver-fabric-enabler-for-activematrix-bpm,1.2.0,True,no,,
tibco-silver-fabric-enabler-for-activematrix-bpm,1.1.0,True,no,,
tibco-silver-fabric-enabler-for-activematrix-bpm,1.0.0,True,no,,
tibco-silver-fabric-enabler-for-activematrix-businessworks,3.6.0,True,no,,
tibco-silver-fabric-enabler-for-activematrix-businessworks,3.5.0,True,no,,
tibco-silver-fabric-enabler-for-activematrix-businessworks,3.4.0,True,no,,
tibco-silver-fabric-enabler-for-activematrix-businessworks,3.3.0,True,no,,
tibco-silver-fabric-enabler-for-activematrix-businessworks,3.2.0,True,no,,
tibco-silver-fabric-enabler-for-activematrix-businessworks,3.1.0,True,no,,
tibco-silver-fabric-enabler-for-activematrix-businessworks,3.0.0,True,no,,
tibco-silver-fabric-enabler-for-activematrix-businessworks,2.6.0,True,no,,
tibco-silver-fabric-enabler-for-activematrix-businessworks,2.5.1,False,no,,
tibco-silver-fabric-enabler-for-activematrix-businessworks,2.5.0,True,no,,
tibco-silver-fabric-enabler-for-activematrix-service-grid,1.3.2,True,no,,
tibco-silver-fabric-enabler-for-activematrix-service-grid,1.3.1,True,no,,
tibco-silver-fabric-enabler-for-activematrix-service-grid,1.3.0,True,no,,
tibco-silver-fabric-enabler-for-activematrix-service-grid,1.2.1,True,no,,
tibco-silver-fabric-enabler-for-activespaces-enterprise-edition,1.2.0,False,no,,
tibco-silver-fabric-enabler-for-activespaces-enterprise-edition,1.1.0,True,no,,
tibco-silver-fabric-enabler-for-activespaces-enterprise-edition,1.0.1,True,no,,
tibco-silver-fabric-enabler-for-activespaces-enterprise-edition,1.0.0,True,no,,
tibco-silver-fabric-enabler-for-adapter-for-database,3.0.0,True,no,,
tibco-silver-fabric-enabler-for-adapter-for-database,2.5.0,True,no,,
tibco-silver-fabric-enabler-for-adapter-for-database,2.0.0,True,no,,
tibco-silver-fabric-enabler-for-adapter-for-files-unix-win,3.0.0,True,no,,
tibco-silver-fabric-enabler-for-adapter-for-files-unix-win,2.5.0,True,no,,
tibco-silver-fabric-enabler-for-adapter-for-files-unix-win,2.0.0,True,no,,
tibco-silver-fabric-enabler-for-adapter-for-ldap,3.0.0,True,no,,
tibco-silver-fabric-enabler-for-adapter-for-ldap,2.0.0,True,no,,
tibco-silver-fabric-enabler-for-adapter-for-sap,3.0.0,True,no,,
tibco-silver-fabric-enabler-for-adapter-for-sap,2.0.0,True,no,,
tibco-silver-fabric-enabler-for-apache-tomcat,6.0.0,True,no,,
tibco-silver-fabric-enabler-for-apache-tomcat,5.6.0,True,no,,
tibco-silver-fabric-enabler-for-bea-weblogic,5.6.0,True,no,,
tibco-silver-fabric-enabler-for-bea-weblogic,5.5.1,False,no,,
tibco-silver-fabric-enabler-for-businessconnect,1.0.0,True,no,,
tibco-silver-fabric-enabler-for-docker,2.0.0,True,no,,
tibco-silver-fabric-enabler-for-docker,1.0.0,True,no,,
tibco-silver-fabric-enabler-for-generic-adapter,1.0.0,True,no,,
tibco-silver-fabric-enabler-for-ibm-websphere,6.0.0,True,no,,
tibco-silver-fabric-enabler-for-ibm-websphere,5.6.0,True,no,,
tibco-silver-fabric-enabler-for-ibm-websphere,5.5.1,True,no,,
tibco-silver-fabric-enabler-for-redhat-jboss,6.0.0,False,no,,
tibco-silver-fabric-enabler-for-redhat-jboss,5.6.0,True,no,,
tibco-silver-fabric-enabler-for-redhat-jboss,5.5.1,True,no,,
tibco-silver-fabric-enabler-for-tibco-administrator-enterprise-edition,2.9.0,False,no,,
tibco-silver-fabric-enabler-for-tibco-administrator-enterprise-edition,2.8.0,False,no,,
tibco-silver-fabric-enabler-for-tibco-api-exchange-gateway,1.1.0,True,no,,
tibco-silver-fabric-enabler-for-tibco-api-exchange-gateway,1.0.0,True,no,,
tibco-silver-fabric-enabler-for-tibco-businessevents,3.4.0,True,no,,
tibco-silver-fabric-enabler-for-tibco-businessevents,3.3.0,True,no,,
tibco-silver-fabric-enabler-for-tibco-businessevents,3.2.0,True,no,,
tibco-silver-fabric-enabler-for-tibco-businessevents,3.1.0,True,no,,
tibco-silver-fabric-enabler-for-tibco-businessevents,3.0.0,True,no,,
tibco-silver-fabric-enabler-for-tibco-businessevents,2.5.0,True,no,,
tibco-silver-fabric-enabler-for-tibco-businessevents,2.0.0,True,no,,
tibco-silver-fabric-enabler-for-tibco-enterprise-administrator,1.0.0,True,no,,
tibco-silver-fabric-enabler-for-tibco-enterprise-message-service,2.3.0,True,no,,
tibco-silver-fabric-enabler-for-tibco-enterprise-message-service,2.2.0,True,no,,
tibco-silver-fabric-enabler-for-tibco-enterprise-message-service,2.1.0,True,no,,
tibco-silver-fabric-enabler-for-tibco-enterprise-message-service,2.0.0,True,no,,
tibco-silver-fabric-enabler-for-tibco-hawk,1.3.0,True,no,,
tibco-silver-fabric-enabler-for-tibco-hawk,1.2.0,True,no,,
tibco-silver-fabric-enabler-for-tibco-hawk,1.1.0,True,no,,
tibco-silver-fabric-enabler-for-tibco-hawk,1.0.0,True,no,,
tibco-silver-mobile-core-for-android,2.1.0,False,no,,
tibco-silver-mobile-core-for-android,2.0.0,False,no,,
tibco-silver-mobile-core-for-ios,2.1.0,False,no,,
tibco-silver-mobile-core-for-ios,2.0.0,False,no,,
tibco-silver-mobile-server,2.1.0,False,no,,
tibco-silver-mobile-server,2.0.0,False,no,,
tibco-silver-mobile-server,1.1.0,False,no,,
tibco-silver-mobile-server,1.0.0,False,no,,
tibco-slingshot,1.9.4,True,no,,
tibco-slingshot,1.9.3,True,no,,
tibco-slingshot,1.9.2,True,no,,
tibco-slingshot,1.9.1,True,no,,
tibco-slingshot,1.9.0,True,no,,
tibco-slingshot,1.8.1,True,no,,
tibco-slingshot,1.8,True,no,,
tibco-slingshot,1.7.0,True,no,,
tibco-spotfire-data-science-package-for-notebooks,6.5.0,True,yes,2,Public
tibco-spotfire-data-science-package-for-notebooks,6.4.0,True,yes,2,Public
tibco-statistica-document-management-system,13.6.0,True,yes,11,Public
tibco-statistica-document-management-system,13.5.0,True,yes,11,Public
tibco-statistica-document-management-system,13.4.0,True,yes,11,Public
tibco-statistica-document-management-system,13.3.1,True,yes,9,Public
tibco-statistica-document-management-system,13.3.0,True,yes,10,Public
tibco-statistica-language-packs,14.1.0,False,no,,
tibco-statistica-language-packs,14.0.0,False,no,,
tibco-statistica-language-packs,13.5.0,False,no,,
tibco-streambase,10.3.0,True,yes,4127,Public
tibco-streambase,10.2.1,True,yes,3161,Public
tibco-streambase,10.2.0,True,yes,2718,Public
tibco-streambase,7.7.8,True,yes,3922,Public
tibco-streambase,7.7.7,True,yes,3919,Public
tibco-streambase,7.7.6,True,yes,3919,Public
tibco-streambase,7.7.5,True,yes,3104,Public
tibco-streambase,7.7.4,True,yes,3112,Public
tibco-streambase,7.7.3,True,yes,3081,Public
tibco-streambase,7.7.2,True,yes,3066,Public
tibco-streambase,7.7.1,True,yes,3059,Public
tibco-streambase,7.7.0,True,yes,3041,Public
tibco-streambase,7.6.8,True,yes,3036,Public
tibco-streambase,7.6.7,True,yes,3021,Public
tibco-streambase,7.6.6,True,yes,3003,Public
tibco-streambase,7.6.5,True,yes,3001,Public
tibco-streambase,7.6.4,True,yes,3023,Public
tibco-streambase,7.6.3,True,yes,3013,Public
tibco-streambase,7.6.2,True,yes,2971,Public
tibco-streambase,7.6.1,True,yes,2871,Public
tibco-streambase,7.6.0,True,yes,2806,Public
tibco-streambase-add-in-for-microsoft-excel,2.7.0,True,yes,4,Public
tibco-streambase-add-in-for-microsoft-excel,2.6.0,True,yes,4,Public
tibco-streambase-add-in-for-microsoft-excel,2.5.1,True,yes,2,Public
tibco-streambase-add-in-for-microsoft-excel,2.4.0,True,yes,4,Public
tibco-streambase-add-in-for-microsoft-excel,2.3.0,True,yes,4,Public
tibco-streambase-cep-connectivity-package,7.7.5,True,yes,3,Public
tibco-streambase-cep-connectivity-package,7.7.4,True,yes,3,Public
tibco-streambase-cep-connectivity-package,7.7.3,True,yes,2,Public
tibco-streambase-cep-connectivity-package,7.7.2,True,yes,2,Public
tibco-streambase-cep-connectivity-package,7.7.1,True,yes,2,Public
tibco-streambase-cep-connectivity-package,7.7.0,True,yes,2,Public
tibco-streambase-cep-connectivity-package,7.6.8,True,yes,2,Public
tibco-streambase-cep-connectivity-package,7.6.7,True,yes,2,Public
tibco-streambase-high-performance-fix-engine,11.2.1,False,yes,2,Public
tibco-streambase-high-performance-fix-engine,11.2.0,False,yes,2,Public
tibco-streambase-high-performance-fix-engine,11.1.3,False,yes,1,Public
tibco-streambase-high-performance-fix-engine,11.1.2,False,yes,1,Public
tibco-streambase-high-performance-fix-engine,11.1.1,False,yes,3,Public
tibco-streambase-high-performance-fix-engine,11.1.0,False,yes,3,Public
tibco-streambase-high-performance-fix-engine,11.0.1,False,yes,3,Public
tibco-streambase-high-performance-fix-engine,11.0.0,True,no,,
tibco-streambase-high-performance-fix-engine,10.6.6,False,yes,3,Public
tibco-streambase-high-performance-fix-engine,10.6.5,False,yes,3,Public
tibco-streambase-high-performance-fix-engine,10.6.4,False,yes,3,Public
tibco-streambase-high-performance-fix-engine,10.6.3,True,no,,
tibco-streambase-high-performance-fix-engine,10.6.2,True,no,,
tibco-streambase-high-performance-fix-engine,10.6.1,True,no,,
tibco-streambase-high-performance-fix-engine,10.6.0,True,no,,
tibco-streambase-high-performance-fix-engine,10.5.0,True,no,,
tibco-streambase-high-performance-fix-engine,10.4.5,True,no,,
tibco-streambase-high-performance-fix-engine,10.4.4,True,no,,
tibco-streambase-high-performance-fix-engine,10.4.3,True,no,,
tibco-streambase-high-performance-fix-engine,10.4.2,True,no,,
tibco-streambase-high-performance-fix-engine,10.4.1,True,no,,
tibco-streambase-high-performance-fix-engine,10.4.0,True,no,,
tibco-streambase-high-performance-fix-engine,10.3.0,True,no,,
tibco-streambase-high-performance-fix-engine,10.2.1,True,no,,
tibco-streambase-high-performance-fix-engine,10.2.0,True,no,,
tibco-streambase-high-performance-fix-engine,7.7.8,True,no,,
tibco-streambase-high-performance-fix-engine,7.7.7,True,no,,
tibco-streambase-high-performance-fix-engine,7.7.6,True,no,,
tibco-streambase-high-performance-fix-engine,7.7.5,True,no,,
tibco-streambase-high-performance-fix-engine,7.7.4,True,no,,
tibco-streambase-high-performance-fix-engine,7.7.3,True,no,,
tibco-streambase-high-performance-fix-engine,7.7.2,True,no,,
tibco-streambase-high-performance-fix-engine,7.7.1,True,no,,
tibco-streambase-high-performance-fix-engine,7.7.0,True,no,,
tibco-streambase-high-performance-fix-engine,7.6.8,True,no,,
tibco-streambase-high-performance-fix-engine,7.6.7,True,no,,
tibco-streambase-standard-edition,7.7.4,True,yes,3,Public
tibco-streaming,11.2.1,False,yes,3500,Public
tibco-streaming,11.2.0,False,yes,3496,Public
tibco-streaming,11.1.3,False,yes,3616,Public
tibco-streaming,11.1.2,False,yes,3612,Public
tibco-streaming,11.1.1,False,yes,3672,Public
tibco-streaming,11.1.0,False,yes,3664,Public
tibco-streaming,11.0.1,True,no,,
tibco-streaming,11.0.0,True,no,,
tibco-streaming,10.6.6,True,no,,
tibco-streaming,10.6.5,True,no,,
tibco-streaming,10.6.4,True,no,,
tibco-streaming,10.6.3,True,no,,
tibco-streaming,10.6.2,True,no,,
tibco-streaming,10.6.1,True,no,,
tibco-streaming,10.6.0,True,no,,
tibco-streaming,10.5.0,True,no,,
tibco-streaming,10.4.5,True,no,,
tibco-streaming,10.4.4,True,no,,
tibco-streaming,10.4.3,True,no,,
tibco-streaming,10.4.2,True,no,,
tibco-streaming,10.4.1,True,no,,
tibco-streaming,10.4.0,True,no,,
tibco-streaming-for-3gpp,1.1.0,False,yes,2,Public
tibco-streaming-for-3gpp,1.0.0,True,yes,2,Public
tibco-substation-es,2.14.0,True,yes,589,Public
tibco-substation-es,2.13.0,True,yes,551,Public
tibco-substation-es,2.12.1,True,no,,
tibco-substation-es,2.12.0,True,no,,
tibco-substation-es,2.11.1,True,no,,
tibco-substation-es,2.11.0,True,no,,
tibco-substation-es,2.10.0,True,no,,
tibco-substation-es,2.9.0,True,no,,
tibco-substation-es,2.8.1,True,no,,
tibco-substation-es,2.8.0,True,no,,
tibco-substation-es,2.7.0,True,no,,
tibco-substation-es,2.6.0,True,yes,232,Public
tibco-trading-partner-management-rest-api,1.1.0,False,no,,
tibco-trading-partner-management-rest-api,1.0.1,True,no,,
tibco-trading-partner-management-rest-api,1.0.0,True,no,,
tibco-transaction-interface-for-cics,2.14.0,True,yes,589,Public
tibco-transaction-interface-for-cics,2.13.0,True,yes,551,Public
tibco-transaction-interface-for-cics,2.12.1,True,yes,543,Public
tibco-transaction-interface-for-cics,2.12.0,True,yes,543,Public
tibco-transaction-interface-for-cics,2.11.1,True,yes,532,Public
tibco-transaction-interface-for-cics,2.11.0,True,yes,533,Public
tibco-transaction-interface-for-cics,2.10.0,True,yes,518,Public
tibco-transaction-interface-for-cics,2.9.0,True,yes,278,Public
tibco-transaction-interface-for-ims,2.14.0,False,no,,
tibco-transaction-interface-for-ims,2.13.0,False,no,,
tibco-transaction-interface-for-ims,2.12.0,False,no,,
tibco-transaction-interface-for-ims,2.11.0,False,no,,
tibco-transaction-interface-for-ims,2.10.0,False,no,,
tibco-transaction-interface-for-ims,2.9.0,False,no,,
tibco-vault,2.0.1,True,no,,
tibco-vault,2.0.0,True,no,,
tibco-vault,1.1.1,True,no,,
tibco-vault,1.1.0,True,no,,
tibco-vault,1.0.1,True,no,,
tibco-vault,1.0.0,True,no,,
