slug,version,is_archived,convert_eligible,convert_batch,release_date,engine,engine_source,zip_url,zip_source,custom_override,_bu,_family,_has_csh,_csh_names,_has_api_ref,_api_files,_doc_files
ibi-iway-service-manager-edi-add-on,9.3.0,false,true,,2026-06-22,auto,auto,https://docs.tibco.com/pub/sm-edi/9.3.0/doc/zip/tib_sm-edi_9.3.0_doc.zip,auto,false,ibi,data_management,,,,,
ibi-iway-service-manager-edi-add-on,9.1.1,false,true,,2023-12-01,auto,auto,https://docs.tibco.com/pub/sm-edi/9.1.1/doc/zip/tib_sm-edi_9.1.1_doc.zip,auto,false,ibi,data_management,,,,,
ibi-omni-healthdata-business-release,2023.3.0,false,true,,2023-09-18,auto,auto,https://docs.tibco.com/pub/ohd-br/2023.3.0/doc/zip/tib_ohd-br_2023.3.0_doc.zip,auto,false,ibi,data_management,,,,,
ibi-omni-healthdata-business-release,2023.2.0,false,true,,2023-06-09,auto,auto,https://docs.tibco.com/pub/ohd-br/2023.2.0/doc/zip/tib_ohd-br_2023.2.0_doc.zip,auto,false,ibi,data_management,,,,,
ibi-omni-healthdata-business-release,2023.1.0,false,true,,2023-03-22,auto,auto,https://docs.tibco.com/pub/ohd-br/2023.1.0/doc/zip/tib_ohd-br_2023.1.0_doc.zip,auto,false,ibi,data_management,,,,,
ibi-omni-healthdata-business-release,2022.4.0,true,false,,2022-12-09,auto,auto,https://docs.tibco.com/pub/ohd-br/tibco-omni-healthdata-business-release-2022-4-0_documentation.zip,auto,false,ibi,data_management,,,,,
ibi-omni-healthdata-business-release,2022.3.0,true,false,,2022-09-19,auto,auto,https://docs.tibco.com/pub/ohd-br/tibco-omni-healthdata-business-release-2022-3-0_documentation.zip,auto,false,ibi,data_management,,,,,
ibi-omni-healthdata-business-release,2022.2.0,true,false,,2022-06-15,auto,auto,https://docs.tibco.com/pub/ohd-br/tibco-omni-healthdata-business-release-2022-2-0_documentation.zip,auto,false,ibi,data_management,,,,,
ibi-omni-healthdata-business-release,2022.1.0,true,false,,2022-03-28,auto,auto,https://docs.tibco.com/pub/ohd-br/tibco-omni-healthdata-business-release-2022-1-0_documentation.zip,auto,false,ibi,data_management,,,,,
ibi-omni-healthdata-business-release,2021.4.0,true,false,,2021-11-12,auto,auto,https://docs.tibco.com/pub/ohd-br/tibco-omni-healthdata-business-release-2021-4-0_documentation.zip,auto,false,ibi,data_management,,,,,
ibi-omni-healthdata-business-release,2021.3.0,true,false,,2021-09-27,auto,auto,https://docs.tibco.com/pub/ohd-br/tibco-omni-healthdata-business-release-2021-3-0_documentation.zip,auto,false,ibi,data_management,,,,,
ibi-omni-healthdata-business-release,2021.2.0,true,false,,2021-07-27,auto,auto,https://docs.tibco.com/pub/ohd-br/tibco-omni-healthdata-business-release-2021-2-0_documentation.zip,auto,false,ibi,data_management,,,,,
tibco-iway-business-activity-monitor,8.0.5,false,true,,2021-06-25,auto,auto,https://docs.tibco.com/pub/sm-bam/8.0.5/doc/zip/tib_sm-bam_8.0.5_doc.zip,auto,false,ibi,data_management,,,,,
tibco-iway-trading-partner-manager,8.0.5,false,true,,2021-06-25,auto,auto,https://docs.tibco.com/pub/sm-tpm/8.0.5/doc/zip/tib_sm-tpm_8.0.5_doc.zip,auto,false,ibi,data_management,,,,,
tibco-omni-healthdata-reference-data,1.0.0,true,false,,2021-05-15,auto,auto,https://docs.tibco.com/pub/ohrd/tibco-omni-healthdata-reference-data-1-0-0_documentation.zip,auto,false,ibi,data_management,,,,,
ibi-ai-assistant,9.3.8,false,true,,2026-08-17,auto,auto,https://docs.tibco.com/pub/ibiai/9.3.8/doc/zip/tib_ibiai_9.3.8_doc.zip,auto,false,ibi,general,,,,,
ibi-data-intelligence,2.1.0,false,true,,2026-06-22,auto,auto,https://docs.tibco.com/pub/ibi-di/2.1.0/doc/zip/tib_ibi-di_2.1.0_doc.zip,auto,false,ibi,general,,,,,
ibi-data-intelligence,2.0.0,false,true,,2025-11-17,auto,auto,https://docs.tibco.com/pub/ibi-di/2.0.0/doc/zip/tib_ibi-di_2.0.0_doc.zip,auto,false,ibi,general,,,,,
ibi-data-intelligence,1.2.0,false,true,,2024-11-08,auto,auto,https://docs.tibco.com/pub/ibi-di/1.2.0/doc/zip/tib_ibi-di_1.2.0_doc.zip,auto,false,ibi,general,,,,,
ibi-data-intelligence,1.1.0,false,true,,2024-07-23,auto,auto,https://docs.tibco.com/pub/ibi-di/1.1.0/doc/zip/tib_ibi-di_1.1.0_doc.zip,auto,false,ibi,general,,,,,
ibi-data-intelligence,1.0.0,false,true,,2023-11-10,auto,auto,https://docs.tibco.com/pub/ibi-di/1.0.0/doc/zip/tib_ibi-di_1.0.0_doc.zip,auto,false,ibi,general,,,,,
ibi-data-quality,5.2.2,false,true,,2023-10-04,auto,auto,https://docs.tibco.com/pub/tdq/5.2.2/doc/zip/tib_tdq_5.2.2_doc.zip,auto,false,ibi,general,,,,,
ibi-data-quality,5.2.1,false,true,,2023-05-23,auto,auto,https://docs.tibco.com/pub/tdq/5.2.1/doc/zip/tib_tdq_5.2.1_doc.zip,auto,false,ibi,general,,,,,
ibi-data-quality,5.2.0,false,true,,2023-03-22,auto,auto,https://docs.tibco.com/pub/tdq/5.2.0/doc/zip/tib_tdq_5.2.0_doc.zip,auto,false,ibi,general,,,,,
ibi-data-quality,5.1.1,false,true,,2022-12-20,auto,auto,https://docs.tibco.com/pub/tdq/5.1.1/doc/zip/tib_tdq_5.1.1_doc.zip,auto,false,ibi,general,,,,,
ibi-data-quality,5.1.0,false,true,,2022-09-20,auto,auto,https://docs.tibco.com/pub/tdq/5.1.0/doc/zip/tib_tdq_5.1.0_doc.zip,auto,false,ibi,general,,,,,
ibi-data-quality,5.0.0,false,true,,2022-05-06,auto,auto,https://docs.tibco.com/pub/tdq/5.0.0/doc/zip/tib_tdq_5.0.0_doc.zip,auto,false,ibi,general,,,,,
ibi-data-quality,3.1.0,false,true,,2020-04-23,auto,auto,https://docs.tibco.com/pub/data-quality/3.1.0/doc/zip/tib_data-quality_3.1.0_doc.zip,auto,false,ibi,general,,,,,
ibi-data-quality,3.0.0,false,true,,2018-03-06,auto,auto,https://docs.tibco.com/pub/data-quality/3.0.0/doc/zip/tib_data-quality_3.0.0_doc.zip,auto,false,ibi,general,,,,,
ibi-omni-insurance,4.3.0,false,true,,2023-04-03,auto,auto,https://docs.tibco.com/pub/oin/4.3.0/doc/zip/tib_oin_4.3.0_doc.zip,auto,false,ibi,general,,,,,
ibi-omni-insurance,4.1.1,true,false,,2021-12-22,auto,auto,https://docs.tibco.com/pub/oin/tibco-omni-insurance-4-1-1_documentation.zip,auto,false,ibi,general,,,,,
ibi-omni-insurance,3.16.1,true,false,,2022-01-11,auto,auto,https://docs.tibco.com/pub/oin/tibco-omni-insurance-3-16-1_documentation.zip,auto,false,ibi,general,,,,,
ibi-omni-insurance,3.16.0,true,false,,2021-05-20,auto,auto,https://docs.tibco.com/pub/oin/tibco-omni-insurance-3-16-0_documentation.zip,auto,false,ibi,general,,,,,
ibi-open-data-hub-for-mainframe-connectors,1.3.8,false,true,,2026-06-22,auto,auto,https://docs.tibco.com/pub/odh-mf-cnct/1.3.8/doc/zip/tib_odh-mf-cnct_1.3.8_doc.zip,auto,false,ibi,general,,,,,
ibi-open-data-hub-for-mainframe-connectors,1.3.7,false,true,,2025-12-29,auto,auto,https://docs.tibco.com/pub/odh-mf-cnct/1.3.7/doc/zip/tib_odh-mf-cnct_1.3.7_doc.zip,auto,false,ibi,general,,,,,
ibi-open-data-hub-for-mainframe-connectors,1.3.6,false,true,,2025-10-29,auto,auto,https://docs.tibco.com/pub/odh-mf-cnct/1.3.6/doc/zip/tib_odh-mf-cnct_1.3.6_doc.zip,auto,false,ibi,general,,,,,
ibi-open-data-hub-for-mainframe-connectors,1.3.5,false,true,,2025-07-25,auto,auto,https://docs.tibco.com/pub/odh-mf-cnct/1.3.5/doc/zip/tib_odh-mf-cnct_1.3.5_doc.zip,auto,false,ibi,general,,,,,
ibi-open-data-hub-for-mainframe-connectors,1.3.4,false,true,,2025-04-17,auto,auto,https://docs.tibco.com/pub/odh-mf-cnct/1.3.4/doc/zip/tib_odh-mf-cnct_1.3.4_doc.zip,auto,false,ibi,general,,,,,
ibi-open-data-hub-for-mainframe-connectors,1.0.9,false,true,,2025-03-07,auto,auto,https://docs.tibco.com/pub/odh-mf-cnct/1.0.9/doc/zip/tib_odh-mf-cnct_1.0.9_doc.zip,auto,false,ibi,general,,,,,
ibi-open-data-hub-for-mainframe-connectors,1.0.8,false,true,,2025-01-24,auto,auto,https://docs.tibco.com/pub/odh-mf-cnct/1.0.8/doc/zip/tib_odh-mf-cnct_1.0.8_doc.zip,auto,false,ibi,general,,,,,
ibi-open-data-hub-for-mainframe-connectors,1.0.7,false,true,,2024-11-07,auto,auto,https://docs.tibco.com/pub/odh-mf-cnct/1.0.7/doc/zip/tib_odh-mf-cnct_1.0.7_doc.zip,auto,false,ibi,general,,,,,
ibi-open-data-hub-for-mainframe-connectors,1.0.6,false,true,,2024-10-08,auto,auto,https://docs.tibco.com/pub/odh-mf-cnct/1.0.6/doc/zip/tib_odh-mf-cnct_1.0.6_doc.zip,auto,false,ibi,general,,,,,
ibi-open-data-hub-for-mainframe-connectors,1.0.5,false,true,,2024-06-24,auto,auto,https://docs.tibco.com/pub/odh-mf-cnct/1.0.5/doc/zip/tib_odh-mf-cnct_1.0.5_doc.zip,auto,false,ibi,general,,,,,
ibi-open-data-hub-for-mainframe-connectors,1.0.4,false,true,,2024-05-09,auto,auto,https://docs.tibco.com/pub/odh-mf-cnct/1.0.4/doc/zip/tib_odh-mf-cnct_1.0.4_doc.zip,auto,false,ibi,general,,,,,
ibi-open-data-hub-for-mainframe-connectors,1.0.3,false,true,,2024-02-15,auto,auto,https://docs.tibco.com/pub/odh-mf-cnct/1.0.3/doc/zip/tib_odh-mf-cnct_1.0.3_doc.zip,auto,false,ibi,general,,,,,
ibi-open-data-hub-for-mainframe-connectors,1.0.2,false,true,,2024-01-30,auto,auto,https://docs.tibco.com/pub/odh-mf-cnct/1.0.2/doc/zip/tib_odh-mf-cnct_1.0.2_doc.zip,auto,false,ibi,general,,,,,
ibi-open-data-hub-for-mainframe-connectors,1.0.1,false,true,,2023-10-27,auto,auto,https://docs.tibco.com/pub/odh-mf-cnct/1.0.1/doc/zip/tib_odh-mf-cnct_1.0.1_doc.zip,auto,false,ibi,general,,,,,
ibi-open-data-hub-for-mainframe-connectors,1.0.0,false,true,,2023-09-13,auto,auto,https://docs.tibco.com/pub/odh-mf-cnct/1.0.0/doc/zip/tib_odh-mf-cnct_1.0.0_doc.zip,auto,false,ibi,general,,,,,
ibi-web-query-for-ibm-i,8207.28.14,false,true,,2023-05-24,auto,auto,https://docs.tibco.com/pub/wq/8207.28.14/doc/zip/tib_wq_8207.28.14_doc.zip,auto,false,ibi,general,,,,,
ibi-web-query-for-ibm-i,8207.28.13,false,true,,2022-09-13,auto,auto,https://docs.tibco.com/pub/wq/8207.28.13/doc/zip/tib_wq_8207.28.13_doc.zip,auto,false,ibi,general,,,,,
ibi-web-query-for-ibm-i,8207.28.12,false,true,,2022-06-16,auto,auto,https://docs.tibco.com/pub/wq/8207.28.12/doc/zip/tib_wq_8207.28.12_doc.zip,auto,false,ibi,general,,,,,
ibi-web-query-for-ibm-i,8207.28.11,false,true,,2022-05-10,auto,auto,https://docs.tibco.com/pub/wq/8207.28.11/doc/zip/tib_wq_8207.28.11_doc.zip,auto,false,ibi,general,,,,,
ibi-web-query-for-ibm-i,8207.28.09,false,true,,2022-03-09,auto,auto,https://docs.tibco.com/pub/wq/8207.28.09/doc/zip/tib_wq_8207.28.09_doc.zip,auto,false,ibi,general,,,,,
ibi-web-query-for-ibm-i,9.2.1,false,true,,2023-07-27,auto,auto,https://docs.tibco.com/pub/wq/9.2.1/doc/zip/tib_wq_9.2.1_doc.zip,auto,false,ibi,general,,,,,
ibi-web-query-for-ibm-i,9.2.0,false,true,,2023-04-14,auto,auto,https://docs.tibco.com/pub/wq/9.2.0/doc/zip/tib_wq_9.2.0_doc.zip,auto,false,ibi,general,,,,,
ibi-web-query-for-ibm-i,9.1.2,false,true,,2023-07-07,auto,auto,https://docs.tibco.com/pub/wq/9.1.2/doc/zip/tib_wq_9.1.2_doc.zip,auto,false,ibi,general,,,,,
ibi-web-query-for-ibm-i,9.1.1,false,true,,2023-02-01,auto,auto,https://docs.tibco.com/pub/wq/9.1.1/doc/zip/tib_wq_9.1.1_doc.zip,auto,false,ibi,general,,,,,
ibi-web-query-for-ibm-i,9.1.0,false,true,,2022-11-03,auto,auto,https://docs.tibco.com/pub/wq/9.1.0/doc/zip/tib_wq_9.1.0_doc.zip,auto,false,ibi,general,,,,,
ibi-web-query-for-ibm-i,9.0.4,false,true,,2022-12-09,auto,auto,https://docs.tibco.com/pub/wq/9.0.4/doc/zip/tib_wq_9.0.4_doc.zip,auto,false,ibi,general,,,,,
ibi-web-query-for-ibm-i,9.0.3,false,true,,2022-08-22,auto,auto,https://docs.tibco.com/pub/wq/9.0.3/doc/zip/tib_wq_9.0.3_doc.zip,auto,false,ibi,general,,,,,
ibi-web-query-for-ibm-i,9.0.2,false,true,,2022-06-10,auto,auto,https://docs.tibco.com/pub/wq/9.0.2/doc/zip/tib_wq_9.0.2_doc.zip,auto,false,ibi,general,,,,,
ibi-web-query-for-ibm-i,9.0.1,false,true,,2022-04-13,auto,auto,https://docs.tibco.com/pub/wq/9.0.1/doc/zip/tib_wq_9.0.1_doc.zip,auto,false,ibi,general,,,,,
ibi-webfocus-container-edition,9.3.8,false,true,,2026-06-23,auto,auto,https://docs.tibco.com/pub/wfce/9.3.8/doc/zip/tib_wfce_9.3.8_doc.zip,auto,false,ibi,webfocus,,,,,
ibi-webfocus-container-edition,9.3.7,false,true,,2025-12-29,auto,auto,https://docs.tibco.com/pub/wfce/9.3.7/doc/zip/tib_wfce_9.3.7_doc.zip,auto,false,ibi,webfocus,,,,,
ibi-webfocus-container-edition,9.3.6,false,true,,2025-10-07,auto,auto,https://docs.tibco.com/pub/wfce/9.3.6/doc/zip/tib_wfce_9.3.6_doc.zip,auto,false,ibi,webfocus,,,,,
ibi-webfocus-container-edition,9.3.5,false,true,,2025-07-28,auto,auto,https://docs.tibco.com/pub/wfce/9.3.5/doc/zip/tib_wfce_9.3.5_doc.zip,auto,false,ibi,webfocus,,,,,
ibi-webfocus-container-edition,1.3.4,false,true,,2025-04-22,auto,auto,https://docs.tibco.com/pub/wfce/1.3.4/doc/zip/tib_wfce_1.3.4_doc.zip,auto,false,ibi,webfocus,,,,,
ibi-webfocus-container-edition,1.3.3,false,true,,2025-01-17,auto,auto,https://docs.tibco.com/pub/wfce/1.3.3/doc/zip/tib_wfce_1.3.3_doc.zip,auto,false,ibi,webfocus,,,,,
ibi-webfocus-container-edition,1.3.2,false,true,,2024-10-29,auto,auto,https://docs.tibco.com/pub/wfce/1.3.2/doc/zip/tib_wfce_1.3.2_doc.zip,auto,false,ibi,webfocus,,,,,
ibi-webfocus-container-edition,1.3.1,false,true,,2024-06-25,auto,auto,https://docs.tibco.com/pub/wfce/1.3.1/doc/zip/tib_wfce_1.3.1_doc.zip,auto,false,ibi,webfocus,,,,,
ibi-webfocus-container-edition,1.3.0,false,true,,2024-01-31,auto,auto,https://docs.tibco.com/pub/wfce/1.3.0/doc/zip/tib_wfce_1.3.0_doc.zip,auto,false,ibi,webfocus,,,,,
ibi-webfocus-container-edition,1.2.5,false,true,,2024-10-03,auto,auto,https://docs.tibco.com/pub/wfce/1.2.5/doc/zip/tib_wfce_1.2.5_doc.zip,auto,false,ibi,webfocus,,,,,
ibi-webfocus-container-edition,1.2.4,false,true,,2024-05-09,auto,auto,https://docs.tibco.com/pub/wfce/1.2.4/doc/zip/tib_wfce_1.2.4_doc.zip,auto,false,ibi,webfocus,,,,,
ibi-webfocus-container-edition,1.2.3,false,true,,1703548800000,auto,auto,https://docs.tibco.com/pub/wfce/1.2.3/doc/zip/tib_wfce_1.2.3_doc.zip,auto,false,ibi,webfocus,,,,,
ibi-webfocus-container-edition,1.2.2,false,true,,1698364800000,auto,auto,https://docs.tibco.com/pub/wfce/1.2.2/doc/zip/tib_wfce_1.2.2_doc.zip,auto,false,ibi,webfocus,,,,,
ibi-webfocus-container-edition,1.2.1,false,true,,1690416000000,auto,auto,https://docs.tibco.com/pub/wfce/1.2.1/doc/zip/tib_wfce_1.2.1_doc.zip,auto,false,ibi,webfocus,,,,,
ibi-webfocus-container-edition,1.2.0,false,true,,2023-04-14,auto,auto,https://docs.tibco.com/pub/wfce/1.2.0/doc/zip/tib_wfce_1.2.0_doc.zip,auto,false,ibi,webfocus,,,,,
ibi-webfocus-container-edition,1.1.2,false,true,,1688688000000,auto,auto,https://docs.tibco.com/pub/wfce/1.1.2/doc/zip/tib_wfce_1.1.2_doc.zip,auto,false,ibi,webfocus,,,,,
ibi-webfocus-container-edition,1.1.1,false,true,,2023-02-01,auto,auto,https://docs.tibco.com/pub/wfce/1.1.1/doc/zip/tib_wfce_1.1.1_doc.zip,auto,false,ibi,webfocus,,,,,
ibi-webfocus-container-edition,1.1.0,false,true,,2022-11-03,auto,auto,https://docs.tibco.com/pub/wfce/1.1.0/doc/zip/tib_wfce_1.1.0_doc.zip,auto,false,ibi,webfocus,,,,,
ibi-webfocus-container-edition,1.0.5,false,true,,1693785600000,auto,auto,https://docs.tibco.com/pub/wfce/1.0.5/doc/zip/tib_wfce_1.0.5_doc.zip,auto,false,ibi,webfocus,,,,,
ibi-webfocus-container-edition,1.0.4,false,true,,1671580800000,auto,auto,https://docs.tibco.com/pub/wfce/1.0.4/doc/zip/tib_wfce_1.0.4_doc.zip,auto,false,ibi,webfocus,,,,,
ibi-webfocus-container-edition,1.0.3,false,true,,2022-09-28,auto,auto,https://docs.tibco.com/pub/wfce/1.0.3/doc/zip/tib_wfce_1.0.3_doc.zip,auto,false,ibi,webfocus,,,,,
ibi-webfocus-container-edition,1.0.2,false,true,,1647993600000,auto,auto,https://docs.tibco.com/pub/wfce/1.0.2/doc/zip/tib_wfce_1.0.2_doc.zip,auto,false,ibi,webfocus,,,,,
ibi-webfocus-container-edition,1.0.0,false,true,,1644624000000,auto,auto,https://docs.tibco.com/pub/wfce/1.0.0/doc/zip/tib_wfce_1.0.0_doc.zip,auto,false,ibi,webfocus,,,,,
ibi-webfocus-dsml-services,8207.28.0,false,true,,2021-09-17,auto,auto,https://docs.tibco.com/pub/dsml/8207.28.0/doc/zip/tib_dsml_8207.28.0_doc.zip,auto,false,ibi,webfocus,,,,,
ibi-webfocus-dsml-services,9.3.8,false,true,,2026-06-23,auto,auto,https://docs.tibco.com/pub/dsml/9.3.8/doc/zip/tib_dsml_9.3.8_doc.zip,auto,false,ibi,webfocus,,,,,
ibi-webfocus-dsml-services,9.3.7,false,true,,2025-12-29,auto,auto,https://docs.tibco.com/pub/dsml/9.3.7/doc/zip/tib_dsml_9.3.7_doc.zip,auto,false,ibi,webfocus,,,,,
ibi-webfocus-dsml-services,9.3.6,false,true,,2025-10-29,auto,auto,https://docs.tibco.com/pub/dsml/9.3.6/doc/zip/tib_dsml_9.3.6_doc.zip,auto,false,ibi,webfocus,,,,,
ibi-webfocus-dsml-services,9.3.5,false,true,,2025-07-28,auto,auto,https://docs.tibco.com/pub/dsml/9.3.5/doc/zip/tib_dsml_9.3.5_doc.zip,auto,false,ibi,webfocus,,,,,
ibi-webfocus-dsml-services,9.3.4,false,true,,2025-04-28,auto,auto,https://docs.tibco.com/pub/dsml/9.3.4/doc/zip/tib_dsml_9.3.4_doc.zip,auto,false,ibi,webfocus,,,,,
ibi-webfocus-dsml-services,9.3.3,false,true,,1737676800000,auto,auto,https://docs.tibco.com/pub/dsml/9.3.3/doc/zip/tib_dsml_9.3.3_doc.zip,auto,false,ibi,webfocus,,,,,
ibi-webfocus-dsml-services,9.3.2,false,true,,2024-11-07,auto,auto,https://docs.tibco.com/pub/dsml/9.3.2/doc/zip/tib_dsml_9.3.2_doc.zip,auto,false,ibi,webfocus,,,,,
ibi-webfocus-dsml-services,9.3.0,false,true,,2024-02-16,auto,auto,https://docs.tibco.com/pub/dsml/9.3.0/doc/zip/tib_dsml_9.3.0_doc.zip,auto,false,ibi,webfocus,,,,,
ibi-webfocus-dsml-services,9.2.0,false,true,,1678233600000,auto,auto,https://docs.tibco.com/pub/dsml/9.2.0/doc/zip/tib_dsml_9.2.0_doc.zip,auto,false,ibi,webfocus,,,,,
ibi-webfocus-dsml-services,9.1.0,false,true,,2022-11-03,auto,auto,https://docs.tibco.com/pub/dsml/9.1.0/doc/zip/tib_dsml_9.1.0_doc.zip,auto,false,ibi,webfocus,,,,,
ibi-webfocus-dsml-services,9.0.4,false,true,,1669852800000,auto,auto,https://docs.tibco.com/pub/dsml/9.0.4/doc/zip/tib_dsml_9.0.4_doc.zip,auto,false,ibi,webfocus,,,,,
ibi-webfocus-dsml-services,9.0.2,false,true,,2022-06-09,auto,auto,https://docs.tibco.com/pub/dsml/9.0.2/doc/zip/tib_dsml_9.0.2_doc.zip,auto,false,ibi,webfocus,,,,,
ibi-webfocus-dsml-services,9.0.1,false,true,,2022-04-05,auto,auto,https://docs.tibco.com/pub/dsml/9.0.1/doc/zip/tib_dsml_9.0.1_doc.zip,auto,false,ibi,webfocus,,,,,
ibi-webfocus-dsml-services,9.0.0,false,true,,2022-02-15,auto,auto,https://docs.tibco.com/pub/dsml/9.0.0/doc/zip/tib_dsml_9.0.0_doc.zip,auto,false,ibi,webfocus,,,,,
ibi-webfocus-dsml-services-container-edition,9.3.8,false,true,,2026-06-23,auto,auto,https://docs.tibco.com/pub/dsmlce/9.3.8/doc/zip/tib_dsmlce_9.3.8_doc.zip,auto,false,ibi,webfocus,,,,,
ibi-webfocus-dsml-services-container-edition,9.3.7,false,true,,2025-12-29,auto,auto,https://docs.tibco.com/pub/dsmlce/9.3.7/doc/zip/tib_dsmlce_9.3.7_doc.zip,auto,false,ibi,webfocus,,,,,
ibi-webfocus-dsml-services-container-edition,9.3.6,false,true,,2025-10-28,auto,auto,https://docs.tibco.com/pub/dsmlce/9.3.6/doc/zip/tib_dsmlce_9.3.6_doc.zip,auto,false,ibi,webfocus,,,,,
ibi-webfocus-dsml-services-container-edition,9.3.5,false,true,,2025-07-28,auto,auto,https://docs.tibco.com/pub/dsmlce/9.3.5/doc/zip/tib_dsmlce_9.3.5_doc.zip,auto,false,ibi,webfocus,,,,,
ibi-webfocus-dsml-services-container-edition,1.0.7,false,true,,2025-04-28,auto,auto,https://docs.tibco.com/pub/dsmlce/1.0.7/doc/zip/tib_dsmlce_1.0.7_doc.zip,auto,false,ibi,webfocus,,,,,
ibi-webfocus-dsml-services-container-edition,1.0.6,false,true,,2025-01-24,auto,auto,https://docs.tibco.com/pub/dsmlce/1.0.6/doc/zip/tib_dsmlce_1.0.6_doc.zip,auto,false,ibi,webfocus,,,,,
ibi-webfocus-dsml-services-container-edition,1.0.5,false,true,,2024-10-29,auto,auto,https://docs.tibco.com/pub/dsmlce/1.0.5/doc/zip/tib_dsmlce_1.0.5_doc.zip,auto,false,ibi,webfocus,,,,,
ibi-webfocus-dsml-services-container-edition,1.0.4,false,true,,2024-03-06,auto,auto,https://docs.tibco.com/pub/dsmlce/1.0.4/doc/zip/tib_dsmlce_1.0.4_doc.zip,auto,false,ibi,webfocus,,,,,
ibi-webfocus-dsml-services-container-edition,1.0.3,false,true,,2023-04-14,auto,auto,https://docs.tibco.com/pub/dsmlce/1.0.3/doc/zip/tib_dsmlce_1.0.3_doc.zip,auto,false,ibi,webfocus,,,,,
ibi-webfocus-dsml-services-container-edition,1.0.2,true,false,,2022-03-24,auto,auto,https://docs.tibco.com/pub/dsmlce/tibco-webfocus-dsml-services-container-edition-1-0-2_documentation.zip,auto,false,ibi,webfocus,,,,,
ibi-webfocus-dsml-services-container-edition,1.0.1,true,false,,1653004800000,auto,auto,https://docs.tibco.com/pub/dsmlce/tibco-webfocus-dsml-services-container-edition-1-0-1_documentation.zip,auto,false,ibi,webfocus,,,,,
ibi-webfocus-dsml-services-container-edition,1.0.0,true,false,,2022-02-15,auto,auto,https://docs.tibco.com/pub/dsmlce/tibco-webfocus-dsml-services-container-edition-1-0-0_documentation.zip,auto,false,ibi,webfocus,,,,,
spotfire,1.0.0,true,false,,2023-10-24,auto,auto,https://docs.tibco.com/pub/spotfire/tibco-spotfire-1-0-0_documentation.zip,auto,false,tibco,analytics,,,,,
spotfire-data-science-author,2.2.0,false,true,,2026-04-08,auto,auto,https://docs.tibco.com/pub/dsc-author/2.2.0/doc/zip/tib_dsc-author_2.2.0_doc.zip,auto,false,tibco,analytics,,,,,
spotfire-data-science-author,2.1.0,false,true,,2025-02-17,auto,auto,https://docs.tibco.com/pub/dsc-author/2.1.0/doc/zip/tib_dsc-author_2.1.0_doc.zip,auto,false,tibco,analytics,,,,,
spotfire-data-science-author,2.0.0,false,true,,2024-01-16,auto,auto,https://docs.tibco.com/pub/dsc-author/2.0.0/doc/zip/tib_dsc-author_2.0.0_doc.zip,auto,false,tibco,analytics,,,,,
spotfire-data-science-author,1.5.0,false,true,,2023-09-11,auto,auto,https://docs.tibco.com/pub/dsc-author/1.5.0/doc/zip/tib_dsc-author_1.5.0_doc.zip,auto,false,tibco,analytics,,,,,
spotfire-data-science-author,1.4.0,false,true,,2023-05-24,auto,auto,https://docs.tibco.com/pub/dsc-author/1.4.0/doc/zip/tib_dsc-author_1.4.0_doc.zip,auto,false,tibco,analytics,,,,,
spotfire-data-science-author,1.3.0,true,false,,2020-12-17,auto,auto,https://docs.tibco.com/pub/dsc-author/tibco-data-science-author-1-3-0_documentation.zip,auto,false,tibco,analytics,,,,,
spotfire-data-science-author,1.2.0,true,false,,2019-11-19,auto,auto,https://docs.tibco.com/pub/dsc-author/tibco-data-science-author-1-2-0_documentation.zip,auto,false,tibco,analytics,,,,,
spotfire-data-science-author,1.1.0,true,false,,2019-08-21,auto,auto,https://docs.tibco.com/pub/dsc-author/tibco-data-science-author-1-1-0_documentation.zip,auto,false,tibco,analytics,,,,,
spotfire-data-science-author,1.0.0,true,false,,1541980800000,auto,auto,https://docs.tibco.com/pub/dsc-author/tibco-data-science-author-1-0-0_documentation.zip,auto,false,tibco,analytics,,,,,
spotfire-data-science-for-life-science-author,2.2.0,false,true,,2026-04-08,auto,auto,https://docs.tibco.com/pub/dscls-author/2.2.0/doc/zip/tib_dscls-author_2.2.0_doc.zip,auto,false,tibco,analytics,,,,,
spotfire-data-science-for-life-science-author,2.1.0,false,true,,2025-02-17,auto,auto,https://docs.tibco.com/pub/dscls-author/2.1.0/doc/zip/tib_dscls-author_2.1.0_doc.zip,auto,false,tibco,analytics,,,,,
spotfire-data-science-for-life-science-author,2.0.0,false,true,,2024-01-16,auto,auto,https://docs.tibco.com/pub/dscls-author/2.0.0/doc/zip/tib_dscls-author_2.0.0_doc.zip,auto,false,tibco,analytics,,,,,
spotfire-data-science-for-life-science-author,1.5.0,false,true,,2023-09-13,auto,auto,https://docs.tibco.com/pub/dscls-author/1.5.0/doc/zip/tib_dscls-author_1.5.0_doc.zip,auto,false,tibco,analytics,,,,,
spotfire-data-science-for-life-science-author,1.4.0,false,true,,2023-05-24,auto,auto,https://docs.tibco.com/pub/dscls-author/1.4.0/doc/zip/tib_dscls-author_1.4.0_doc.zip,auto,false,tibco,analytics,,,,,
spotfire-data-science-for-life-science-author,1.3.0,true,false,,2020-12-17,auto,auto,https://docs.tibco.com/pub/dscls-author/tibco-data-science-for-life-science-author-1-3-0_documentation.zip,auto,false,tibco,analytics,,,,,
spotfire-data-science-for-life-science-operations,2.2.0,false,true,,2026-04-08,auto,auto,https://docs.tibco.com/pub/dscls-operations/2.2.0/doc/zip/tib_dscls-operations_2.2.0_doc.zip,auto,false,tibco,analytics,,,,,
spotfire-data-science-for-life-science-operations,2.1.0,false,true,,1739750400000,auto,auto,https://docs.tibco.com/pub/dscls-operations/2.1.0/doc/zip/tib_dscls-operations_2.1.0_doc.zip,auto,false,tibco,analytics,,,,,
spotfire-data-science-for-life-science-operations,2.0.0,false,true,,2024-01-16,auto,auto,https://docs.tibco.com/pub/dscls-operations/2.0.0/doc/zip/tib_dscls-operations_2.0.0_doc.zip,auto,false,tibco,analytics,,,,,
spotfire-data-science-for-life-science-operations,1.5.0,false,true,,2023-09-13,auto,auto,https://docs.tibco.com/pub/dscls-operations/1.5.0/doc/zip/tib_dscls-operations_1.5.0_doc.zip,auto,false,tibco,analytics,,,,,
spotfire-data-science-for-life-science-operations,1.4.0,false,true,,2023-05-24,auto,auto,https://docs.tibco.com/pub/dscls-operations/1.4.0/doc/zip/tib_dscls-operations_1.4.0_doc.zip,auto,false,tibco,analytics,,,,,
spotfire-data-science-for-life-science-operations,1.3.0,true,false,,2020-12-17,auto,auto,https://docs.tibco.com/pub/dscls-operations/tibco-data-science-for-life-science-operations-1-3-0_documentation.zip,auto,false,tibco,analytics,,,,,
spotfire-data-science-operations,2.2.0,false,true,,2026-04-08,auto,auto,https://docs.tibco.com/pub/dsc-operations/2.2.0/doc/zip/tib_dsc-operations_2.2.0_doc.zip,auto,false,tibco,analytics,,,,,
spotfire-data-science-operations,2.1.0,false,true,,2025-02-17,auto,auto,https://docs.tibco.com/pub/dsc-operations/2.1.0/doc/zip/tib_dsc-operations_2.1.0_doc.zip,auto,false,tibco,analytics,,,,,
spotfire-data-science-operations,2.0.0,false,true,,2024-01-16,auto,auto,https://docs.tibco.com/pub/dsc-operations/2.0.0/doc/zip/tib_dsc-operations_2.0.0_doc.zip,auto,false,tibco,analytics,,,,,
spotfire-data-science-operations,1.5.0,false,true,,2023-09-13,auto,auto,https://docs.tibco.com/pub/dsc-operations/1.5.0/doc/zip/tib_dsc-operations_1.5.0_doc.zip,auto,false,tibco,analytics,,,,,
spotfire-data-science-operations,1.4.0,false,true,,2023-05-24,auto,auto,https://docs.tibco.com/pub/dsc-operations/1.4.0/doc/zip/tib_dsc-operations_1.4.0_doc.zip,auto,false,tibco,analytics,,,,,
spotfire-data-science-operations,1.3.0,true,false,,2020-12-17,auto,auto,https://docs.tibco.com/pub/dsc-operations/tibco-data-science-operations-1-3-0_documentation.zip,auto,false,tibco,analytics,,,,,
spotfire-data-science-operations,1.2.0,true,false,,2019-11-19,auto,auto,https://docs.tibco.com/pub/dsc-operations/tibco-data-science-operations-1-2-0_documentation.zip,auto,false,tibco,analytics,,,,,
spotfire-data-science-operations,1.1.0,true,false,,2019-08-21,auto,auto,https://docs.tibco.com/pub/dsc-operations/tibco-data-science-operations-1-1-0_documentation.zip,auto,false,tibco,analytics,,,,,
spotfire-data-science-operations,1.0.0,true,false,,1541980800000,auto,auto,https://docs.tibco.com/pub/dsc-operations/tibco-data-science-operations-1-0-0_documentation.zip,auto,false,tibco,analytics,,,,,
spotfire-data-science-workbench,14.4.0,false,true,,2026-04-08,auto,auto,https://docs.tibco.com/pub/dsc-stat/14.4.0/doc/zip/tib_dsc-stat_14.4.0_doc.zip,auto,false,tibco,analytics,,,,,
spotfire-data-science-workbench,14.3.0,false,true,,2025-02-07,auto,auto,https://docs.tibco.com/pub/dsc-stat/14.3.0/doc/zip/tib_dsc-stat_14.3.0_doc.zip,auto,false,tibco,analytics,,,,,
spotfire-data-science-workbench,14.2.0,true,false,,2024-02-20,auto,auto,https://docs.tibco.com/pub/dsc-stat/14.2.0/spotfire-data-science-workbench-14-2-0_documentation.zip,auto,false,tibco,analytics,,,,,
spotfire-data-science-workbench,14.1.0,false,true,,1683244800000,auto,auto,https://docs.tibco.com/pub/dsc-stat/14.1.0/doc/zip/tib_dsc-stat_14.1.0_doc.zip,auto,false,tibco,analytics,,,,,
spotfire-data-science-workbench,14.0.1,true,false,,1658188800000,auto,auto,https://docs.tibco.com/pub/dsc-stat/tibco-data-science-workbench-14-0-1_documentation.zip,auto,false,tibco,analytics,,,,,
spotfire-data-science-workbench,14.0.0,true,false,,2020-12-09,auto,auto,https://docs.tibco.com/pub/dsc-stat/tibco-data-science-workbench-14-0-0_documentation.zip,auto,false,tibco,analytics,,,,,
spotfire-data-science-workbench,13.6.0,true,false,,2019-10-31,auto,auto,https://docs.tibco.com/pub/dsc-stat/tibco-data-science-workbench-13-6-0_documentation.zip,auto,false,tibco,analytics,,,,,
spotfire-data-science-workbench,13.5.0,true,false,,2018-11-20,auto,auto,https://docs.tibco.com/pub/dsc-stat/tibco-data-science-statistica-13-5-0_documentation.zip,auto,false,tibco,analytics,,,,,
spotfire-data-streams,11.1.1,false,true,,2024-10-04,auto,auto,https://docs.tibco.com/pub/sfire-sfds/11.1.1/doc/zip/tib_sfire-sfds_11.1.1_doc.zip,auto,false,tibco,analytics,,,,,
spotfire-data-streams,11.1.0,false,true,,2023-11-17,auto,auto,https://docs.tibco.com/pub/sfire-sfds/11.1.0/doc/zip/tib_sfire-sfds_11.1.0_doc.zip,auto,false,tibco,analytics,,,,,
spotfire-data-streams,11.0.1,true,false,,2023-02-20,auto,auto,https://docs.tibco.com/pub/sfire-sfds/tibco-data-streams-11-0-1_documentation.zip,auto,false,tibco,analytics,,,,,
spotfire-data-streams,11.0.0,true,false,,2022-05-10,auto,auto,https://docs.tibco.com/pub/sfire-sfds/tibco-data-streams-11-0-0_documentation.zip,auto,false,tibco,analytics,,,,,
spotfire-data-streams,10.6.6,false,true,,2024-08-19,auto,auto,https://docs.tibco.com/pub/sfire-sfds/10.6.6/doc/zip/tib_sfire-sfds_10.6.6_doc.zip,auto,false,tibco,analytics,,,,,
spotfire-data-streams,10.6.5,false,true,,2024-02-09,auto,auto,https://docs.tibco.com/pub/sfire-sfds/10.6.5/doc/zip/tib_sfire-sfds_10.6.5_doc.zip,auto,false,tibco,analytics,,,,,
spotfire-data-streams,10.6.4,true,false,,2023-05-02,auto,auto,https://docs.tibco.com/pub/sfire-sfds/tibco-data-streams-10-6-4_documentation.zip,auto,false,tibco,analytics,,,,,
spotfire-data-streams,10.6.3,true,false,,2022-09-14,auto,auto,https://docs.tibco.com/pub/sfire-sfds/tibco-data-streams-10-6-3_documentation.zip,auto,false,tibco,analytics,,,,,
spotfire-data-streams,10.6.2,true,false,,2021-10-07,auto,auto,https://docs.tibco.com/pub/sfire-sfds/tibco-spotfire-data-streams-10-6-2_documentation.zip,auto,false,tibco,analytics,,,,,
spotfire-data-streams,10.6.1,true,false,,1598400000000,auto,auto,https://docs.tibco.com/pub/sfire-sfds/tibco-spotfire-data-streams-10-6-1_documentation.zip,auto,false,tibco,analytics,,,,,
spotfire-data-streams,10.6.0,true,false,,1589846400000,auto,auto,https://docs.tibco.com/pub/sfire-sfds/tibco-spotfire-data-streams-10-6-0_documentation.zip,auto,false,tibco,analytics,,,,,
spotfire-data-streams,10.5.0,true,false,,1573862400000,auto,auto,https://docs.tibco.com/pub/sfire-sfds/tibco-spotfire-data-streams-10-5-0_documentation.zip,auto,false,tibco,analytics,,,,,
spotfire-data-streams,10.4.5,true,false,,1577836800000,auto,auto,https://docs.tibco.com/pub/sfire-sfds/tibco-spotfire-data-streams-10-4-5_documentation.zip,auto,false,tibco,analytics,,,,,
spotfire-data-streams,10.4.4,true,false,,1564099200000,auto,auto,https://docs.tibco.com/pub/sfire-sfds/tibco-spotfire-data-streams-10-4-4_documentation.zip,auto,false,tibco,analytics,,,,,
spotfire-data-streams,10.4.3,true,false,,1556582400000,auto,auto,https://docs.tibco.com/pub/sfire-sfds/tibco-spotfire-data-streams-10-4-3_documentation.zip,auto,false,tibco,analytics,,,,,
spotfire-data-streams,10.4.2,true,false,,2019-02-22,auto,auto,https://docs.tibco.com/pub/sfire-sfds/tibco-spotfire-data-streams-10-4-2_documentation.zip,auto,false,tibco,analytics,,,,,
spotfire-data-streams,10.4.1,true,false,,1548115200000,auto,auto,https://docs.tibco.com/pub/sfire-sfds/tibco-spotfire-data-streams-10-4-1_documentation.zip,auto,false,tibco,analytics,,,,,
spotfire-data-streams,10.4.0,true,false,,1541462400000,auto,auto,https://docs.tibco.com/pub/sfire-sfds/tibco-spotfire-data-streams-10-4-0_documentation.zip,auto,false,tibco,analytics,,,,,
spotfire-desktop,Desktop,false,true,,2023-08-22,auto,auto,https://docs.tibco.com/pub/spd/desktop/doc/zip/tib_spd_desktop_doc.zip,auto,false,tibco,analytics,,,,,
spotfire-desktop,12.5.0,false,true,,2023-06-21,auto,auto,https://docs.tibco.com/pub/spd/12.5.0/doc/zip/tib_spd_12.5.0_doc.zip,auto,false,tibco,analytics,,,,,
spotfire-desktop,12.4.0,true,false,,2023-04-27,auto,auto,https://docs.tibco.com/pub/spd/tibco-spotfire-desktop-12-4-0_documentation.zip,auto,false,tibco,analytics,,,,,
spotfire-desktop,12.3.0,true,false,,2023-02-27,auto,auto,https://docs.tibco.com/pub/spd/tibco-spotfire-desktop-12-3-0_documentation.zip,auto,false,tibco,analytics,,,,,
spotfire-desktop,12.2.0,true,false,,2022-12-12,auto,auto,https://docs.tibco.com/pub/spd/tibco-spotfire-desktop-12-2-0_documentation.zip,auto,false,tibco,analytics,,,,,
spotfire-desktop,12.1.1,true,false,,2022-10-31,auto,auto,https://docs.tibco.com/pub/spd/tibco-spotfire-desktop-12-1-1_documentation.zip,auto,false,tibco,analytics,,,,,
spotfire-desktop,12.1.0,true,false,,2022-10-19,auto,auto,https://docs.tibco.com/pub/spd/tibco-spotfire-desktop-12-1-0_documentation.zip,auto,false,tibco,analytics,,,,,
spotfire-desktop,12.0.4,false,true,,2023-05-25,auto,auto,https://docs.tibco.com/pub/spd/12.0.4/doc/zip/tib_spd_12.0.4_doc.zip,auto,false,tibco,analytics,,,,,
spotfire-desktop,12.0.3,false,true,,2023-03-02,auto,auto,https://docs.tibco.com/pub/spd/12.0.3/doc/zip/tib_spd_12.0.3_doc.zip,auto,false,tibco,analytics,,,,,
spotfire-desktop,12.0.2,false,true,,2022-11-01,auto,auto,https://docs.tibco.com/pub/spd/12.0.2/doc/zip/tib_spd_12.0.2_doc.zip,auto,false,tibco,analytics,,,,,
spotfire-desktop,12.0.1,false,true,,2022-09-06,auto,auto,https://docs.tibco.com/pub/spd/12.0.1/doc/zip/tib_spd_12.0.1_doc.zip,auto,false,tibco,analytics,,,,,
spotfire-desktop,12.0.0,false,true,,2022-06-30,auto,auto,https://docs.tibco.com/pub/spd/12.0.0/doc/zip/tib_spd_12.0.0_doc.zip,auto,false,tibco,analytics,,,,,
spotfire-desktop,11.8.0,true,false,,2022-03-09,auto,auto,https://docs.tibco.com/pub/spd/tibco-spotfire-desktop-11-8-0_documentation.zip,auto,false,tibco,analytics,,,,,
spotfire-desktop,11.7.0,true,false,,2022-02-01,auto,auto,https://docs.tibco.com/pub/spd/tibco-spotfire-desktop-11-7-0_documentation.zip,auto,false,tibco,analytics,,,,,
spotfire-desktop,11.6.0,true,false,,2021-11-12,auto,auto,https://docs.tibco.com/pub/spd/tibco-spotfire-desktop-11-6-0_documentation.zip,auto,false,tibco,analytics,,,,,
spotfire-desktop,11.5.0,true,false,,2021-09-27,auto,auto,https://docs.tibco.com/pub/spd/tibco-spotfire-desktop-11-5-0_documentation.zip,auto,false,tibco,analytics,,,,,
spotfire-desktop,11.4.7,false,true,,2023-05-25,auto,auto,https://docs.tibco.com/pub/spd/11.4.7/doc/zip/tib_spd_11.4.7_doc.zip,auto,false,tibco,analytics,,,,,
spotfire-desktop,11.4.6,false,true,,2023-03-02,auto,auto,https://docs.tibco.com/pub/spd/11.4.6/doc/zip/tib_spd_11.4.6_doc.zip,auto,false,tibco,analytics,,,,,
spotfire-desktop,11.4.5,false,true,,2022-11-01,auto,auto,https://docs.tibco.com/pub/spd/11.4.5/doc/zip/tib_spd_11.4.5_doc.zip,auto,false,tibco,analytics,,,,,
spotfire-desktop,11.4.4,false,true,,2022-09-06,auto,auto,https://docs.tibco.com/pub/spd/11.4.4/doc/zip/tib_spd_11.4.4_doc.zip,auto,false,tibco,analytics,,,,,
spotfire-desktop,11.4.3,false,true,,2022-04-29,auto,auto,https://docs.tibco.com/pub/spd/11.4.3/doc/zip/tib_spd_11.4.3_doc.zip,auto,false,tibco,analytics,,,,,
spotfire-desktop,11.4.2,false,true,,2022-01-27,auto,auto,https://docs.tibco.com/pub/spd/11.4.2/doc/zip/tib_spd_11.4.2_doc.zip,auto,false,tibco,analytics,,,,,
spotfire-desktop,11.4.1,false,true,,2021-11-17,auto,auto,https://docs.tibco.com/pub/spd/11.4.1/doc/zip/tib_spd_11.4.1_doc.zip,auto,false,tibco,analytics,,,,,
spotfire-desktop,11.4.0,false,true,,2021-06-11,auto,auto,https://docs.tibco.com/pub/spd/11.4.0/doc/zip/tib_spd_11.4.0_doc.zip,auto,false,tibco,analytics,,,,,
spotfire-desktop,11.3.0,true,false,,2021-04-16,auto,auto,https://docs.tibco.com/pub/spd/tibco-spotfire-desktop-11-3-0_documentation.zip,auto,false,tibco,analytics,,,,,
spotfire-desktop,11.2.0,true,false,,2021-03-09,auto,auto,https://docs.tibco.com/pub/spd/tibco-spotfire-desktop-11-2-0_documentation.zip,auto,false,tibco,analytics,,,,,
spotfire-desktop,11.1.0,true,false,,2021-01-05,auto,auto,https://docs.tibco.com/pub/spd/tibco-spotfire-desktop-11-1-0_documentation.zip,auto,false,tibco,analytics,,,,,
spotfire-desktop,11.0.0,true,false,,2020-11-02,auto,auto,https://docs.tibco.com/pub/spd/tibco-spotfire-desktop-11-0-0_documentation.zip,auto,false,tibco,analytics,,,,,
spotfire-desktop,10.10.6,false,true,,2022-04-28,auto,auto,https://docs.tibco.com/pub/spd/10.10.6/doc/zip/tib_spd_10.10.6_doc.zip,auto,false,tibco,analytics,,,,,
spotfire-desktop,10.10.5,true,false,,2022-01-27,auto,auto,https://docs.tibco.com/pub/spd/tibco-spotfire-desktop-10-10-5_documentation.zip,auto,false,tibco,analytics,,,,,
spotfire-desktop,10.10.4,true,false,,2021-11-18,auto,auto,https://docs.tibco.com/pub/spd/tibco-spotfire-desktop-10-10-4_documentation.zip,auto,false,tibco,analytics,,,,,
spotfire-desktop,10.10.3,true,false,,2021-02-09,auto,auto,https://docs.tibco.com/pub/spd/tibco-spotfire-desktop-10-10-3_documentation.zip,auto,false,tibco,analytics,,,,,
spotfire-desktop,10.10.2,true,false,,2020-10-29,auto,auto,https://docs.tibco.com/pub/spd/tibco-spotfire-desktop-10-10-2_documentation.zip,auto,false,tibco,analytics,,,,,
spotfire-desktop,10.10.1,true,false,,2020-09-04,auto,auto,https://docs.tibco.com/pub/spd/tibco-spotfire-desktop-10-10-1_documentation.zip,auto,false,tibco,analytics,,,,,
spotfire-desktop,10.10.0,true,false,,2020-06-03,auto,auto,https://docs.tibco.com/pub/spd/tibco-spotfire-desktop-10-10-0_documentation.zip,auto,false,tibco,analytics,,,,,
spotfire-desktop,10.9.0,true,false,,2020-04-17,auto,auto,https://docs.tibco.com/pub/spd/tibco-spotfire-desktop-10-9-0_documentation.zip,auto,false,tibco,analytics,,,,,
spotfire-desktop,10.8.0,true,false,,2020-02-06,auto,auto,https://docs.tibco.com/pub/spd/tibco-spotfire-desktop-10-8-0_documentation.zip,auto,false,tibco,analytics,,,,,
spotfire-desktop,10.7.0,true,false,,2020-01-10,auto,auto,https://docs.tibco.com/pub/spd/tibco-spotfire-desktop-10-7-0_documentation.zip,auto,false,tibco,analytics,,,,,
spotfire-desktop,10.6.1,true,false,,2019-12-17,auto,auto,https://docs.tibco.com/pub/spd/tibco-spotfire-desktop-10-6-1_documentation.zip,auto,false,tibco,analytics,,,,,
spotfire-desktop,10.6.0,true,false,,2019-10-18,auto,auto,https://docs.tibco.com/pub/spd/tibco-spotfire-desktop-10-6-0_documentation.zip,auto,false,tibco,analytics,,,,,
spotfire-desktop,10.5.0,true,false,,2019-09-05,auto,auto,https://docs.tibco.com/pub/spd/tibco-spotfire-desktop-10-5-0_documentation.zip,auto,false,tibco,analytics,,,,,
spotfire-desktop,10.4.0,true,false,,2019-06-17,auto,auto,https://docs.tibco.com/pub/spd/tibco-spotfire-desktop-10-4-0_documentation.zip,auto,false,tibco,analytics,,,,,
spotfire-desktop,10.3.4,true,false,,2021-03-09,auto,auto,https://docs.tibco.com/pub/spd/tibco-spotfire-desktop-10-3-4_documentation.zip,auto,false,tibco,analytics,,,,,
spotfire-desktop,10.3.3,true,false,,2019-12-17,auto,auto,https://docs.tibco.com/pub/spd/tibco-spotfire-desktop-10-3-3_documentation.zip,auto,false,tibco,analytics,,,,,
spotfire-desktop,10.3.2,true,false,,2019-10-24,auto,auto,https://docs.tibco.com/pub/spd/tibco-spotfire-desktop-10-3-2_documentation.zip,auto,false,tibco,analytics,,,,,
spotfire-desktop,10.3.1,true,false,,2019-06-05,auto,auto,https://docs.tibco.com/pub/spd/tibco-spotfire-desktop-10-3-1_documentation.zip,auto,false,tibco,analytics,,,,,
spotfire-desktop,10.3.0,true,false,,2019-05-02,auto,auto,https://docs.tibco.com/pub/spd/tibco-spotfire-desktop-10-3-0_documentation.zip,auto,false,tibco,analytics,,,,,
spotfire-desktop,10.2.0,true,false,,2019-02-25,auto,auto,https://docs.tibco.com/pub/spd/tibco-spotfire-desktop-10-2-0_documentation.zip,auto,false,tibco,analytics,,,,,
spotfire-desktop,10.1.0,true,false,,2019-01-31,auto,auto,https://docs.tibco.com/pub/spd/tibco-spotfire-desktop-10-1-0_documentation.zip,auto,false,tibco,analytics,,,,,
spotfire-desktop,10.0.0,true,false,,2018-10-25,auto,auto,https://docs.tibco.com/pub/spd/tibco-spotfire-desktop-10-0-0_documentation.zip,auto,false,tibco,analytics,,,,,
spotfire-desktop,7.14.0,true,false,,2018-08-16,auto,auto,https://docs.tibco.com/pub/spd/tibco-spotfire-desktop-7-14-0_documentation.zip,auto,false,tibco,analytics,,,,,
spotfire-desktop,7.13.0,true,false,,2018-07-02,auto,auto,https://docs.tibco.com/pub/spd/tibco-spotfire-desktop-7-13-0_documentation.zip,auto,false,tibco,analytics,,,,,
spotfire-desktop,7.12.0,true,false,,2018-03-08,auto,auto,https://docs.tibco.com/pub/spd/tibco-spotfire-desktop-7-12-0_documentation.zip,auto,false,tibco,analytics,,,,,
spotfire-desktop,7.11.2,true,false,,2019-12-17,auto,auto,https://docs.tibco.com/pub/spd/tibco-spotfire-desktop-7-11-2_documentation.zip,auto,false,tibco,analytics,,,,,
spotfire-desktop,7.11.1,true,false,,2018-07-03,auto,auto,https://docs.tibco.com/pub/spd/tibco-spotfire-desktop-7-11-1_documentation.zip,auto,false,tibco,analytics,,,,,
spotfire-desktop,7.11.0,true,false,,2017-11-09,auto,auto,https://docs.tibco.com/pub/spd/tibco-spotfire-desktop-7-11-0_documentation.zip,auto,false,tibco,analytics,,,,,
spotfire-desktop,7.10.2,true,false,,2018-06-15,auto,auto,https://docs.tibco.com/pub/spd/tibco-spotfire-desktop-7-10-2_documentation.zip,auto,false,tibco,analytics,,,,,
spotfire-desktop,7.10.1,true,false,,2017-08-30,auto,auto,https://docs.tibco.com/pub/spd/tibco-spotfire-desktop-7-10-1_documentation.zip,auto,false,tibco,analytics,,,,,
spotfire-desktop,7.10.0,true,false,,2020-03-26,auto,auto,https://docs.tibco.com/pub/spd/tibco-spotfire-desktop-7-10-0_documentation.zip,auto,false,tibco,analytics,,,,,
spotfire-desktop,7.9.2,true,false,,2020-03-26,auto,auto,https://docs.tibco.com/pub/spd/tibco-spotfire-desktop-7-9-2_documentation.zip,auto,false,tibco,analytics,,,,,
spotfire-desktop,7.9.1,true,false,,2020-03-26,auto,auto,https://docs.tibco.com/pub/spd/tibco-spotfire-desktop-7-9-1_documentation.zip,auto,false,tibco,analytics,,,,,
spotfire-desktop,7.9.0,true,false,,2020-03-26,auto,auto,https://docs.tibco.com/pub/spd/tibco-spotfire-desktop-7-9-0_documentation.zip,auto,false,tibco,analytics,,,,,
spotfire-desktop,7.8.1,true,false,,2020-03-26,auto,auto,https://docs.tibco.com/pub/spd/tibco-spotfire-desktop-7-8-1_documentation.zip,auto,false,tibco,analytics,,,,,
spotfire-desktop,7.8.0,true,false,,2020-03-26,auto,auto,https://docs.tibco.com/pub/spd/tibco-spotfire-desktop-7-8-0_documentation.zip,auto,false,tibco,analytics,,,,,
spotfire-enterprise-runtime-for-r,6.1.9,false,true,,2026-06-15,auto,auto,https://docs.tibco.com/pub/enterprise-runtime-for-R/6.1.9/doc/zip/tib_enterprise-runtime-for-R_6.1.9_doc.zip,auto,false,tibco,analytics,,,,,
spotfire-enterprise-runtime-for-r,6.1.8,false,true,,2026-04-13,auto,auto,https://docs.tibco.com/pub/enterprise-runtime-for-R/6.1.8/doc/zip/tib_enterprise-runtime-for-R_6.1.8_doc.zip,auto,false,tibco,analytics,,,,,
spotfire-enterprise-runtime-for-r,6.1.7,false,true,,2025-11-26,auto,auto,https://docs.tibco.com/pub/enterprise-runtime-for-R/6.1.7/doc/zip/tib_enterprise-runtime-for-R_6.1.7_doc.zip,auto,false,tibco,analytics,,,,,
spotfire-enterprise-runtime-for-r,6.1.6,false,true,,2025-10-07,auto,auto,https://docs.tibco.com/pub/enterprise-runtime-for-R/6.1.6/doc/zip/tib_enterprise-runtime-for-R_6.1.6_doc.zip,auto,false,tibco,analytics,,,,,
spotfire-enterprise-runtime-for-r,6.1.5,false,true,,2025-03-20,auto,auto,https://docs.tibco.com/pub/enterprise-runtime-for-R/6.1.5/doc/zip/tib_enterprise-runtime-for-R_6.1.5_doc.zip,auto,false,tibco,analytics,,,,,
spotfire-enterprise-runtime-for-r,6.1.4,false,true,,2024-09-17,auto,auto,https://docs.tibco.com/pub/enterprise-runtime-for-R/6.1.4/doc/zip/tib_enterprise-runtime-for-R_6.1.4_doc.zip,auto,false,tibco,analytics,,,,,
spotfire-enterprise-runtime-for-r,6.1.3,false,true,,1710892800000,auto,auto,https://docs.tibco.com/pub/enterprise-runtime-for-R/6.1.3/doc/zip/tib_enterprise-runtime-for-R_6.1.3_doc.zip,auto,false,tibco,analytics,,,,,
spotfire-enterprise-runtime-for-r,6.1.2,false,true,,1706313600000,auto,auto,https://docs.tibco.com/pub/enterprise-runtime-for-R/6.1.2/doc/zip/tib_enterprise-runtime-for-R_6.1.2_doc.zip,auto,false,tibco,analytics,,,,,
spotfire-enterprise-runtime-for-r,6.1.1,false,true,,1700265600000,auto,auto,https://docs.tibco.com/pub/enterprise-runtime-for-R/6.1.1/doc/zip/tib_enterprise-runtime-for-R_6.1.1_doc.zip,auto,false,tibco,analytics,,,,,
spotfire-enterprise-runtime-for-r,6.1.0,false,true,,2023-07-15,auto,auto,https://docs.tibco.com/pub/enterprise-runtime-for-R/6.1.0/doc/zip/tib_enterprise-runtime-for-R_6.1.0_doc.zip,auto,false,tibco,analytics,,,,,
spotfire-enterprise-runtime-for-r,6.0.3,false,true,,1679875200000,auto,auto,https://docs.tibco.com/pub/enterprise-runtime-for-R/6.0.3/doc/zip/tib_enterprise-runtime-for-R_6.0.3_doc.zip,auto,false,tibco,analytics,,,,,
spotfire-enterprise-runtime-for-r,6.0.2,false,true,,1675209600000,auto,auto,https://docs.tibco.com/pub/enterprise-runtime-for-R/6.0.2/doc/zip/tib_enterprise-runtime-for-R_6.0.2_doc.zip,auto,false,tibco,analytics,,,,,
spotfire-enterprise-runtime-for-r,6.0.1,true,false,,1658880000000,auto,auto,https://docs.tibco.com/pub/enterprise-runtime-for-R/tibco-enterprise-runtime-for-r-6-0-1_documentation.zip,auto,false,tibco,analytics,,,,,
spotfire-enterprise-runtime-for-r,6.0.0,true,false,,1597795200000,auto,auto,https://docs.tibco.com/pub/enterprise-runtime-for-R/tibco-enterprise-runtime-for-r-6-0-0_documentation.zip,auto,false,tibco,analytics,,,,,
spotfire-enterprise-runtime-for-r,5.1.0,true,false,,2020-06-02,auto,auto,https://docs.tibco.com/pub/enterprise-runtime-for-R/tibco-enterprise-runtime-for-r-5-1-0_documentation.zip,auto,false,tibco,analytics,,,,,
spotfire-enterprise-runtime-for-r,5.0.0,true,false,,2019-02-20,auto,auto,https://docs.tibco.com/pub/enterprise-runtime-for-R/tibco-enterprise-runtime-for-r-5-0-0_documentation.zip,auto,false,tibco,analytics,,,,,
spotfire-enterprise-runtime-for-r,4.5.0,true,false,,2018-10-02,auto,auto,https://docs.tibco.com/pub/enterprise-runtime-for-R/tibco-enterprise-runtime-for-r-4-5-0_documentation.zip,auto,false,tibco,analytics,,,,,
spotfire-enterprise-runtime-for-r,4.4.1,true,false,,2018-05-07,auto,auto,https://docs.tibco.com/pub/enterprise-runtime-for-R/tibco-enterprise-runtime-for-r-4-4-1_documentation.zip,auto,false,tibco,analytics,,,,,
spotfire-enterprise-runtime-for-r,4.4.0,true,false,,2017-09-14,auto,auto,https://docs.tibco.com/pub/enterprise-runtime-for-R/tibco-enterprise-runtime-for-r-4-4-0_documentation.zip,auto,false,tibco,analytics,,,,,
spotfire-enterprise-runtime-for-r,4.3.1,true,false,,2017-05-03,auto,auto,https://docs.tibco.com/pub/enterprise-runtime-for-R/tibco-enterprise-runtime-for-r-4-3-1_documentation.zip,auto,false,tibco,analytics,,,,,
spotfire-enterprise-runtime-for-r,4.3.0,true,false,,2017-06-15,auto,auto,https://docs.tibco.com/pub/enterprise-runtime-for-R/tibco-enterprise-runtime-for-r-4-3-0_documentation.zip,auto,false,tibco,analytics,,,,,
spotfire-enterprise-runtime-for-r,4.2.0,true,false,,2017-06-15,auto,auto,https://docs.tibco.com/pub/enterprise-runtime-for-R/tibco-enterprise-runtime-for-r-4-2-0_documentation.zip,auto,false,tibco,analytics,,,,,
spotfire-enterprise-runtime-for-r,4.1.1,true,false,,2016-05-18,auto,auto,https://docs.tibco.com/pub/enterprise-runtime-for-R/tibco-enterprise-runtime-for-r-4-1-1_documentation.zip,auto,false,tibco,analytics,,,,,
spotfire-enterprise-runtime-for-r,4.1.0,true,false,,2017-06-15,auto,auto,https://docs.tibco.com/pub/enterprise-runtime-for-R/tibco-enterprise-runtime-for-r-4-1-0_documentation.zip,auto,false,tibco,analytics,,,,,
spotfire-enterprise-runtime-for-r,4.0.2,true,false,,2015-12-10,auto,auto,https://docs.tibco.com/pub/enterprise-runtime-for-R/tibco-enterprise-runtime-for-r-4-0-2_documentation.zip,auto,false,tibco,analytics,,,,,
spotfire-enterprise-runtime-for-r,4.0.1,true,false,,2015-11-04,auto,auto,https://docs.tibco.com/pub/enterprise-runtime-for-R/tibco-enterprise-runtime-for-r-4-0-1_documentation.zip,auto,false,tibco,analytics,,,,,
spotfire-enterprise-runtime-for-r,4.0.0,true,false,,2015-09-25,auto,auto,https://docs.tibco.com/pub/enterprise-runtime-for-R/tibco-enterprise-runtime-for-r-4-0-0_documentation.zip,auto,false,tibco,analytics,,,,,
spotfire-enterprise-runtime-for-r,3.2.0,true,false,,2017-06-15,auto,auto,https://docs.tibco.com/pub/enterprise-runtime-for-R/tibco-enterprise-runtime-for-r-3-2-0_documentation.zip,auto,false,tibco,analytics,,,,,
spotfire-enterprise-runtime-for-r,3.1.1,true,false,,2015-03-20,auto,auto,https://docs.tibco.com/pub/enterprise-runtime-for-R/tibco-enterprise-runtime-for-r-3-1-1_documentation.zip,auto,false,tibco,analytics,,,,,
spotfire-enterprise-runtime-for-r,3.1.0,true,false,,2017-06-15,auto,auto,https://docs.tibco.com/pub/enterprise-runtime-for-R/tibco-enterprise-runtime-for-r-3-1-0_documentation.zip,auto,false,tibco,analytics,,,,,
spotfire-enterprise-runtime-for-r-server-edition,Edition,false,true,,2023-11-07,auto,auto,https://docs.tibco.com/pub/terrsrv/Edition/doc/zip/tib_terrsrv_Edition_doc.zip,auto,false,tibco,analytics,,,,,
spotfire-enterprise-runtime-for-r-server-edition,15.0.0,false,true,,2026-06-16,auto,auto,https://docs.tibco.com/pub/terrsrv/15.0.0/doc/zip/tib_terrsrv_15.0.0_doc.zip,auto,false,tibco,analytics,,,,,
spotfire-enterprise-runtime-for-r-server-edition,14.6.3,false,true,,2026-06-09,auto,auto,https://docs.tibco.com/pub/terrsrv/14.6.3/doc/zip/tib_terrsrv_14.6.3_doc.zip,auto,false,tibco,analytics,,,,,
spotfire-enterprise-runtime-for-r-server-edition,1.25.0,false,true,,2026-03-17,auto,auto,https://docs.tibco.com/pub/terrsrv/1.25.0/doc/zip/tib_terrsrv_1.25.0_doc.zip,auto,false,tibco,analytics,,,,,
spotfire-enterprise-runtime-for-r-server-edition,1.24.0,false,true,,2025-11-21,auto,auto,https://docs.tibco.com/pub/terrsrv/1.24.0/doc/zip/tib_terrsrv_1.24.0_doc.zip,auto,false,tibco,analytics,,,,,
spotfire-enterprise-runtime-for-r-server-edition,1.23.2,false,true,,2026-04-15,auto,auto,https://docs.tibco.com/pub/terrsrv/1.23.2/doc/zip/tib_terrsrv_1.23.2_doc.zip,auto,false,tibco,analytics,,,,,
spotfire-enterprise-runtime-for-r-server-edition,1.23.1,false,true,,2025-11-13,auto,auto,https://docs.tibco.com/pub/terrsrv/1.23.1/doc/zip/tib_terrsrv_1.23.1_doc.zip,auto,false,tibco,analytics,,,,,
spotfire-enterprise-runtime-for-r-server-edition,1.23.0,false,true,,2025-10-01,auto,auto,https://docs.tibco.com/pub/terrsrv/1.23.0/doc/zip/tib_terrsrv_1.23.0_doc.zip,auto,false,tibco,analytics,,,,,
spotfire-enterprise-runtime-for-r-server-edition,1.22.0,false,true,,2025-05-19,auto,auto,https://docs.tibco.com/pub/terrsrv/1.22.0/doc/zip/tib_terrsrv_1.22.0_doc.zip,auto,false,tibco,analytics,,,,,
spotfire-enterprise-runtime-for-r-server-edition,1.21.2,false,true,,2025-03-25,auto,auto,https://docs.tibco.com/pub/terrsrv/1.21.2/doc/zip/tib_terrsrv_1.21.2_doc.zip,auto,false,tibco,analytics,,,,,
spotfire-enterprise-runtime-for-r-server-edition,1.21.1,false,true,,2024-11-12,auto,auto,https://docs.tibco.com/pub/terrsrv/1.21.1/doc/zip/tib_terrsrv_1.21.1_doc.zip,auto,false,tibco,analytics,,,,,
spotfire-enterprise-runtime-for-r-server-edition,1.21.0,false,true,,2024-05-22,auto,auto,https://docs.tibco.com/pub/terrsrv/1.21.0/doc/zip/tib_terrsrv_1.21.0_doc.zip,auto,false,tibco,analytics,,,,,
spotfire-enterprise-runtime-for-r-server-edition,1.20.0,true,false,,1712707200000,auto,auto,https://docs.tibco.com/pub/terrsrv/spotfire-enterprise-runtime-for-r-server-edition-1-20-0_documentation.zip,auto,false,tibco,analytics,,,,,
spotfire-enterprise-runtime-for-r-server-edition,1.19.0,true,false,,1709078400000,auto,auto,https://docs.tibco.com/pub/terrsrv/spotfire-enterprise-runtime-for-r-server-edition-1-19-0_documentation.zip,auto,false,tibco,analytics,,,,,
spotfire-enterprise-runtime-for-r-server-edition,1.18.0,true,false,,1701993600000,auto,auto,https://docs.tibco.com/pub/terrsrv/spotfire-enterprise-runtime-for-r-server-edition-1-18-0_documentation.zip,auto,false,tibco,analytics,,,,,
spotfire-enterprise-runtime-for-r-server-edition,1.17.12,false,true,,2026-06-09,auto,auto,https://docs.tibco.com/pub/terrsrv/1.17.12/doc/zip/tib_terrsrv_1.17.12_doc.zip,auto,false,tibco,analytics,,,,,
spotfire-enterprise-runtime-for-r-server-edition,1.17.11,false,true,,2026-03-13,auto,auto,https://docs.tibco.com/pub/terrsrv/1.17.11/doc/zip/tib_terrsrv_1.17.11_doc.zip,auto,false,tibco,analytics,,,,,
spotfire-enterprise-runtime-for-r-server-edition,1.17.10,false,true,,2025-11-13,auto,auto,https://docs.tibco.com/pub/terrsrv/1.17.10/doc/zip/tib_terrsrv_1.17.10_doc.zip,auto,false,tibco,analytics,,,,,
spotfire-enterprise-runtime-for-r-server-edition,1.17.9,false,true,,2025-10-23,auto,auto,https://docs.tibco.com/pub/terrsrv/1.17.9/doc/zip/tib_terrsrv_1.17.9_doc.zip,auto,false,tibco,analytics,,,,,
spotfire-enterprise-runtime-for-r-server-edition,1.17.8,false,true,,2025-05-14,auto,auto,https://docs.tibco.com/pub/terrsrv/1.17.8/doc/zip/tib_terrsrv_1.17.8_doc.zip,auto,false,tibco,analytics,,,,,
spotfire-enterprise-runtime-for-r-server-edition,1.17.7,false,true,,2025-03-24,auto,auto,https://docs.tibco.com/pub/terrsrv/1.17.7/doc/zip/tib_terrsrv_1.17.7_doc.zip,auto,false,tibco,analytics,,,,,
spotfire-enterprise-runtime-for-r-server-edition,1.17.6,false,true,,2024-11-12,auto,auto,https://docs.tibco.com/pub/terrsrv/1.17.6/doc/zip/tib_terrsrv_1.17.6_doc.zip,auto,false,tibco,analytics,,,,,
spotfire-enterprise-runtime-for-r-server-edition,1.17.5,false,true,,2024-09-06,auto,auto,https://docs.tibco.com/pub/terrsrv/1.17.5/doc/zip/tib_terrsrv_1.17.5_doc.zip,auto,false,tibco,analytics,,,,,
spotfire-enterprise-runtime-for-r-server-edition,1.17.4,false,true,,2024-05-28,auto,auto,https://docs.tibco.com/pub/terrsrv/1.17.4/doc/zip/tib_terrsrv_1.17.4_doc.zip,auto,false,tibco,analytics,,,,,
spotfire-enterprise-runtime-for-r-server-edition,1.17.3,false,true,,2024-04-04,auto,auto,https://docs.tibco.com/pub/terrsrv/1.17.3/doc/zip/tib_terrsrv_1.17.3_doc.zip,auto,false,tibco,analytics,,,,,
spotfire-enterprise-runtime-for-r-server-edition,1.17.2,false,true,,2024-03-14,auto,auto,https://docs.tibco.com/pub/terrsrv/1.17.2/doc/zip/tib_terrsrv_1.17.2_doc.zip,auto,false,tibco,analytics,,,,,
spotfire-enterprise-runtime-for-r-server-edition,1.17.1,false,true,,2023-12-04,auto,auto,https://docs.tibco.com/pub/terrsrv/1.17.1/doc/zip/tib_terrsrv_1.17.1_doc.zip,auto,false,tibco,analytics,,,,,
spotfire-enterprise-runtime-for-r-server-edition,1.17.0,false,true,,2023-10-18,auto,auto,https://docs.tibco.com/pub/terrsrv/1.17.0/doc/zip/tib_terrsrv_1.17.0_doc.zip,auto,false,tibco,analytics,,,,,
spotfire-enterprise-runtime-for-r-server-edition,1.16.0,false,true,,2023-07-02,auto,auto,https://docs.tibco.com/pub/terrsrv/1.16.0/doc/zip/tib_terrsrv_1.16.0_doc.zip,auto,false,tibco,analytics,,,,,
spotfire-enterprise-runtime-for-r-server-edition,1.15.0,false,true,,2023-07-03,auto,auto,https://docs.tibco.com/pub/terrsrv/1.15.0/doc/zip/tib_terrsrv_1.15.0_doc.zip,auto,false,tibco,analytics,,,,,
spotfire-enterprise-runtime-for-r-server-edition,1.14.0,true,false,,2023-07-03,auto,auto,https://docs.tibco.com/pub/terrsrv/tibco-enterprise-runtime-for-r-server-edition-1-14-0_documentation.zip,auto,false,tibco,analytics,,,,,
spotfire-enterprise-runtime-for-r-server-edition,1.13.0,true,false,,2023-07-03,auto,auto,https://docs.tibco.com/pub/terrsrv/tibco-enterprise-runtime-for-r-server-edition-1-13-0_documentation.zip,auto,false,tibco,analytics,,,,,
spotfire-enterprise-runtime-for-r-server-edition,1.12.9,false,true,,1726531200000,auto,auto,https://docs.tibco.com/pub/terrsrv/1.12.9/doc/zip/tib_terrsrv_1.12.9_doc.zip,auto,false,tibco,analytics,,,,,
spotfire-enterprise-runtime-for-r-server-edition,1.12.8,false,true,,1709856000000,auto,auto,https://docs.tibco.com/pub/terrsrv/1.12.8/doc/zip/tib_terrsrv_1.12.8_doc.zip,auto,false,tibco,analytics,,,,,
spotfire-enterprise-runtime-for-r-server-edition,1.12.7,false,true,,1707782400000,auto,auto,https://docs.tibco.com/pub/terrsrv/1.12.7/doc/zip/tib_terrsrv_1.12.7_doc.zip,auto,false,tibco,analytics,,,,,
spotfire-enterprise-runtime-for-r-server-edition,1.12.6,false,true,,2023-12-12,auto,auto,https://docs.tibco.com/pub/terrsrv/1.12.6/doc/zip/tib_terrsrv_1.12.6_doc.zip,auto,false,tibco,analytics,,,,,
spotfire-enterprise-runtime-for-r-server-edition,1.12.5,false,true,,1695686400000,auto,auto,https://docs.tibco.com/pub/terrsrv/1.12.5/doc/zip/tib_terrsrv_1.12.5_doc.zip,auto,false,tibco,analytics,,,,,
spotfire-enterprise-runtime-for-r-server-edition,1.12.4,false,true,,2023-07-03,auto,auto,https://docs.tibco.com/pub/terrsrv/1.12.4/doc/zip/tib_terrsrv_1.12.4_doc.zip,auto,false,tibco,analytics,,,,,
spotfire-enterprise-runtime-for-r-server-edition,1.12.3,false,true,,2023-07-03,auto,auto,https://docs.tibco.com/pub/terrsrv/1.12.3/doc/zip/tib_terrsrv_1.12.3_doc.zip,auto,false,tibco,analytics,,,,,
spotfire-enterprise-runtime-for-r-server-edition,1.12.2,true,false,,2023-07-03,auto,auto,https://docs.tibco.com/pub/terrsrv/tibco-enterprise-runtime-for-r-server-edition-1-12-2_documentation.zip,auto,false,tibco,analytics,,,,,
spotfire-enterprise-runtime-for-r-server-edition,1.12.1,true,false,,2023-07-03,auto,auto,https://docs.tibco.com/pub/terrsrv/tibco-enterprise-runtime-for-r-server-edition-1-12-1_documentation.zip,auto,false,tibco,analytics,,,,,
spotfire-enterprise-runtime-for-r-server-edition,1.12.0,true,false,,2023-07-03,auto,auto,https://docs.tibco.com/pub/terrsrv/tibco-enterprise-runtime-for-r-server-edition-1-12-0_documentation.zip,auto,false,tibco,analytics,,,,,
spotfire-enterprise-runtime-for-r-server-edition,1.11.1,true,false,,2023-07-03,auto,auto,https://docs.tibco.com/pub/terrsrv/tibco-enterprise-runtime-for-r-server-edition-1-11-1_documentation.zip,auto,false,tibco,analytics,,,,,
spotfire-enterprise-runtime-for-r-server-edition,1.11.0,true,false,,2023-07-03,auto,auto,https://docs.tibco.com/pub/terrsrv/tibco-enterprise-runtime-for-r-server-edition-1-11-0_documentation.zip,auto,false,tibco,analytics,,,,,
spotfire-enterprise-runtime-for-r-server-edition,1.10.0,true,false,,2022-02-01,auto,auto,https://docs.tibco.com/pub/terrsrv/tibco-enterprise-runtime-for-r-server-edition-1-10-0_documentation.zip,auto,false,tibco,analytics,,,,,
spotfire-enterprise-runtime-for-r-server-edition,1.9.2,true,false,,2021-12-21,auto,auto,https://docs.tibco.com/pub/terrsrv/tibco-enterprise-runtime-for-r-server-edition-1-9-2_documentation.zip,auto,false,tibco,analytics,,,,,
spotfire-enterprise-runtime-for-r-server-edition,1.9.1,true,false,,2021-12-15,auto,auto,https://docs.tibco.com/pub/terrsrv/tibco-enterprise-runtime-for-r-server-edition-1-9-1_documentation.zip,auto,false,tibco,analytics,,,,,
spotfire-enterprise-runtime-for-r-server-edition,1.9.0,true,false,,2021-11-12,auto,auto,https://docs.tibco.com/pub/terrsrv/tibco-enterprise-runtime-for-r-server-edition-1-9-0_documentation.zip,auto,false,tibco,analytics,,,,,
spotfire-enterprise-runtime-for-r-server-edition,1.8.0,true,false,,,auto,auto,,auto,false,tibco,analytics,,,,,
spotfire-enterprise-runtime-for-r-server-edition,1.7.11,true,false,,1695686400000,auto,auto,https://docs.tibco.com/pub/terrsrv/spotfire-enterprise-runtime-for-r-server-edition-1-7-11_documentation.zip,auto,false,tibco,analytics,,,,,
spotfire-enterprise-runtime-for-r-server-edition,1.7.10,false,true,,2023-07-04,auto,auto,https://docs.tibco.com/pub/terrsrv/1.7.10/doc/zip/tib_terrsrv_1.7.10_doc.zip,auto,false,tibco,analytics,,,,,
spotfire-enterprise-runtime-for-r-server-edition,1.7.9,false,true,,2023-07-04,auto,auto,https://docs.tibco.com/pub/terrsrv/1.7.9/doc/zip/tib_terrsrv_1.7.9_doc.zip,auto,false,tibco,analytics,,,,,
spotfire-enterprise-runtime-for-r-server-edition,1.7.8,true,false,,2022-11-02,auto,auto,https://docs.tibco.com/pub/terrsrv/tibco-enterprise-runtime-for-r-server-edition-1-7-8_documentation.zip,auto,false,tibco,analytics,,,,,
spotfire-enterprise-runtime-for-r-server-edition,1.7.7,true,false,,2023-07-04,auto,auto,https://docs.tibco.com/pub/terrsrv/tibco-enterprise-runtime-for-r-server-edition-1-7-7_documentation.zip,auto,false,tibco,analytics,,,,,
spotfire-enterprise-runtime-for-r-server-edition,1.7.6,true,false,,2023-07-04,auto,auto,https://docs.tibco.com/pub/terrsrv/tibco-enterprise-runtime-for-r-server-edition-1-7-6_documentation.zip,auto,false,tibco,analytics,,,,,
spotfire-enterprise-runtime-for-r-server-edition,1.7.5,true,false,,2023-07-04,auto,auto,https://docs.tibco.com/pub/terrsrv/tibco-enterprise-runtime-for-r-server-edition-1-7-5_documentation.zip,auto,false,tibco,analytics,,,,,
spotfire-enterprise-runtime-for-r-server-edition,1.7.4,true,false,,2023-07-04,auto,auto,https://docs.tibco.com/pub/terrsrv/tibco-enterprise-runtime-for-r-server-edition-1-7-4_documentation.zip,auto,false,tibco,analytics,,,,,
spotfire-enterprise-runtime-for-r-server-edition,1.7.3,true,false,,2023-07-04,auto,auto,https://docs.tibco.com/pub/terrsrv/tibco-enterprise-runtime-for-r-server-edition-1-7-3_documentation.zip,auto,false,tibco,analytics,,,,,
spotfire-enterprise-runtime-for-r-server-edition,1.7.2,true,false,,2023-07-04,auto,auto,https://docs.tibco.com/pub/terrsrv/tibco-enterprise-runtime-for-r-server-edition-1-7-2_documentation.zip,auto,false,tibco,analytics,,,,,
spotfire-enterprise-runtime-for-r-server-edition,1.7.1,true,false,,2023-07-04,auto,auto,https://docs.tibco.com/pub/terrsrv/tibco-enterprise-runtime-for-r-server-edition-1-7-1_documentation.zip,auto,false,tibco,analytics,,,,,
spotfire-enterprise-runtime-for-r-server-edition,1.7.0,true,false,,2023-07-03,auto,auto,https://docs.tibco.com/pub/terrsrv/tibco-enterprise-runtime-for-r-server-edition-1-7-0_documentation.zip,auto,false,tibco,analytics,,,,,
spotfire-enterprise-runtime-for-r-server-edition,1.6.0,true,false,,,auto,auto,,auto,false,tibco,analytics,,,,,
spotfire-enterprise-runtime-for-r-server-edition,1.5.0,true,false,,,auto,auto,,auto,false,tibco,analytics,,,,,
spotfire-enterprise-runtime-for-r-server-edition,1.4.0,true,false,,,auto,auto,,auto,false,tibco,analytics,,,,,
spotfire-enterprise-runtime-for-r-server-edition,1.3.8,true,false,,2023-07-03,auto,auto,https://docs.tibco.com/pub/terrsrv/tibco-enterprise-runtime-for-r-server-edition-1-3-8_documentation.zip,auto,false,tibco,analytics,,,,,
spotfire-enterprise-runtime-for-r-server-edition,1.3.7,true,false,,2023-07-03,auto,auto,https://docs.tibco.com/pub/terrsrv/tibco-enterprise-runtime-for-r-server-edition-1-3-7_documentation.zip,auto,false,tibco,analytics,,,,,
spotfire-enterprise-runtime-for-r-server-edition,1.3.6,true,false,,2023-07-03,auto,auto,https://docs.tibco.com/pub/terrsrv/tibco-enterprise-runtime-for-r-server-edition-1-3-6_documentation.zip,auto,false,tibco,analytics,,,,,
spotfire-enterprise-runtime-for-r-server-edition,1.3.5,true,false,,2023-07-03,auto,auto,https://docs.tibco.com/pub/terrsrv/tibco-enterprise-runtime-for-r-server-edition-1-3-5_documentation.zip,auto,false,tibco,analytics,,,,,
spotfire-enterprise-runtime-for-r-server-edition,1.3.4,true,false,,2023-07-03,auto,auto,https://docs.tibco.com/pub/terrsrv/tibco-enterprise-runtime-for-r-server-edition-1-3-4_documentation.zip,auto,false,tibco,analytics,,,,,
spotfire-enterprise-runtime-for-r-server-edition,1.3.3,true,false,,2023-07-03,auto,auto,https://docs.tibco.com/pub/terrsrv/tibco-enterprise-runtime-for-r-server-edition-1-3-3_documentation.zip,auto,false,tibco,analytics,,,,,
spotfire-enterprise-runtime-for-r-server-edition,1.3.2,true,false,,2023-07-03,auto,auto,https://docs.tibco.com/pub/terrsrv/tibco-enterprise-runtime-for-r-server-edition-1-3-2_documentation.zip,auto,false,tibco,analytics,,,,,
spotfire-enterprise-runtime-for-r-server-edition,1.3.1,true,false,,2023-07-03,auto,auto,https://docs.tibco.com/pub/terrsrv/tibco-enterprise-runtime-for-r-server-edition-1-3-1_documentation.zip,auto,false,tibco,analytics,,,,,
spotfire-enterprise-runtime-for-r-server-edition,1.3.0,true,false,,2023-07-03,auto,auto,https://docs.tibco.com/pub/terrsrv/tibco-enterprise-runtime-for-r-server-edition-1-3-0_documentation.zip,auto,false,tibco,analytics,,,,,
spotfire-enterprise-runtime-for-r-server-edition,1.2.5,true,false,,2021-06-29,auto,auto,https://docs.tibco.com/pub/terrsrv/tibco-enterprise-runtime-for-r-server-edition-1-2-5_documentation.zip,auto,false,tibco,analytics,,,,,
spotfire-enterprise-runtime-for-r-server-edition,1.2.4,true,false,,2020-07-07,auto,auto,https://docs.tibco.com/pub/terrsrv/tibco-enterprise-runtime-for-r-server-edition-1-2-4_documentation.zip,auto,false,tibco,analytics,,,,,
spotfire-enterprise-runtime-for-r-server-edition,1.2.3,true,false,,2020-01-31,auto,auto,https://docs.tibco.com/pub/terrsrv/tibco-enterprise-runtime-for-r-server-edition-1-2-3_documentation.zip,auto,false,tibco,analytics,,,,,
spotfire-enterprise-runtime-for-r-server-edition,1.2.2,true,false,,,auto,auto,,auto,false,tibco,analytics,,,,,
spotfire-enterprise-runtime-for-r-server-edition,1.2.1,true,false,,,auto,auto,,auto,false,tibco,analytics,,,,,
spotfire-enterprise-runtime-for-r-server-edition,1.2.0,true,false,,,auto,auto,,auto,false,tibco,analytics,,,,,
spotfire-enterprise-runtime-for-r-server-edition,1.1.0,true,false,,,auto,auto,,auto,false,tibco,analytics,,,,,
spotfire-for-android,1.4.7,false,true,,2024-11-08,auto,auto,https://docs.tibco.com/pub/sfire-android/1.4.7/doc/zip/tib_sfire-android_1.4.7_doc.zip,auto,false,tibco,analytics,,,,,
spotfire-for-android,1.4.6,false,true,,2023-09-22,auto,auto,https://docs.tibco.com/pub/sfire-android/1.4.6/doc/zip/tib_sfire-android_1.4.6_doc.zip,auto,false,tibco,analytics,,,,,
spotfire-for-android,1.4.5,true,false,,2021-11-03,auto,auto,https://docs.tibco.com/pub/sfire-android/tibco-spotfire-for-android-1-4-5_documentation.zip,auto,false,tibco,analytics,,,,,
spotfire-for-android,1.4.4,true,false,,2021-08-25,auto,auto,https://docs.tibco.com/pub/sfire-android/tibco-spotfire-for-android-1-4-4_documentation.zip,auto,false,tibco,analytics,,,,,
spotfire-for-android,1.4.3,true,false,,2020-11-25,auto,auto,https://docs.tibco.com/pub/sfire-android/tibco-spotfire-for-android-1-4-3_documentation.zip,auto,false,tibco,analytics,,,,,
spotfire-for-android,1.4.2,true,false,,2020-08-18,auto,auto,https://docs.tibco.com/pub/sfire-android/tibco-spotfire-for-android-1-4-2_documentation.zip,auto,false,tibco,analytics,,,,,
spotfire-for-android,1.4.1,true,false,,1575331200000,auto,auto,https://docs.tibco.com/pub/sfire-android/tibco-spotfire-for-android-1-4-1_documentation.zip,auto,false,tibco,analytics,,,,,
spotfire-for-android,1.4.0,true,false,,2019-09-09,auto,auto,https://docs.tibco.com/pub/sfire-android/tibco-spotfire-for-android-1-4-0_documentation.zip,auto,false,tibco,analytics,,,,,
spotfire-for-android,1.3.0,true,false,,2019-03-25,auto,auto,https://docs.tibco.com/pub/sfire-android/tibco-spotfire-for-android-1-3-0_documentation.zip,auto,false,tibco,analytics,,,,,
spotfire-for-android,1.2.2,true,false,,2018-11-20,auto,auto,https://docs.tibco.com/pub/sfire-android/tibco-spotfire-for-android-1-2-2_documentation.zip,auto,false,tibco,analytics,,,,,
spotfire-for-android,1.2.1,true,false,,2018-08-23,auto,auto,https://docs.tibco.com/pub/sfire-android/tibco-spotfire-for-android-1-2-1_documentation.zip,auto,false,tibco,analytics,,,,,
spotfire-for-android,1.2.0,true,false,,2018-05-12,auto,auto,https://docs.tibco.com/pub/sfire-android/tibco-spotfire-for-android-1-2-0_documentation.zip,auto,false,tibco,analytics,,,,,
spotfire-for-android,1.1.0,true,false,,1520553600000,auto,auto,https://docs.tibco.com/pub/sfire-android/tibco-spotfire-for-android-1-1-0_documentation.zip,auto,false,tibco,analytics,,,,,
spotfire-for-android,1.0.1,true,false,,2018-01-23,auto,auto,https://docs.tibco.com/pub/sfire-android/tibco-spotfire-for-android-1-0-1_documentation.zip,auto,false,tibco,analytics,,,,,
spotfire-for-android,1.0.0,true,false,,2018-01-24,auto,auto,https://docs.tibco.com/pub/sfire-android/tibco-spotfire-for-android-1-0-0_documentation.zip,auto,false,tibco,analytics,,,,,
spotfire-for-apple-ios,2.14.0,false,true,,1697500800000,auto,auto,https://docs.tibco.com/pub/sf_ipad/2.14.0/doc/zip/tib_sf_ipad_2.14.0_doc.zip,auto,false,tibco,analytics,,,,,
spotfire-for-apple-ios,2.13.0,false,true,,1641859200000,auto,auto,https://docs.tibco.com/pub/sf_ipad/2.13.0/doc/zip/tib_sf_ipad_2.13.0_doc.zip,auto,false,tibco,analytics,,,,,
spotfire-for-apple-ios,2.12.0,false,true,,2020-09-08,auto,auto,https://docs.tibco.com/pub/sf_ipad/2.12.0/doc/zip/tib_sf_ipad_2.12.0_doc.zip,auto,false,tibco,analytics,,,,,
spotfire-for-apple-ios,2.11.2,false,true,,1574553600000,auto,auto,https://docs.tibco.com/pub/sf_ipad/2.11.2/doc/zip/tib_sf_ipad_2.11.2_doc.zip,auto,false,tibco,analytics,,,,,
spotfire-for-apple-ios,2.11.1,false,true,,1554768000000,auto,auto,https://docs.tibco.com/pub/sf_ipad/2.11.1/doc/zip/tib_sf_ipad_2.11.1_doc.zip,auto,false,tibco,analytics,,,,,
spotfire-for-apple-ios,2.11.0,false,true,,2019-03-19,auto,auto,https://docs.tibco.com/pub/sf_ipad/2.11.0/doc/zip/tib_sf_ipad_2.11.0_doc.zip,auto,false,tibco,analytics,,,,,
spotfire-for-apple-ios,2.10.1,false,true,,2018-08-21,auto,auto,https://docs.tibco.com/pub/sf_ipad/2.10.1/doc/zip/tib_sf_ipad_2.10.1_doc.zip,auto,false,tibco,analytics,,,,,
spotfire-for-apple-ios,2.10.0,false,true,,1526342400000,auto,auto,https://docs.tibco.com/pub/sf_ipad/2.10.0/doc/zip/tib_sf_ipad_2.10.0_doc.zip,auto,false,tibco,analytics,,,,,
spotfire-for-apple-ios,2.9.3,false,true,,1522800000000,auto,auto,https://docs.tibco.com/pub/sf_ipad/2.9.3/doc/zip/tib_sf_ipad_2.9.3_doc.zip,auto,false,tibco,analytics,,,,,
spotfire-for-apple-ios,2.9.2,false,true,,2017-10-06,auto,auto,https://docs.tibco.com/pub/sf_ipad/2.9.2/doc/zip/tib_sf_ipad_2.9.2_doc.zip,auto,false,tibco,analytics,,,,,
spotfire-for-apple-ios,2.9.1,false,true,,2017-07-18,auto,auto,https://docs.tibco.com/pub/sf_ipad/2.9.1/doc/zip/tib_sf_ipad_2.9.1_doc.zip,auto,false,tibco,analytics,,,,,
spotfire-for-apple-ios,2.9.0,false,true,,1491004800000,auto,auto,https://docs.tibco.com/pub/sf_ipad/2.9.0/doc/zip/tib_sf_ipad_2.9.0_doc.zip,auto,false,tibco,analytics,,,,,
spotfire-for-apple-ios,2.8.0,false,true,,1480204800000,auto,auto,https://docs.tibco.com/pub/sf_ipad/2.8.0/doc/zip/tib_sf_ipad_2.8.0_doc.zip,auto,false,tibco,analytics,,,,,
spotfire-liveview-web-enterprise-edition,1.7.1,false,true,,2024-10-10,auto,auto,https://docs.tibco.com/pub/ldm-web/1.7.1/doc/zip/tib_ldm-web_1.7.1_doc.zip,auto,false,tibco,analytics,,,,,
spotfire-liveview-web-enterprise-edition,1.7.0,false,true,,2024-08-01,auto,auto,https://docs.tibco.com/pub/ldm-web/1.7.0/doc/zip/tib_ldm-web_1.7.0_doc.zip,auto,false,tibco,analytics,,,,,
spotfire-liveview-web-enterprise-edition,1.6.2,true,false,,2021-10-25,auto,auto,https://docs.tibco.com/pub/ldm-web/tibco-liveview-web-enterprise-edition-1-6-2_documentation.zip,auto,false,tibco,analytics,,,,,
spotfire-liveview-web-enterprise-edition,1.6.0,true,false,,2020-05-21,auto,auto,https://docs.tibco.com/pub/ldm-web/tibco-liveview-web-enterprise-edition-1-6-0_documentation.zip,auto,false,tibco,analytics,,,,,
spotfire-liveview-web-enterprise-edition,1.5.0,true,false,,2020-04-22,auto,auto,https://docs.tibco.com/pub/ldm-web/tibco-liveview-web-enterprise-edition-1-5-0_documentation.zip,auto,false,tibco,analytics,,,,,
spotfire-liveview-web-enterprise-edition,1.4.1,true,false,,1540857600000,auto,auto,https://docs.tibco.com/pub/ldm-web/tibco-liveview-web-enterprise-edition-1-4-1_documentation.zip,auto,false,tibco,analytics,,,,,
spotfire-liveview-web-enterprise-edition,1.4.0,true,false,,1529452800000,auto,auto,https://docs.tibco.com/pub/ldm-web/tibco-liveview-web-enterprise-edition-1-4-0_documentation.zip,auto,false,tibco,analytics,,,,,
spotfire-liveview-web-enterprise-edition,1.3.2,true,false,,2017-11-22,auto,auto,https://docs.tibco.com/pub/ldm-web/tibco-liveview-web-enterprise-edition-1-3-2_documentation.zip,auto,false,tibco,analytics,,,,,
spotfire-liveview-web-enterprise-edition,1.3.1,true,false,,2017-09-11,auto,auto,https://docs.tibco.com/pub/ldm-web/tibco-liveview-web-enterprise-edition-1-3-1_documentation.zip,auto,false,tibco,analytics,,,,,
spotfire-liveview-web-enterprise-edition,1.3.0,true,false,,2017-05-22,auto,auto,https://docs.tibco.com/pub/ldm-web/tibco-liveview-web-enterprise-edition-1-3-0_documentation.zip,auto,false,tibco,analytics,,,,,
spotfire-liveview-web-enterprise-edition,1.2.1,true,false,,1490745600000,auto,auto,https://docs.tibco.com/pub/ldm-web/tibco-liveview-web-enterprise-edition-1-2-1_documentation.zip,auto,false,tibco,analytics,,,,,
spotfire-liveview-web-enterprise-edition,1.2.0,true,false,,2017-03-01,auto,auto,https://docs.tibco.com/pub/ldm-web/tibco-liveview-web-1-2-0_documentation.zip,auto,false,tibco,analytics,,,,,
spotfire-liveview-web-enterprise-edition,1.1.3,true,false,,2017-06-15,auto,auto,https://docs.tibco.com/pub/ldm-web/tibco-liveview-web-1-1-3_documentation.zip,auto,false,tibco,analytics,,,,,
spotfire-liveview-web-enterprise-edition,1.1.2,true,false,,2016-09-12,auto,auto,https://docs.tibco.com/pub/ldm-web/tibco-liveview-web-1-1-2_documentation.zip,auto,false,tibco,analytics,,,,,
spotfire-liveview-web-enterprise-edition,1.1.1,true,false,,2016-06-23,auto,auto,https://docs.tibco.com/pub/ldm-web/tibco-liveview-web-1-1-1_documentation.zip,auto,false,tibco,analytics,,,,,
spotfire-liveview-web-enterprise-edition,1.1.0,true,false,,2016-05-16,auto,auto,https://docs.tibco.com/pub/ldm-web/tibco-liveview-web-1-1-0_documentation.zip,auto,false,tibco,analytics,,,,,
spotfire-liveview-web-enterprise-edition,1.0.3,true,false,,2018-03-06,auto,auto,https://docs.tibco.com/pub/ldm-web/tibco-liveview-web-1-0-3_documentation.zip,auto,false,tibco,analytics,,,,,
spotfire-liveview-web-enterprise-edition,1.0.2,true,false,,2016-02-23,auto,auto,https://docs.tibco.com/pub/ldm-web/tibco-liveview-web-1-0-2_documentation.zip,auto,false,tibco,analytics,,,,,
spotfire-on-kubernetes,7.0.0,false,true,,2026-08-18,auto,auto,https://docs.tibco.com/pub/sf-kbn/7.0.0/doc/zip/tib_sf-kbn_7.0.0_doc.zip,auto,false,tibco,analytics,,,,,
spotfire-on-kubernetes,6.0.0,false,true,,2026-08-25,auto,auto,https://docs.tibco.com/pub/sf-kbn/6.0.0/doc/zip/tib_sf-kbn_6.0.0_doc.zip,auto,false,tibco,analytics,,,,,
spotfire-on-kubernetes,5.0.0,false,true,,2026-01-05,auto,auto,https://docs.tibco.com/pub/sf-kbn/5.0.0/doc/zip/tib_sf-kbn_5.0.0_doc.zip,auto,false,tibco,analytics,,,,,
spotfire-on-kubernetes,4.3.0,false,true,,2026-06-30,auto,auto,https://docs.tibco.com/pub/sf-kbn/4.3.0/doc/zip/tib_sf-kbn_4.3.0_doc.zip,auto,false,tibco,analytics,,,,,
spotfire-on-kubernetes,4.1.0,false,true,,2025-12-03,auto,auto,https://docs.tibco.com/pub/sf-kbn/4.1.0/doc/zip/tib_sf-kbn_4.1.0_doc.zip,auto,false,tibco,analytics,,,,,
spotfire-on-kubernetes,4.0.0,false,true,,2025-12-03,auto,auto,https://docs.tibco.com/pub/sf-kbn/4.0.0/doc/zip/tib_sf-kbn_4.0.0_doc.zip,auto,false,tibco,analytics,,,,,
spotfire-on-kubernetes,3.0.0,false,true,,2025-06-27,auto,auto,https://docs.tibco.com/pub/sf-kbn/3.0.0/doc/zip/tib_sf-kbn_3.0.0_doc.zip,auto,false,tibco,analytics,,,,,
spotfire-server,Server,false,true,,2023-08-30,auto,auto,https://docs.tibco.com/pub/spotfire-server/Server/doc/zip/tib_spotfire-server_Server_doc.zip,auto,false,tibco,analytics,,,,,
spotfire-server,15.0.0,false,true,,2026-06-17,auto,auto,https://docs.tibco.com/pub/spotfire_server/15.0.0/doc/zip/tib_spotfire_server_15.0.0_doc.zip,auto,false,tibco,analytics,,,,,
spotfire-server,14.8.0,false,true,,2026-03-20,auto,auto,https://docs.tibco.com/pub/spotfire_server/14.8.0/doc/zip/tib_spotfire_server_14.8.0_doc.zip,auto,false,tibco,analytics,,,,,
spotfire-server,14.7.0,false,true,,2025-11-27,auto,auto,https://docs.tibco.com/pub/spotfire_server/14.7.0/doc/zip/tib_spotfire_server_14.7.0_doc.zip,auto,false,tibco,analytics,,,,,
spotfire-server,14.6.3,false,true,,2026-06-12,auto,auto,https://docs.tibco.com/pub/spotfire_server/14.6.3/doc/zip/tib_spotfire_server_14.6.3_doc.zip,auto,false,tibco,analytics,,,,,
spotfire-server,14.6.2,false,true,,2026-03-16,auto,auto,https://docs.tibco.com/pub/spotfire_server/14.6.2/doc/zip/tib_spotfire_server_14.6.2_doc.zip,auto,false,tibco,analytics,,,,,
spotfire-server,14.6.1,false,true,,2025-11-25,auto,auto,https://docs.tibco.com/pub/spotfire_server/14.6.1/doc/zip/tib_spotfire_server_14.6.1_doc.zip,auto,false,tibco,analytics,,,,,
spotfire-server,14.6.0,false,true,,2025-10-03,auto,auto,https://docs.tibco.com/pub/spotfire_server/14.6.0/doc/zip/tib_spotfire_server_14.6.0_doc.zip,auto,false,tibco,analytics,,,,,
spotfire-server,14.5.0,false,true,,2025-09-29,auto,auto,https://docs.tibco.com/pub/spotfire_server/14.5.0/doc/zip/tib_spotfire_server_14.5.0_doc.zip,auto,false,tibco,analytics,,,,,
spotfire-server,14.4.2,false,true,,2025-03-25,auto,auto,https://docs.tibco.com/pub/spotfire_server/14.4.2/doc/zip/tib_spotfire_server_14.4.2_doc.zip,auto,false,tibco,analytics,,,,,
spotfire-server,14.4.1,false,true,,2024-11-19,auto,auto,https://docs.tibco.com/pub/spotfire_server/14.4.1/doc/zip/tib_spotfire_server_14.4.1_doc.zip,auto,false,tibco,analytics,,,,,
spotfire-server,14.4.0,false,true,,2024-05-27,auto,auto,https://docs.tibco.com/pub/spotfire_server/14.4.0/doc/zip/tib_spotfire_server_14.4.0_doc.zip,auto,false,tibco,analytics,,,,,
spotfire-server,14.3.0,true,false,,2024-04-19,auto,auto,https://docs.tibco.com/pub/spotfire_server/spotfire-server-14-3-0_documentation.zip,auto,false,tibco,analytics,,,,,
spotfire-server,14.2.0,true,false,,2024-03-11,auto,auto,https://docs.tibco.com/pub/spotfire_server/spotfire-server-14-2-0_documentation.zip,auto,false,tibco,analytics,,,,,
spotfire-server,14.1.0,true,false,,2023-12-15,auto,auto,https://docs.tibco.com/pub/spotfire_server/spotfire-server-14-1-0_documentation.zip,auto,false,tibco,analytics,,,,,
spotfire-server,14.0.13,false,true,,1781222400000,auto,auto,https://docs.tibco.com/pub/spotfire_server/14.0.13/doc/zip/tib_spotfire_server_14.0.13_doc.zip,auto,false,tibco,analytics,,,,,
spotfire-server,14.0.12,false,true,,2026-03-19,auto,auto,https://docs.tibco.com/pub/spotfire_server/14.0.12/doc/zip/tib_spotfire_server_14.0.12_doc.zip,auto,false,tibco,analytics,,,,,
spotfire-server,14.0.11,false,true,,2026-01-27,auto,auto,https://docs.tibco.com/pub/spotfire_server/14.0.11/doc/zip/tib_spotfire_server_14.0.11_doc.zip,auto,false,tibco,analytics,,,,,
spotfire-server,14.0.10,false,true,,1763683200000,auto,auto,https://docs.tibco.com/pub/spotfire_server/14.0.10/doc/zip/tib_spotfire_server_14.0.10_doc.zip,auto,false,tibco,analytics,,,,,
spotfire-server,14.0.9,false,true,,1759795200000,auto,auto,https://docs.tibco.com/pub/spotfire_server/14.0.9/doc/zip/tib_spotfire_server_14.0.9_doc.zip,auto,false,tibco,analytics,,,,,
spotfire-server,14.0.8,false,true,,2025-06-02,auto,auto,https://docs.tibco.com/pub/spotfire_server/14.0.8/doc/zip/tib_spotfire_server_14.0.8_doc.zip,auto,false,tibco,analytics,,,,,
spotfire-server,14.0.7,false,true,,2025-03-19,auto,auto,https://docs.tibco.com/pub/spotfire_server/14.0.7/doc/zip/tib_spotfire_server_14.0.7_doc.zip,auto,false,tibco,analytics,,,,,
spotfire-server,14.0.6,false,true,,2024-11-14,auto,auto,https://docs.tibco.com/pub/spotfire_server/14.0.6/doc/zip/tib_spotfire_server_14.0.6_doc.zip,auto,false,tibco,analytics,,,,,
spotfire-server,14.0.5,false,true,,2024-09-13,auto,auto,https://docs.tibco.com/pub/spotfire_server/14.0.5/doc/zip/tib_spotfire_server_14.0.5_doc.zip,auto,false,tibco,analytics,,,,,
spotfire-server,14.0.4,false,true,,2024-05-28,auto,auto,https://docs.tibco.com/pub/spotfire_server/14.0.4/doc/zip/tib_spotfire_server_14.0.4_doc.zip,auto,false,tibco,analytics,,,,,
spotfire-server,14.0.3,false,true,,1712793600000,auto,auto,https://docs.tibco.com/pub/spotfire_server/14.0.3/doc/zip/tib_spotfire_server_14.0.3_doc.zip,auto,false,tibco,analytics,,,,,
spotfire-server,14.0.2,false,true,,2024-02-27,auto,auto,https://docs.tibco.com/pub/spotfire_server/14.0.2/doc/zip/tib_spotfire_server_14.0.2_doc.zip,auto,false,tibco,analytics,,,,,
spotfire-server,14.0.1,false,true,,2023-12-05,auto,auto,https://docs.tibco.com/pub/spotfire_server/14.0.1/doc/zip/tib_spotfire_server_14.0.1_doc.zip,auto,false,tibco,analytics,,,,,
spotfire-server,14.0.0,false,true,,2023-10-20,auto,auto,https://docs.tibco.com/pub/spotfire_server/14.0.0/doc/zip/tib_spotfire_server_14.0.0_doc.zip,auto,false,tibco,analytics,,,,,
spotfire-server,12.5.0,false,true,,2023-06-26,auto,auto,https://docs.tibco.com/pub/spotfire_server/12.5.0/doc/zip/tib_spotfire_server_12.5.0_doc.zip,auto,false,tibco,analytics,,,,,
spotfire-server,12.4.0,true,false,,2023-04-13,auto,auto,https://docs.tibco.com/pub/spotfire_server/tibco-spotfire-server-12-4-0_documentation.zip,auto,false,tibco,analytics,,,,,
spotfire-server,12.3.0,true,false,,2023-02-27,auto,auto,https://docs.tibco.com/pub/spotfire_server/tibco-spotfire-server-12-3-0_documentation.zip,auto,false,tibco,analytics,,,,,
spotfire-server,12.2.0,true,false,,2022-12-14,auto,auto,https://docs.tibco.com/pub/spotfire_server/tibco-spotfire-server-12-2-0_documentation.zip,auto,false,tibco,analytics,,,,,
spotfire-server,12.1.1,true,false,,2022-10-31,auto,auto,https://docs.tibco.com/pub/spotfire_server/tibco-spotfire-server-12-1-1_documentation.zip,auto,false,tibco,analytics,,,,,
spotfire-server,12.1.0,true,false,,2022-10-25,auto,auto,https://docs.tibco.com/pub/spotfire_server/tibco-spotfire-server-12-1-0_documentation.zip,auto,false,tibco,analytics,,,,,
spotfire-server,12.0.12,false,true,,2024-09-12,auto,auto,https://docs.tibco.com/pub/spotfire_server/12.0.12/doc/zip/tib_spotfire_server_12.0.12_doc.zip,auto,false,tibco,analytics,,,,,
spotfire-server,12.0.11,false,true,,2024-05-28,auto,auto,https://docs.tibco.com/pub/spotfire_server/12.0.11/doc/zip/tib_spotfire_server_12.0.11_doc.zip,auto,false,tibco,analytics,,,,,
spotfire-server,12.0.10,false,true,,2024-02-27,auto,auto,https://docs.tibco.com/pub/spotfire_server/12.0.10/doc/zip/tib_spotfire_server_12.0.10_doc.zip,auto,false,tibco,analytics,,,,,
spotfire-server,12.0.9,false,true,,2023-12-04,auto,auto,https://docs.tibco.com/pub/spotfire_server/12.0.9/doc/zip/tib_spotfire_server_12.0.9_doc.zip,auto,false,tibco,analytics,,,,,
spotfire-server,12.0.8,false,true,,1697500800000,auto,auto,https://docs.tibco.com/pub/spotfire_server/12.0.8/doc/zip/tib_spotfire_server_12.0.8_doc.zip,auto,false,tibco,analytics,,,,,
spotfire-server,12.0.7,false,true,,2023-10-04,auto,auto,https://docs.tibco.com/pub/spotfire_server/12.0.7/doc/zip/tib_spotfire_server_12.0.7_doc.zip,auto,false,tibco,analytics,,,,,
spotfire-server,12.0.6,false,true,,1695772800000,auto,auto,https://docs.tibco.com/pub/spotfire_server/12.0.6/doc/zip/tib_spotfire_server_12.0.6_doc.zip,auto,false,tibco,analytics,,,,,
spotfire-server,12.0.5,false,true,,2023-05-25,auto,auto,https://docs.tibco.com/pub/spotfire_server/12.0.5/doc/zip/tib_spotfire_server_12.0.5_doc.zip,auto,false,tibco,analytics,,,,,
spotfire-server,12.0.4,false,true,,2023-03-02,auto,auto,https://docs.tibco.com/pub/spotfire_server/12.0.4/doc/zip/tib_spotfire_server_12.0.4_doc.zip,auto,false,tibco,analytics,,,,,
spotfire-server,12.0.3,true,false,,2022-12-01,auto,auto,https://docs.tibco.com/pub/spotfire_server/tibco-spotfire-server-12-0-3_documentation.zip,auto,false,tibco,analytics,,,,,
spotfire-server,12.0.2,true,false,,2022-11-01,auto,auto,https://docs.tibco.com/pub/spotfire_server/tibco-spotfire-server-12-0-2_documentation.zip,auto,false,tibco,analytics,,,,,
spotfire-server,12.0.1,true,false,,2022-09-06,auto,auto,https://docs.tibco.com/pub/spotfire_server/tibco-spotfire-server-12-0-1_documentation.zip,auto,false,tibco,analytics,,,,,
spotfire-server,12.0.0,true,false,,2022-07-04,auto,auto,https://docs.tibco.com/pub/spotfire_server/tibco-spotfire-server-12-0-0_documentation.zip,auto,false,tibco,analytics,,,,,
spotfire-server,11.8.1,true,false,,1648771200000,auto,auto,https://docs.tibco.com/pub/spotfire_server/tibco-spotfire-server-11-8-1_documentation.zip,auto,false,tibco,analytics,,,,,
spotfire-server,11.8.0,true,false,,2022-03-09,auto,auto,https://docs.tibco.com/pub/spotfire_server/tibco-spotfire-server-11-8-0_documentation.zip,auto,false,tibco,analytics,,,,,
spotfire-server,11.7.0,true,false,,2022-02-01,auto,auto,https://docs.tibco.com/pub/spotfire_server/tibco-spotfire-server-11-7-0_documentation.zip,auto,false,tibco,analytics,,,,,
spotfire-server,11.6.3,true,false,,2021-12-20,auto,auto,https://docs.tibco.com/pub/spotfire_server/tibco-spotfire-server-11-6-3_documentation.zip,auto,false,tibco,analytics,,,,,
spotfire-server,11.6.2,true,false,,2021-12-15,auto,auto,https://docs.tibco.com/pub/spotfire_server/tibco-spotfire-server-11-6-2_documentation.zip,auto,false,tibco,analytics,,,,,
spotfire-server,11.6.1,true,false,,2021-12-14,auto,auto,https://docs.tibco.com/pub/spotfire_server/tibco-spotfire-server-11-6-1_documentation.zip,auto,false,tibco,analytics,,,,,
spotfire-server,11.6.0,true,false,,2021-11-13,auto,auto,https://docs.tibco.com/pub/spotfire_server/tibco-spotfire-server-11-6-0_documentation.zip,auto,false,tibco,analytics,,,,,
spotfire-server,11.5.0,true,false,,2021-09-27,auto,auto,https://docs.tibco.com/pub/spotfire_server/tibco-spotfire-server-11-5-0_documentation.zip,auto,false,tibco,analytics,,,,,
spotfire-server,11.4.14,true,false,,1697500800000,auto,auto,https://docs.tibco.com/pub/spotfire_server/spotfire-server-11-4-14_documentation.zip,auto,false,tibco,analytics,,,,,
spotfire-server,11.4.13,true,false,,2023-10-04,auto,auto,https://docs.tibco.com/pub/spotfire_server/spotfire-server-11-4-13_documentation.zip,auto,false,tibco,analytics,,,,,
spotfire-server,11.4.12,true,false,,2023-09-25,auto,auto,https://docs.tibco.com/pub/spotfire_server/spotfire-server-11-4-12_documentation.zip,auto,false,tibco,analytics,,,,,
spotfire-server,11.4.11,false,true,,2023-05-25,auto,auto,https://docs.tibco.com/pub/spotfire_server/11.4.11/doc/zip/tib_spotfire_server_11.4.11_doc.zip,auto,false,tibco,analytics,,,,,
spotfire-server,11.4.10,false,true,,2023-03-02,auto,auto,https://docs.tibco.com/pub/spotfire_server/11.4.10/doc/zip/tib_spotfire_server_11.4.10_doc.zip,auto,false,tibco,analytics,,,,,
spotfire-server,11.4.9,true,false,,2022-11-01,auto,auto,https://docs.tibco.com/pub/spotfire_server/tibco-spotfire-server-11-4-9_documentation.zip,auto,false,tibco,analytics,,,,,
spotfire-server,11.4.8,true,false,,2022-09-06,auto,auto,https://docs.tibco.com/pub/spotfire_server/tibco-spotfire-server-11-4-8_documentation.zip,auto,false,tibco,analytics,,,,,
spotfire-server,11.4.7,true,false,,2022-04-29,auto,auto,https://docs.tibco.com/pub/spotfire_server/tibco-spotfire-server-11-4-7_documentation.zip,auto,false,tibco,analytics,,,,,
spotfire-server,11.4.6,true,false,,2022-04-01,auto,auto,https://docs.tibco.com/pub/spotfire_server/tibco-spotfire-server-11-4-6_documentation.zip,auto,false,tibco,analytics,,,,,
spotfire-server,11.4.5,true,false,,2022-01-26,auto,auto,https://docs.tibco.com/pub/spotfire_server/tibco-spotfire-server-11-4-5_documentation.zip,auto,false,tibco,analytics,,,,,
spotfire-server,11.4.4,true,false,,2021-12-17,auto,auto,https://docs.tibco.com/pub/spotfire_server/tibco-spotfire-server-11-4-4_documentation.zip,auto,false,tibco,analytics,,,,,
spotfire-server,11.4.3,true,false,,2021-12-14,auto,auto,https://docs.tibco.com/pub/spotfire_server/tibco-spotfire-server-11-4-3_documentation.zip,auto,false,tibco,analytics,,,,,
spotfire-server,11.4.2,true,false,,2021-11-26,auto,auto,https://docs.tibco.com/pub/spotfire_server/tibco-spotfire-server-11-4-2_documentation.zip,auto,false,tibco,analytics,,,,,
spotfire-server,11.4.1,true,false,,1627948800000,auto,auto,https://docs.tibco.com/pub/spotfire_server/tibco-spotfire-server-11-4-1_documentation.zip,auto,false,tibco,analytics,,,,,
spotfire-server,11.4.0,true,false,,2021-06-11,auto,auto,https://docs.tibco.com/pub/spotfire_server/tibco-spotfire-server-11-4-0_documentation.zip,auto,false,tibco,analytics,,,,,
spotfire-server,11.3.0,true,false,,2021-04-16,auto,auto,https://docs.tibco.com/pub/spotfire_server/tibco-spotfire-server-11-3-0_documentation.zip,auto,false,tibco,analytics,,,,,
spotfire-server,11.2.0,true,false,,2021-03-09,auto,auto,https://docs.tibco.com/pub/spotfire_server/tibco-spotfire-server-11-2-0_documentation.zip,auto,false,tibco,analytics,,,,,
spotfire-server,11.1.0,true,false,,2021-01-04,auto,auto,https://docs.tibco.com/pub/spotfire_server/tibco-spotfire-server-11-1-0_documentation.zip,auto,false,tibco,analytics,,,,,
spotfire-server,11.0.0,true,false,,2020-11-02,auto,auto,https://docs.tibco.com/pub/spotfire_server/tibco-spotfire-server-11-0-0_documentation.zip,auto,false,tibco,analytics,,,,,
spotfire-server,10.10.13,true,false,,2022-07-06,auto,auto,https://docs.tibco.com/pub/spotfire_server/tibco-spotfire-server-10-10-13_documentation.zip,auto,false,tibco,analytics,,,,,
spotfire-server,10.10.12,true,false,,2022-04-28,auto,auto,https://docs.tibco.com/pub/spotfire_server/tibco-spotfire-server-10-10-12_documentation.zip,auto,false,tibco,analytics,,,,,
spotfire-server,10.10.11,true,false,,2022-04-01,auto,auto,https://docs.tibco.com/pub/spotfire_server/tibco-spotfire-server-10-10-11_documentation.zip,auto,false,tibco,analytics,,,,,
spotfire-server,10.10.10,true,false,,2022-01-27,auto,auto,https://docs.tibco.com/pub/spotfire_server/tibco-spotfire-server-10-10-10_documentation.zip,auto,false,tibco,analytics,,,,,
spotfire-server,10.10.9,true,false,,2021-12-17,auto,auto,https://docs.tibco.com/pub/spotfire_server/tibco-spotfire-server-10-10-9_documentation.zip,auto,false,tibco,analytics,,,,,
spotfire-server,10.10.8,true,false,,2021-12-13,auto,auto,https://docs.tibco.com/pub/spotfire_server/tibco-spotfire-server-10-10-8_documentation.zip,auto,false,tibco,analytics,,,,,
spotfire-server,10.10.7,true,false,,2021-11-26,auto,auto,https://docs.tibco.com/pub/spotfire_server/tibco-spotfire-server-10-10-7_documentation.zip,auto,false,tibco,analytics,,,,,
spotfire-server,10.10.6,true,false,,2021-08-03,auto,auto,https://docs.tibco.com/pub/spotfire_server/tibco-spotfire-server-10-10-6_documentation.zip,auto,false,tibco,analytics,,,,,
spotfire-server,10.10.5,true,false,,2021-06-10,auto,auto,https://docs.tibco.com/pub/spotfire_server/tibco-spotfire-server-10-10-5_documentation.zip,auto,false,tibco,analytics,,,,,
spotfire-server,10.10.4,true,false,,2021-02-12,auto,auto,https://docs.tibco.com/pub/spotfire_server/tibco-spotfire-server-10-10-4_documentation.zip,auto,false,tibco,analytics,,,,,
spotfire-server,10.10.3,true,false,,2020-11-05,auto,auto,https://docs.tibco.com/pub/spotfire_server/tibco-spotfire-server-10-10-3_documentation.zip,auto,false,tibco,analytics,,,,,
spotfire-server,10.10.2,true,false,,2020-09-04,auto,auto,https://docs.tibco.com/pub/spotfire_server/tibco-spotfire-server-10-10-2_documentation.zip,auto,false,tibco,analytics,,,,,
spotfire-server,10.10.1,true,false,,2020-07-28,auto,auto,https://docs.tibco.com/pub/spotfire_server/tibco-spotfire-server-10-10-1_documentation.zip,auto,false,tibco,analytics,,,,,
spotfire-server,10.10.0,true,false,,1591833600000,auto,auto,https://docs.tibco.com/pub/spotfire_server/tibco-spotfire-server-10-10-0_documentation.zip,auto,false,tibco,analytics,,,,,
spotfire-server,10.9.0,true,false,,2020-04-17,auto,auto,https://docs.tibco.com/pub/spotfire_server/tibco-spotfire-server-10-9-0_documentation.zip,auto,false,tibco,analytics,,,,,
spotfire-server,10.8.1,true,false,,2020-03-11,auto,auto,https://docs.tibco.com/pub/spotfire_server/tibco-spotfire-server-10-8-1_documentation.zip,auto,false,tibco,analytics,,,,,
spotfire-server,10.8.0,true,false,,2020-02-06,auto,auto,https://docs.tibco.com/pub/spotfire_server/tibco-spotfire-server-10-8-0_documentation.zip,auto,false,tibco,analytics,,,,,
spotfire-server,10.7.0,true,false,,2020-01-10,auto,auto,https://docs.tibco.com/pub/spotfire_server/tibco-spotfire-server-10-7-0_documentation.zip,auto,false,tibco,analytics,,,,,
spotfire-server,10.6.1,true,false,,2019-12-17,auto,auto,https://docs.tibco.com/pub/spotfire_server/tibco-spotfire-server-10-6-1_documentation.zip,auto,false,tibco,analytics,,,,,
spotfire-server,10.6.0,true,false,,2019-10-18,auto,auto,https://docs.tibco.com/pub/spotfire_server/tibco-spotfire-server-10-6-0_documentation.zip,auto,false,tibco,analytics,,,,,
spotfire-server,10.5.0,true,false,,2019-09-05,auto,auto,https://docs.tibco.com/pub/spotfire_server/tibco-spotfire-server-10-5-0_documentation.zip,auto,false,tibco,analytics,,,,,
spotfire-server,10.4.0,true,false,,2019-06-17,auto,auto,https://docs.tibco.com/pub/spotfire_server/tibco-spotfire-server-10-4-0_documentation.zip,auto,false,tibco,analytics,,,,,
spotfire-server,10.3.13,true,false,,2021-06-29,auto,auto,https://docs.tibco.com/pub/spotfire_server/tibco-spotfire-server-10-3-13_documentation.zip,auto,false,tibco,analytics,,,,,
spotfire-server,10.3.12,true,false,,2021-03-09,auto,auto,https://docs.tibco.com/pub/spotfire_server/tibco-spotfire-server-10-3-12_documentation.zip,auto,false,tibco,analytics,,,,,
spotfire-server,10.3.11,true,false,,2020-11-06,auto,auto,https://docs.tibco.com/pub/spotfire_server/tibco-spotfire-server-10-3-11_documentation.zip,auto,false,tibco,analytics,,,,,
spotfire-server,10.3.10,true,false,,2020-08-05,auto,auto,https://docs.tibco.com/pub/spotfire_server/tibco-spotfire-server-10-3-10_documentation.zip,auto,false,tibco,analytics,,,,,
spotfire-server,10.3.9,true,false,,2020-04-27,auto,auto,https://docs.tibco.com/pub/spotfire_server/tibco-spotfire-server-10-3-9_documentation.zip,auto,false,tibco,analytics,,,,,
spotfire-server,10.3.8,true,false,,2020-03-23,auto,auto,https://docs.tibco.com/pub/spotfire_server/tibco-spotfire-server-10-3-8_documentation.zip,auto,false,tibco,analytics,,,,,
spotfire-server,10.3.7,true,false,,2020-03-11,auto,auto,https://docs.tibco.com/pub/spotfire_server/tibco-spotfire-server-10-3-7_documentation.zip,auto,false,tibco,analytics,,,,,
spotfire-server,10.3.6,true,false,,2020-02-08,auto,auto,https://docs.tibco.com/pub/spotfire_server/tibco-spotfire-server-10-3-6_documentation.zip,auto,false,tibco,analytics,,,,,
spotfire-server,10.3.5,true,false,,2019-12-17,auto,auto,https://docs.tibco.com/pub/spotfire_server/tibco-spotfire-server-10-3-5_documentation.zip,auto,false,tibco,analytics,,,,,
spotfire-server,10.3.4,true,false,,2019-10-24,auto,auto,https://docs.tibco.com/pub/spotfire_server/tibco-spotfire-server-10-3-4_documentation.zip,auto,false,tibco,analytics,,,,,
spotfire-server,10.3.3,true,false,,2019-09-05,auto,auto,https://docs.tibco.com/pub/spotfire_server/tibco-spotfire-server-10-3-3_documentation.zip,auto,false,tibco,analytics,,,,,
spotfire-server,10.3.2,true,false,,2019-07-10,auto,auto,https://docs.tibco.com/pub/spotfire_server/tibco-spotfire-server-10-3-2_documentation.zip,auto,false,tibco,analytics,,,,,
spotfire-server,10.3.1,true,false,,2019-06-05,auto,auto,https://docs.tibco.com/pub/spotfire_server/tibco-spotfire-server-10-3-1_documentation.zip,auto,false,tibco,analytics,,,,,
spotfire-server,10.3.0,true,false,,2019-05-15,auto,auto,https://docs.tibco.com/pub/spotfire_server/tibco-spotfire-server-10-3-0_documentation.zip,auto,false,tibco,analytics,,,,,
spotfire-server,10.2.1,true,false,,2019-05-15,auto,auto,https://docs.tibco.com/pub/spotfire_server/tibco-spotfire-server-10-2-1_documentation.zip,auto,false,tibco,analytics,,,,,
spotfire-server,10.2.0,true,false,,2019-01-23,auto,auto,https://docs.tibco.com/pub/spotfire_server/tibco-spotfire-server-10-2-0_documentation.zip,auto,false,tibco,analytics,,,,,
spotfire-server,10.1.0,true,false,,2019-01-30,auto,auto,https://docs.tibco.com/pub/spotfire_server/tibco-spotfire-server-10-1-0_documentation.zip,auto,false,tibco,analytics,,,,,
spotfire-server,10.0.1,true,false,,2019-01-21,auto,auto,https://docs.tibco.com/pub/spotfire_server/tibco-spotfire-server-10-0-1_documentation.zip,auto,false,tibco,analytics,,,,,
spotfire-server,10.0.0,true,false,,2018-11-26,auto,auto,https://docs.tibco.com/pub/spotfire_server/tibco-spotfire-server-10-0-0_documentation.zip,auto,false,tibco,analytics,,,,,
spotfire-server,7.14.0,true,false,,2018-09-10,auto,auto,https://docs.tibco.com/pub/spotfire_server/tibco-spotfire-server-7-14-0_documentation.zip,auto,false,tibco,analytics,,,,,
spotfire-server,7.13.0,true,false,,2018-06-27,auto,auto,https://docs.tibco.com/pub/spotfire_server/tibco-spotfire-server-7-13-0_documentation.zip,auto,false,tibco,analytics,,,,,
spotfire-server,7.12.0,true,false,,2018-05-31,auto,auto,https://docs.tibco.com/pub/spotfire_server/tibco-spotfire-server-7-12-0_documentation.zip,auto,false,tibco,analytics,,,,,
spotfire-server,7.11.11,true,false,,2020-04-27,auto,auto,https://docs.tibco.com/pub/spotfire_server/tibco-spotfire-server-7-11-11_documentation.zip,auto,false,tibco,analytics,,,,,
spotfire-server,7.11.10,true,false,,2020-03-11,auto,auto,https://docs.tibco.com/pub/spotfire_server/tibco-spotfire-server-7-11-10_documentation.zip,auto,false,tibco,analytics,,,,,
spotfire-server,7.11.9,true,false,,2020-02-07,auto,auto,https://docs.tibco.com/pub/spotfire_server/tibco-spotfire-server-7-11-9_documentation.zip,auto,false,tibco,analytics,,,,,
spotfire-server,7.11.8,true,false,,2019-12-17,auto,auto,https://docs.tibco.com/pub/spotfire_server/tibco-spotfire-server-7-11-8_documentation.zip,auto,false,tibco,analytics,,,,,
spotfire-server,7.11.7,true,false,,2019-10-24,auto,auto,https://docs.tibco.com/pub/spotfire_server/tibco-spotfire-server-7-11-7_documentation.zip,auto,false,tibco,analytics,,,,,
spotfire-server,7.11.6,true,false,,2019-08-23,auto,auto,https://docs.tibco.com/pub/spotfire_server/tibco-spotfire-server-7-11-6_documentation.zip,auto,false,tibco,analytics,,,,,
spotfire-server,7.11.5,true,false,,2019-07-15,auto,auto,https://docs.tibco.com/pub/spotfire_server/tibco-spotfire-server-7-11-5_documentation.zip,auto,false,tibco,analytics,,,,,
spotfire-server,7.11.4,true,false,,2019-06-05,auto,auto,https://docs.tibco.com/pub/spotfire_server/tibco-spotfire-server-7-11-4_documentation.zip,auto,false,tibco,analytics,,,,,
spotfire-server,7.11.3,true,false,,2019-05-02,auto,auto,https://docs.tibco.com/pub/spotfire_server/tibco-spotfire-server-7-11-3_documentation.zip,auto,false,tibco,analytics,,,,,
spotfire-server,7.11.2,true,false,,2019-01-23,auto,auto,https://docs.tibco.com/pub/spotfire_server/tibco-spotfire-server-7-11-2_documentation.zip,auto,false,tibco,analytics,,,,,
spotfire-server,7.11.1,true,false,,2018-11-26,auto,auto,https://docs.tibco.com/pub/spotfire_server/tibco-spotfire-server-7-11-1_documentation.zip,auto,false,tibco,analytics,,,,,
spotfire-server,7.11.0,true,false,,2018-05-31,auto,auto,https://docs.tibco.com/pub/spotfire_server/tibco-spotfire-server-7-11-0_documentation.zip,auto,false,tibco,analytics,,,,,
spotfire-server,7.10.2,true,false,,2019-01-09,auto,auto,https://docs.tibco.com/pub/spotfire_server/tibco-spotfire-server-7-10-2_documentation.zip,auto,false,tibco,analytics,,,,,
spotfire-server,7.10.1,true,false,,2018-06-14,auto,auto,https://docs.tibco.com/pub/spotfire_server/tibco-spotfire-server-7-10-1_documentation.zip,auto,false,tibco,analytics,,,,,
spotfire-server,7.10.0,true,false,,2020-03-26,auto,auto,https://docs.tibco.com/pub/spotfire_server/tibco-spotfire-server-7-10-0_documentation.zip,auto,false,tibco,analytics,,,,,
spotfire-server,7.9.1,true,false,,2020-03-26,auto,auto,https://docs.tibco.com/pub/spotfire_server/tibco-spotfire-server-7-9-1_documentation.zip,auto,false,tibco,analytics,,,,,
spotfire-server,7.9.0,true,false,,2020-03-26,auto,auto,https://docs.tibco.com/pub/spotfire_server/tibco-spotfire-server-7-9-0_documentation.zip,auto,false,tibco,analytics,,,,,
spotfire-server,7.8.2,true,false,,2020-03-26,auto,auto,https://docs.tibco.com/pub/spotfire_server/tibco-spotfire-server-7-8-2_documentation.zip,auto,false,tibco,analytics,,,,,
spotfire-server,7.8.1,true,false,,2018-05-31,auto,auto,https://docs.tibco.com/pub/spotfire_server/tibco-spotfire-server-7-8-1_documentation.zip,auto,false,tibco,analytics,,,,,
spotfire-server,7.8.0,true,false,,2020-03-26,auto,auto,https://docs.tibco.com/pub/spotfire_server/tibco-spotfire-server-7-8-0_documentation.zip,auto,false,tibco,analytics,,,,,
spotfire-service-for-python,15.0.0,false,true,,2026-06-16,auto,auto,https://docs.tibco.com/pub/sf-pysrv/15.0.0/doc/zip/tib_sf-pysrv_15.0.0_doc.zip,auto,false,tibco,analytics,,,,,
spotfire-service-for-python,14.6.3,false,true,,2026-06-09,auto,auto,https://docs.tibco.com/pub/sf-pysrv/14.6.3/doc/zip/tib_sf-pysrv_14.6.3_doc.zip,auto,false,tibco,analytics,,,,,
spotfire-service-for-python,1.25.0,false,true,,2026-03-17,auto,auto,https://docs.tibco.com/pub/sf-pysrv/1.25.0/doc/zip/tib_sf-pysrv_1.25.0_doc.zip,auto,false,tibco,analytics,,,,,
spotfire-service-for-python,1.24.0,false,true,,2025-11-21,auto,auto,https://docs.tibco.com/pub/sf-pysrv/1.24.0/doc/zip/tib_sf-pysrv_1.24.0_doc.zip,auto,false,tibco,analytics,,,,,
spotfire-service-for-python,1.23.2,false,true,,2026-04-15,auto,auto,https://docs.tibco.com/pub/sf-pysrv/1.23.2/doc/zip/tib_sf-pysrv_1.23.2_doc.zip,auto,false,tibco,analytics,,,,,
spotfire-service-for-python,1.23.1,false,true,,2025-11-13,auto,auto,https://docs.tibco.com/pub/sf-pysrv/1.23.1/doc/zip/tib_sf-pysrv_1.23.1_doc.zip,auto,false,tibco,analytics,,,,,
spotfire-service-for-python,1.23.0,false,true,,2025-10-01,auto,auto,https://docs.tibco.com/pub/sf-pysrv/1.23.0/doc/zip/tib_sf-pysrv_1.23.0_doc.zip,auto,false,tibco,analytics,,,,,
spotfire-service-for-python,1.22.0,false,true,,2025-05-19,auto,auto,https://docs.tibco.com/pub/sf-pysrv/1.22.0/doc/zip/tib_sf-pysrv_1.22.0_doc.zip,auto,false,tibco,analytics,,,,,
spotfire-service-for-python,1.21.2,false,true,,2025-03-25,auto,auto,https://docs.tibco.com/pub/sf-pysrv/1.21.2/doc/zip/tib_sf-pysrv_1.21.2_doc.zip,auto,false,tibco,analytics,,,,,
spotfire-service-for-python,1.21.1,false,true,,2024-11-12,auto,auto,https://docs.tibco.com/pub/sf-pysrv/1.21.1/doc/zip/tib_sf-pysrv_1.21.1_doc.zip,auto,false,tibco,analytics,,,,,
spotfire-service-for-python,1.21.0,false,true,,2024-05-22,auto,auto,https://docs.tibco.com/pub/sf-pysrv/1.21.0/doc/zip/tib_sf-pysrv_1.21.0_doc.zip,auto,false,tibco,analytics,,,,,
spotfire-service-for-python,1.20.0,true,false,,1712707200000,auto,auto,https://docs.tibco.com/pub/sf-pysrv/spotfire-service-for-python-1-20-0_documentation.zip,auto,false,tibco,analytics,,,,,
spotfire-service-for-python,1.19.0,true,false,,1709078400000,auto,auto,https://docs.tibco.com/pub/sf-pysrv/spotfire-service-for-python-1-19-0_documentation.zip,auto,false,tibco,analytics,,,,,
spotfire-service-for-python,1.18.0,true,false,,1701993600000,auto,auto,https://docs.tibco.com/pub/sf-pysrv/spotfire-service-for-python-1-18-0_documentation.zip,auto,false,tibco,analytics,,,,,
spotfire-service-for-python,1.17.12,false,true,,2026-06-09,auto,auto,https://docs.tibco.com/pub/sf-pysrv/1.17.12/doc/zip/tib_sf-pysrv_1.17.12_doc.zip,auto,false,tibco,analytics,,,,,
spotfire-service-for-python,1.17.11,false,true,,2026-03-13,auto,auto,https://docs.tibco.com/pub/sf-pysrv/1.17.11/doc/zip/tib_sf-pysrv_1.17.11_doc.zip,auto,false,tibco,analytics,,,,,
spotfire-service-for-python,1.17.10,false,true,,2025-11-13,auto,auto,https://docs.tibco.com/pub/sf-pysrv/1.17.10/doc/zip/tib_sf-pysrv_1.17.10_doc.zip,auto,false,tibco,analytics,,,,,
spotfire-service-for-python,1.17.9,false,true,,2025-10-23,auto,auto,https://docs.tibco.com/pub/sf-pysrv/1.17.9/doc/zip/tib_sf-pysrv_1.17.9_doc.zip,auto,false,tibco,analytics,,,,,
spotfire-service-for-python,1.17.8,false,true,,2025-05-14,auto,auto,https://docs.tibco.com/pub/sf-pysrv/1.17.8/doc/zip/tib_sf-pysrv_1.17.8_doc.zip,auto,false,tibco,analytics,,,,,
spotfire-service-for-python,1.17.7,false,true,,2025-03-24,auto,auto,https://docs.tibco.com/pub/sf-pysrv/1.17.7/doc/zip/tib_sf-pysrv_1.17.7_doc.zip,auto,false,tibco,analytics,,,,,
spotfire-service-for-python,1.17.6,false,true,,2024-11-12,auto,auto,https://docs.tibco.com/pub/sf-pysrv/1.17.6/doc/zip/tib_sf-pysrv_1.17.6_doc.zip,auto,false,tibco,analytics,,,,,
spotfire-service-for-python,1.17.5,false,true,,2024-09-06,auto,auto,https://docs.tibco.com/pub/sf-pysrv/1.17.5/doc/zip/tib_sf-pysrv_1.17.5_doc.zip,auto,false,tibco,analytics,,,,,
spotfire-service-for-python,1.17.4,false,true,,2024-05-28,auto,auto,https://docs.tibco.com/pub/sf-pysrv/1.17.4/doc/zip/tib_sf-pysrv_1.17.4_doc.zip,auto,false,tibco,analytics,,,,,
spotfire-service-for-python,1.17.3,false,true,,2024-04-04,auto,auto,https://docs.tibco.com/pub/sf-pysrv/1.17.3/doc/zip/tib_sf-pysrv_1.17.3_doc.zip,auto,false,tibco,analytics,,,,,
spotfire-service-for-python,1.17.2,false,true,,2024-03-14,auto,auto,https://docs.tibco.com/pub/sf-pysrv/1.17.2/doc/zip/tib_sf-pysrv_1.17.2_doc.zip,auto,false,tibco,analytics,,,,,
spotfire-service-for-python,1.17.1,false,true,,1701648000000,auto,auto,https://docs.tibco.com/pub/sf-pysrv/1.17.1/doc/zip/tib_sf-pysrv_1.17.1_doc.zip,auto,false,tibco,analytics,,,,,
spotfire-service-for-python,1.17.0,false,true,,2023-10-18,auto,auto,https://docs.tibco.com/pub/sf-pysrv/1.17.0/doc/zip/tib_sf-pysrv_1.17.0_doc.zip,auto,false,tibco,analytics,,,,,
spotfire-service-for-python,1.16.0,false,true,,2023-06-05,auto,auto,https://docs.tibco.com/pub/sf-pysrv/1.16.0/doc/zip/tib_sf-pysrv_1.16.0_doc.zip,auto,false,tibco,analytics,,,,,
spotfire-service-for-python,1.15.0,false,true,,2023-03-01,auto,auto,https://docs.tibco.com/pub/sf-pysrv/1.15.0/doc/zip/tib_sf-pysrv_1.15.0_doc.zip,auto,false,tibco,analytics,,,,,
spotfire-service-for-python,1.14.0,true,false,,2022-12-13,auto,auto,https://docs.tibco.com/pub/sf-pysrv/tibco-spotfire-service-for-python-1-14-0_documentation.zip,auto,false,tibco,analytics,,,,,
spotfire-service-for-python,1.13.0,true,false,,2022-10-06,auto,auto,https://docs.tibco.com/pub/sf-pysrv/tibco-spotfire-service-for-python-1-13-0_documentation.zip,auto,false,tibco,analytics,,,,,
spotfire-service-for-python,1.12.9,false,true,,1726531200000,auto,auto,https://docs.tibco.com/pub/sf-pysrv/1.12.9/doc/zip/tib_sf-pysrv_1.12.9_doc.zip,auto,false,tibco,analytics,,,,,
spotfire-service-for-python,1.12.8,false,true,,1709856000000,auto,auto,https://docs.tibco.com/pub/sf-pysrv/1.12.8/doc/zip/tib_sf-pysrv_1.12.8_doc.zip,auto,false,tibco,analytics,,,,,
spotfire-service-for-python,1.12.7,false,true,,1709078400000,auto,auto,https://docs.tibco.com/pub/sf-pysrv/1.12.7/doc/zip/tib_sf-pysrv_1.12.7_doc.zip,auto,false,tibco,analytics,,,,,
spotfire-service-for-python,1.12.6,false,true,,2023-12-12,auto,auto,https://docs.tibco.com/pub/sf-pysrv/1.12.6/doc/zip/tib_sf-pysrv_1.12.6_doc.zip,auto,false,tibco,analytics,,,,,
spotfire-service-for-python,1.12.5,false,true,,1695772800000,auto,auto,https://docs.tibco.com/pub/sf-pysrv/1.12.5/doc/zip/tib_sf-pysrv_1.12.5_doc.zip,auto,false,tibco,analytics,,,,,
spotfire-service-for-python,1.12.4,false,true,,2023-05-25,auto,auto,https://docs.tibco.com/pub/sf-pysrv/1.12.4/doc/zip/tib_sf-pysrv_1.12.4_doc.zip,auto,false,tibco,analytics,,,,,
spotfire-service-for-python,1.12.3,false,true,,2023-03-02,auto,auto,https://docs.tibco.com/pub/sf-pysrv/1.12.3/doc/zip/tib_sf-pysrv_1.12.3_doc.zip,auto,false,tibco,analytics,,,,,
spotfire-service-for-python,1.12.2,true,false,,2022-11-02,auto,auto,https://docs.tibco.com/pub/sf-pysrv/tibco-spotfire-service-for-python-1-12-2_documentation.zip,auto,false,tibco,analytics,,,,,
spotfire-service-for-python,1.12.1,true,false,,2022-09-06,auto,auto,https://docs.tibco.com/pub/sf-pysrv/tibco-spotfire-service-for-python-1-12-1_documentation.zip,auto,false,tibco,analytics,,,,,
spotfire-service-for-python,1.12.0,true,false,,2022-08-02,auto,auto,https://docs.tibco.com/pub/sf-pysrv/tibco-spotfire-service-for-python-1-12-0_documentation.zip,auto,false,tibco,analytics,,,,,
spotfire-service-for-python,1.11.1,true,false,,2022-04-06,auto,auto,https://docs.tibco.com/pub/sf-pysrv/tibco-spotfire-service-for-python-1-11-1_documentation.zip,auto,false,tibco,analytics,,,,,
spotfire-service-for-python,1.11.0,true,false,,2022-04-28,auto,auto,https://docs.tibco.com/pub/sf-pysrv/tibco-spotfire-service-for-python-1-11-0_documentation.zip,auto,false,tibco,analytics,,,,,
spotfire-service-for-python,1.10.0,true,false,,2022-02-01,auto,auto,https://docs.tibco.com/pub/sf-pysrv/tibco-spotfire-service-for-python-1-10-0_documentation.zip,auto,false,tibco,analytics,,,,,
spotfire-service-for-python,1.5.2,true,false,,2021-12-21,auto,auto,https://docs.tibco.com/pub/sf-pysrv/tibco-spotfire-service-for-python-1-5-2_documentation.zip,auto,false,tibco,analytics,,,,,
spotfire-service-for-python,1.5.1,true,false,,2021-12-15,auto,auto,https://docs.tibco.com/pub/sf-pysrv/tibco-spotfire-service-for-python-1-5-1_documentation.zip,auto,false,tibco,analytics,,,,,
spotfire-service-for-python,1.5.0,true,false,,2021-11-12,auto,auto,https://docs.tibco.com/pub/sf-pysrv/tibco-spotfire-service-for-python-1-5-0_documentation.zip,auto,false,tibco,analytics,,,,,
spotfire-service-for-python,1.4.0,true,false,,2021-09-27,auto,auto,https://docs.tibco.com/pub/sf-pysrv/tibco-spotfire-service-for-python-1-4-0_documentation.zip,auto,false,tibco,analytics,,,,,
spotfire-service-for-python,1.3.11,true,false,,1695686400000,auto,auto,https://docs.tibco.com/pub/sf-pysrv/spotfire-service-for-python-1-3-11_documentation.zip,auto,false,tibco,analytics,,,,,
spotfire-service-for-python,1.3.10,false,true,,2023-05-22,auto,auto,https://docs.tibco.com/pub/sf-pysrv/1.3.10/doc/zip/tib_sf-pysrv_1.3.10_doc.zip,auto,false,tibco,analytics,,,,,
spotfire-service-for-python,1.3.9,false,true,,2023-03-02,auto,auto,https://docs.tibco.com/pub/sf-pysrv/1.3.9/doc/zip/tib_sf-pysrv_1.3.9_doc.zip,auto,false,tibco,analytics,,,,,
spotfire-service-for-python,1.3.8,true,false,,2022-11-02,auto,auto,https://docs.tibco.com/pub/sf-pysrv/tibco-spotfire-service-for-python-1-3-8_documentation.zip,auto,false,tibco,analytics,,,,,
spotfire-service-for-python,1.3.7,true,false,,2022-09-02,auto,auto,https://docs.tibco.com/pub/sf-pysrv/tibco-spotfire-service-for-python-1-3-7_documentation.zip,auto,false,tibco,analytics,,,,,
spotfire-service-for-python,1.3.6,true,false,,2022-04-25,auto,auto,https://docs.tibco.com/pub/sf-pysrv/tibco-spotfire-service-for-python-1-3-6_documentation.zip,auto,false,tibco,analytics,,,,,
spotfire-service-for-python,1.3.5,true,false,,2022-04-05,auto,auto,https://docs.tibco.com/pub/sf-pysrv/tibco-spotfire-service-for-python-1-3-5_documentation.zip,auto,false,tibco,analytics,,,,,
spotfire-service-for-python,1.3.4,true,false,,2022-01-25,auto,auto,https://docs.tibco.com/pub/sf-pysrv/tibco-spotfire-service-for-python-1-3-4_documentation.zip,auto,false,tibco,analytics,,,,,
spotfire-service-for-python,1.3.3,true,false,,2021-12-17,auto,auto,https://docs.tibco.com/pub/sf-pysrv/tibco-spotfire-service-for-python-1-3-3_documentation.zip,auto,false,tibco,analytics,,,,,
spotfire-service-for-python,1.3.2,true,false,,2021-12-14,auto,auto,https://docs.tibco.com/pub/sf-pysrv/tibco-spotfire-service-for-python-1-3-2_documentation.zip,auto,false,tibco,analytics,,,,,
spotfire-service-for-python,1.3.1,true,false,,2021-11-15,auto,auto,https://docs.tibco.com/pub/sf-pysrv/tibco-spotfire-service-for-python-1-3-1_documentation.zip,auto,false,tibco,analytics,,,,,
spotfire-service-for-python,1.3.0,true,false,,1618790400000,auto,auto,https://docs.tibco.com/pub/sf-pysrv/tibco-spotfire-service-for-python-1-3-0_documentation.zip,auto,false,tibco,analytics,,,,,
spotfire-service-for-python,1.2.0,true,false,,2022-11-03,auto,auto,https://docs.tibco.com/pub/sf-pysrv/tibco-spotfire-service-for-python-1-2-0_documentation.zip,auto,false,tibco,analytics,,,,,
spotfire-service-for-python,1.1.0,true,false,,,auto,auto,,auto,false,tibco,analytics,,,,,
spotfire-service-for-python,1.0.8,true,false,,2022-04-25,auto,auto,https://docs.tibco.com/pub/sf-pysrv/tibco-spotfire-service-for-python-1-0-8_documentation.zip,auto,false,tibco,analytics,,,,,
spotfire-service-for-python,1.0.7,true,false,,2022-04-05,auto,auto,https://docs.tibco.com/pub/sf-pysrv/tibco-spotfire-service-for-python-1-0-7_documentation.zip,auto,false,tibco,analytics,,,,,
spotfire-service-for-python,1.0.6,true,false,,2022-01-22,auto,auto,https://docs.tibco.com/pub/sf-pysrv/tibco-spotfire-service-for-python-1-0-6_documentation.zip,auto,false,tibco,analytics,,,,,
spotfire-service-for-python,1.0.5,true,false,,2021-12-17,auto,auto,https://docs.tibco.com/pub/sf-pysrv/tibco-spotfire-service-for-python-1-0-5_documentation.zip,auto,false,tibco,analytics,,,,,
spotfire-service-for-python,1.0.4,true,false,,2021-12-14,auto,auto,https://docs.tibco.com/pub/sf-pysrv/tibco-spotfire-service-for-python-1-0-4_documentation.zip,auto,false,tibco,analytics,,,,,
spotfire-service-for-python,1.0.3,true,false,,2021-11-15,auto,auto,https://docs.tibco.com/pub/sf-pysrv/tibco-spotfire-service-for-python-1-0-3_documentation.zip,auto,false,tibco,analytics,,,,,
spotfire-service-for-python,1.0.2,true,false,,2021-01-27,auto,auto,https://docs.tibco.com/pub/sf-pysrv/tibco-spotfire-service-for-python-1-0-2_documentation.zip,auto,false,tibco,analytics,,,,,
spotfire-service-for-python,1.0.1,true,false,,2020-07-20,auto,auto,https://docs.tibco.com/pub/sf-pysrv/tibco-spotfire-service-for-python-1-0-1_documentation.zip,auto,false,tibco,analytics,,,,,
spotfire-service-for-python,1.0.0,true,false,,2019-09-22,auto,auto,https://docs.tibco.com/pub/sf-pysrv/tibco-spotfire-service-for-python-1-0-0_documentation.zip,auto,false,tibco,analytics,,,,,
spotfire-service-for-r,15.0.0,false,true,,2026-06-16,auto,auto,https://docs.tibco.com/pub/sf-rsrv/15.0.0/doc/zip/tib_sf-rsrv_15.0.0_doc.zip,auto,false,tibco,analytics,,,,,
spotfire-service-for-r,14.6.3,false,true,,2026-06-09,auto,auto,https://docs.tibco.com/pub/sf-rsrv/14.6.3/doc/zip/tib_sf-rsrv_14.6.3_doc.zip,auto,false,tibco,analytics,,,,,
spotfire-service-for-r,1.25.0,false,true,,2026-04-13,auto,auto,https://docs.tibco.com/pub/sf-rsrv/1.25.0/doc/zip/tib_sf-rsrv_1.25.0_doc.zip,auto,false,tibco,analytics,,,,,
spotfire-service-for-r,1.24.0,false,true,,2025-11-21,auto,auto,https://docs.tibco.com/pub/sf-rsrv/1.24.0/doc/zip/tib_sf-rsrv_1.24.0_doc.zip,auto,false,tibco,analytics,,,,,
spotfire-service-for-r,1.23.2,false,true,,2026-04-15,auto,auto,https://docs.tibco.com/pub/sf-rsrv/1.23.2/doc/zip/tib_sf-rsrv_1.23.2_doc.zip,auto,false,tibco,analytics,,,,,
spotfire-service-for-r,1.23.1,false,true,,2025-11-13,auto,auto,https://docs.tibco.com/pub/sf-rsrv/1.23.1/doc/zip/tib_sf-rsrv_1.23.1_doc.zip,auto,false,tibco,analytics,,,,,
spotfire-service-for-r,1.23.0,false,true,,2025-10-01,auto,auto,https://docs.tibco.com/pub/sf-rsrv/1.23.0/doc/zip/tib_sf-rsrv_1.23.0_doc.zip,auto,false,tibco,analytics,,,,,
spotfire-service-for-r,1.22.0,false,true,,2025-05-19,auto,auto,https://docs.tibco.com/pub/sf-rsrv/1.22.0/doc/zip/tib_sf-rsrv_1.22.0_doc.zip,auto,false,tibco,analytics,,,,,
spotfire-service-for-r,1.21.2,false,true,,2025-03-25,auto,auto,https://docs.tibco.com/pub/sf-rsrv/1.21.2/doc/zip/tib_sf-rsrv_1.21.2_doc.zip,auto,false,tibco,analytics,,,,,
spotfire-service-for-r,1.21.1,false,true,,2024-11-12,auto,auto,https://docs.tibco.com/pub/sf-rsrv/1.21.1/doc/zip/tib_sf-rsrv_1.21.1_doc.zip,auto,false,tibco,analytics,,,,,
spotfire-service-for-r,1.21.0,false,true,,2024-05-22,auto,auto,https://docs.tibco.com/pub/sf-rsrv/1.21.0/doc/zip/tib_sf-rsrv_1.21.0_doc.zip,auto,false,tibco,analytics,,,,,
spotfire-service-for-r,1.20.0,true,false,,2024-04-10,auto,auto,https://docs.tibco.com/pub/sf-rsrv/spotfire-service-for-r-1-20-0_documentation.zip,auto,false,tibco,analytics,,,,,
spotfire-service-for-r,1.19.0,true,false,,2024-02-28,auto,auto,https://docs.tibco.com/pub/sf-rsrv/spotfire-service-for-r-1-19-0_documentation.zip,auto,false,tibco,analytics,,,,,
spotfire-service-for-r,1.18.0,true,false,,2023-12-08,auto,auto,https://docs.tibco.com/pub/sf-rsrv/spotfire-service-for-r-1-18-0_documentation.zip,auto,false,tibco,analytics,,,,,
spotfire-service-for-r,1.17.12,false,true,,2026-06-09,auto,auto,https://docs.tibco.com/pub/sf-rsrv/1.17.12/doc/zip/tib_sf-rsrv_1.17.12_doc.zip,auto,false,tibco,analytics,,,,,
spotfire-service-for-r,1.17.11,false,true,,2026-04-13,auto,auto,https://docs.tibco.com/pub/sf-rsrv/1.17.11/doc/zip/tib_sf-rsrv_1.17.11_doc.zip,auto,false,tibco,analytics,,,,,
spotfire-service-for-r,1.17.10,false,true,,2025-11-13,auto,auto,https://docs.tibco.com/pub/sf-rsrv/1.17.10/doc/zip/tib_sf-rsrv_1.17.10_doc.zip,auto,false,tibco,analytics,,,,,
spotfire-service-for-r,1.17.9,false,true,,2025-10-23,auto,auto,https://docs.tibco.com/pub/sf-rsrv/1.17.9/doc/zip/tib_sf-rsrv_1.17.9_doc.zip,auto,false,tibco,analytics,,,,,
spotfire-service-for-r,1.17.8,false,true,,2025-05-14,auto,auto,https://docs.tibco.com/pub/sf-rsrv/1.17.8/doc/zip/tib_sf-rsrv_1.17.8_doc.zip,auto,false,tibco,analytics,,,,,
spotfire-service-for-r,1.17.7,false,true,,2025-03-24,auto,auto,https://docs.tibco.com/pub/sf-rsrv/1.17.7/doc/zip/tib_sf-rsrv_1.17.7_doc.zip,auto,false,tibco,analytics,,,,,
spotfire-service-for-r,1.17.6,false,true,,2024-11-12,auto,auto,https://docs.tibco.com/pub/sf-rsrv/1.17.6/doc/zip/tib_sf-rsrv_1.17.6_doc.zip,auto,false,tibco,analytics,,,,,
spotfire-service-for-r,1.17.5,false,true,,2024-09-06,auto,auto,https://docs.tibco.com/pub/sf-rsrv/1.17.5/doc/zip/tib_sf-rsrv_1.17.5_doc.zip,auto,false,tibco,analytics,,,,,
spotfire-service-for-r,1.17.4,false,true,,2024-05-28,auto,auto,https://docs.tibco.com/pub/sf-rsrv/1.17.4/doc/zip/tib_sf-rsrv_1.17.4_doc.zip,auto,false,tibco,analytics,,,,,
spotfire-service-for-r,1.17.3,false,true,,2024-04-04,auto,auto,https://docs.tibco.com/pub/sf-rsrv/1.17.3/doc/zip/tib_sf-rsrv_1.17.3_doc.zip,auto,false,tibco,analytics,,,,,
spotfire-service-for-r,1.17.2,false,true,,2024-03-14,auto,auto,https://docs.tibco.com/pub/sf-rsrv/1.17.2/doc/zip/tib_sf-rsrv_1.17.2_doc.zip,auto,false,tibco,analytics,,,,,
spotfire-service-for-r,1.17.1,false,true,,2023-12-04,auto,auto,https://docs.tibco.com/pub/sf-rsrv/1.17.1/doc/zip/tib_sf-rsrv_1.17.1_doc.zip,auto,false,tibco,analytics,,,,,
spotfire-service-for-r,1.17.0,false,true,,2023-10-18,auto,auto,https://docs.tibco.com/pub/sf-rsrv/1.17.0/doc/zip/tib_sf-rsrv_1.17.0_doc.zip,auto,false,tibco,analytics,,,,,
spotfire-service-for-r,1.16.0,false,true,,2023-06-05,auto,auto,https://docs.tibco.com/pub/sf-rsrv/1.16.0/doc/zip/tib_sf-rsrv_1.16.0_doc.zip,auto,false,tibco,analytics,,,,,
spotfire-service-for-statistica,14.5.0,false,true,,1781481600000,auto,auto,https://docs.tibco.com/pub/stat-sts/14.5.0/doc/zip/tib_stat-sts_14.5.0_doc.zip,auto,false,tibco,analytics,,,,,
spotfire-service-for-statistica,14.4.0,false,true,,2026-04-03,auto,auto,https://docs.tibco.com/pub/stat-sts/14.4.0/doc/zip/tib_stat-sts_14.4.0_doc.zip,auto,false,tibco,analytics,,,,,
spotfire-service-for-statistica,14.3.0,false,true,,2025-02-07,auto,auto,https://docs.tibco.com/pub/stat-sts/14.3.0/doc/zip/tib_stat-sts_14.3.0_doc.zip,auto,false,tibco,analytics,,,,,
spotfire-service-for-statistica,14.2.0,false,true,,2024-02-01,auto,auto,https://docs.tibco.com/pub/stat-sts/14.2.0/doc/zip/tib_stat-sts_14.2.0_doc.zip,auto,false,tibco,analytics,,,,,
spotfire-statistica-all-servers,14.4.0,false,true,,2026-04-08,auto,auto,https://docs.tibco.com/pub/stat-all-servers/14.4.0/doc/zip/tib_stat-all-servers_14.4.0_doc.zip,auto,false,tibco,analytics,,,,,
spotfire-statistica-all-servers,14.3.0,false,true,,2025-02-07,auto,auto,https://docs.tibco.com/pub/stat-all-servers/14.3.0/doc/zip/tib_stat-all-servers_14.3.0_doc.zip,auto,false,tibco,analytics,,,,,
spotfire-statistica-all-servers,14.2.0,false,true,,2024-02-06,auto,auto,https://docs.tibco.com/pub/stat-all-servers/14.2.0/doc/zip/tib_stat-all-servers_14.2.0_doc.zip,auto,false,tibco,analytics,,,,,
spotfire-statistica-all-servers,14.1.0,false,true,,2023-05-05,auto,auto,https://docs.tibco.com/pub/stat-all-servers/14.1.0/doc/zip/tib_stat-all-servers_14.1.0_doc.zip,auto,false,tibco,analytics,,,,,
spotfire-statistica-all-servers,14.0.1,true,false,,2022-07-18,auto,auto,https://docs.tibco.com/pub/stat-all-servers/tibco-statistica-all-servers-14-0-1_documentation.zip,auto,false,tibco,analytics,,,,,
spotfire-statistica-all-servers,14.0.0,true,false,,2020-12-09,auto,auto,https://docs.tibco.com/pub/stat-all-servers/tibco-statistica-all-servers-14-0-0_documentation.zip,auto,false,tibco,analytics,,,,,
spotfire-statistica-estore-edition,14.1.0,false,true,,2024-07-02,auto,auto,https://docs.tibco.com/pub/stat-estore/14.1.0/doc/zip/tib_stat-estore_14.1.0_doc.zip,auto,false,tibco,analytics,,,,,
spotfire-statistica-estore-edition,14.0.1,true,false,,2022-08-01,auto,auto,https://docs.tibco.com/pub/stat-estore/tibco-statistica-estore-edition-14-0-1_documentation.zip,auto,false,tibco,analytics,,,,,
spotfire-statistica-estore-edition,14.0.0,true,false,,2020-12-15,auto,auto,https://docs.tibco.com/pub/stat-estore/tibco-statistica-estore-edition-14-0-0_documentation.zip,auto,false,tibco,analytics,,,,,
spotfire-statistica-integration,14.5.0,false,true,,2026-06-15,auto,auto,https://docs.tibco.com/pub/stat-ext/14.5.0/doc/zip/tib_stat-ext_14.5.0_doc.zip,auto,false,tibco,analytics,,,,,
spotfire-statistica-integration,14.4.0,false,true,,2026-04-03,auto,auto,https://docs.tibco.com/pub/stat-ext/14.4.0/doc/zip/tib_stat-ext_14.4.0_doc.zip,auto,false,tibco,analytics,,,,,
spotfire-statistica-integration,14.3.0,false,true,,2025-02-07,auto,auto,https://docs.tibco.com/pub/stat-ext/14.3.0/doc/zip/tib_stat-ext_14.3.0_doc.zip,auto,false,tibco,analytics,,,,,
spotfire-statistica-integration,14.2.0,false,true,,2024-02-06,auto,auto,https://docs.tibco.com/pub/stat-ext/14.2.0/doc/zip/tib_stat-ext_14.2.0_doc.zip,auto,false,tibco,analytics,,,,,
spotfire-statistics-services,Services,false,true,,2023-11-07,auto,auto,https://docs.tibco.com/pub/sf-statsvcs/Services/doc/zip/tib_sf-statsvcs_Services_doc.zip,auto,false,tibco,analytics,,,,,
spotfire-statistics-services,14.0.0,false,true,,2023-10-11,auto,auto,https://docs.tibco.com/pub/sf_statsvcs/14.0.0/doc/zip/tib_sf_statsvcs_14.0.0_doc.zip,auto,false,tibco,analytics,,,,,
spotfire-statistics-services,12.3.1,false,true,,2023-06-14,auto,auto,https://docs.tibco.com/pub/sf_statsvcs/12.3.1/doc/zip/tib_sf_statsvcs_12.3.1_doc.zip,auto,false,tibco,analytics,,,,,
spotfire-statistics-services,12.3.0,false,true,,2023-03-25,auto,auto,https://docs.tibco.com/pub/sf_statsvcs/12.3.0/doc/zip/tib_sf_statsvcs_12.3.0_doc.zip,auto,false,tibco,analytics,,,,,
spotfire-statistics-services,12.2.0,true,false,,2022-12-06,auto,auto,https://docs.tibco.com/pub/sf_statsvcs/tibco-spotfire-statistics-services-12-2-0_documentation.zip,auto,false,tibco,analytics,,,,,
spotfire-statistics-services,12.1.0,true,false,,2022-10-19,auto,auto,https://docs.tibco.com/pub/sf_statsvcs/tibco-spotfire-statistics-services-12-1-0_documentation.zip,auto,false,tibco,analytics,,,,,
spotfire-statistics-services,12.0.9,false,true,,1726531200000,auto,auto,https://docs.tibco.com/pub/sf_statsvcs/12.0.9/doc/zip/tib_sf_statsvcs_12.0.9_doc.zip,auto,false,tibco,analytics,,,,,
spotfire-statistics-services,12.0.8,true,false,,1709596800000,auto,auto,https://docs.tibco.com/pub/sf_statsvcs/spotfire-statistics-services-12-0-8_documentation.zip,auto,false,tibco,analytics,,,,,
spotfire-statistics-services,12.0.7,true,false,,2024-02-21,auto,auto,https://docs.tibco.com/pub/sf_statsvcs/spotfire-statistics-services-12-0-7_documentation.zip,auto,false,tibco,analytics,,,,,
spotfire-statistics-services,12.0.6,false,true,,2023-12-04,auto,auto,https://docs.tibco.com/pub/sf_statsvcs/12.0.6/doc/zip/tib_sf_statsvcs_12.0.6_doc.zip,auto,false,tibco,analytics,,,,,
spotfire-statistics-services,12.0.5,false,true,,2023-09-19,auto,auto,https://docs.tibco.com/pub/sf_statsvcs/12.0.5/doc/zip/tib_sf_statsvcs_12.0.5_doc.zip,auto,false,tibco,analytics,,,,,
spotfire-statistics-services,12.0.4,false,true,,2023-05-24,auto,auto,https://docs.tibco.com/pub/sf_statsvcs/12.0.4/doc/zip/tib_sf_statsvcs_12.0.4_doc.zip,auto,false,tibco,analytics,,,,,
spotfire-statistics-services,12.0.3,false,true,,2023-03-30,auto,auto,https://docs.tibco.com/pub/sf_statsvcs/12.0.3/doc/zip/tib_sf_statsvcs_12.0.3_doc.zip,auto,false,tibco,analytics,,,,,
spotfire-statistics-services,12.0.2,true,false,,1667174400000,auto,auto,https://docs.tibco.com/pub/sf_statsvcs/tibco-spotfire-statistics-services-12-0-2_documentation.zip,auto,false,tibco,analytics,,,,,
spotfire-statistics-services,12.0.1,true,false,,1661385600000,auto,auto,https://docs.tibco.com/pub/sf_statsvcs/tibco-spotfire-statistics-services-12-0-1_documentation.zip,auto,false,tibco,analytics,,,,,
spotfire-statistics-services,12.0.0,true,false,,2022-06-23,auto,auto,https://docs.tibco.com/pub/sf_statsvcs/tibco-spotfire-statistics-services-12-0-0_documentation.zip,auto,false,tibco,analytics,,,,,
spotfire-statistics-services,11.8.1,true,false,,2022-04-05,auto,auto,https://docs.tibco.com/pub/sf_statsvcs/tibco-spotfire-statistics-services-11-8-1_documentation.zip,auto,false,tibco,analytics,,,,,
spotfire-statistics-services,11.8.0,true,false,,2022-02-28,auto,auto,https://docs.tibco.com/pub/sf_statsvcs/tibco-spotfire-statistics-services-11-8-0_documentation.zip,auto,false,tibco,analytics,,,,,
spotfire-statistics-services,11.7.0,true,false,,2022-02-01,auto,auto,https://docs.tibco.com/pub/sf_statsvcs/tibco-spotfire-statistics-services-11-7-0_documentation.zip,auto,false,tibco,analytics,,,,,
spotfire-statistics-services,11.6.2,true,false,,2021-12-21,auto,auto,https://docs.tibco.com/pub/sf_statsvcs/tibco-spotfire-statistics-services-11-6-2_documentation.zip,auto,false,tibco,analytics,,,,,
spotfire-statistics-services,11.6.1,true,false,,2021-12-15,auto,auto,https://docs.tibco.com/pub/sf_statsvcs/tibco-spotfire-statistics-services-11-6-1_documentation.zip,auto,false,tibco,analytics,,,,,
spotfire-statistics-services,11.6.0,true,false,,2021-11-12,auto,auto,https://docs.tibco.com/pub/sf_statsvcs/tibco-spotfire-statistics-services-11-6-0_documentation.zip,auto,false,tibco,analytics,,,,,
spotfire-statistics-services,11.5.0,true,false,,2021-09-27,auto,auto,https://docs.tibco.com/pub/sf_statsvcs/tibco-spotfire-statistics-services-11-5-0_documentation.zip,auto,false,tibco,analytics,,,,,
spotfire-statistics-services,11.4.13,false,true,,2023-09-20,auto,auto,https://docs.tibco.com/pub/sf_statsvcs/11.4.13/doc/zip/tib_sf_statsvcs_11.4.13_doc.zip,auto,false,tibco,analytics,,,,,
spotfire-statistics-services,11.4.12,false,true,,2023-05-24,auto,auto,https://docs.tibco.com/pub/sf_statsvcs/11.4.12/doc/zip/tib_sf_statsvcs_11.4.12_doc.zip,auto,false,tibco,analytics,,,,,
spotfire-statistics-services,11.4.11,false,true,,1680134400000,auto,auto,https://docs.tibco.com/pub/sf_statsvcs/11.4.11/doc/zip/tib_sf_statsvcs_11.4.11_doc.zip,auto,false,tibco,analytics,,,,,
spotfire-statistics-services,11.4.10,true,false,,2022-10-31,auto,auto,https://docs.tibco.com/pub/sf_statsvcs/tibco-spotfire-statistics-services-11-4-10_documentation.zip,auto,false,tibco,analytics,,,,,
spotfire-statistics-services,11.4.9,true,false,,2022-08-26,auto,auto,https://docs.tibco.com/pub/sf_statsvcs/tibco-spotfire-statistics-services-11-4-9_documentation.zip,auto,false,tibco,analytics,,,,,
spotfire-statistics-services,11.4.8,true,false,,2022-07-07,auto,auto,https://docs.tibco.com/pub/sf_statsvcs/tibco-spotfire-statistics-services-11-4-8_documentation.zip,auto,false,tibco,analytics,,,,,
spotfire-statistics-services,11.4.7,true,false,,2022-04-21,auto,auto,https://docs.tibco.com/pub/sf_statsvcs/tibco-spotfire-statistics-services-11-4-7_documentation.zip,auto,false,tibco,analytics,,,,,
spotfire-statistics-services,11.4.6,true,false,,2022-04-05,auto,auto,https://docs.tibco.com/pub/sf_statsvcs/tibco-spotfire-statistics-services-11-4-6_documentation.zip,auto,false,tibco,analytics,,,,,
spotfire-statistics-services,11.4.5,true,false,,2022-01-25,auto,auto,https://docs.tibco.com/pub/sf_statsvcs/tibco-spotfire-statistics-services-11-4-5_documentation.zip,auto,false,tibco,analytics,,,,,
spotfire-statistics-services,11.4.4,true,false,,2021-12-17,auto,auto,https://docs.tibco.com/pub/sf_statsvcs/tibco-spotfire-statistics-services-11-4-4_documentation.zip,auto,false,tibco,analytics,,,,,
spotfire-statistics-services,11.4.3,true,false,,2021-12-13,auto,auto,https://docs.tibco.com/pub/sf_statsvcs/tibco-spotfire-statistics-services-11-4-3_documentation.zip,auto,false,tibco,analytics,,,,,
spotfire-statistics-services,11.4.2,true,false,,2021-11-15,auto,auto,https://docs.tibco.com/pub/sf_statsvcs/tibco-spotfire-statistics-services-11-4-2_documentation.zip,auto,false,tibco,analytics,,,,,
spotfire-statistics-services,11.4.1,true,false,,1626048000000,auto,auto,https://docs.tibco.com/pub/sf_statsvcs/tibco-spotfire-statistics-services-11-4-1_documentation.zip,auto,false,tibco,analytics,,,,,
spotfire-statistics-services,11.4.0,true,false,,2021-04-18,auto,auto,https://docs.tibco.com/pub/sf_statsvcs/tibco-spotfire-statistics-services-11-4-0_documentation.zip,auto,false,tibco,analytics,,,,,
spotfire-statistics-services,11.3.0,true,false,,2021-04-16,auto,auto,https://docs.tibco.com/pub/sf_statsvcs/tibco-spotfire-statistics-services-11-3-0_documentation.zip,auto,false,tibco,analytics,,,,,
spotfire-statistics-services,11.2.0,true,false,,2021-03-09,auto,auto,https://docs.tibco.com/pub/sf_statsvcs/tibco-spotfire-statistics-services-11-2-0_documentation.zip,auto,false,tibco,analytics,,,,,
spotfire-statistics-services,11.1.0,true,false,,2021-01-07,auto,auto,https://docs.tibco.com/pub/sf_statsvcs/tibco-spotfire-statistics-services-11-1-0_documentation.zip,auto,false,tibco,analytics,,,,,
spotfire-statistics-services,10.10.10,true,false,,2022-04-21,auto,auto,https://docs.tibco.com/pub/sf_statsvcs/tibco-spotfire-statistics-services-10-10-10_documentation.zip,auto,false,tibco,analytics,,,,,
spotfire-statistics-services,10.10.9,true,false,,2022-04-05,auto,auto,https://docs.tibco.com/pub/sf_statsvcs/tibco-spotfire-statistics-services-10-10-9_documentation.zip,auto,false,tibco,analytics,,,,,
spotfire-statistics-services,10.10.8,true,false,,2022-01-25,auto,auto,https://docs.tibco.com/pub/sf_statsvcs/tibco-spotfire-statistics-services-10-10-8_documentation.zip,auto,false,tibco,analytics,,,,,
spotfire-statistics-services,10.10.7,true,false,,2021-12-18,auto,auto,https://docs.tibco.com/pub/sf_statsvcs/tibco-spotfire-statistics-services-10-10-7_documentation.zip,auto,false,tibco,analytics,,,,,
spotfire-statistics-services,10.10.6,true,false,,2021-12-14,auto,auto,https://docs.tibco.com/pub/sf_statsvcs/tibco-spotfire-statistics-services-10-10-6_documentation.zip,auto,false,tibco,analytics,,,,,
spotfire-statistics-services,10.10.5,true,false,,2021-11-15,auto,auto,https://docs.tibco.com/pub/sf_statsvcs/tibco-spotfire-statistics-services-10-10-5_documentation.zip,auto,false,tibco,analytics,,,,,
spotfire-statistics-services,10.10.4,true,false,,1626048000000,auto,auto,https://docs.tibco.com/pub/sf_statsvcs/tibco-spotfire-statistics-services-10-10-4_documentation.zip,auto,false,tibco,analytics,,,,,
spotfire-statistics-services,10.10.3,true,false,,1619654400000,auto,auto,https://docs.tibco.com/pub/sf_statsvcs/tibco-spotfire-statistics-services-10-10-3_documentation.zip,auto,false,tibco,analytics,,,,,
spotfire-statistics-services,10.10.2,true,false,,1611360000000,auto,auto,https://docs.tibco.com/pub/sf_statsvcs/tibco-spotfire-statistics-services-10-10-2_documentation.zip,auto,false,tibco,analytics,,,,,
spotfire-statistics-services,10.10.1,true,false,,2020-10-27,auto,auto,https://docs.tibco.com/pub/sf_statsvcs/tibco-spotfire-statistics-services-10-10-1_documentation.zip,auto,false,tibco,analytics,,,,,
spotfire-statistics-services,10.10.0,true,false,,1587859200000,auto,auto,https://docs.tibco.com/pub/sf_statsvcs/tibco-spotfire-statistics-services-10-10-0_documentation.zip,auto,false,tibco,analytics,,,,,
spotfire-statistics-services,10.3.1,true,false,,2021-06-29,auto,auto,https://docs.tibco.com/pub/sf_statsvcs/tibco-spotfire-statistics-services-10-3-1_documentation.zip,auto,false,tibco,analytics,,,,,
spotfire-statistics-services,10.3.0,true,false,,2019-03-08,auto,auto,https://docs.tibco.com/pub/sf_statsvcs/tibco-spotfire-statistics-services-10-3-0_documentation.zip,auto,false,tibco,analytics,,,,,
spotfire-statistics-services,10.0.1,true,false,,2019-03-22,auto,auto,https://docs.tibco.com/pub/sf_statsvcs/tibco-spotfire-statistics-services-10-0-1_documentation.zip,auto,false,tibco,analytics,,,,,
spotfire-statistics-services,10.0.0,true,false,,2018-10-18,auto,auto,https://docs.tibco.com/pub/sf_statsvcs/tibco-spotfire-statistics-services-10-0-0_documentation.zip,auto,false,tibco,analytics,,,,,
spotfire-statistics-services,7.11.2,true,false,,2019-03-22,auto,auto,https://docs.tibco.com/pub/sf_statsvcs/tibco-spotfire-statistics-services-7-11-2_documentation.zip,auto,false,tibco,analytics,,,,,
spotfire-statistics-services,7.11.1,true,false,,2018-10-18,auto,auto,https://docs.tibco.com/pub/sf_statsvcs/tibco-spotfire-statistics-services-7-11-1_documentation.zip,auto,false,tibco,analytics,,,,,
spotfire-statistics-services,7.11.0,true,false,,2017-11-13,auto,auto,https://docs.tibco.com/pub/sf_statsvcs/tibco-spotfire-statistics-services-7-11-0_documentation.zip,auto,false,tibco,analytics,,,,,
spotfire-statistics-services,7.5.0,true,false,,2020-03-26,auto,auto,https://docs.tibco.com/pub/sf_statsvcs/tibco-spotfire-statistics-services-7-5-0_documentation.zip,auto,false,tibco,analytics,,,,,
spotfire-statistics-services,7.0.0,true,false,,2020-03-26,auto,auto,https://docs.tibco.com/pub/sf_statsvcs/tibco-spotfire-statistics-services-7-0-0_documentation.zip,auto,false,tibco,analytics,,,,,
tibco-activematrix-spotfire-enabler,1.0.0,false,true,,2012-12-14,auto,auto,https://docs.tibco.com/pub/activematrix_spotfire_enabler/1.0.0_november_2012/doc/zip/tib_activematrix_spotfire_enabler_1.0.0_november_2012_doc.zip,auto,false,tibco,analytics,,,,,
tibco-cloud-spotfire-14-6-0,14.6.0,false,true,,2025-10-07,auto,auto,https://docs.tibco.com/pub/sfire-cloud/14.6.0/doc/zip/tib_sfire-cloud_14.6.0_doc.zip,auto,false,tibco,analytics,,,,,
tibco-cloud-spotfire-14-6-2,14.6.2,false,true,,2026-01-08,auto,auto,https://docs.tibco.com/pub/sfire-cloud/14.6.2/doc/zip/tib_sfire-cloud_14.6.2_doc.zip,auto,false,tibco,analytics,,,,,
tibco-data-science-for-tibco-spotfire-analyst,14.1.0,false,true,,2023-05-05,auto,auto,https://docs.tibco.com/pub/stat-ext/14.1.0/doc/zip/tib_stat-ext_14.1.0_doc.zip,auto,false,tibco,analytics,,,,,
tibco-data-science-for-tibco-spotfire-analyst,14.0.1,true,false,,2022-07-05,auto,auto,https://docs.tibco.com/pub/stat-ext/tibco-data-science-for-tibco-spotfire-analyst-14-0-1_documentation.zip,auto,false,tibco,analytics,,,,,
tibco-data-science-for-tibco-spotfire-analyst,14.0.0,true,false,,2020-12-10,auto,auto,https://docs.tibco.com/pub/stat-ext/tibco-data-science-for-tibco-spotfire-analyst-14-0-0_documentation.zip,auto,false,tibco,analytics,,,,,
tibco-data-science-for-tibco-spotfire-analyst,13.6.0,true,false,,2019-10-17,auto,auto,https://docs.tibco.com/pub/stat-ext/tibco-data-science-for-tibco-spotfire-analyst-13-6-0_documentation.zip,auto,false,tibco,analytics,,,,,
tibco-data-science-for-tibco-spotfire-analyst,13.5.0,true,false,,2018-11-20,auto,auto,https://docs.tibco.com/pub/stat-ext/tibco-statistica-extension-for-tibco-spotfire-13-5-0_documentation.zip,auto,false,tibco,analytics,,,,,
tibco-data-science-for-tibco-spotfire-analyst,13.4.0,true,false,,1527724800000,auto,auto,https://docs.tibco.com/pub/stat-ext/tibco-statistica-extension-for-tibco-spotfire-13-4-0_documentation.zip,auto,false,tibco,analytics,,,,,
tibco-data-science-service-for-tibco-spotfire,14.1.0,false,true,,2023-05-05,auto,auto,https://docs.tibco.com/pub/stat-sts/14.1.0/doc/zip/tib_stat-sts_14.1.0_doc.zip,auto,false,tibco,analytics,,,,,
tibco-data-science-service-for-tibco-spotfire,14.0.2,true,false,,2022-07-18,auto,auto,https://docs.tibco.com/pub/stat-sts/tibco-data-science-service-for-tibco-spotfire-14-0-2_documentation.zip,auto,false,tibco,analytics,,,,,
tibco-data-science-service-for-tibco-spotfire,14.0.1,true,false,,1644451200000,auto,auto,https://docs.tibco.com/pub/stat-sts/tibco-data-science-service-for-tibco-spotfire-14-0-1_documentation.zip,auto,false,tibco,analytics,,,,,
tibco-data-science-service-for-tibco-spotfire,14.0.0,true,false,,2020-12-09,auto,auto,https://docs.tibco.com/pub/stat-sts/tibco-data-science-service-for-tibco-spotfire-14-0-0_documentation.zip,auto,false,tibco,analytics,,,,,
tibco-data-science-service-for-tibco-spotfire,13.6.0,true,false,,1571702400000,auto,auto,https://docs.tibco.com/pub/stat-sts/tibco-data-science-service-for-tibco-spotfire-13-6-0_documentation.zip,auto,false,tibco,analytics,,,,,
tibco-silver-fabric-enabler-for-spotfire-web-player,2.1.3,true,false,,2017-01-11,auto,auto,https://docs.tibco.com/pub/silver_fabric_spotfire/tibco-silver-fabric-enabler-for-spotfire-web-player-2-1-3_documentation.zip,auto,false,tibco,analytics,,,,,
tibco-silver-fabric-enabler-for-spotfire-web-player,2.1.2,true,false,,2016-02-22,auto,auto,https://docs.tibco.com/pub/silver_fabric_spotfire/tibco-silver-fabric-enabler-for-spotfire-web-player-2-1-2_documentation.zip,auto,false,tibco,analytics,,,,,
tibco-silver-fabric-enabler-for-spotfire-web-player,2.1.1,true,false,,2015-07-21,auto,auto,https://docs.tibco.com/pub/silver_fabric_spotfire/tibco-silver-fabric-enabler-for-spotfire-web-player-2-1-1_documentation.zip,auto,false,tibco,analytics,,,,,
tibco-silver-fabric-enabler-for-spotfire-web-player,2.1.0,true,false,,2015-01-27,auto,auto,https://docs.tibco.com/pub/silver_fabric_spotfire/tibco-silver-fabric-enabler-for-spotfire-web-player-2-1-0_documentation.zip,auto,false,tibco,analytics,,,,,
tibco-silver-fabric-enabler-for-spotfire-web-player,2.0.0,true,false,,2014-06-19,auto,auto,https://docs.tibco.com/pub/silver_fabric_spotfire/5.6.0/tibco-silver-fabric-enabler-for-spotfire-web-player-2-0-0_documentation.zip,auto,false,tibco,analytics,,,,,
tibco-silver-fabric-enabler-for-spotfire-web-player,1.6.1,true,false,,2018-03-06,auto,auto,https://docs.tibco.com/pub/silver_fabric_spotfire/tibco-silver-fabric-enabler-for-spotfire-web-player-1-6-1_documentation.zip,auto,false,tibco,analytics,,,,,
tibco-spotfire-analytics-server,10.1.2,true,false,,2012-03-16,auto,auto,https://docs.tibco.com/pub/spotfire_analytics_server/tibco-spotfire-analytics-server-10-1-2_documentation.zip,auto,false,tibco,analytics,,,,,
tibco-spotfire-analytics-server,10.1.1,true,false,,2013-08-27,auto,auto,https://docs.tibco.com/pub/spotfire_analytics_server/tibco-spotfire-analytics-server-10-1-1_documentation.zip,auto,false,tibco,analytics,,,,,
tibco-spotfire-analytics-server,10.1,true,false,,2011-06-22,auto,auto,https://docs.tibco.com/pub/spotfire_analytics_server/tibco-spotfire-analytics-server-10-1_documentation.zip,auto,false,tibco,analytics,,,,,
tibco-spotfire-automation-services,10.2.0,true,false,,2019-02-25,auto,auto,https://docs.tibco.com/pub/sfire_autsvcs/tibco-spotfire-automation-services-10-2-0_documentation.zip,auto,false,tibco,analytics,,,,,
tibco-spotfire-automation-services,10.1.0,true,false,,1548547200000,auto,auto,https://docs.tibco.com/pub/sfire_autsvcs/tibco-spotfire-automation-services-10-1-0_documentation.zip,auto,false,tibco,analytics,,,,,
tibco-spotfire-automation-services,10.0.0,true,false,,1540166400000,auto,auto,https://docs.tibco.com/pub/sfire_autsvcs/tibco-spotfire-automation-services-10-0-0_documentation.zip,auto,false,tibco,analytics,,,,,
tibco-spotfire-automation-services,7.14.0,true,false,,1534291200000,auto,auto,https://docs.tibco.com/pub/sfire_autsvcs/tibco-spotfire-automation-services-7-14-0_documentation.zip,auto,false,tibco,analytics,,,,,
tibco-spotfire-automation-services,7.13.0,true,false,,2018-06-14,auto,auto,https://docs.tibco.com/pub/sfire_autsvcs/tibco-spotfire-automation-services-7-13-0_documentation.zip,auto,false,tibco,analytics,,,,,
tibco-spotfire-automation-services,7.12.0,true,false,,1520294400000,auto,auto,https://docs.tibco.com/pub/sfire_autsvcs/tibco-spotfire-automation-services-7-12-0_documentation.zip,auto,false,tibco,analytics,,,,,
tibco-spotfire-automation-services,7.11.0,true,false,,1509840000000,auto,auto,https://docs.tibco.com/pub/sfire_autsvcs/tibco-spotfire-automation-services-7-11-0_documentation.zip,auto,false,tibco,analytics,,,,,
tibco-spotfire-automation-services,7.10.1,true,false,,1504051200000,auto,auto,https://docs.tibco.com/pub/sfire_autsvcs/tibco-spotfire-automation-services-7-10-1_documentation.zip,auto,false,tibco,analytics,,,,,
tibco-spotfire-automation-services,7.10.0,true,false,,2017-05-15,auto,auto,https://docs.tibco.com/pub/sfire_autsvcs/tibco-spotfire-automation-services-7-10-0_documentation.zip,auto,false,tibco,analytics,,,,,
tibco-spotfire-automation-services,7.9.1,true,false,,1503878400000,auto,auto,https://docs.tibco.com/pub/sfire_autsvcs/tibco-spotfire-automation-services-7-9-1_documentation.zip,auto,false,tibco,analytics,,,,,
tibco-spotfire-automation-services,7.9.0,true,false,,2017-03-07,auto,auto,https://docs.tibco.com/pub/sfire_autsvcs/tibco-spotfire-automation-services-7-9-0_documentation.zip,auto,false,tibco,analytics,,,,,
tibco-spotfire-automation-services,7.8.0,true,false,,2017-01-11,auto,auto,https://docs.tibco.com/pub/sfire_autsvcs/tibco-spotfire-automation-services-7-8-0_documentation.zip,auto,false,tibco,analytics,,,,,
tibco-spotfire-business-author,7.9.0,true,false,,2020-03-26,auto,auto,https://docs.tibco.com/pub/sfire-bauthor/tibco-spotfire-business-author-7-9-0_documentation.zip,auto,false,tibco,analytics,,,,,
tibco-spotfire-business-author,7.8.0,true,false,,2020-03-26,auto,auto,https://docs.tibco.com/pub/sfire-bauthor/tibco-spotfire-business-author-7-8-0_documentation.zip,auto,false,tibco,analytics,,,,,
tibco-spotfire-capability-matrix,15.0.0,false,true,,2026-07-23,auto,auto,https://docs.tibco.com/pub/sf-cap-mtx/15.0.0/doc/zip/tib_sf-cap-mtx_15.0.0_doc.zip,auto,false,tibco,analytics,,,,,
tibco-spotfire-capability-matrix,14.8.0,false,true,,2026-04-21,auto,auto,https://docs.tibco.com/pub/sf-cap-mtx/14.8.0/doc/zip/tib_sf-cap-mtx_14.8.0_doc.zip,auto,false,tibco,analytics,,,,,
tibco-spotfire-capability-matrix,14.7.0,false,true,,2025-12-18,auto,auto,https://docs.tibco.com/pub/sf-cap-mtx/14.7.0/doc/zip/tib_sf-cap-mtx_14.7.0_doc.zip,auto,false,tibco,analytics,,,,,
tibco-spotfire-capability-matrix,14.6.0,false,true,,2025-11-13,auto,auto,https://docs.tibco.com/pub/sf-cap-mtx/14.6.0/doc/zip/tib_sf-cap-mtx_14.6.0_doc.zip,auto,false,tibco,analytics,,,,,
tibco-spotfire-capability-matrix,14.5.0,false,true,,2025-07-23,auto,auto,https://docs.tibco.com/pub/sf-cap-mtx/14.5.0/doc/zip/tib_sf-cap-mtx_14.5.0_doc.zip,auto,false,tibco,analytics,,,,,
tibco-spotfire-capability-matrix,14.4.0,false,true,,2024-06-20,auto,auto,https://docs.tibco.com/pub/sf-cap-mtx/Spotfire 14.4.0 Capability Matrix.pdf/doc/zip/tib_sf-cap-mtx_Spotfire 14.4.0 Capability Matrix.pdf_doc.zip,auto,false,tibco,analytics,,,,,
tibco-spotfire-capability-matrix,14.3.0,false,true,,2024-04-22,auto,auto,https://docs.tibco.com/pub/sf-cap-mtx/14.3.0/doc/zip/tib_sf-cap-mtx_14.3.0_doc.zip,auto,false,tibco,analytics,,,,,
tibco-spotfire-capability-matrix,14.2.0,false,true,,2024-03-18,auto,auto,https://docs.tibco.com/pub/sf-cap-mtx/14.2.0/doc/zip/tib_sf-cap-mtx_14.2.0_doc.zip,auto,false,tibco,analytics,,,,,
tibco-spotfire-capability-matrix,14.1.0,false,true,,2024-01-15,auto,auto,https://docs.tibco.com/pub/sf-cap-mtx/14.1.0/doc/zip/tib_sf-cap-mtx_14.1.0_doc.zip,auto,false,tibco,analytics,,,,,
tibco-spotfire-capability-matrix,14.0.0,false,true,,2023-11-17,auto,auto,https://docs.tibco.com/pub/sf-cap-mtx/14.0.0/doc/zip/tib_sf-cap-mtx_14.0.0_doc.zip,auto,false,tibco,analytics,,,,,
tibco-spotfire-capability-matrix,12.3.0,false,true,,2023-03-10,auto,auto,https://docs.tibco.com/pub/sf-cap-mtx/TIBCO Spotfire 12.3.0 Capability Matrix.pdf/doc/zip/tib_sf-cap-mtx_TIBCO Spotfire 12.3.0 Capability Matrix.pdf_doc.zip,auto,false,tibco,analytics,,,,,
tibco-spotfire-capability-matrix,12.2.0,true,false,,2023-01-02,auto,auto,,auto,false,tibco,analytics,,,,,
tibco-spotfire-capability-matrix,12.0.0,true,false,,2022-07-08,auto,auto,https://docs.tibco.com/pub/sf-cap-mtx/tibco-spotfire-capability-matrix-12-0-0_documentation.zip,auto,false,tibco,analytics,,,,,
tibco-spotfire-capability-matrix,11.8.0,true,false,,2022-03-15,auto,auto,https://docs.tibco.com/pub/sf-cap-mtx/tibco-spotfire-capability-matrix-11-8-0_documentation.zip,auto,false,tibco,analytics,,,,,
tibco-spotfire-capability-matrix,11.6.0,true,false,,2022-01-04,auto,auto,https://docs.tibco.com/pub/sf-cap-mtx/tibco-spotfire-capability-matrix-11-6-0_documentation.zip,auto,false,tibco,analytics,,,,,
tibco-spotfire-capability-matrix,11.5.0,true,false,,2021-10-22,auto,auto,https://docs.tibco.com/pub/sf-cap-mtx/tibco-spotfire-capability-matrix-11-5-0_documentation.zip,auto,false,tibco,analytics,,,,,
tibco-spotfire-capability-matrix,11.4.0,true,false,,2021-06-28,auto,auto,https://docs.tibco.com/pub/sf-cap-mtx/tibco-spotfire-capability-matrix-11-4-0_documentation.zip,auto,false,tibco,analytics,,,,,
tibco-spotfire-capability-matrix,11.3.0,true,false,,2021-05-24,auto,auto,https://docs.tibco.com/pub/sf-cap-mtx/tibco-spotfire-capability-matrix-11-3-0_documentation.zip,auto,false,tibco,analytics,,,,,
tibco-spotfire-clinical,5.5.0,true,false,,2013-05-31,auto,auto,https://docs.tibco.com/pub/spotfire_clinical/tibco-spotfire-clinical-5-5-0_documentation.zip,auto,false,tibco,analytics,,,,,
tibco-spotfire-clinical,5.0.1,true,false,,2013-03-25,auto,auto,https://docs.tibco.com/pub/spotfire_clinical/tibco-spotfire-clinical-5-0-1_documentation.zip,auto,false,tibco,analytics,,,,,
tibco-spotfire-clinical,4.0.1,true,false,,2012-02-23,auto,auto,https://docs.tibco.com/pub/spotfire_clinical/tibco-spotfire-clinical-4-0-1_documentation.zip,auto,false,tibco,analytics,,,,,
tibco-spotfire-clinical-graphics,2.2.0,true,false,,2012-09-20,auto,auto,https://docs.tibco.com/pub/spotfire_clinical_graphics/tibco-spotfire-clinical-graphics-2-2-0_documentation.zip,auto,false,tibco,analytics,,,,,
tibco-spotfire-clinical-graphics,2.1.0,true,false,,2011-06-22,auto,auto,https://docs.tibco.com/pub/spotfire_clinical_graphics/tibco-spotfire-clinical-graphics-2-1-0_documentation.zip,auto,false,tibco,analytics,,,,,
tibco-spotfire-clinical-graphics,2.0.1,true,false,,2012-12-12,auto,auto,https://docs.tibco.com/pub/spotfire_clinical_graphics/tibco-spotfire-clinical-graphics-2-0-1_documentation.zip,auto,false,tibco,analytics,,,,,
tibco-spotfire-clinical-graphics,2.0.0,true,false,,2012-12-12,auto,auto,https://docs.tibco.com/pub/spotfire_clinical_graphics/tibco-spotfire-clinical-graphics-2-0-0_documentation.zip,auto,false,tibco,analytics,,,,,
tibco-spotfire-connector-for-cisco-information-server,3.2.0,true,false,,2014-10-02,auto,auto,https://docs.tibco.com/pub/spotfire_connector_for_composite_information_services/tibco-spotfire-connector-for-cisco-information-server-3-2-0_documentation.zip,auto,false,tibco,analytics,,,,,
tibco-spotfire-connector-for-cisco-information-server,3.1.0,true,false,,2014-07-22,auto,auto,https://docs.tibco.com/pub/spotfire_connector_for_composite_information_services/tibco-spotfire-connector-for-composite-information-server-3-1-0_documentation.zip,auto,false,tibco,analytics,,,,,
tibco-spotfire-connector-for-cisco-information-server,3.0.0,true,false,,2014-05-07,auto,auto,https://docs.tibco.com/pub/spotfire_connector_for_composite_information_services/tibco-spotfire-connector-for-composite-information-server-3-0-0_documentation.zip,auto,false,tibco,analytics,,,,,
tibco-spotfire-connector-for-cisco-information-server,1.0.0,true,false,,2013-06-21,auto,auto,https://docs.tibco.com/pub/spotfire_connector_for_composite_information_services/tibco-spotfire-connector-for-composite-information-server-1-0-0_documentation.zip,auto,false,tibco,analytics,,,,,
tibco-spotfire-connector-for-cloudera-hive,2.2.0,true,false,,2014-10-03,auto,auto,https://docs.tibco.com/pub/spotfire-connector-for-cloudera-hive/tibco-spotfire-connector-for-cloudera-hive-2-2-0_documentation.zip,auto,false,tibco,analytics,,,,,
tibco-spotfire-connector-for-cloudera-hive,2.1.0,true,false,,2014-07-22,auto,auto,https://docs.tibco.com/pub/spotfire-connector-for-cloudera-hive/tibco-spotfire-connector-for-cloudera-hive-2-1-0_documentation.zip,auto,false,tibco,analytics,,,,,
tibco-spotfire-connector-for-cloudera-hive,2.0.0,true,false,,1399420800000,auto,auto,https://docs.tibco.com/pub/spotfire-connector-for-cloudera-hive/tibco-spotfire-connector-for-cloudera-hive-2-0-0_documentation.zip,auto,false,tibco,analytics,,,,,
tibco-spotfire-connector-for-cloudera-hive,1.0.0,true,false,,2014-02-28,auto,auto,https://docs.tibco.com/pub/spotfire-connector-for-cloudera-hive/tibco-spotfire-connector-for-cloudera-hive-1-0-0_documentation.zip,auto,false,tibco,analytics,,,,,
tibco-spotfire-connector-for-cloudera-impala,2.2.0,true,false,,2014-10-02,auto,auto,https://docs.tibco.com/pub/spotfire-connector-for-cloudera-impala/tibco-spotfire-connector-for-cloudera-impala-2-2-0_documentation.zip,auto,false,tibco,analytics,,,,,
tibco-spotfire-connector-for-cloudera-impala,2.1.0,true,false,,2014-07-22,auto,auto,https://docs.tibco.com/pub/spotfire-connector-for-cloudera-impala/tibco-spotfire-connector-for-cloudera-impala-2-1-0_documentation.zip,auto,false,tibco,analytics,,,,,
tibco-spotfire-connector-for-cloudera-impala,2.0.0,true,false,,1399420800000,auto,auto,https://docs.tibco.com/pub/spotfire-connector-for-cloudera-impala/tibco-spotfire-connector-for-cloudera-impala-2-0-0_documentation.zip,auto,false,tibco,analytics,,,,,
tibco-spotfire-connector-for-cloudera-impala,1.0.0,true,false,,2014-02-28,auto,auto,https://docs.tibco.com/pub/spotfire-connector-for-cloudera-impala/tibco-spotfire-connector-for-cloudera-impala-1-0-0_documentation.zip,auto,false,tibco,analytics,,,,,
tibco-spotfire-connector-for-hortonworks,2.2.0,true,false,,2014-10-02,auto,auto,https://docs.tibco.com/pub/spotfire-connector-for-hortonworks/tibco-spotfire-connector-for-hortonworks-2-2-0_documentation.zip,auto,false,tibco,analytics,,,,,
tibco-spotfire-connector-for-hortonworks,2.1.0,true,false,,2014-07-22,auto,auto,https://docs.tibco.com/pub/spotfire-connector-for-hortonworks/tibco-spotfire-connector-for-hortonworks-2-1-0_documentation.zip,auto,false,tibco,analytics,,,,,
tibco-spotfire-connector-for-hortonworks,2.0.0,true,false,,1399420800000,auto,auto,https://docs.tibco.com/pub/spotfire-connector-for-hortonworks/tibco-spotfire-connector-for-hortonworks-2-0-0_documentation.zip,auto,false,tibco,analytics,,,,,
tibco-spotfire-connector-for-hortonworks,1.0.0,true,false,,2014-02-28,auto,auto,https://docs.tibco.com/pub/spotfire-connector-for-hortonworks/tibco-spotfire-connector-for-hortonworks-1-0-0_documentation.zip,auto,false,tibco,analytics,,,,,
tibco-spotfire-connector-for-hp-vertica,3.1.0,true,false,,2014-10-02,auto,auto,https://docs.tibco.com/pub/spotfire-connector-for-hp-vertica/tibco-spotfire-connector-for-hp-vertica-3-1-0_documentation.zip,auto,false,tibco,analytics,,,,,
tibco-spotfire-connector-for-hp-vertica,3.0.0,true,false,,1399420800000,auto,auto,https://docs.tibco.com/pub/spotfire-connector-for-hp-vertica/tibco-spotfire-connector-for-hp-vertica-3-0-0_documentation.zip,auto,false,tibco,analytics,,,,,
tibco-spotfire-connector-for-ibm-db2,1.2.0,true,false,,2014-10-02,auto,auto,https://docs.tibco.com/pub/spotfre-connector-for-ibm-db2/tibco-spotfire-connector-for-ibm-db2-1-2-0_documentation.zip,auto,false,tibco,analytics,,,,,
tibco-spotfire-connector-for-ibm-db2,1.1.0,true,false,,2014-07-22,auto,auto,https://docs.tibco.com/pub/spotfre-connector-for-ibm-db2/tibco-spotfire-connector-for-ibm-db2-1-1-0_documentation.zip,auto,false,tibco,analytics,,,,,
tibco-spotfire-connector-for-ibm-db2,1.0.0,true,false,,2014-05-07,auto,auto,https://docs.tibco.com/pub/spotfre-connector-for-ibm-db2/tibco-spotfire-connector-for-ibm-db2-1-0-0_documentation.zip,auto,false,tibco,analytics,,,,,
tibco-spotfire-connector-for-ibm-netezza,3.1.0,true,false,,2014-10-02,auto,auto,https://docs.tibco.com/pub/spotfire_connector_for_ibm_netezza/tibco-spotfire-connector-for-ibm-netezza-3-1-0_documentation.zip,auto,false,tibco,analytics,,,,,
tibco-spotfire-connector-for-ibm-netezza,3.0.0,true,false,,2014-05-07,auto,auto,https://docs.tibco.com/pub/spotfire_connector_for_ibm_netezza/tibco-spotfire-connector-for-ibm-netezza-3-0-0_documentation.zip,auto,false,tibco,analytics,,,,,
tibco-spotfire-connector-for-ibm-netezza,1.0.0,true,false,,2013-06-21,auto,auto,https://docs.tibco.com/pub/spotfire_connector_for_ibm_netezza/tibco-spotfire-connector-for-ibm-netezza-1-0-0_documentation.zip,auto,false,tibco,analytics,,,,,
tibco-spotfire-connector-for-oracle-essbase,3.2.0,true,false,,2014-10-02,auto,auto,https://docs.tibco.com/pub/spc-oracleess/tibco-spotfire-connector-for-oracle-essbase-3-2-0_documentation.zip,auto,false,tibco,analytics,,,,,
tibco-spotfire-connector-for-oracle-essbase,3.1.0,true,false,,2014-07-22,auto,auto,https://docs.tibco.com/pub/spc-oracleess/tibco-spotfire-connector-for-oracle-essbase-3-1-0_documentation.zip,auto,false,tibco,analytics,,,,,
tibco-spotfire-connector-for-oracle-essbase,3.0.0,true,false,,1399420800000,auto,auto,https://docs.tibco.com/pub/spotfire-connector-for-oracle-ess/tibco-spotfire-connector-for-oracle-essbase-3-0-0_documentation.zip,auto,false,tibco,analytics,,,,,
tibco-spotfire-connector-for-oracle-essbase,2.0.0,true,false,,2014-04-08,auto,auto,https://docs.tibco.com/pub/spotfire-connector-for-oracle-ess/tibco-spotfire-connector-for-oracle-essbase-2-0-0_documentation.zip,auto,false,tibco,analytics,,,,,
tibco-spotfire-connector-for-oracle-mysql,3.1.0,true,false,,2014-10-02,auto,auto,https://docs.tibco.com/pub/spotfire_connector_for_oracle_mysql/tibco-spotfire-connector-for-oracle-mysql-3-1-0_documentation.zip,auto,false,tibco,analytics,,,,,
tibco-spotfire-connector-for-oracle-mysql,3.0.0,true,false,,2014-05-07,auto,auto,https://docs.tibco.com/pub/spotfire_connector_for_oracle_mysql/tibco-spotfire-connector-for-oracle-mysql-3-0-0_documentation.zip,auto,false,tibco,analytics,,,,,
tibco-spotfire-connector-for-oracle-mysql,1.0.0,true,false,,2013-06-24,auto,auto,https://docs.tibco.com/pub/spotfire_connector_for_oracle_mysql/tibco-spotfire-connector-for-oracle-mysql-1-0-0_documentation.zip,auto,false,tibco,analytics,,,,,
tibco-spotfire-connector-for-pipeline-pilot,1.0,false,true,,2011-06-22,auto,auto,https://docs.tibco.com/pub/spotfire_connector_for_pipeline_pilot/1.0.0/doc/zip/tib_spotfire_connector_for_pipeline_pilot_1.0.0_doc.zip,auto,false,tibco,analytics,,,,,
tibco-spotfire-connector-for-pivotal-greenplum,2.1.0,true,false,,2014-10-02,auto,auto,https://docs.tibco.com/pub/spotfire-connector-for-pivotal-greenplum/tibco-spotfire-connector-for-pivotal-greenplum-2-1-0_documentation.zip,auto,false,tibco,analytics,,,,,
tibco-spotfire-connector-for-pivotal-greenplum,2.0.0,true,false,,1399420800000,auto,auto,https://docs.tibco.com/pub/spotfire-connector-for-pivotal-greenplum/tibco-spotfire-connector-for-pivotal-greenplum-2-0-0_documentation.zip,auto,false,tibco,analytics,,,,,
tibco-spotfire-connector-for-pivotal-greenplum,1.0.0,false,true,,2014-02-28,auto,auto,https://docs.tibco.com/pub/spotfire-connector-for-pivotal-greenplum/1.0.0/doc/zip/tib_spotfire-connector-for-pivotal-greenplum_1.0.0_doc.zip,auto,false,tibco,analytics,,,,,
tibco-spotfire-connector-for-pivotal-hawq,1.1.0,true,false,,2014-10-02,auto,auto,https://docs.tibco.com/pub/spc-pivotal-hawq/tibco-spotfire-connector-for-pivotal-hawq-1-1-0_documentation.zip,auto,false,tibco,analytics,,,,,
tibco-spotfire-connector-for-pivotal-hawq,1.0.0,true,false,,1399420800000,auto,auto,https://docs.tibco.com/pub/spotfire-connector-pivotal-hawq/tibco-spotfire-connector-for-pivotal-hawq-1-0-0_documentation.zip,auto,false,tibco,analytics,,,,,
tibco-spotfire-connector-for-postgresql,3.1.0,true,false,,2014-10-02,auto,auto,https://docs.tibco.com/pub/spotfire_connector_for_postgresql/tibco-spotfire-connector-for-postgresql-3-1-0_documentation.zip,auto,false,tibco,analytics,,,,,
tibco-spotfire-connector-for-postgresql,3.0.0,true,false,,2014-05-07,auto,auto,https://docs.tibco.com/pub/spotfire_connector_for_postgresql/tibco-spotfire-connector-for-postgresql-3-0-0_documentation.zip,auto,false,tibco,analytics,,,,,
tibco-spotfire-connector-for-postgresql,1.0.0,true,false,,2013-06-24,auto,auto,https://docs.tibco.com/pub/spotfire_connector_for_postgresql/tibco-spotfire-connector-for-postgresql-1-0-0_documentation.zip,auto,false,tibco,analytics,,,,,
tibco-spotfire-connector-for-sap-hana,2.1.0,true,false,,2014-10-02,auto,auto,https://docs.tibco.com/pub/spotfire-connector-for-sap-hana/tibco-spotfire-connector-for-sap-hana-2-1-0_documentation.zip,auto,false,tibco,analytics,,,,,
tibco-spotfire-connector-for-sap-hana,2.0.0,true,false,,1399420800000,auto,auto,https://docs.tibco.com/pub/spotfire-connector-for-sap-hana/tibco-spotfire-connector-for-sap-hana-2-0-0_documentation.zip,auto,false,tibco,analytics,,,,,
tibco-spotfire-connector-for-sap-hana,1.0.0,true,false,,2014-02-28,auto,auto,https://docs.tibco.com/pub/spotfire-connector-for-sap-hana/tibco-spotfire-connector-for-sap-hana-1-0-0_documentation.zip,auto,false,tibco,analytics,,,,,
tibco-spotfire-connector-for-teradata-aster,3.1.0,true,false,,2014-10-02,auto,auto,https://docs.tibco.com/pub/spotfire-connector-for-teradata-aster/tibco-spotfire-connector-for-teradata-aster-3-1-0_documentation.zip,auto,false,tibco,analytics,,,,,
tibco-spotfire-connector-for-teradata-aster,3.0.0,true,false,,1399420800000,auto,auto,https://docs.tibco.com/pub/spotfire-connector-for-teradata-aster/tibco-spotfire-connector-for-teradata-aster-3-0-0_documentation.zip,auto,false,tibco,analytics,,,,,
tibco-spotfire-connectors,7.6.1,true,false,,2017-01-10,auto,auto,https://docs.tibco.com/pub/spc/tibco-spotfire-connectors-7-6-1_documentation.zip,auto,false,tibco,analytics,,,,,
tibco-spotfire-connectors,7.6.0,true,false,,2016-05-18,auto,auto,https://docs.tibco.com/pub/spc/tibco-spotfire-connectors-7-6-0_documentation.zip,auto,false,tibco,analytics,,,,,
tibco-spotfire-connectors,4.5.0,true,false,,1455235200000,auto,auto,https://docs.tibco.com/pub/spc/tibco-spotfire-connectors-4-5-0_documentation.zip,auto,false,tibco,analytics,,,,,
tibco-spotfire-connectors,4.0.0,true,false,,1424304000000,auto,auto,https://docs.tibco.com/pub/spc/tibco-spotfire-connectors-4-0-0_documentation.zip,auto,false,tibco,analytics,,,,,
tibco-spotfire-consumer,7.9.0,true,false,,2020-03-26,auto,auto,https://docs.tibco.com/pub/sfire-consumer/tibco-spotfire-consumer-7-9-0_documentation.zip,auto,false,tibco,analytics,,,,,
tibco-spotfire-consumer,7.8.0,true,false,,2020-03-26,auto,auto,https://docs.tibco.com/pub/sfire-consumer/tibco-spotfire-consumer-7-8-0_documentation.zip,auto,false,tibco,analytics,,,,,
tibco-spotfire-data-science-package-for-notebooks,6.5.0,true,false,,2019-08-21,auto,auto,https://docs.tibco.com/pub/sfire-dscpn/tibco-data-science-package-for-notebooks-6-5-0_documentation.zip,auto,false,tibco,analytics,,,,,
tibco-spotfire-data-science-package-for-notebooks,6.4.0,true,false,,1534896000000,auto,auto,https://docs.tibco.com/pub/sfire-dscpn/tibco-spotfire-data-science-package-for-notebooks-6-4-0_documentation.zip,auto,false,tibco,analytics,,,,,
tibco-spotfire-decisionsite,9.1.1,true,false,,1308786425000,auto,auto,https://docs.tibco.com/pub/spotfire_decisionsite/tibco-spotfire-decisionsite-9-1-1_documentation.zip,auto,false,tibco,analytics,,,,,
tibco-spotfire-deployment-kit,10.2.0,true,false,,2019-02-25,auto,auto,https://docs.tibco.com/pub/sfire_deploy/tibco-spotfire-deployment-kit-10-2-0_documentation.zip,auto,false,tibco,analytics,,,,,
tibco-spotfire-deployment-kit,10.1.0,true,false,,2019-01-28,auto,auto,https://docs.tibco.com/pub/sfire_deploy/tibco-spotfire-deployment-kit-10-1-0_documentation.zip,auto,false,tibco,analytics,,,,,
tibco-spotfire-deployment-kit,10.0.0,true,false,,2018-10-24,auto,auto,https://docs.tibco.com/pub/sfire_deploy/tibco-spotfire-deployment-kit-10-0-0_documentation.zip,auto,false,tibco,analytics,,,,,
tibco-spotfire-deployment-kit,7.14.0,true,false,,2018-08-15,auto,auto,https://docs.tibco.com/pub/sfire_deploy/tibco-spotfire-deployment-kit-7-14-0_documentation.zip,auto,false,tibco,analytics,,,,,
tibco-spotfire-deployment-kit,7.13.0,true,false,,2018-06-14,auto,auto,https://docs.tibco.com/pub/sfire_deploy/tibco-spotfire-deployment-kit-7-13-0_documentation.zip,auto,false,tibco,analytics,,,,,
tibco-spotfire-deployment-kit,7.12.0,true,false,,2018-03-07,auto,auto,https://docs.tibco.com/pub/sfire_deploy/tibco-spotfire-deployment-kit-7-12-0_documentation.zip,auto,false,tibco,analytics,,,,,
tibco-spotfire-deployment-kit,7.11.1,true,false,,2018-06-13,auto,auto,https://docs.tibco.com/pub/sfire_deploy/tibco-spotfire-deployment-kit-7-11-1_documentation.zip,auto,false,tibco,analytics,,,,,
tibco-spotfire-deployment-kit,7.11.0,true,false,,2017-11-06,auto,auto,https://docs.tibco.com/pub/sfire_deploy/tibco-spotfire-deployment-kit-7-11-0_documentation.zip,auto,false,tibco,analytics,,,,,
tibco-spotfire-deployment-kit,7.10.2,true,false,,2018-06-13,auto,auto,https://docs.tibco.com/pub/sfire_deploy/tibco-spotfire-deployment-kit-7-10-2_documentation.zip,auto,false,tibco,analytics,,,,,
tibco-spotfire-deployment-kit,7.10.1,true,false,,2017-08-30,auto,auto,https://docs.tibco.com/pub/sfire_deploy/tibco-spotfire-deployment-kit-7-10-1_documentation.zip,auto,false,tibco,analytics,,,,,
tibco-spotfire-deployment-kit,7.10.0,true,false,,2017-07-26,auto,auto,https://docs.tibco.com/pub/sfire_deploy/tibco-spotfire-deployment-kit-7-10-0_documentation.zip,auto,false,tibco,analytics,,,,,
tibco-spotfire-deployment-kit,7.9.2,true,false,,2018-06-13,auto,auto,https://docs.tibco.com/pub/sfire_deploy/tibco-spotfire-deployment-kit-7-9-2_documentation.zip,auto,false,tibco,analytics,,,,,
tibco-spotfire-deployment-kit,7.9.1,true,false,,2017-08-29,auto,auto,https://docs.tibco.com/pub/sfire_deploy/tibco-spotfire-deployment-kit-7-9-1_documentation.zip,auto,false,tibco,analytics,,,,,
tibco-spotfire-deployment-kit,7.9.0,true,false,,2017-05-04,auto,auto,https://docs.tibco.com/pub/sfire_deploy/tibco-spotfire-deployment-kit-7-9-0_documentation.zip,auto,false,tibco,analytics,,,,,
tibco-spotfire-deployment-kit,7.8.1,true,false,,2018-06-13,auto,auto,https://docs.tibco.com/pub/sfire_deploy/tibco-spotfire-deployment-kit-7-8-1_documentation.zip,auto,false,tibco,analytics,,,,,
tibco-spotfire-deployment-kit,7.8.0,true,false,,2017-01-10,auto,auto,https://docs.tibco.com/pub/sfire_deploy/tibco-spotfire-deployment-kit-7-8-0_documentation.zip,auto,false,tibco,analytics,,,,,
tibco-spotfire-deployment-kit,7.7.1,true,false,,2017-01-10,auto,auto,https://docs.tibco.com/pub/sfire_deploy/tibco-spotfire-deployment-kit-7-7-1_documentation.zip,auto,false,tibco,analytics,,,,,
tibco-spotfire-deployment-kit,7.7.0,true,false,,2016-10-20,auto,auto,https://docs.tibco.com/pub/spotfire_deployment_kit/tibco-spotfire-deployment-kit-7-7-0_documentation.zip,auto,false,tibco,analytics,,,,,
tibco-spotfire-deployment-kit,7.6.1,true,false,,2017-01-10,auto,auto,https://docs.tibco.com/pub/sfire_deploy/tibco-spotfire-deployment-kit-7-6-1_documentation.zip,auto,false,tibco,analytics,,,,,
tibco-spotfire-deployment-kit,7.6.0,true,false,,2018-03-06,auto,auto,https://docs.tibco.com/pub/spotfire_deployment_kit/tibco-spotfire-deployment-kit-7-6-0_documentation.zip,auto,false,tibco,analytics,,,,,
tibco-spotfire-deployment-kit,7.5.1,true,false,,2017-01-10,auto,auto,https://docs.tibco.com/pub/sfire_deploy/tibco-spotfire-deployment-kit-7-5-1_documentation.zip,auto,false,tibco,analytics,,,,,
tibco-spotfire-deployment-kit,7.0.2,true,false,,2017-01-10,auto,auto,https://docs.tibco.com/pub/sfire_deploy/tibco-spotfire-deployment-kit-7-0-2_documentation.zip,auto,false,tibco,analytics,,,,,
tibco-spotfire-deployment-kit,6.5.4,true,false,,2017-01-10,auto,auto,https://docs.tibco.com/pub/sfire_deploy/tibco-spotfire-deployment-kit-6-5-4_documentation.zip,auto,false,tibco,analytics,,,,,
tibco-spotfire-deployment-kit,6.5.0,true,false,,2014-05-01,auto,auto,https://docs.tibco.com/pub/spotfire_deployment_kit/tibco-spotfire-deployment-kit-6-5-0_documentation.zip,auto,false,tibco,analytics,,,,,
tibco-spotfire-deployment-kit,6.0.1,true,false,,2014-04-02,auto,auto,https://docs.tibco.com/pub/spotfire_deployment_kit/tibco-spotfire-deployment-kit-6-0-1_documentation.zip,auto,false,tibco,analytics,,,,,
tibco-spotfire-deployment-kit,5.5.1,true,false,,2014-04-01,auto,auto,https://docs.tibco.com/pub/spotfire_deployment_kit/tibco-spotfire-deployment-kit-5-5-1_documentation.zip,auto,false,tibco,analytics,,,,,
tibco-spotfire-deployment-kit,5.0.2,true,false,,2014-04-01,auto,auto,https://docs.tibco.com/pub/spotfire_deployment_kit/tibco-spotfire-deployment-kit-5-0-2_documentation.zip,auto,false,tibco,analytics,,,,,
tibco-spotfire-deployment-kit,5.0.0,true,false,,2013-08-28,auto,auto,https://docs.tibco.com/pub/spotfire_deployment_kit/tibco-spotfire-deployment-kit-5-0-0_documentation.zip,auto,false,tibco,analytics,,,,,
tibco-spotfire-deployment-kit,4.5.2,true,false,,2014-04-01,auto,auto,https://docs.tibco.com/pub/spotfire_deployment_kit/tibco-spotfire-deployment-kit-4-5-2_documentation.zip,auto,false,tibco,analytics,,,,,
tibco-spotfire-deployment-kit,4.5.0,true,false,,2012-12-13,auto,auto,https://docs.tibco.com/pub/spotfire_deployment_kit/tibco-spotfire-deployment-kit-4-5-0_documentation.zip,auto,false,tibco,analytics,,,,,
tibco-spotfire-deployment-kit,4.0.4,true,false,,2014-04-01,auto,auto,https://docs.tibco.com/pub/spotfire_deployment_kit/tibco-spotfire-deployment-kit-4-0-4_documentation.zip,auto,false,tibco,analytics,,,,,
tibco-spotfire-deployment-kit,4.0.2,true,false,,2012-12-13,auto,auto,https://docs.tibco.com/pub/spotfire_deployment_kit/tibco-spotfire-deployment-kit-4-0-2_documentation.zip,auto,false,tibco,analytics,,,,,
tibco-spotfire-deployment-kit,4.0.1,true,false,,2012-12-13,auto,auto,https://docs.tibco.com/pub/spotfire_deployment_kit/tibco-spotfire-deployment-kit-4-0-1_documentation.zip,auto,false,tibco,analytics,,,,,
tibco-spotfire-deployment-kit,4.0.0,true,false,,2011-11-30,auto,auto,https://docs.tibco.com/pub/spotfire_deployment_kit/tibco-spotfire-deployment-kit-4-0-0_documentation.zip,auto,false,tibco,analytics,,,,,
tibco-spotfire-deployment-kit,3.3.2,true,false,,2012-12-13,auto,auto,https://docs.tibco.com/pub/spotfire_deployment_kit/tibco-spotfire-deployment-kit-3-3-2_documentation.zip,auto,false,tibco,analytics,,,,,
tibco-spotfire-deployment-kit,3.3.1,true,false,,2012-12-14,auto,auto,https://docs.tibco.com/pub/spotfire_deployment_kit/tibco-spotfire-deployment-kit-3-3-1_documentation.zip,auto,false,tibco,analytics,,,,,
tibco-spotfire-deployment-kit,3.3.0,true,false,,2012-12-14,auto,auto,https://docs.tibco.com/pub/spotfire_deployment_kit/tibco-spotfire-deployment-kit-3-3-0_documentation.zip,auto,false,tibco,analytics,,,,,
tibco-spotfire-deployment-kit,3.2.2,true,false,,2012-12-14,auto,auto,https://docs.tibco.com/pub/spotfire_deployment_kit/tibco-spotfire-deployment-kit-3-2-2_documentation.zip,auto,false,tibco,analytics,,,,,
tibco-spotfire-deployment-kit,3.2.1,true,false,,2012-12-17,auto,auto,https://docs.tibco.com/pub/spotfire_deployment_kit/tibco-spotfire-deployment-kit-3-2-1_documentation.zip,auto,false,tibco,analytics,,,,,
tibco-spotfire-deployment-kit,3.2.0,true,false,,2012-12-17,auto,auto,https://docs.tibco.com/pub/spotfire_deployment_kit/tibco-spotfire-deployment-kit-3-2-0_documentation.zip,auto,false,tibco,analytics,,,,,
tibco-spotfire-deployment-kit,3.1.1,true,false,,2012-12-17,auto,auto,https://docs.tibco.com/pub/spotfire_deployment_kit/tibco-spotfire-deployment-kit-3-1-1_documentation.zip,auto,false,tibco,analytics,,,,,
tibco-spotfire-deployment-kit,3.1.0,true,false,,2012-12-17,auto,auto,https://docs.tibco.com/pub/spotfire_deployment_kit/tibco-spotfire-deployment-kit-3-1-0_documentation.zip,auto,false,tibco,analytics,,,,,
tibco-spotfire-deployment-kit,3.0.0,true,false,,2012-12-18,auto,auto,https://docs.tibco.com/pub/spotfire_deployment_kit/tibco-spotfire-deployment-kit-3-0-0_documentation.zip,auto,false,tibco,analytics,,,,,
tibco-spotfire-deployment-kit,2.2.0,true,false,,2012-12-18,auto,auto,https://docs.tibco.com/pub/spotfire_deployment_kit/tibco-spotfire-deployment-kit-2-2-0_documentation.zip,auto,false,tibco,analytics,,,,,
tibco-spotfire-deployment-kit-for-apple-ios,2.14.0,false,true,,2023-10-18,auto,auto,https://docs.tibco.com/pub/sf_ipad_deploykit/2.14.0/doc/zip/tib_sf_ipad_deploykit_2.14.0_doc.zip,auto,false,tibco,analytics,,,,,
tibco-spotfire-deployment-kit-for-apple-ios,2.13.0,true,false,,1643241600000,auto,auto,https://docs.tibco.com/pub/sf_ipad_deploykit/tibco-spotfire-deployment-kit-for-apple-ios-2-13-0_documentation.zip,auto,false,tibco,analytics,,,,,
tibco-spotfire-deployment-kit-for-apple-ios,2.11.3,true,false,,1597708800000,auto,auto,https://docs.tibco.com/pub/sf_ipad_deploykit/tibco-spotfire-deployment-kit-for-apple-ios-2-11-3_documentation.zip,auto,false,tibco,analytics,,,,,
tibco-spotfire-deployment-kit-for-apple-ios,2.11.2,true,false,,2020-01-28,auto,auto,https://docs.tibco.com/pub/sf_ipad_deploykit/tibco-spotfire-deployment-kit-for-apple-ios-2-11-2_documentation.zip,auto,false,tibco,analytics,,,,,
tibco-spotfire-deployment-kit-for-apple-ios,2.11.0,true,false,,2019-03-19,auto,auto,https://docs.tibco.com/pub/sf_ipad_deploykit/tibco-spotfire-deployment-kit-for-apple-ios-2-11-0_documentation.zip,auto,false,tibco,analytics,,,,,
tibco-spotfire-deployment-kit-for-apple-ios,2.10.1,true,false,,2018-09-25,auto,auto,https://docs.tibco.com/pub/sf_ipad_deploykit/tibco-spotfire-deployment-kit-for-apple-ios-2-10-1_documentation.zip,auto,false,tibco,analytics,,,,,
tibco-spotfire-deployment-kit-for-apple-ios,2.10.0,true,false,,1529452800000,auto,auto,https://docs.tibco.com/pub/sf_ipad_deploykit/tibco-spotfire-deployment-kit-for-apple-ios-2-10-0_documentation.zip,auto,false,tibco,analytics,,,,,
tibco-spotfire-deployment-kit-for-apple-ios,2.9.3,true,false,,2018-04-04,auto,auto,https://docs.tibco.com/pub/sf_ipad_deploykit/tibco-spotfire-deployment-kit-for-apple-ios-2-9-3_documentation.zip,auto,false,tibco,analytics,,,,,
tibco-spotfire-deployment-kit-for-apple-ios,2.9.2,true,false,,2017-10-06,auto,auto,https://docs.tibco.com/pub/sf_ipad_deploykit/tibco-spotfire-deployment-kit-for-apple-ios-2-9-2_documentation.zip,auto,false,tibco,analytics,,,,,
tibco-spotfire-deployment-kit-for-apple-ios,2.9.1,true,false,,2017-07-18,auto,auto,https://docs.tibco.com/pub/sf_ipad_deploykit/tibco-spotfire-deployment-kit-for-apple-ios-2-9-1_documentation.zip,auto,false,tibco,analytics,,,,,
tibco-spotfire-deployment-kit-for-apple-ios,2.9.0,true,false,,2017-05-30,auto,auto,https://docs.tibco.com/pub/sf_ipad_deploykit/tibco-spotfire-deployment-kit-for-apple-ios-2-9-0_documentation.zip,auto,false,tibco,analytics,,,,,
tibco-spotfire-deployment-kit-for-apple-ios,2.8.0,true,false,,1481068800000,auto,auto,https://docs.tibco.com/pub/sf_ipad_deploykit/tibco-spotfire-deployment-kit-for-apple-ios-2-8-0_documentation.zip,auto,false,tibco,analytics,,,,,
tibco-spotfire-deployment-kit-for-apple-ios,2.7.5,true,false,,2016-10-12,auto,auto,https://docs.tibco.com/pub/spotfire_deployment_kit_apple_ipad/tibco-spotfire-deployment-kit-for-apple-ios-2-7-5_documentation.zip,auto,false,tibco,analytics,,,,,
tibco-spotfire-deployment-kit-for-apple-ios,2.7.4,true,false,,2016-06-23,auto,auto,https://docs.tibco.com/pub/spotfire_deployment_kit_apple_ipad/tibco-spotfire-deployment-kit-for-apple-ipad-2-7-4_documentation.zip,auto,false,tibco,analytics,,,,,
tibco-spotfire-deployment-kit-for-apple-ios,2.7.3,true,false,,2016-06-02,auto,auto,https://docs.tibco.com/pub/spotfire_deployment_kit_apple_ipad/tibco-spotfire-deployment-kit-for-apple-ipad-2-7-3_documentation.zip,auto,false,tibco,analytics,,,,,
tibco-spotfire-deployment-kit-for-apple-ios,2.7.2,true,false,,2016-04-19,auto,auto,https://docs.tibco.com/pub/spotfire_deployment_kit_apple_ipad/tibco-spotfire-deployment-kit-for-apple-ipad-2-7-2_documentation.zip,auto,false,tibco,analytics,,,,,
tibco-spotfire-deployment-kit-for-apple-ios,2.7.1,true,false,,2016-04-13,auto,auto,https://docs.tibco.com/pub/spotfire_deployment_kit_apple_ipad/tibco-spotfire-deployment-kit-for-apple-ipad-2-7-1_documentation.zip,auto,false,tibco,analytics,,,,,
tibco-spotfire-deployment-kit-for-apple-ios,2.7.0,true,false,,2016-02-11,auto,auto,https://docs.tibco.com/pub/spotfire_deployment_kit_apple_ipad/tibco-spotfire-deployment-kit-for-apple-ipad-2-7-0_documentation.zip,auto,false,tibco,analytics,,,,,
tibco-spotfire-deployment-kit-for-apple-ios,2.6.0,true,false,,2015-10-13,auto,auto,https://docs.tibco.com/pub/spotfire_deployment_kit_apple_ipad/tibco-spotfire-deployment-kit-for-apple-ipad-2-6-0_documentation.zip,auto,false,tibco,analytics,,,,,
tibco-spotfire-deployment-kit-for-apple-ios,2.5.5,true,false,,2014-10-27,auto,auto,https://docs.tibco.com/pub/spotfire_deployment_kit_apple_ipad/tibco-spotfire-deployment-kit-for-apple-ipad-2-5-5_documentation.zip,auto,false,tibco,analytics,,,,,
tibco-spotfire-deployment-kit-for-apple-ios,2.5.4,true,false,,2014-08-06,auto,auto,https://docs.tibco.com/pub/spotfire_deployment_kit_apple_ipad/tibco-spotfire-deployment-kit-for-apple-ipad-2-5-4_documentation.zip,auto,false,tibco,analytics,,,,,
tibco-spotfire-deployment-kit-for-apple-ios,2.5.2,true,false,,2014-04-07,auto,auto,https://docs.tibco.com/pub/spotfire_deployment_kit_apple_ipad/tibco-spotfire-deployment-kit-for-apple-ipad-2-5-2_documentation.zip,auto,false,tibco,analytics,,,,,
tibco-spotfire-deployment-kit-for-apple-ios,2.0.9,true,false,,2014-01-28,auto,auto,https://docs.tibco.com/pub/spotfire_deployment_kit_apple_ipad/tibco-spotfire-deployment-kit-for-apple-ipad-2-0-9_documentation.zip,auto,false,tibco,analytics,,,,,
tibco-spotfire-deployment-kit-for-apple-ios,2.0.7,true,false,,2013-07-18,auto,auto,https://docs.tibco.com/pub/spotfire_deployment_kit_apple_ipad/tibco-spotfire-deployment-kit-for-apple-ipad-2-0-7_documentation.zip,auto,false,tibco,analytics,,,,,
tibco-spotfire-deployment-kit-for-apple-ios,2.0.6,true,false,,2013-03-05,auto,auto,https://docs.tibco.com/pub/spotfire_deployment_kit_apple_ipad/tibco-spotfire-deployment-kit-for-apple-ipad-2-0-6_documentation.zip,auto,false,tibco,analytics,,,,,
tibco-spotfire-deployment-kit-for-apple-ios,2.0.5,true,false,,2013-01-14,auto,auto,https://docs.tibco.com/pub/spotfire_deployment_kit_apple_ipad/tibco-spotfire-deployment-kit-for-apple-ipad-2-0-5_documentation.zip,auto,false,tibco,analytics,,,,,
tibco-spotfire-deployment-kit-for-apple-ios,2.0.4,true,false,,2013-08-28,auto,auto,https://docs.tibco.com/pub/spotfire_deployment_kit_apple_ipad/tibco-spotfire-deployment-kit-for-apple-ipad-2-0-4_documentation.zip,auto,false,tibco,analytics,,,,,
tibco-spotfire-deployment-kit-for-apple-ios,2.0.3,true,false,,2013-08-28,auto,auto,https://docs.tibco.com/pub/spotfire_deployment_kit_apple_ipad/tibco-spotfire-deployment-kit-for-apple-ipad-2-0-3_documentation.zip,auto,false,tibco,analytics,,,,,
tibco-spotfire-deployment-kit-for-apple-ios,2.0.2,true,false,,2013-08-28,auto,auto,https://docs.tibco.com/pub/spotfire_deployment_kit_apple_ipad/tibco-spotfire-deployment-kit-for-apple-ipad-2-0-2_documentation.zip,auto,false,tibco,analytics,,,,,
tibco-spotfire-developer,Developer,false,true,,2021-07-07,auto,auto,https://docs.tibco.com/pub/sfire_dev/area/doc/zip/tib_sfire_dev_area_doc.zip,auto,false,tibco,analytics,,,,,
tibco-spotfire-extension-for-openspirit,1.2.0,true,false,,2016-12-08,auto,auto,https://docs.tibco.com/pub/os-sfext/tibco-spotfire-extension-for-openspirit-1-2-0_documentation.zip,auto,false,tibco,analytics,,,,,
tibco-spotfire-extension-for-openspirit,1.1.0,true,false,,2015-03-11,auto,auto,https://docs.tibco.com/pub/openspirit-spotfire-extension/tibco-spotfire-extension-for-openspirit-1-1-0_documentation.zip,auto,false,tibco,analytics,,,,,
tibco-spotfire-extension-for-openspirit,1.0.0,true,false,,2012-08-20,auto,auto,https://docs.tibco.com/pub/openspirit-spotfire-extension/tibco-spotfire-extension-for-openspirit-1-0-0_documentation.zip,auto,false,tibco,analytics,,,,,
tibco-spotfire-general,General,false,true,,2023-03-13,auto,auto,https://docs.tibco.com/pub/spotfire/general/doc/zip/tib_spotfire_general_doc.zip,auto,false,tibco,analytics,,,,,
tibco-spotfire-lead-discovery,4.5.0,true,false,,2012-05-22,auto,auto,https://docs.tibco.com/pub/spotfire_lead_discovery/tibco-spotfire-lead-discovery-4-5-0_documentation.zip,auto,false,tibco,analytics,,,,,
tibco-spotfire-lead-discovery,4.0.1,true,false,,2012-02-23,auto,auto,https://docs.tibco.com/pub/spotfire_lead_discovery/tibco-spotfire-lead-discovery-4-0-1_documentation.zip,auto,false,tibco,analytics,,,,,
tibco-spotfire-lead-discovery,4.0,false,true,,2011-11-30,auto,auto,https://docs.tibco.com/pub/spotfire_lead_discovery/4.0.0-november-2011/doc/zip/tib_spotfire_lead_discovery_4.0.0-november-2011_doc.zip,auto,false,tibco,analytics,,,,,
tibco-spotfire-lead-discovery,2.1,true,false,,2011-06-22,auto,auto,https://docs.tibco.com/pub/spotfire_lead_discovery/tibco-spotfire-lead-discovery-2-1_documentation.zip,auto,false,tibco,analytics,,,,,
tibco-spotfire-metrics-modeler,6.5.1,true,false,,2014-08-06,auto,auto,https://docs.tibco.com/pub/spotfire_metrics_modeler/tibco-spotfire-metrics-modeler-6-5-1_documentation.zip,auto,false,tibco,analytics,,,,,
tibco-spotfire-metrics-modeler,6.5.0,true,false,,1399441774000,auto,auto,https://docs.tibco.com/pub/spotfire_metrics_modeler/tibco-spotfire-metrics-modeler-6-5-0_documentation.zip,auto,false,tibco,analytics,,,,,
tibco-spotfire-metrics-modeler,6.0.0,true,false,,2013-11-21,auto,auto,https://docs.tibco.com/pub/spotfire_metrics_modeler/tibco-spotfire-metrics-modeler-6-0-0_documentation.zip,auto,false,tibco,analytics,,,,,
tibco-spotfire-metrics-services,6.5.1,true,false,,2014-08-06,auto,auto,https://docs.tibco.com/pub/spotfire_metrics_services/tibco-spotfire-metrics-services-6-5-1_documentation.zip,auto,false,tibco,analytics,,,,,
tibco-spotfire-metrics-services,6.5.0,true,false,,2014-05-07,auto,auto,https://docs.tibco.com/pub/spotfire_metrics_services/tibco-spotfire-metrics-services-6-5-0_documentation.zip,auto,false,tibco,analytics,,,,,
tibco-spotfire-metrics-services,6.0.0,true,false,,2013-11-21,auto,auto,https://docs.tibco.com/pub/spotfire_metrics_services/tibco-spotfire-metrics-services-6-0-0_documentation.zip,auto,false,tibco,analytics,,,,,
tibco-spotfire-miner,8.2,true,false,,2011-06-23,auto,auto,https://docs.tibco.com/pub/spotfire_miner/tibco-spotfire-miner-8-2_documentation.zip,auto,false,tibco,analytics,,,,,
tibco-spotfire-network-analytics,1.1.2,true,false,,2017-06-28,auto,auto,https://docs.tibco.com/pub/spot_network_analytics/tibco-spotfire-network-analytics-1-1-2_documentation.zip,auto,false,tibco,analytics,,,,,
tibco-spotfire-network-analytics,1.1.1,true,false,,2013-03-25,auto,auto,https://docs.tibco.com/pub/spotfire_network_analytics/tibco-spotfire-network-analytics-1-1-1_documentation.zip,auto,false,tibco,analytics,,,,,
tibco-spotfire-network-analytics,1.1,true,false,,2011-06-22,auto,auto,https://docs.tibco.com/pub/spotfire_network_analytics/tibco-spotfire-network-analytics-1-1_documentation.zip,auto,false,tibco,analytics,,,,,
tibco-spotfire-operations-analytics,1.1,true,false,,2011-06-22,auto,auto,https://docs.tibco.com/pub/spotfire_operations_analytics/tibco-spotfire-operations-analytics-1-1_documentation.zip,auto,false,tibco,analytics,,,,,
tibco-spotfire-professional,7.0.2,true,false,,2017-01-10,auto,auto,https://docs.tibco.com/pub/spotfire/tibco-spotfire-professional-7-0-2_documentation.zip,auto,false,tibco,analytics,,,,,
tibco-spotfire-professional,7.0.1,true,false,,1437436800000,auto,auto,https://docs.tibco.com/pub/spotfire/tibco-spotfire-professional-7-0-1_documentation.zip,auto,false,tibco,analytics,,,,,
tibco-spotfire-professional,7.0.0,true,false,,2015-02-19,auto,auto,https://docs.tibco.com/pub/spotfire/tibco-spotfire-professional-7-0-0_documentation.zip,auto,false,tibco,analytics,,,,,
tibco-spotfire-professional,6.5.4,true,false,,2017-01-10,auto,auto,https://docs.tibco.com/pub/spotfire/tibco-spotfire-professional-6-5-4_documentation.zip,auto,false,tibco,analytics,,,,,
tibco-spotfire-professional,6.5.3,true,false,,2015-07-21,auto,auto,https://docs.tibco.com/pub/spotfire/tibco-spotfire-professional-6-5-3_documentation.zip,auto,false,tibco,analytics,,,,,
tibco-spotfire-professional,6.5.2,true,false,,2014-11-12,auto,auto,https://docs.tibco.com/pub/spotfire/tibco-spotfire-professional-6-5-2_documentation.zip,auto,false,tibco,analytics,,,,,
tibco-spotfire-professional,6.5.1,true,false,,2015-10-19,auto,auto,https://docs.tibco.com/pub/spotfire/tibco-spotfire-professional-6-5-1_documentation.zip,auto,false,tibco,analytics,,,,,
tibco-spotfire-professional,6.5.0,true,false,,1399420800000,auto,auto,https://docs.tibco.com/pub/spotfire/tibco-spotfire-professional-6-5-0_documentation.zip,auto,false,tibco,analytics,,,,,
tibco-spotfire-professional,6.0.3,true,false,,2015-11-25,auto,auto,https://docs.tibco.com/pub/spotfire/tibco-spotfire-professional-6-0-3_documentation.zip,auto,false,tibco,analytics,,,,,
tibco-spotfire-professional,6.0.2,true,false,,2014-11-12,auto,auto,https://docs.tibco.com/pub/spotfire/tibco-spotfire-professional-6-0-2_documentation.zip,auto,false,tibco,analytics,,,,,
tibco-spotfire-professional,6.0.0,true,false,,2013-11-27,auto,auto,https://docs.tibco.com/pub/spotfire/tibco-spotfire-professional-6-0-0_documentation.zip,auto,false,tibco,analytics,,,,,
tibco-spotfire-professional,5.5.0,true,false,,2013-05-30,auto,auto,https://docs.tibco.com/pub/spotfire/tibco-spotfire-5-5-0_documentation.zip,auto,false,tibco,analytics,,,,,
tibco-spotfire-professional,5.0.1,true,false,,2013-03-22,auto,auto,https://docs.tibco.com/pub/spotfire/tibco-spotfire-5-0-1_documentation.zip,auto,false,tibco,analytics,,,,,
tibco-spotfire-professional,5.0.0,true,false,,2012-11-26,auto,auto,https://docs.tibco.com/pub/spotfire/tibco-spotfire-5-0-0_documentation.zip,auto,false,tibco,analytics,,,,,
tibco-spotfire-professional,4.5.1,true,false,,2013-03-22,auto,auto,https://docs.tibco.com/pub/spotfire/tibco-spotfire-4-5-1_documentation.zip,auto,false,tibco,analytics,,,,,
tibco-spotfire-professional,4.0.3,true,false,,2013-03-22,auto,auto,https://docs.tibco.com/pub/spotfire/tibco-spotfire-4-0-3_documentation.zip,auto,false,tibco,analytics,,,,,
tibco-spotfire-professional,4.0.2,true,false,,2012-03-16,auto,auto,https://docs.tibco.com/pub/spotfire/tibco-spotfire-4-0-2_documentation.zip,auto,false,tibco,analytics,,,,,
tibco-spotfire-professional,4.0.1,true,false,,2012-02-22,auto,auto,https://docs.tibco.com/pub/spotfire/tibco-spotfire-4-0-1_documentation.zip,auto,false,tibco,analytics,,,,,
tibco-spotfire-professional,3.3.3,true,false,,2013-03-22,auto,auto,https://docs.tibco.com/pub/spotfire/tibco-spotfire-3-3-3_documentation.zip,auto,false,tibco,analytics,,,,,
tibco-spotfire-qualification,10.2.0,true,false,,2019-05-15,auto,auto,https://docs.tibco.com/pub/sfire_qual/tibco-spotfire-qualification-10-2-0_documentation.zip,auto,false,tibco,analytics,,,,,
tibco-spotfire-qualification,10.1.0,true,false,,2019-01-30,auto,auto,https://docs.tibco.com/pub/sfire_qual/tibco-spotfire-qualification-10-1-0_documentation.zip,auto,false,tibco,analytics,,,,,
tibco-spotfire-qualification,10.0.0,true,false,,2018-10-25,auto,auto,https://docs.tibco.com/pub/sfire_qual/tibco-spotfire-qualification-10-0-0_documentation.zip,auto,false,tibco,analytics,,,,,
tibco-spotfire-qualification,7.14.0,true,false,,2018-08-16,auto,auto,https://docs.tibco.com/pub/sfire_qual/tibco-spotfire-qualification-7-14-0_documentation.zip,auto,false,tibco,analytics,,,,,
tibco-spotfire-qualification,7.13.0,true,false,,2018-06-15,auto,auto,https://docs.tibco.com/pub/sfire_qual/tibco-spotfire-qualification-7-13-0_documentation.zip,auto,false,tibco,analytics,,,,,
tibco-spotfire-qualification,7.12.0,true,false,,2018-03-08,auto,auto,https://docs.tibco.com/pub/sfire_qual/tibco-spotfire-qualification-7-12-0_documentation.zip,auto,false,tibco,analytics,,,,,
tibco-spotfire-qualification,7.11.0,true,false,,2017-11-09,auto,auto,https://docs.tibco.com/pub/sfire_qual/tibco-spotfire-qualification-7-11-0_documentation.zip,auto,false,tibco,analytics,,,,,
tibco-spotfire-qualification,7.10.1,true,false,,2017-08-30,auto,auto,https://docs.tibco.com/pub/sfire_qual/tibco-spotfire-qualification-7-10-1_documentation.zip,auto,false,tibco,analytics,,,,,
tibco-spotfire-qualification,7.10.0,true,false,,2020-03-26,auto,auto,https://docs.tibco.com/pub/sfire_qual/tibco-spotfire-qualification-7-10-0_documentation.zip,auto,false,tibco,analytics,,,,,
tibco-spotfire-qualification,7.9.1,true,false,,2020-03-26,auto,auto,https://docs.tibco.com/pub/sfire_qual/tibco-spotfire-qualification-7-9-1_documentation.zip,auto,false,tibco,analytics,,,,,
tibco-spotfire-qualification,7.9.0,true,false,,2020-03-26,auto,auto,https://docs.tibco.com/pub/sfire_qual/tibco-spotfire-qualification-7-9-0_documentation.zip,auto,false,tibco,analytics,,,,,
tibco-spotfire-qualification,7.8.0,true,false,,2020-03-26,auto,auto,https://docs.tibco.com/pub/sfire_qual/tibco-spotfire-qualification-7-8-0_documentation.zip,auto,false,tibco,analytics,,,,,
tibco-spotfire-s,8.2.0,true,false,,2011-06-23,auto,auto,https://docs.tibco.com/pub/spotfire_s_plus/tibco-spotfire-s-8-2-0_documentation.zip,auto,false,tibco,analytics,,,,,
tibco-spotfire-web-player,7.0.2,true,false,,2019-04-17,auto,auto,https://docs.tibco.com/pub/sfire_webp/tibco-spotfire-web-player-7-0-2_documentation.zip,auto,false,tibco,analytics,,,,,
tibco-spotfire-web-player,7.0.1,true,false,,2019-12-04,auto,auto,https://docs.tibco.com/pub/spotfire_web_player/tibco-spotfire-web-player-7-0-1_documentation.zip,auto,false,tibco,analytics,,,,,
tibco-spotfire-web-player,7.0.0,true,false,,2019-12-04,auto,auto,https://docs.tibco.com/pub/spotfire_web_player/tibco-spotfire-web-player-7-0-0_documentation.zip,auto,false,tibco,analytics,,,,,
tibco-spotfire-web-player,6.5.4,true,false,,2019-12-04,auto,auto,https://docs.tibco.com/pub/sfire_webp/tibco-spotfire-web-player-6-5-4_documentation.zip,auto,false,tibco,analytics,,,,,
tibco-spotfire-web-player,6.5.3,true,false,,2019-12-04,auto,auto,https://docs.tibco.com/pub/spotfire_web_player/tibco-spotfire-web-player-6-5-3_documentation.zip,auto,false,tibco,analytics,,,,,
tibco-spotfire-web-player,6.5.2,true,false,,2019-12-04,auto,auto,https://docs.tibco.com/pub/spotfire_web_player/tibco-spotfire-web-player-6-5-2_documentation.zip,auto,false,tibco,analytics,,,,,
tibco-spotfire-web-player,6.5.1,true,false,,2019-12-04,auto,auto,https://docs.tibco.com/pub/spotfire_web_player/tibco-spotfire-web-player-6-5-1_documentation.zip,auto,false,tibco,analytics,,,,,
tibco-spotfire-web-player,6.5.0,true,false,,2019-12-04,auto,auto,https://docs.tibco.com/pub/spotfire_web_player/tibco-spotfire-web-player-6-5-0_documentation.zip,auto,false,tibco,analytics,,,,,
tibco-spotfire-web-player,6.0.3,true,false,,2019-12-04,auto,auto,https://docs.tibco.com/pub/spotfire_web_player/tibco-spotfire-web-player-6-0-3_documentation.zip,auto,false,tibco,analytics,,,,,
tibco-spotfire-web-player,6.0.1,true,false,,2019-12-04,auto,auto,https://docs.tibco.com/pub/spotfire_web_player/tibco-spotfire-web-player-6-0-1_documentation.zip,auto,false,tibco,analytics,,,,,
tibco-spotfire-web-player,6.0.0,true,false,,2019-12-04,auto,auto,https://docs.tibco.com/pub/spotfire_web_player/tibco-spotfire-web-player-6-0-0_documentation.zip,auto,false,tibco,analytics,,,,,
tibco-spotfire-web-player,5.5.1,true,false,,2019-12-04,auto,auto,https://docs.tibco.com/pub/spotfire_web_player/tibco-spotfire-web-player-5-5-1_documentation.zip,auto,false,tibco,analytics,,,,,
tibco-spotfire-web-player,5.5.0,true,false,,2019-12-04,auto,auto,https://docs.tibco.com/pub/spotfire_web_player/tibco-spotfire-web-player-5-5-0_documentation.zip,auto,false,tibco,analytics,,,,,
tibco-spotfire-web-player,5.0.2,true,false,,2019-12-04,auto,auto,https://docs.tibco.com/pub/spotfire_web_player/tibco-spotfire-web-player-5-0-2_documentation.zip,auto,false,tibco,analytics,,,,,
tibco-spotfire-web-player,5.0.1,true,false,,2013-03-25,auto,auto,https://docs.tibco.com/pub/spotfire_web_player/tibco-spotfire-web-player-5-0-1_documentation.zip,auto,false,tibco,analytics,,,,,
tibco-spotfire-web-player,5.0.0,true,false,,2019-12-04,auto,auto,https://docs.tibco.com/pub/spotfire_web_player/tibco-spotfire-web-player-5-0-0_documentation.zip,auto,false,tibco,analytics,,,,,
tibco-spotfire-web-player,4.5.2,true,false,,2019-12-04,auto,auto,https://docs.tibco.com/pub/spotfire_web_player/tibco-spotfire-web-player-4-5-2_documentation.zip,auto,false,tibco,analytics,,,,,
tibco-spotfire-web-player,4.5.1,true,false,,2019-12-04,auto,auto,https://docs.tibco.com/pub/spotfire_web_player/tibco-spotfire-web-player-4-5-1_documentation.zip,auto,false,tibco,analytics,,,,,
tibco-spotfire-web-player,4.5.0,true,false,,2019-12-04,auto,auto,https://docs.tibco.com/pub/spotfire_web_player/tibco-spotfire-web-player-4-5-0_documentation.zip,auto,false,tibco,analytics,,,,,
tibco-spotfire-web-player,4.0.4,true,false,,2019-12-04,auto,auto,https://docs.tibco.com/pub/spotfire_web_player/tibco-spotfire-web-player-4-0-4_documentation.zip,auto,false,tibco,analytics,,,,,
tibco-spotfire-web-player,4.0.3,true,false,,2019-12-04,auto,auto,https://docs.tibco.com/pub/spotfire_web_player/tibco-spotfire-web-player-4-0-3_documentation.zip,auto,false,tibco,analytics,,,,,
tibco-spotfire-web-player,4.0.2,true,false,,2012-03-16,auto,auto,https://docs.tibco.com/pub/spotfire_web_player/tibco-spotfire-web-player-4-0-2_documentation.zip,auto,false,tibco,analytics,,,,,
tibco-spotfire-web-player,4.0.1,true,false,,2019-12-04,auto,auto,https://docs.tibco.com/pub/spotfire_web_player/tibco-spotfire-web-player-4-0-1_documentation.zip,auto,false,tibco,analytics,,,,,
tibco-spotfire-web-player,4.0.0,true,false,,2019-12-04,auto,auto,https://docs.tibco.com/pub/spotfire_web_player/tibco-spotfire-web-player-4-0-0_documentation.zip,auto,false,tibco,analytics,,,,,
tibco-spotfire-web-player,3.3.3,true,false,,2013-03-25,auto,auto,https://docs.tibco.com/pub/spotfire_web_player/tibco-spotfire-web-player-3-3-3_documentation.zip,auto,false,tibco,analytics,,,,,
tibco-spotfire-web-player,3.3.2,true,false,,2019-12-04,auto,auto,https://docs.tibco.com/pub/spotfire_web_player/tibco-spotfire-web-player-3-3-2_documentation.zip,auto,false,tibco,analytics,,,,,
tibco-spotfire-web-player,3.3.0,true,false,,2011-06-22,auto,auto,https://docs.tibco.com/pub/spotfire_web_player/tibco-spotfire-web-player-3-3-0_documentation.zip,auto,false,tibco,analytics,,,,,
tibco-spotfire-web-player,3.2.2,true,false,,2019-12-04,auto,auto,https://docs.tibco.com/pub/spotfire_web_player/tibco-spotfire-web-player-3-2-2_documentation.zip,auto,false,tibco,analytics,,,,,
tibco-spotfire-web-player,3.2.1,true,false,,2019-12-04,auto,auto,https://docs.tibco.com/pub/spotfire_web_player/tibco-spotfire-web-player-3-2-1_documentation.zip,auto,false,tibco,analytics,,,,,
tibco-spotfire-web-player,3.2.0,true,false,,2019-12-04,auto,auto,https://docs.tibco.com/pub/spotfire_web_player/tibco-spotfire-web-player-3-2-0_documentation.zip,auto,false,tibco,analytics,,,,,
tibco-spotfire-web-player,3.1.1,true,false,,2019-12-04,auto,auto,https://docs.tibco.com/pub/spotfire_web_player/tibco-spotfire-web-player-3-1-1_documentation.zip,auto,false,tibco,analytics,,,,,
tibco-spotfire-web-player,3.1.0,true,false,,2019-12-04,auto,auto,https://docs.tibco.com/pub/spotfire_web_player/tibco-spotfire-web-player-3-1-0_documentation.zip,auto,false,tibco,analytics,,,,,
tibco-spotfire-web-player,3.0.0,true,false,,2019-12-04,auto,auto,https://docs.tibco.com/pub/spotfire_web_player/tibco-spotfire-web-player-3-0-0_documentation.zip,auto,false,tibco,analytics,,,,,
tibco-spotfire-web-player,2.2.0,true,false,,2019-12-04,auto,auto,https://docs.tibco.com/pub/spotfire_web_player/tibco-spotfire-web-player-2-2-0_documentation.zip,auto,false,tibco,analytics,,,,,
tibco-statistica-document-management-system,13.6.0,true,false,,2019-10-25,auto,auto,https://docs.tibco.com/pub/stat-dms/tibco-statistica-document-management-system-13-6-0_documentation.zip,auto,false,tibco,analytics,,,,,
tibco-statistica-document-management-system,13.5.0,true,false,,2018-11-20,auto,auto,https://docs.tibco.com/pub/stat-dms/tibco-statistica-document-management-system-13-5-0_documentation.zip,auto,false,tibco,analytics,,,,,
tibco-statistica-document-management-system,13.4.0,true,false,,1527638400000,auto,auto,https://docs.tibco.com/pub/stat-dms/tibco-statistica-document-management-system-13-4-0_documentation.zip,auto,false,tibco,analytics,,,,,
tibco-statistica-document-management-system,13.3.1,true,false,,1521676800000,auto,auto,https://docs.tibco.com/pub/stat-dms/tibco-statistica-document-management-system-13-3-1_documentation.zip,auto,false,tibco,analytics,,,,,
tibco-statistica-document-management-system,13.3.0,true,false,,2017-06-22,auto,auto,https://docs.tibco.com/pub/stat-dms/tibco-statistica-document-management-system-13-3-0_documentation.zip,auto,false,tibco,analytics,,,,,
tibco-statistica-language-packs,14.1.0,false,true,,2023-07-20,auto,auto,https://docs.tibco.com/pub/stat-lp/14.1.0/doc/zip/tib_stat-lp_14.1.0_doc.zip,auto,false,tibco,analytics,,,,,
tibco-statistica-language-packs,14.0.0,false,true,,2021-01-29,auto,auto,https://docs.tibco.com/pub/stat-lp/14.0.0/doc/zip/tib_stat-lp_14.0.0_doc.zip,auto,false,tibco,analytics,,,,,
tibco-statistica-language-packs,13.5.0,false,true,,2019-06-17,auto,auto,https://docs.tibco.com/pub/stat-lp/13.5.0/doc/zip/tib_stat-lp_13.5.0_doc.zip,auto,false,tibco,analytics,,,,,
tibco-streambase,10.3.0,true,false,,1532390400000,auto,auto,https://docs.tibco.com/pub/sb-cep/tibco-streambase-10-3-0_documentation.zip,auto,false,tibco,analytics,,,,,
tibco-streambase,10.2.1,true,false,,2018-02-09,auto,auto,https://docs.tibco.com/pub/sb-cep/tibco-streambase-10-2-1_documentation.zip,auto,false,tibco,analytics,,,,,
tibco-streambase,10.2.0,true,false,,2017-11-17,auto,auto,https://docs.tibco.com/pub/sb-cep/tibco-streambase-10-2-0_documentation.zip,auto,false,tibco,analytics,,,,,
tibco-streambase,7.7.8,true,false,,1575849600000,auto,auto,https://docs.tibco.com/pub/sb-cep/tibco-streambase-7-7-8_documentation.zip,auto,false,tibco,analytics,,,,,
tibco-streambase,7.7.7,true,false,,2019-05-01,auto,auto,https://docs.tibco.com/pub/sb-cep/tibco-streambase-7-7-7_documentation.zip,auto,false,tibco,analytics,,,,,
tibco-streambase,7.7.6,true,false,,1549152000000,auto,auto,https://docs.tibco.com/pub/sb-cep/tibco-streambase-7-7-6_documentation.zip,auto,false,tibco,analytics,,,,,
tibco-streambase,7.7.5,true,false,,1539302400000,auto,auto,https://docs.tibco.com/pub/sb-cep/tibco-streambase-7-7-5_documentation.zip,auto,false,tibco,analytics,,,,,
tibco-streambase,7.7.4,true,false,,1527552000000,auto,auto,https://docs.tibco.com/pub/sb-cep/tibco-streambase-7-7-4_documentation.zip,auto,false,tibco,analytics,,,,,
tibco-streambase,7.7.3,true,false,,2018-02-16,auto,auto,https://docs.tibco.com/pub/sb-cep/tibco-streambase-7-7-3_documentation.zip,auto,false,tibco,analytics,,,,,
tibco-streambase,7.7.2,true,false,,2017-12-13,auto,auto,https://docs.tibco.com/pub/sb-cep/tibco-streambase-7-7-2_documentation.zip,auto,false,tibco,analytics,,,,,
tibco-streambase,7.7.1,true,false,,2017-08-16,auto,auto,https://docs.tibco.com/pub/sb-cep/tibco-streambase-7-7-1_documentation.zip,auto,false,tibco,analytics,,,,,
tibco-streambase,7.7.0,true,false,,2017-05-11,auto,auto,https://docs.tibco.com/pub/sb-cep/tibco-streambase-7-7-0_documentation.zip,auto,false,tibco,analytics,,,,,
tibco-streambase,7.6.8,true,false,,2017-06-21,auto,auto,https://docs.tibco.com/pub/sb-cep/tibco-streambase-7-6-8_documentation.zip,auto,false,tibco,analytics,,,,,
tibco-streambase,7.6.7,true,false,,2017-02-14,auto,auto,https://docs.tibco.com/pub/sb-cep/tibco-streambase-7-6-7_documentation.zip,auto,false,tibco,analytics,,,,,
tibco-streambase,7.6.6,true,false,,2016-10-24,auto,auto,https://docs.tibco.com/pub/streambase_cep/tibco-streambase-7-6-6_documentation.zip,auto,false,tibco,analytics,,,,,
tibco-streambase,7.6.5,true,false,,2016-08-11,auto,auto,https://docs.tibco.com/pub/streambase_cep/tibco-streambase-7-6-5_documentation.zip,auto,false,tibco,analytics,,,,,
tibco-streambase,7.6.4,true,false,,2016-06-23,auto,auto,https://docs.tibco.com/pub/streambase_cep/tibco-streambase-7-6-4_documentation.zip,auto,false,tibco,analytics,,,,,
tibco-streambase,7.6.3,true,false,,2016-05-02,auto,auto,https://docs.tibco.com/pub/streambase_cep/tibco-streambase-7-6-3_documentation.zip,auto,false,tibco,analytics,,,,,
tibco-streambase,7.6.2,true,false,,2016-02-16,auto,auto,https://docs.tibco.com/pub/streambase_cep/tibco-streambase-7-6-2_documentation.zip,auto,false,tibco,analytics,,,,,
tibco-streambase,7.6.1,true,false,,2016-01-28,auto,auto,https://docs.tibco.com/pub/streambase_cep/tibco-streambase-7-6-1_documentation.zip,auto,false,tibco,analytics,,,,,
tibco-streambase,7.6.0,true,false,,2015-11-10,auto,auto,https://docs.tibco.com/pub/streambase_cep/tibco-streambase-7-6-0_documentation.zip,auto,false,tibco,analytics,,,,,
tibco-streambase-add-in-for-microsoft-excel,2.7.0,true,false,,2017-11-17,auto,auto,https://docs.tibco.com/pub/sb-addin-exc/tibco-streambase-add-in-for-microsoft-excel-2-7-0_documentation.zip,auto,false,tibco,analytics,,,,,
tibco-streambase-add-in-for-microsoft-excel,2.6.0,true,false,,2016-06-23,auto,auto,https://docs.tibco.com/pub/sb-addin-exc/tibco-streambase-add-in-for-microsoft-excel-2-6-0_documentation.zip,auto,false,tibco,analytics,,,,,
tibco-streambase-add-in-for-microsoft-excel,2.5.1,true,false,,2018-03-06,auto,auto,https://docs.tibco.com/pub/sb-addin-exc/tibco-streambase-add-in-for-microsoft-excel-2-5-1_documentation.zip,auto,false,tibco,analytics,,,,,
tibco-streambase-add-in-for-microsoft-excel,2.4.0,true,false,,2015-04-08,auto,auto,https://docs.tibco.com/pub/sb-addin-exc/tibco-streambase-add-in-for-microsoft-excel-2-4-0_documentation.zip,auto,false,tibco,analytics,,,,,
tibco-streambase-add-in-for-microsoft-excel,2.3.0,true,false,,2014-08-25,auto,auto,https://docs.tibco.com/pub/sb-addin-exc/tibco-streambase-add-in-for-microsoft-excel-2-3-0_documentation.zip,auto,false,tibco,analytics,,,,,
tibco-streambase-cep-connectivity-package,7.7.5,true,false,,2018-10-12,auto,auto,https://docs.tibco.com/pub/sb-cep-conn/tibco-streambase-cep-connectivity-package-7-7-5_documentation.zip,auto,false,tibco,analytics,,,,,
tibco-streambase-cep-connectivity-package,7.7.4,true,false,,1527638400000,auto,auto,https://docs.tibco.com/pub/sb-cep-conn/tibco-streambase-cep-connectivity-package-7-7-4_documentation.zip,auto,false,tibco,analytics,,,,,
tibco-streambase-cep-connectivity-package,7.7.3,true,false,,2018-02-16,auto,auto,https://docs.tibco.com/pub/sb-cep-conn/tibco-streambase-cep-connectivity-package-7-7-3_documentation.zip,auto,false,tibco,analytics,,,,,
tibco-streambase-cep-connectivity-package,7.7.2,true,false,,2017-11-22,auto,auto,https://docs.tibco.com/pub/sb-cep-conn/tibco-streambase-cep-connectivity-package-7-7-2_documentation.zip,auto,false,tibco,analytics,,,,,
tibco-streambase-cep-connectivity-package,7.7.1,true,false,,2017-08-16,auto,auto,https://docs.tibco.com/pub/sb-cep-conn/tibco-streambase-cep-connectivity-package-7-7-1_documentation.zip,auto,false,tibco,analytics,,,,,
tibco-streambase-cep-connectivity-package,7.7.0,true,false,,2017-05-11,auto,auto,https://docs.tibco.com/pub/sb-cep-conn/tibco-streambase-cep-connectivity-package-7-7-0_documentation.zip,auto,false,tibco,analytics,,,,,
tibco-streambase-cep-connectivity-package,7.6.8,true,false,,2017-06-21,auto,auto,https://docs.tibco.com/pub/sb-cep-conn/tibco-streambase-cep-connectivity-package-7-6-8_documentation.zip,auto,false,tibco,analytics,,,,,
tibco-streambase-cep-connectivity-package,7.6.7,true,false,,2017-02-16,auto,auto,https://docs.tibco.com/pub/sb-cep-conn/tibco-streambase-cep-connectivity-package-7-6-7_documentation.zip,auto,false,tibco,analytics,,,,,
tibco-streambase-high-performance-fix-engine,11.2.1,false,true,,2025-10-28,auto,auto,https://docs.tibco.com/pub/sb-hp-fix/11.2.1/doc/zip/tib_sb-hp-fix_11.2.1_doc.zip,auto,false,tibco,analytics,,,,,
tibco-streambase-high-performance-fix-engine,11.2.0,false,true,,2025-06-18,auto,auto,https://docs.tibco.com/pub/sb-hp-fix/11.2.0/doc/zip/tib_sb-hp-fix_11.2.0_doc.zip,auto,false,tibco,analytics,,,,,
tibco-streambase-high-performance-fix-engine,11.1.3,false,true,,2026-03-25,auto,auto,https://docs.tibco.com/pub/sb-hp-fix/11.1.3/doc/zip/tib_sb-hp-fix_11.1.3_doc.zip,auto,false,tibco,analytics,,,,,
tibco-streambase-high-performance-fix-engine,11.1.2,false,true,,2025-11-26,auto,auto,https://docs.tibco.com/pub/sb-hp-fix/11.1.2/doc/zip/tib_sb-hp-fix_11.1.2_doc.zip,auto,false,tibco,analytics,,,,,
tibco-streambase-high-performance-fix-engine,11.1.1,false,true,,2024-10-08,auto,auto,https://docs.tibco.com/pub/sb-hp-fix/11.1.1/doc/zip/tib_sb-hp-fix_11.1.1_doc.zip,auto,false,tibco,analytics,,,,,
tibco-streambase-high-performance-fix-engine,11.1.0,false,true,,2023-11-17,auto,auto,https://docs.tibco.com/pub/sb-hp-fix/11.1.0/doc/zip/tib_sb-hp-fix_11.1.0_doc.zip,auto,false,tibco,analytics,,,,,
tibco-streambase-high-performance-fix-engine,11.0.1,false,true,,2023-02-21,auto,auto,https://docs.tibco.com/pub/sb-hp-fix/11.0.1/doc/zip/tib_sb-hp-fix_11.0.1_doc.zip,auto,false,tibco,analytics,,,,,
tibco-streambase-high-performance-fix-engine,11.0.0,true,false,,2022-05-04,auto,auto,https://docs.tibco.com/pub/sb-hp-fix/tibco-streambase-high-performance-fix-engine-11-0-0_documentation.zip,auto,false,tibco,analytics,,,,,
tibco-streambase-high-performance-fix-engine,10.6.6,false,true,,2024-08-19,auto,auto,https://docs.tibco.com/pub/sb-hp-fix/10.6.6/doc/zip/tib_sb-hp-fix_10.6.6_doc.zip,auto,false,tibco,analytics,,,,,
tibco-streambase-high-performance-fix-engine,10.6.5,false,true,,2024-02-13,auto,auto,https://docs.tibco.com/pub/sb-hp-fix/10.6.5/doc/zip/tib_sb-hp-fix_10.6.5_doc.zip,auto,false,tibco,analytics,,,,,
tibco-streambase-high-performance-fix-engine,10.6.4,false,true,,2023-05-02,auto,auto,https://docs.tibco.com/pub/sb-hp-fix/10.6.4/doc/zip/tib_sb-hp-fix_10.6.4_doc.zip,auto,false,tibco,analytics,,,,,
tibco-streambase-high-performance-fix-engine,10.6.3,true,false,,2022-09-14,auto,auto,https://docs.tibco.com/pub/sb-hp-fix/tibco-streambase-high-performance-fix-engine-10-6-3_documentation.zip,auto,false,tibco,analytics,,,,,
tibco-streambase-high-performance-fix-engine,10.6.2,true,false,,2021-10-07,auto,auto,https://docs.tibco.com/pub/sb-hp-fix/tibco-streambase-high-performance-fix-engine-10-6-2_documentation.zip,auto,false,tibco,analytics,,,,,
tibco-streambase-high-performance-fix-engine,10.6.1,true,false,,2020-08-26,auto,auto,https://docs.tibco.com/pub/sb-hp-fix/tibco-streambase-high-performance-fix-engine-10-6-1_documentation.zip,auto,false,tibco,analytics,,,,,
tibco-streambase-high-performance-fix-engine,10.6.0,true,false,,2020-05-19,auto,auto,https://docs.tibco.com/pub/sb-hp-fix/tibco-streambase-high-performance-fix-engine-10-6-0_documentation.zip,auto,false,tibco,analytics,,,,,
tibco-streambase-high-performance-fix-engine,10.5.0,true,false,,2019-11-18,auto,auto,https://docs.tibco.com/pub/sb-hp-fix/tibco-streambase-high-performance-fix-engine-10-5-0_documentation.zip,auto,false,tibco,analytics,,,,,
tibco-streambase-high-performance-fix-engine,10.4.5,true,false,,2020-01-02,auto,auto,https://docs.tibco.com/pub/sb-hp-fix/tibco-streambase-high-performance-fix-engine-10-4-5_documentation.zip,auto,false,tibco,analytics,,,,,
tibco-streambase-high-performance-fix-engine,10.4.4,true,false,,2019-07-26,auto,auto,https://docs.tibco.com/pub/sb-hp-fix/tibco-streambase-high-performance-fix-engine-10-4-4_documentation.zip,auto,false,tibco,analytics,,,,,
tibco-streambase-high-performance-fix-engine,10.4.3,true,false,,2019-05-01,auto,auto,https://docs.tibco.com/pub/sb-hp-fix/tibco-streambase-high-performance-fix-engine-10-4-3_documentation.zip,auto,false,tibco,analytics,,,,,
tibco-streambase-high-performance-fix-engine,10.4.2,true,false,,2019-02-22,auto,auto,https://docs.tibco.com/pub/sb-hp-fix/tibco-streambase-high-performance-fix-engine-10-4-2_documentation.zip,auto,false,tibco,analytics,,,,,
tibco-streambase-high-performance-fix-engine,10.4.1,true,false,,2019-01-23,auto,auto,https://docs.tibco.com/pub/sb-hp-fix/tibco-streambase-high-performance-fix-engine-10-4-1_documentation.zip,auto,false,tibco,analytics,,,,,
tibco-streambase-high-performance-fix-engine,10.4.0,true,false,,2018-11-07,auto,auto,https://docs.tibco.com/pub/sb-hp-fix/tibco-streambase-high-performance-fix-engine-10-4-0_documentation.zip,auto,false,tibco,analytics,,,,,
tibco-streambase-high-performance-fix-engine,10.3.0,true,false,,1532476800000,auto,auto,https://docs.tibco.com/pub/sb-hp-fix/tibco-streambase-high-performance-fix-engine-10-3-0_documentation.zip,auto,false,tibco,analytics,,,,,
tibco-streambase-high-performance-fix-engine,10.2.1,true,false,,2018-02-09,auto,auto,https://docs.tibco.com/pub/sb-hp-fix/tibco-streambase-high-performance-fix-engine-10-2-1_documentation.zip,auto,false,tibco,analytics,,,,,
tibco-streambase-high-performance-fix-engine,10.2.0,true,false,,2017-11-17,auto,auto,https://docs.tibco.com/pub/sb-hp-fix/tibco-streambase-high-performance-fix-engine-10-2-0_documentation.zip,auto,false,tibco,analytics,,,,,
tibco-streambase-high-performance-fix-engine,7.7.8,true,false,,2019-12-09,auto,auto,https://docs.tibco.com/pub/sb-hp-fix/tibco-streambase-high-performance-fix-engine-7-7-8_documentation.zip,auto,false,tibco,analytics,,,,,
tibco-streambase-high-performance-fix-engine,7.7.7,true,false,,2019-05-01,auto,auto,https://docs.tibco.com/pub/sb-hp-fix/tibco-streambase-high-performance-fix-engine-7-7-7_documentation.zip,auto,false,tibco,analytics,,,,,
tibco-streambase-high-performance-fix-engine,7.7.6,true,false,,2019-02-01,auto,auto,https://docs.tibco.com/pub/sb-hp-fix/tibco-streambase-high-performance-fix-engine-7-7-6_documentation.zip,auto,false,tibco,analytics,,,,,
tibco-streambase-high-performance-fix-engine,7.7.5,true,false,,2018-10-12,auto,auto,https://docs.tibco.com/pub/sb-hp-fix/tibco-streambase-high-performance-fix-engine-7-7-5_documentation.zip,auto,false,tibco,analytics,,,,,
tibco-streambase-high-performance-fix-engine,7.7.4,true,false,,1527638400000,auto,auto,https://docs.tibco.com/pub/sb-hp-fix/tibco-streambase-high-performance-fix-engine-7-7-4_documentation.zip,auto,false,tibco,analytics,,,,,
tibco-streambase-high-performance-fix-engine,7.7.3,true,false,,2018-02-16,auto,auto,https://docs.tibco.com/pub/sb-hp-fix/tibco-streambase-high-performance-fix-engine-7-7-3_documentation.zip,auto,false,tibco,analytics,,,,,
tibco-streambase-high-performance-fix-engine,7.7.2,true,false,,2017-11-22,auto,auto,https://docs.tibco.com/pub/sb-hp-fix/tibco-streambase-high-performance-fix-engine-7-7-2_documentation.zip,auto,false,tibco,analytics,,,,,
tibco-streambase-high-performance-fix-engine,7.7.1,true,false,,2017-08-16,auto,auto,https://docs.tibco.com/pub/sb-hp-fix/tibco-streambase-high-performance-fix-engine-7-7-1_documentation.zip,auto,false,tibco,analytics,,,,,
tibco-streambase-high-performance-fix-engine,7.7.0,true,false,,2017-05-11,auto,auto,https://docs.tibco.com/pub/sb-hp-fix/tibco-streambase-high-performance-fix-engine-7-7-0_documentation.zip,auto,false,tibco,analytics,,,,,
tibco-streambase-high-performance-fix-engine,7.6.8,true,false,,2017-06-21,auto,auto,https://docs.tibco.com/pub/sb-hp-fix/tibco-streambase-high-performance-fix-engine-7-6-8_documentation.zip,auto,false,tibco,analytics,,,,,
tibco-streambase-high-performance-fix-engine,7.6.7,true,false,,2017-02-10,auto,auto,https://docs.tibco.com/pub/sb-hp-fix/tibco-streambase-high-performance-fix-engine-7-6-7_documentation.zip,auto,false,tibco,analytics,,,,,
tibco-streambase-standard-edition,7.7.4,true,false,,1527638400000,auto,auto,https://docs.tibco.com/pub/sb-cep-std/tibco-streambase-standard-edition-7-7-4_documentation.zip,auto,false,tibco,analytics,,,,,
tibco-business-studio-iprocess-add-in,3.5.1,false,true,,2012-03-20,auto,auto,https://docs.tibco.com/pub/business_studio_iprocess_add-in/3.5.1-february-2012/doc/zip/tib_business_studio_iprocess_add-in_3.5.1-february-2012_doc.zip,auto,false,tibco,bpm,,,,,
tibco-cloud-nimbus-essentials,Essentials,false,true,,2018-08-23,auto,auto,https://docs.tibco.com/pub/cloud-nimbus-essentials/Essentials/doc/zip/tib_cloud-nimbus-essentials_Essentials_doc.zip,auto,false,tibco,bpm,,,,,
tibco-cloud-nimbus-professional,Professional,false,true,,2019-07-12,auto,auto,https://docs.tibco.com/pub/cloud-nimbus-professional/Professional/doc/zip/tib_cloud-nimbus-professional_Professional_doc.zip,auto,false,tibco,bpm,,,,,
tibco-iprocess-client-asp,9.2,false,true,,2011-06-28,auto,auto,https://docs.tibco.com/pub/iprocess-client-asp/9.2.0/doc/zip/tib_iprocess-client-asp_9.2.0_doc.zip,auto,false,tibco,bpm,,,,,
tibco-iprocess-client-jsp,9.2,false,true,,2011-06-28,auto,auto,https://docs.tibco.com/pub/iprocess_client_jsp/9.2.0/doc/zip/tib_iprocess_client_jsp_9.2.0_doc.zip,auto,false,tibco,bpm,,,,,
tibco-iprocess-conductor,11.2.1,false,true,,2012-08-01,auto,auto,https://docs.tibco.com/pub/iprocess_conductor/11.2.1-august-2012/doc/zip/tib_iprocess_conductor_11.2.1-august-2012_doc.zip,auto,false,tibco,bpm,,,,,
tibco-iprocess-decisions,5.4.1,false,true,,1430438400000,auto,auto,https://docs.tibco.com/pub/ip-dec-srvr/5.4.1/doc/zip/tib_ip-dec-srvr_5.4.1_doc.zip,auto,false,tibco,bpm,,,,,
tibco-iprocess-decisions,4.3.2,false,true,,2013-09-17,auto,auto,https://docs.tibco.com/pub/iprocess-decisions/4.3.2-september-2013/doc/zip/tib_iprocess-decisions_4.3.2-september-2013_doc.zip,auto,false,tibco,bpm,,,,,
tibco-iprocess-engine,11.10.0,false,true,,1747440000000,auto,auto,https://docs.tibco.com/pub/ipe-oracle/11.10.0/doc/zip/tib_ipe-oracle_11.10.0_doc.zip,auto,false,tibco,bpm,,,,,
tibco-iprocess-engine,11.9.2,false,true,,2025-10-10,auto,auto,https://docs.tibco.com/pub/ipe-db2/11.9.2/doc/zip/tib_ipe-db2_11.9.2_doc.zip,auto,false,tibco,bpm,,,,,
tibco-iprocess-engine,11.9.1,false,true,,2024-03-21,auto,auto,https://docs.tibco.com/pub/ipe-db2/11.9.1/doc/zip/tib_ipe-db2_11.9.1_doc.zip,auto,false,tibco,bpm,,,,,
tibco-iprocess-engine,11.9.0,false,true,,2022-08-16,auto,auto,https://docs.tibco.com/pub/ipe-db2/11.9.0/doc/zip/tib_ipe-db2_11.9.0_doc.zip,auto,false,tibco,bpm,,,,,
tibco-iprocess-engine,11.8.1,false,true,,2022-01-04,auto,auto,https://docs.tibco.com/pub/ipe-oracle/11.8.1/doc/zip/tib_ipe-oracle_11.8.1_doc.zip,auto,false,tibco,bpm,,,,,
tibco-iprocess-engine,11.8.0,true,false,,2020-06-04,auto,auto,https://docs.tibco.com/pub/ipe-db2/tibco-iprocess-engine-11-8-0_documentation.zip,auto,false,tibco,bpm,,,,,
tibco-iprocess-engine,11.7.0,true,false,,2019-04-03,auto,auto,https://docs.tibco.com/pub/ipe-db2/tibco-iprocess-engine-11-7-0_documentation.zip,auto,false,tibco,bpm,,,,,
tibco-iprocess-engine,11.6.1,true,false,,1509321600000,auto,auto,https://docs.tibco.com/pub/ipe-db2/tibco-iprocess-engine-11-6-1_documentation.zip,auto,false,tibco,bpm,,,,,
tibco-iprocess-engine,11.6.0,true,false,,2016-02-23,auto,auto,https://docs.tibco.com/pub/ipe-db2/tibco-iprocess-engine-11-6-0_documentation.zip,auto,false,tibco,bpm,,,,,
tibco-iprocess-engine,11.5.0,true,false,,1431043200000,auto,auto,https://docs.tibco.com/pub/ipe-db2/tibco-iprocess-engine-11-5-0_documentation.zip,auto,false,tibco,bpm,,,,,
tibco-iprocess-engine,11.4.1,true,false,,2014-04-25,auto,auto,https://docs.tibco.com/pub/iprocess-engine/tibco-iprocess-engine-11-4-1_documentation.zip,auto,false,tibco,bpm,,,,,
tibco-iprocess-engine,11.4.0,true,false,,2013-08-09,auto,auto,https://docs.tibco.com/pub/iprocess-engine/tibco-iprocess-engine-11-4-0_documentation.zip,auto,false,tibco,bpm,,,,,
tibco-iprocess-engine,11.3.1,true,false,,2012-07-11,auto,auto,https://docs.tibco.com/pub/iprocess-engine/tibco-iprocess-engine-11-3-1_documentation.zip,auto,false,tibco,bpm,,,,,
tibco-iprocess-engine,11.3.0,true,false,,2011-11-17,auto,auto,https://docs.tibco.com/pub/iprocess-engine/tibco-iprocess-engine-11-3-0_documentation.zip,auto,false,tibco,bpm,,,,,
tibco-iprocess-engine,11.1.0,true,false,,2011-06-28,auto,auto,https://docs.tibco.com/pub/iprocess-engine/tibco-iprocess-engine-11-1-0_documentation.zip,auto,false,tibco,bpm,,,,,
tibco-iprocess-modeler,11.4.0,false,true,,2013-08-23,auto,auto,https://docs.tibco.com/pub/iprocess_modeler/11.4.0-august-2013/doc/zip/tib_iprocess_modeler_11.4.0-august-2013_doc.zip,auto,false,tibco,bpm,,,,,
tibco-iprocess-modeler,11.3.1,false,true,,2012-07-11,auto,auto,https://docs.tibco.com/pub/iprocess_modeler/11.3.1-july-2012/doc/zip/tib_iprocess_modeler_11.3.1-july-2012_doc.zip,auto,false,tibco,bpm,,,,,
tibco-iprocess-modeler,11.3,false,true,,2011-11-17,auto,auto,https://docs.tibco.com/pub/iprocess_modeler/11.3.0-november-2011/doc/zip/tib_iprocess_modeler_11.3.0-november-2011_doc.zip,auto,false,tibco,bpm,,,,,
tibco-iprocess-modeler,11.1,false,true,,2011-06-29,auto,auto,https://docs.tibco.com/pub/iprocess_modeler/11.1.0-september-2009/doc/zip/tib_iprocess_modeler_11.1.0-september-2009_doc.zip,auto,false,tibco,bpm,,,,,
tibco-iprocess-objects,10.x,false,true,,2011-06-29,auto,auto,https://docs.tibco.com/pub/iprocess_objects/11.1.0-september-2009/doc/zip/tib_iprocess_objects_11.1.0-september-2009_doc.zip,auto,false,tibco,bpm,,,,,
tibco-iprocess-server-objects-java,11.10.0,false,true,,2025-05-17,auto,auto,https://docs.tibco.com/pub/ip-srvrobj-java/11.10.0/doc/zip/tib_ip-srvrobj-java_11.10.0_doc.zip,auto,false,tibco,bpm,,,,,
tibco-iprocess-server-objects-java,11.9.0,false,true,,2022-08-22,auto,auto,https://docs.tibco.com/pub/ip-srvrobj-java/11.9.0/doc/zip/tib_ip-srvrobj-java_11.9.0_doc.zip,auto,false,tibco,bpm,,,,,
tibco-iprocess-server-objects-java,11.4.1,false,true,,2014-04-30,auto,auto,https://docs.tibco.com/pub/iprocess-server-objects-java/11.4.1/doc/zip/tib_iprocess-server-objects-java_11.4.1_doc.zip,auto,false,tibco,bpm,,,,,
tibco-iprocess-server-objects-java,11.4.0,false,true,,2012-05-02,auto,auto,https://docs.tibco.com/pub/iprocess-server-objects-java/11.4.0-may-2012/doc/zip/tib_iprocess-server-objects-java_11.4.0-may-2012_doc.zip,auto,false,tibco,bpm,,,,,
tibco-iprocess-server-objects-java,11.3.0,true,false,,2011-06-29,auto,auto,https://docs.tibco.com/pub/iprocess-server-objects-java/tibco-iprocess-server-objects-java-11-3-0_documentation.zip,auto,false,tibco,bpm,,,,,
tibco-iprocess-server-objects-net,11.10.0,false,true,,2025-05-17,auto,auto,https://docs.tibco.com/pub/ip-srvrobj-dotnet/11.10.0/doc/zip/tib_ip-srvrobj-dotnet_11.10.0_doc.zip,auto,false,tibco,bpm,,,,,
tibco-iprocess-server-objects-net,11.9.0,false,true,,2022-08-16,auto,auto,https://docs.tibco.com/pub/ip-srvrobj-dotnet/11.9.0/doc/zip/tib_ip-srvrobj-dotnet_11.9.0_doc.zip,auto,false,tibco,bpm,,,,,
tibco-iprocess-server-objects-net,11.4.1,false,true,,2014-04-30,auto,auto,https://docs.tibco.com/pub/iprocess-server-objects-net/11.4.1/doc/zip/tib_iprocess-server-objects-net_11.4.1_doc.zip,auto,false,tibco,bpm,,,,,
tibco-iprocess-server-objects-net,11.4.0,false,true,,2012-05-02,auto,auto,https://docs.tibco.com/pub/iprocess-server-objects-net/11.4.0-may-2012/doc/zip/tib_iprocess-server-objects-net_11.4.0-may-2012_doc.zip,auto,false,tibco,bpm,,,,,
tibco-iprocess-server-objects-net,11.3.0,true,false,,2011-06-29,auto,auto,https://docs.tibco.com/pub/iprocess-server-objects-net/tibco-iprocess-server-objects-net-11-3-0_documentation.zip,auto,false,tibco,bpm,,,,,
tibco-iprocess-suite,1.0.0,false,true,,1718150400000,auto,auto,https://docs.tibco.com/pub/iprocess/1.0.0/doc/zip/tib_iprocess_1.0.0_doc.zip,auto,false,tibco,bpm,,,,,
tibco-iprocess-technology-plug-ins,11.10.0,false,true,,1747267200000,auto,auto,https://docs.tibco.com/pub/ip-tech-pi/11.10.0/doc/zip/tib_ip-tech-pi_11.10.0_doc.zip,auto,false,tibco,bpm,,,,,
tibco-iprocess-technology-plug-ins,11.9.2,false,true,,2025-10-09,auto,auto,https://docs.tibco.com/pub/ip-tech-pi/11.9.2/doc/zip/tib_ip-tech-pi_11.9.2_doc.zip,auto,false,tibco,bpm,,,,,
tibco-iprocess-technology-plug-ins,11.9.0,false,true,,2022-08-16,auto,auto,https://docs.tibco.com/pub/ip-tech-pi/11.9.0/doc/zip/tib_ip-tech-pi_11.9.0_doc.zip,auto,false,tibco,bpm,,,,,
tibco-iprocess-technology-plug-ins,11.8.1,false,true,,1641254400000,auto,auto,https://docs.tibco.com/pub/ip-tech-pi/11.8.1/doc/zip/tib_ip-tech-pi_11.8.1_doc.zip,auto,false,tibco,bpm,,,,,
tibco-iprocess-technology-plug-ins,11.8.0,false,true,,2020-05-12,auto,auto,https://docs.tibco.com/pub/ip-tech-pi/11.8.0/doc/zip/tib_ip-tech-pi_11.8.0_doc.zip,auto,false,tibco,bpm,,,,,
tibco-iprocess-technology-plug-ins,11.7.0,true,false,,2019-04-02,auto,auto,https://docs.tibco.com/pub/ip-tech-pi/tibco-iprocess-technology-plug-ins-11-7-0_documentation.zip,auto,false,tibco,bpm,,,,,
tibco-iprocess-technology-plug-ins,11.6.2,true,false,,2018-04-13,auto,auto,https://docs.tibco.com/pub/ip-tech-pi/tibco-iprocess-technology-plug-ins-11-6-2_documentation.zip,auto,false,tibco,bpm,,,,,
tibco-iprocess-technology-plug-ins,11.6.1,true,false,,2017-10-31,auto,auto,https://docs.tibco.com/pub/ip-tech-pi/tibco-iprocess-technology-plug-ins-11-6-1_documentation.zip,auto,false,tibco,bpm,,,,,
tibco-iprocess-technology-plug-ins,11.6.0,true,false,,2016-02-19,auto,auto,https://docs.tibco.com/pub/ip-tech-pi/tibco-iprocess-technology-plug-ins-11-6-0_documentation.zip,auto,false,tibco,bpm,,,,,
tibco-iprocess-technology-plug-ins,11.5.0,true,false,,2015-05-11,auto,auto,https://docs.tibco.com/pub/ip-tech-pi/tibco-iprocess-technology-plug-ins-11-5-0_documentation.zip,auto,false,tibco,bpm,,,,,
tibco-iprocess-technology-plug-ins,11.4.1,true,false,,2014-05-08,auto,auto,https://docs.tibco.com/pub/iprocess-technology-plugins/tibco-iprocess-technology-plug-ins-11-4-1_documentation.zip,auto,false,tibco,bpm,,,,,
tibco-iprocess-technology-plug-ins,11.4.0,true,false,,2013-08-09,auto,auto,https://docs.tibco.com/pub/iprocess-technology-plugins/tibco-iprocess-technology-plug-ins-11-4-0_documentation.zip,auto,false,tibco,bpm,,,,,
tibco-iprocess-technology-plug-ins,11.3.1,true,false,,2012-10-11,auto,auto,https://docs.tibco.com/pub/iprocess-technology-plugins/tibco-iprocess-technology-plug-ins-11-3-1_documentation.zip,auto,false,tibco,bpm,,,,,
tibco-iprocess-technology-plug-ins,11.3.0,true,false,,2012-01-10,auto,auto,https://docs.tibco.com/pub/iprocess-technology-plugins/tibco-iprocess-technology-plug-ins-11-3-0_documentation.zip,auto,false,tibco,bpm,,,,,
tibco-iprocess-web-services-client-plug-in,11.9.0,false,true,,2022-08-16,auto,auto,https://docs.tibco.com/pub/ip-websvcs-clnt-pi/11.9.0/doc/zip/tib_ip-websvcs-clnt-pi_11.9.0_doc.zip,auto,false,tibco,bpm,,,,,
tibco-iprocess-web-services-client-plug-in,11.8.1,false,true,,2022-01-04,auto,auto,https://docs.tibco.com/pub/ip-websvcs-clnt-pi/11.8.1/doc/zip/tib_ip-websvcs-clnt-pi_11.8.1_doc.zip,auto,false,tibco,bpm,,,,,
tibco-iprocess-web-services-client-plug-in,11.8.0,false,true,,2021-06-01,auto,auto,https://docs.tibco.com/pub/ip-websvcs-clnt-pi/11.8.0/doc/zip/tib_ip-websvcs-clnt-pi_11.8.0_doc.zip,auto,false,tibco,bpm,,,,,
tibco-iprocess-web-services-client-plug-in,10.6.0,true,false,,2011-06-30,auto,auto,https://docs.tibco.com/pub/iprocess-web-services-client-plugin/tibco-iprocess-web-services-client-plug-in-10-6-0_documentation.zip,auto,false,tibco,bpm,,,,,
tibco-iprocess-web-services-server-plug-in,11.9.0,false,true,,2022-08-16,auto,auto,https://docs.tibco.com/pub/ip-websvcs-srvr-pi/11.9.0/doc/zip/tib_ip-websvcs-srvr-pi_11.9.0_doc.zip,auto,false,tibco,bpm,,,,,
tibco-iprocess-web-services-server-plug-in,11.8.1,false,true,,2022-01-04,auto,auto,https://docs.tibco.com/pub/ip-websvcs-srvr-pi/11.8.1/doc/zip/tib_ip-websvcs-srvr-pi_11.8.1_doc.zip,auto,false,tibco,bpm,,,,,
tibco-iprocess-web-services-server-plug-in,11.8.0,false,true,,2021-06-01,auto,auto,https://docs.tibco.com/pub/ip-websvcs-srvr-pi/11.8.0/doc/zip/tib_ip-websvcs-srvr-pi_11.8.0_doc.zip,auto,false,tibco,bpm,,,,,
tibco-iprocess-web-services-server-plug-in,11.3,false,true,,2011-11-16,auto,auto,https://docs.tibco.com/pub/iprocess-web-services-server-plugin/11.3.0-november-2011/doc/zip/tib_iprocess-web-services-server-plugin_11.3.0-november-2011_doc.zip,auto,false,tibco,bpm,,,,,
tibco-iprocess-web-services-server-plug-in,10.6.1,true,false,,2011-06-30,auto,auto,https://docs.tibco.com/pub/iprocess-web-services-server-plugin/tibco-iprocess-web-services-server-plug-in-10-6-1_documentation.zip,auto,false,tibco,bpm,,,,,
tibco-iprocess-workspace-browser,11.10.0,false,true,,2025-05-16,auto,auto,https://docs.tibco.com/pub/ip-wksp-brwsr/11.10.0/doc/zip/tib_ip-wksp-brwsr_11.10.0_doc.zip,auto,false,tibco,bpm,,,,,
tibco-iprocess-workspace-browser,11.9.0,true,false,,2022-08-19,auto,auto,https://docs.tibco.com/pub/ip-wksp-brwsr/tibco-iprocess-workspace-browser-11-9-0_documentation.zip,auto,false,tibco,bpm,,,,,
tibco-iprocess-workspace-browser,11.8.1,true,false,,2022-01-05,auto,auto,https://docs.tibco.com/pub/ip-wksp-brwsr/tibco-iprocess-workspace-browser-11-8-1_documentation.zip,auto,false,tibco,bpm,,,,,
tibco-iprocess-workspace-browser,11.8.0,true,false,,2020-11-03,auto,auto,https://docs.tibco.com/pub/ip-wksp-brwsr/11.8.0/tibco-iprocess-workspace-browser-11-8-0_documentation.zip,auto,false,tibco,bpm,,,,,
tibco-iprocess-workspace-browser,11.6.0,true,false,,1525824000000,auto,auto,https://docs.tibco.com/pub/ip-wksp-brwsr/tibco-iprocess-workspace-browser-11-6-0_documentation.zip,auto,false,tibco,bpm,,,,,
tibco-iprocess-workspace-browser,11.4.1,true,false,,2014-04-30,auto,auto,https://docs.tibco.com/pub/iprocess_workspace_browser/tibco-iprocess-workspace-browser-11-4-1_documentation.zip,auto,false,tibco,bpm,,,,,
tibco-iprocess-workspace-browser,11.4.0,true,false,,2012-05-02,auto,auto,https://docs.tibco.com/pub/iprocess_workspace_browser/tibco-iprocess-workspace-browser-11-4-0_documentation.zip,auto,false,tibco,bpm,,,,,
tibco-iprocess-workspace-browser,11.3.1,true,false,,2011-06-28,auto,auto,https://docs.tibco.com/pub/iprocess_workspace_browser/tibco-iprocess-workspace-browser-11-3-1_documentation.zip,auto,false,tibco,bpm,,,,,
tibco-iprocess-workspace-lite,1.2,false,true,,2011-06-28,auto,auto,https://docs.tibco.com/pub/iprocess-workspace-lite/1.2.0_oct_2010/doc/zip/tib_iprocess-workspace-lite_1.2.0_oct_2010_doc.zip,auto,false,tibco,bpm,,,,,
tibco-iprocess-workspace-plug-ins,11.10.0,false,true,,2025-05-16,auto,auto,https://docs.tibco.com/pub/ip-wksp-pi/11.10.0/doc/zip/tib_ip-wksp-pi_11.10.0_doc.zip,auto,false,tibco,bpm,,,,,
tibco-iprocess-workspace-plug-ins,11.9.0,false,true,,2022-08-16,auto,auto,https://docs.tibco.com/pub/ip-wksp-pi/11.9.0/doc/zip/tib_ip-wksp-pi_11.9.0_doc.zip,auto,false,tibco,bpm,,,,,
tibco-iprocess-workspace-plug-ins,11.8.1,false,true,,2022-01-04,auto,auto,https://docs.tibco.com/pub/ip-wksp-pi/11.8.1/doc/zip/tib_ip-wksp-pi_11.8.1_doc.zip,auto,false,tibco,bpm,,,,,
tibco-iprocess-workspace-plug-ins,11.8.0,false,true,,2020-05-22,auto,auto,https://docs.tibco.com/pub/ip-wksp-pi/11.8.0/doc/zip/tib_ip-wksp-pi_11.8.0_doc.zip,auto,false,tibco,bpm,,,,,
tibco-iprocess-workspace-plug-ins,11.7.0,true,false,,2019-04-02,auto,auto,https://docs.tibco.com/pub/ip-wksp-pi/tibco-iprocess-workspace-plug-ins-11-7-0_documentation.zip,auto,false,tibco,bpm,,,,,
tibco-iprocess-workspace-plug-ins,11.6.2,true,false,,2018-04-13,auto,auto,https://docs.tibco.com/pub/ip-wksp-pi/tibco-iprocess-workspace-plug-ins-11-6-2_documentation.zip,auto,false,tibco,bpm,,,,,
tibco-iprocess-workspace-plug-ins,11.6.1,true,false,,2017-10-31,auto,auto,https://docs.tibco.com/pub/ip-wksp-pi/tibco-iprocess-workspace-plug-ins-11-6-1_documentation.zip,auto,false,tibco,bpm,,,,,
tibco-iprocess-workspace-plug-ins,11.6.0,true,false,,2016-02-23,auto,auto,https://docs.tibco.com/pub/ip-wksp-pi/tibco-iprocess-workspace-plug-ins-11-6-0_documentation.zip,auto,false,tibco,bpm,,,,,
tibco-iprocess-workspace-plug-ins,11.5.0,true,false,,2015-05-08,auto,auto,https://docs.tibco.com/pub/ip-wksp-pi/tibco-iprocess-workspace-plug-ins-11-5-0_documentation.zip,auto,false,tibco,bpm,,,,,
tibco-iprocess-workspace-plug-ins,11.4.1,true,false,,2014-05-08,auto,auto,https://docs.tibco.com/pub/iprocess-workspace-plugins/tibco-iprocess-workspace-plug-ins-11-4-1_documentation.zip,auto,false,tibco,bpm,,,,,
tibco-iprocess-workspace-plug-ins,11.4.0,true,false,,2013-08-09,auto,auto,https://docs.tibco.com/pub/iprocess-workspace-plugins/tibco-iprocess-workspace-plug-ins-11-4-0_documentation.zip,auto,false,tibco,bpm,,,,,
tibco-iprocess-workspace-plug-ins,11.3.1,true,false,,2012-10-11,auto,auto,https://docs.tibco.com/pub/iprocess-workspace-plugins/tibco-iprocess-workspace-plug-ins-11-3-1_documentation.zip,auto,false,tibco,bpm,,,,,
tibco-iprocess-workspace-plug-ins,11.3.0,true,false,,2012-01-10,auto,auto,https://docs.tibco.com/pub/iprocess-workspace-plugins/tibco-iprocess-workspace-plug-ins-11-3-0_documentation.zip,auto,false,tibco,bpm,,,,,
tibco-iprocess-workspace-plug-ins,11.2.0,true,false,,2011-11-22,auto,auto,https://docs.tibco.com/pub/iprocess-workspace-plugins/tibco-iprocess-workspace-plug-ins-11-2-0_documentation.zip,auto,false,tibco,bpm,,,,,
tibco-iprocess-workspace-windows,11.10.0,false,true,,1747353600000,auto,auto,https://docs.tibco.com/pub/ip-wksp-win/11.10.0/doc/zip/tib_ip-wksp-win_11.10.0_doc.zip,auto,false,tibco,bpm,,,,,
tibco-iprocess-workspace-windows,11.9.2,false,true,,2025-10-09,auto,auto,https://docs.tibco.com/pub/ip-wksp-win/11.9.2/doc/zip/tib_ip-wksp-win_11.9.2_doc.zip,auto,false,tibco,bpm,,,,,
tibco-iprocess-workspace-windows,11.9.0,true,false,,2022-08-16,auto,auto,https://docs.tibco.com/pub/ip-wksp-win/tibco-iprocess-workspace-windows-11-9-0_documentation.zip,auto,false,tibco,bpm,,,,,
tibco-iprocess-workspace-windows,11.8.0,true,false,,2020-06-04,auto,auto,https://docs.tibco.com/pub/ip-wksp-win/tibco-iprocess-workspace-windows-11-8-0_documentation.zip,auto,false,tibco,bpm,,,,,
tibco-iprocess-workspace-windows,11.7.0,true,false,,2019-04-04,auto,auto,https://docs.tibco.com/pub/ip-wksp-win/tibco-iprocess-workspace-windows-11-7-0_documentation.zip,auto,false,tibco,bpm,,,,,
tibco-iprocess-workspace-windows,11.6.1,true,false,,2017-10-31,auto,auto,https://docs.tibco.com/pub/ip-wksp-win/tibco-iprocess-workspace-windows-11-6-1_documentation.zip,auto,false,tibco,bpm,,,,,
tibco-iprocess-workspace-windows,11.6.0,true,false,,2016-02-22,auto,auto,https://docs.tibco.com/pub/ip-wksp-win/tibco-iprocess-workspace-windows-11-6-0_documentation.zip,auto,false,tibco,bpm,,,,,
tibco-iprocess-workspace-windows,11.5.0,true,false,,2015-05-05,auto,auto,https://docs.tibco.com/pub/ip-wksp-win/tibco-iprocess-workspace-windows-11-5-0_documentation.zip,auto,false,tibco,bpm,,,,,
tibco-iprocess-workspace-windows,11.4.2,true,false,,2014-05-08,auto,auto,https://docs.tibco.com/pub/iprocess_workspace_windows/tibco-iprocess-workspace-windows-11-4-2_documentation.zip,auto,false,tibco,bpm,,,,,
tibco-iprocess-workspace-windows,11.4.1,true,false,,2013-10-07,auto,auto,https://docs.tibco.com/pub/iprocess_workspace_windows/tibco-iprocess-workspace-windows-11-4-1_documentation.zip,auto,false,tibco,bpm,,,,,
tibco-iprocess-workspace-windows,11.4.0,true,false,,2013-08-09,auto,auto,https://docs.tibco.com/pub/iprocess_workspace_windows/tibco-iprocess-workspace-windows-11-4-0_documentation.zip,auto,false,tibco,bpm,,,,,
tibco-iprocess-workspace-windows,11.3.1,true,false,,2012-07-20,auto,auto,https://docs.tibco.com/pub/iprocess_workspace_windows/tibco-iprocess-workspace-windows-11-3-1_documentation.zip,auto,false,tibco,bpm,,,,,
tibco-iprocess-workspace-windows,11.3.0,true,false,,2011-11-22,auto,auto,https://docs.tibco.com/pub/iprocess_workspace_windows/tibco-iprocess-workspace-windows-11-3-0_documentation.zip,auto,false,tibco,bpm,,,,,
tibco-iprocess-workspace-windows,11.1.3,true,false,,2011-06-28,auto,auto,https://docs.tibco.com/pub/iprocess_workspace_windows/tibco-iprocess-workspace-windows-11-1-3_documentation.zip,auto,false,tibco,bpm,,,,,
tibco-nimbus,10.6.1,false,true,,1694476800000,auto,auto,https://docs.tibco.com/pub/nimbus/10.6.1/doc/zip/tib_nimbus_10.6.1_doc.zip,auto,false,tibco,bpm,,,,,
tibco-nimbus,10.6.0,false,true,,1668729600000,auto,auto,https://docs.tibco.com/pub/nimbus/10.6.0/doc/zip/tib_nimbus_10.6.0_doc.zip,auto,false,tibco,bpm,,,,,
tibco-nimbus,10.5.1,false,true,,1668729600000,auto,auto,https://docs.tibco.com/pub/nimbus/10.5.1/doc/zip/tib_nimbus_10.5.1_doc.zip,auto,false,tibco,bpm,,,,,
tibco-nimbus,10.5.0,false,true,,1637020800000,auto,auto,https://docs.tibco.com/pub/nimbus/10.5.0/doc/zip/tib_nimbus_10.5.0_doc.zip,auto,false,tibco,bpm,,,,,
tibco-nimbus,10.4.1,true,false,,2021-10-12,auto,auto,https://docs.tibco.com/pub/nimbus/tibco-nimbus-10-4-1_documentation.zip,auto,false,tibco,bpm,,,,,
tibco-nimbus,10.4.0,true,false,,2020-10-23,auto,auto,https://docs.tibco.com/pub/nimbus/tibco-nimbus-10-4-0_documentation.zip,auto,false,tibco,bpm,,,,,
tibco-nimbus,10.3.0,true,false,,1558396800000,auto,auto,https://docs.tibco.com/pub/nimbus/tibco-nimbus-10-3-0_documentation.zip,auto,false,tibco,bpm,,,,,
tibco-nimbus,10.2.2,true,false,,1552521600000,auto,auto,https://docs.tibco.com/pub/nimbus/tibco-nimbus-10-2-2_documentation.zip,auto,false,tibco,bpm,,,,,
tibco-nimbus,10.2.0,true,false,,1510704000000,auto,auto,https://docs.tibco.com/pub/nimbus/tibco-nimbus-10-2-0_documentation.zip,auto,false,tibco,bpm,,,,,
tibco-nimbus,10.1.0,true,false,,1500940800000,auto,auto,https://docs.tibco.com/pub/nimbus/tibco-nimbus-10-1-0_documentation.zip,auto,false,tibco,bpm,,,,,
tibco-nimbus,10.0.0,false,true,,2016-11-16,auto,auto,https://docs.tibco.com/pub/nimbus/10.0.0/doc/zip/tib_nimbus_10.0.0_doc.zip,auto,false,tibco,bpm,,,,,
tibco-nimbus,9.5.2,true,false,,2017-06-15,auto,auto,https://docs.tibco.com/pub/nimbus/tibco-nimbus-9-5-2_documentation.zip,auto,false,tibco,bpm,,,,,
tibco-nimbus,9.4.1,true,false,,2014-10-09,auto,auto,https://docs.tibco.com/pub/nimbus-control/tibco-nimbus-9-4-1_documentation.zip,auto,false,tibco,bpm,,,,,
tibco-nimbus,9.4.0,true,false,,2014-08-27,auto,auto,https://docs.tibco.com/pub/nimbus-control/tibco-nimbus-9-4-0_documentation.zip,auto,false,tibco,bpm,,,,,
tibco-nimbus,9.3.2,true,false,,2014-12-17,auto,auto,https://docs.tibco.com/pub/nimbus-control/tibco-nimbus-9-3-2_documentation.zip,auto,false,tibco,bpm,,,,,
tibco-nimbus,9.3.1,true,false,,2014-07-24,auto,auto,https://docs.tibco.com/pub/nimbus-control/tibco-nimbus-9-3-1_documentation.zip,auto,false,tibco,bpm,,,,,
tibco-nimbus,9.3.0,true,false,,2014-05-20,auto,auto,https://docs.tibco.com/pub/nimbus-control/tibco-nimbus-9-3-0_documentation.zip,auto,false,tibco,bpm,,,,,
tibco-nimbus,9.2.2,true,false,,2014-05-06,auto,auto,https://docs.tibco.com/pub/nimbus-control/tibco-nimbus-9-2-2_documentation.zip,auto,false,tibco,bpm,,,,,
tibco-nimbus,9.2.1,true,false,,2014-01-15,auto,auto,https://docs.tibco.com/pub/nimbus-control/tibco-nimbus-9-2-1_documentation.zip,auto,false,tibco,bpm,,,,,
tibco-nimbus,9.2.0,false,true,,2013-11-05,auto,auto,https://docs.tibco.com/pub/nimbus-control/9.2.0_november_2013/doc/zip/tib_nimbus-control_9.2.0_november_2013_doc.zip,auto,false,tibco,bpm,,,,,
tibco-nimbus,9.1.2,false,true,,2013-07-19,auto,auto,https://docs.tibco.com/pub/nimbus-control/9.1.2_july_2013/doc/zip/tib_nimbus-control_9.1.2_july_2013_doc.zip,auto,false,tibco,bpm,,,,,
tibco-nimbus,9.1.1,false,true,,2013-06-25,auto,auto,https://docs.tibco.com/pub/nimbus-control/9.1.1_June_2013/doc/zip/tib_nimbus-control_9.1.1_June_2013_doc.zip,auto,false,tibco,bpm,,,,,
tibco-nimbus,9.1.0,false,true,,2013-05-22,auto,auto,https://docs.tibco.com/pub/nimbus-control/9.1.0_may_2013/doc/zip/tib_nimbus-control_9.1.0_may_2013_doc.zip,auto,false,tibco,bpm,,,,,
tibco-nimbus,9.0.1,false,true,,2013-01-11,auto,auto,https://docs.tibco.com/pub/nimbus-control/9.0.1_january_2013/doc/zip/tib_nimbus-control_9.0.1_january_2013_doc.zip,auto,false,tibco,bpm,,,,,
tibco-nimbus,8.1.5,false,true,,2012-06-21,auto,auto,https://docs.tibco.com/pub/nimbus-control/8.1.5-may-2012/doc/zip/tib_nimbus-control_8.1.5-may-2012_doc.zip,auto,false,tibco,bpm,,,,,
tibco-nimbus,8.1.4,false,true,,2012-01-18,auto,auto,https://docs.tibco.com/pub/nimbus-control/8.1.4-january-2012/doc/zip/tib_nimbus-control_8.1.4-january-2012_doc.zip,auto,false,tibco,bpm,,,,,
tibco-nimbus,8.1.3,false,true,,2011-11-03,auto,auto,https://docs.tibco.com/pub/nimbus-control/8.1.3-november-2011/doc/zip/tib_nimbus-control_8.1.3-november-2011_doc.zip,auto,false,tibco,bpm,,,,,
tibco-nimbus,8.1.2,false,true,,2012-12-17,auto,auto,https://docs.tibco.com/pub/nimbus-control/8.1.2-2011/doc/zip/tib_nimbus-control_8.1.2-2011_doc.zip,auto,false,tibco,bpm,,,,,
tibco-nimbus-iphone-edition,2.5.1,false,true,,2014-07-11,auto,auto,https://docs.tibco.com/pub/nimbus-control-iphone/2.5.1/doc/zip/tib_nimbus-control-iphone_2.5.1_doc.zip,auto,false,tibco,bpm,,,,,
tibco-nimbus-iphone-edition,2.3.0,false,true,,2012-08-07,auto,auto,https://docs.tibco.com/pub/nimbus-control-iphone/2.3.0-february-2012/doc/zip/tib_nimbus-control-iphone_2.3.0-february-2012_doc.zip,auto,false,tibco,bpm,,,,,
tibco-nimbus-iphone-edition,2.2.0,false,true,,2011-11-30,auto,auto,https://docs.tibco.com/pub/nimbus-control-iphone/2.2.0-november-2011/doc/zip/tib_nimbus-control-iphone_2.2.0-november-2011_doc.zip,auto,false,tibco,bpm,,,,,
tibco-nimbus-maps,1.5.0,false,true,,2017-11-15,auto,auto,https://docs.tibco.com/pub/nimbus-maps/1.5.0/doc/zip/tib_nimbus-maps_1.5.0_doc.zip,auto,false,tibco,bpm,,,,,
tibco-nimbus-maps,1.4.0,false,true,,2017-07-25,auto,auto,https://docs.tibco.com/pub/nimbus-maps/1.4.0/doc/zip/tib_nimbus-maps_1.4.0_doc.zip,auto,false,tibco,bpm,,,,,
tibco-nimbus-player-desktop-edition,2.0.0,true,false,,2012-11-08,auto,auto,https://docs.tibco.com/pub/nimbus-control-player-desktop-edition/tibco-nimbus-control-player-desktop-edition-2-0-0_documentation.zip,auto,false,tibco,bpm,,,,,
tibco-nimbus-player-desktop-edition,1.1.0,true,false,,2011-11-03,auto,auto,https://docs.tibco.com/pub/nimbus-control-player-desktop-edition/tibco-nimbus-control-player-desktop-edition-1-1-0_documentation.zip,auto,false,tibco,bpm,,,,,
tibco-nimbus-storyboard-player,3.0.0,false,true,,2017-11-30,auto,auto,https://docs.tibco.com/pub/nimbus-iphone/3.0.0/doc/zip/tib_nimbus-iphone_3.0.0_doc.zip,auto,false,tibco,bpm,,,,,
ibi-mdm-add-on-for-global-data-synchronization,4.0.0,false,true,,2023-01-10,auto,auto,https://docs.tibco.com/pub/cim-gdsn/4.0.0/doc/zip/tib_cim-gdsn_4.0.0_doc.zip,auto,false,tibco,data_management,,,,,
ibi-mdm-add-on-for-global-data-synchronization,3.0.3,true,false,,1604361600000,auto,auto,https://docs.tibco.com/pub/cim-gdsn/tibco-mdm-add-on-for-global-data-synchronization-3-0-3_documentation.zip,auto,false,tibco,data_management,,,,,
ibi-mdm-add-on-for-global-data-synchronization,3.0.2,true,false,,2018-03-27,auto,auto,https://docs.tibco.com/pub/cim-gdsn/tibco-mdm-add-on-for-global-data-synchronization-3-0-2_documentation.zip,auto,false,tibco,data_management,,,,,
ibi-mdm-add-on-for-global-data-synchronization,3.0.1,true,false,,2016-08-09,auto,auto,https://docs.tibco.com/pub/cim-gdsn/tibco-mdm-add-on-for-global-data-synchronization-3-0-1_documentation.zip,auto,false,tibco,data_management,,,,,
ibi-mdm-add-on-for-global-data-synchronization,3.0.0,true,false,,2016-04-29,auto,auto,https://docs.tibco.com/pub/cim-gdsn/tibco-mdm-add-on-for-global-data-synchronization-3-0-0_documentation.zip,auto,false,tibco,data_management,,,,,
ibi-mdm-add-on-for-global-data-synchronization,1.2.1,true,false,,2021-12-17,auto,auto,https://docs.tibco.com/pub/mdm-gdsn/tibco-mdm-add-on-for-global-data-synchronization-1-2-1_documentation.zip,auto,false,tibco,data_management,,,,,
ibi-mdm-add-on-for-global-data-synchronization,1.2.0,true,false,,2011-08-01,auto,auto,https://docs.tibco.com/pub/collaborative_information_manager_addon_for_global_data_synchronization/tibco-collaborative-information-manager-add-on-for-global-data-synchronization-1-2-0_documentation.zip,auto,false,tibco,data_management,,,,,
ibi-mdm-add-on-for-global-data-synchronization,1.1.1,false,true,,2011-06-21,auto,auto,https://docs.tibco.com/pub/collaborative_information_manager_addon_for_global_data_synchronization/1.1.1_august_2010/doc/zip/tib_collaborative_information_manager_addon_for_global_data_synchronization_1.1.1_august_2010_doc.zip,auto,false,tibco,data_management,,,,,
tibco-businessconnect-container-edition-ebxml-protocol,1.3.0,false,true,,2026-02-02,auto,auto,https://docs.tibco.com/pub/bcce-ebxml/1.3.0/doc/zip/tib_bcce-ebxml_1.3.0_doc.zip,auto,false,tibco,data_management,,,,,
tibco-businessconnect-container-edition-ebxml-protocol,1.2.1,false,true,,2025-09-29,auto,auto,https://docs.tibco.com/pub/bcce-ebxml/1.2.1/doc/zip/tib_bcce-ebxml_1.2.1_doc.zip,auto,false,tibco,data_management,,,,,
tibco-businessconnect-container-edition-ebxml-protocol,1.2.0,false,true,,2025-04-24,auto,auto,https://docs.tibco.com/pub/bcce-ebxml/1.2.0/doc/zip/tib_bcce-ebxml_1.2.0_doc.zip,auto,false,tibco,data_management,,,,,
tibco-businessconnect-container-edition-ebxml-protocol,1.1.0,false,true,,2024-10-08,auto,auto,https://docs.tibco.com/pub/bcce-ebxml/1.1.0/doc/zip/tib_bcce-ebxml_1.1.0_doc.zip,auto,false,tibco,data_management,,,,,
tibco-businessconnect-container-edition-ebxml-protocol,1.0.0,false,true,,2023-08-04,auto,auto,https://docs.tibco.com/pub/bcce-ebxml/1.0.0/doc/zip/tib_bcce-ebxml_1.0.0_doc.zip,auto,false,tibco,data_management,,,,,
tibco-businessconnect-ebxml-protocol,6.4.0,false,true,,1754524800000,auto,auto,https://docs.tibco.com/pub/bcebxml/6.4.0/doc/zip/tib_bcebxml_6.4.0_doc.zip,auto,false,tibco,data_management,,,,,
tibco-businessconnect-ebxml-protocol,6.3.0,true,false,,2019-11-05,auto,auto,https://docs.tibco.com/pub/bcebxml/tibco-businessconnect-ebxml-protocol-6-3-0_documentation.zip,auto,false,tibco,data_management,,,,,
tibco-businessconnect-ebxml-protocol,6.2.0,true,false,,2019-05-17,auto,auto,https://docs.tibco.com/pub/bcebxml/tibco-businessconnect-ebxml-protocol-6-2-0_documentation.zip,auto,false,tibco,data_management,,,,,
tibco-businessconnect-ebxml-protocol,6.1.0,true,false,,2015-08-28,auto,auto,https://docs.tibco.com/pub/bcebxml/tibco-businessconnect-ebxml-protocol-6-1-0_documentation.zip,auto,false,tibco,data_management,,,,,
tibco-businessconnect-ebxml-protocol,6.0.1,true,false,,2013-07-30,auto,auto,https://docs.tibco.com/pub/businessconnect_ebxml_protocol/tibco-businessconnect-ebxml-protocol-6-0-1_documentation.zip,auto,false,tibco,data_management,,,,,
tibco-businessconnect-ebxml-protocol,6.0.0,true,false,,2013-06-04,auto,auto,https://docs.tibco.com/pub/businessconnect_ebxml_protocol/tibco-businessconnect-ebxml-protocol-6-0-0_documentation.zip,auto,false,tibco,data_management,,,,,
tibco-cloud-ebx,1.0.0,false,true,,2022-06-06,auto,auto,https://docs.tibco.com/pub/cloudebx/1.0.0/doc/zip/tib_cloudebx_1.0.0_doc.zip,auto,false,tibco,data_management,,,,,
tibco-cloud-mdm,2.0.1,true,false,,2017-05-16,auto,auto,https://docs.tibco.com/pub/mdm-cloud/tibco-cloud-mdm-2-0-1_documentation.zip,auto,false,tibco,data_management,,,,,
tibco-cloud-mdm,2.0.0,true,false,,2021-12-17,auto,auto,https://docs.tibco.com/pub/mdm-cloud/tibco-cloud-mdm-2-0-0_documentation.zip,auto,false,tibco,data_management,,,,,
tibco-cloud-mdm,1.1.0,true,false,,2021-12-17,auto,auto,https://docs.tibco.com/pub/mdm-cloud/tibco-cloud-mdm-1-1-0_documentation.zip,auto,false,tibco,data_management,,,,,
tibco-cloud-mdm,1.0.0,true,false,,2021-12-17,auto,auto,https://docs.tibco.com/pub/mdm-cloud/tibco-cloud-mdm-1-0-0_documentation.zip,auto,false,tibco,data_management,,,,,
tibco-ebx,6.2.3,false,true,,1771459200000,auto,auto,https://docs.tibco.com/pub/ebx/6.2.3/doc/zip/tib_ebx_6.2.3_doc.zip,auto,false,tibco,data_management,,,,,
tibco-ebx,6.2.2,false,true,,2025-08-28,auto,auto,https://docs.tibco.com/pub/ebx/6.2.2/doc/zip/tib_ebx_6.2.2_doc.zip,auto,false,tibco,data_management,,,,,
tibco-ebx,6.2.1,false,true,,1742515200000,auto,auto,https://docs.tibco.com/pub/ebx/6.2.1/doc/zip/tib_ebx_6.2.1_doc.zip,auto,false,tibco,data_management,,,,,
tibco-ebx,6.2.0,false,true,,1719187200000,auto,auto,https://docs.tibco.com/pub/ebx/6.2.0/doc/zip/tib_ebx_6.2.0_doc.zip,auto,false,tibco,data_management,,,,,
tibco-ebx,6.1.5,false,true,,1751328000000,auto,auto,https://docs.tibco.com/pub/ebx/6.1.5/doc/zip/tib_ebx_6.1.5_doc.zip,auto,false,tibco,data_management,,,,,
tibco-ebx,6.1.4,false,true,,1717977600000,auto,auto,https://docs.tibco.com/pub/ebx/6.1.4/doc/zip/tib_ebx_6.1.4_doc.zip,auto,false,tibco,data_management,,,,,
tibco-ebx,6.1.3,false,true,,1701993600000,auto,auto,https://docs.tibco.com/pub/ebx/6.1.3/doc/zip/tib_ebx_6.1.3_doc.zip,auto,false,tibco,data_management,,,,,
tibco-ebx,6.1.2,false,true,,1693958400000,auto,auto,https://docs.tibco.com/pub/ebx/6.1.2/doc/zip/tib_ebx_6.1.2_doc.zip,auto,false,tibco,data_management,,,,,
tibco-ebx,6.1.1,false,true,,1689033600000,auto,auto,https://docs.tibco.com/pub/ebx/6.1.1/doc/zip/tib_ebx_6.1.1_doc.zip,auto,false,tibco,data_management,,,,,
tibco-ebx,6.1.0,false,true,,1671408000000,auto,auto,https://docs.tibco.com/pub/ebx/6.1.0/doc/zip/tib_ebx_6.1.0_doc.zip,auto,false,tibco,data_management,,,,,
tibco-ebx,6.0.17,true,false,,1695600000000,auto,auto,https://docs.tibco.com/pub/ebx/tibco-ebx-6-0-17_documentation.zip,auto,false,tibco,data_management,,,,,
tibco-ebx,6.0.16,true,false,,1689552000000,auto,auto,https://docs.tibco.com/pub/ebx/tibco-ebx-6-0-16_documentation.zip,auto,false,tibco,data_management,,,,,
tibco-ebx,6.0.15,true,false,,1686009600000,auto,auto,https://docs.tibco.com/pub/ebx/tibco-ebx-6-0-15_documentation.zip,auto,false,tibco,data_management,,,,,
tibco-ebx,6.0.14,true,false,,1681430400000,auto,auto,https://docs.tibco.com/pub/ebx/tibco-ebx-6-0-14_documentation.zip,auto,false,tibco,data_management,,,,,
tibco-ebx,6.0.13,true,false,,1676246400000,auto,auto,https://docs.tibco.com/pub/ebx/tibco-ebx-6-0-13_documentation.zip,auto,false,tibco,data_management,,,,,
tibco-ebx,6.0.12,true,false,,1674086400000,auto,auto,https://docs.tibco.com/pub/ebx/tibco-ebx-6-0-12_documentation.zip,auto,false,tibco,data_management,,,,,
tibco-ebx,6.0.11,true,false,,1667520000000,auto,auto,https://docs.tibco.com/pub/ebx/tibco-ebx-6-0-11_documentation.zip,auto,false,tibco,data_management,,,,,
tibco-ebx,6.0.10,true,false,,1664496000000,auto,auto,https://docs.tibco.com/pub/ebx/tibco-ebx-6-0-10_documentation.zip,auto,false,tibco,data_management,,,,,
tibco-ebx,6.0.9,true,false,,1661212800000,auto,auto,https://docs.tibco.com/pub/ebx/tibco-ebx-6-0-9_documentation.zip,auto,false,tibco,data_management,,,,,
tibco-ebx,6.0.8,true,false,,1658880000000,auto,auto,https://docs.tibco.com/pub/ebx/tibco-ebx-6-0-8_documentation.zip,auto,false,tibco,data_management,,,,,
tibco-ebx,6.0.7,true,false,,1656288000000,auto,auto,https://docs.tibco.com/pub/ebx/tibco-ebx-6-0-7_documentation.zip,auto,false,tibco,data_management,,,,,
tibco-ebx,6.0.6,true,false,,2022-04-29,auto,auto,https://docs.tibco.com/pub/ebx/tibco-ebx-6-0-6_documentation.zip,auto,false,tibco,data_management,,,,,
tibco-ebx,6.0.5,true,false,,2022-02-18,auto,auto,https://docs.tibco.com/pub/ebx/tibco-ebx-6-0-5_documentation.zip,auto,false,tibco,data_management,,,,,
tibco-ebx,6.0.4,true,false,,1640217600000,auto,auto,https://docs.tibco.com/pub/ebx/tibco-ebx-6-0-4_documentation.zip,auto,false,tibco,data_management,,,,,
tibco-ebx,6.0.3,true,false,,2021-11-09,auto,auto,https://docs.tibco.com/pub/ebx/tibco-ebx-6-0-3_documentation.zip,auto,false,tibco,data_management,,,,,
tibco-ebx,6.0.2,true,false,,1632268800000,auto,auto,https://docs.tibco.com/pub/ebx/tibco-ebx-6-0-2_documentation.zip,auto,false,tibco,data_management,,,,,
tibco-ebx,6.0.1,true,false,,2022-05-24,auto,auto,https://docs.tibco.com/pub/ebx/tibco-ebx-6-0-1_documentation.zip,auto,false,tibco,data_management,,,,,
tibco-ebx,6.0.0,true,false,,2022-05-24,auto,auto,https://docs.tibco.com/pub/ebx/tibco-ebx-6-0-0_documentation.zip,auto,false,tibco,data_management,,,,,
tibco-ebx,5.10.0,false,true,,1783641600000,auto,auto,https://docs.tibco.com/pub/ebx/5.10.0/doc/zip/tib_ebx_5.10.0_doc.zip,auto,false,tibco,data_management,,,,,
tibco-ebx,5.9.27,false,true,,2025-05-28,auto,auto,https://docs.tibco.com/pub/ebx/5.9.27/doc/zip/tib_ebx_5.9.27_doc.zip,auto,false,tibco,data_management,,,,,
tibco-ebx,5.9.26,false,true,,1716249600000,auto,auto,https://docs.tibco.com/pub/ebx/5.9.26/doc/zip/tib_ebx_5.9.26_doc.zip,auto,false,tibco,data_management,,,,,
tibco-ebx,5.9.25,true,false,,1700697600000,auto,auto,https://docs.tibco.com/pub/ebx/tibco-ebx-5-9-25_documentation.zip,auto,false,tibco,data_management,,,,,
tibco-ebx,5.9.24,true,false,,1687219200000,auto,auto,https://docs.tibco.com/pub/ebx/tibco-ebx-5-9-24_documentation.zip,auto,false,tibco,data_management,,,,,
tibco-ebx,5.9.23,true,false,,1681776000000,auto,auto,https://docs.tibco.com/pub/ebx/tibco-ebx-5-9-23_documentation.zip,auto,false,tibco,data_management,,,,,
tibco-ebx,5.9.22,true,false,,1674086400000,auto,auto,https://docs.tibco.com/pub/ebx/tibco-ebx-5-9-22_documentation.zip,auto,false,tibco,data_management,,,,,
tibco-ebx,5.9.21,true,false,,1665705600000,auto,auto,https://docs.tibco.com/pub/ebx/tibco-ebx-5-9-21_documentation.zip,auto,false,tibco,data_management,,,,,
tibco-ebx,5.9.20,true,false,,1661817600000,auto,auto,https://docs.tibco.com/pub/ebx/tibco-ebx-5-9-20_documentation.zip,auto,false,tibco,data_management,,,,,
tibco-ebx,5.9.19,true,false,,1652745600000,auto,auto,https://docs.tibco.com/pub/ebx/tibco-ebx-5-9-19_documentation.zip,auto,false,tibco,data_management,,,,,
tibco-ebx,5.9.18,true,false,,1651104000000,auto,auto,https://docs.tibco.com/pub/ebx/tibco-ebx-5-9-18_documentation.zip,auto,false,tibco,data_management,,,,,
tibco-ebx,5.9.17,true,false,,1647388800000,auto,auto,https://docs.tibco.com/pub/ebx/tibco-ebx-5-9-17_documentation.zip,auto,false,tibco,data_management,,,,,
tibco-ebx,5.9.16,true,false,,1639612800000,auto,auto,https://docs.tibco.com/pub/ebx/tibco-ebx-5-9-16_documentation.zip,auto,false,tibco,data_management,,,,,
tibco-ebx,5.9.15,true,false,,1631664000000,auto,auto,https://docs.tibco.com/pub/ebx/tibco-ebx-5-9-15_documentation.zip,auto,false,tibco,data_management,,,,,
tibco-ebx,5.9.14,true,false,,2022-05-24,auto,auto,https://docs.tibco.com/pub/ebx/tibco-ebx-5-9-14_documentation.zip,auto,false,tibco,data_management,,,,,
tibco-ebx,5.9.13,true,false,,2022-05-24,auto,auto,https://docs.tibco.com/pub/ebx/tibco-ebx-5-9-13_documentation.zip,auto,false,tibco,data_management,,,,,
tibco-ebx,5.9.12,true,false,,2022-05-24,auto,auto,https://docs.tibco.com/pub/ebx/tibco-ebx-5-9-12_documentation.zip,auto,false,tibco,data_management,,,,,
tibco-ebx,5.9.11,true,false,,2022-05-24,auto,auto,https://docs.tibco.com/pub/ebx/tibco-ebx-5-9-11_documentation.zip,auto,false,tibco,data_management,,,,,
tibco-ebx,5.9.10,true,false,,2022-05-24,auto,auto,https://docs.tibco.com/pub/ebx/tibco-ebx-5-9-10_documentation.zip,auto,false,tibco,data_management,,,,,
tibco-ebx,5.9.9,true,false,,2022-05-24,auto,auto,https://docs.tibco.com/pub/ebx/tibco-ebx-5-9-9_documentation.zip,auto,false,tibco,data_management,,,,,
tibco-ebx,5.9.8,true,false,,2022-05-24,auto,auto,https://docs.tibco.com/pub/ebx/tibco-ebx-5-9-8_documentation.zip,auto,false,tibco,data_management,,,,,
tibco-ebx,5.9.7,true,false,,2022-05-24,auto,auto,https://docs.tibco.com/pub/ebx/tibco-ebx-5-9-7_documentation.zip,auto,false,tibco,data_management,,,,,
tibco-ebx,5.9.6,true,false,,2022-05-24,auto,auto,https://docs.tibco.com/pub/ebx/tibco-ebx-5-9-6_documentation.zip,auto,false,tibco,data_management,,,,,
tibco-ebx,5.9.5,true,false,,2022-05-24,auto,auto,https://docs.tibco.com/pub/ebx/tibco-ebx-5-9-5_documentation.zip,auto,false,tibco,data_management,,,,,
tibco-ebx,5.9.4,true,false,,2022-05-24,auto,auto,https://docs.tibco.com/pub/ebx/tibco-ebx-5-9-4_documentation.zip,auto,false,tibco,data_management,,,,,
tibco-ebx,5.9.3,true,false,,2022-05-24,auto,auto,https://docs.tibco.com/pub/ebx/tibco-ebx-5-9-3_documentation.zip,auto,false,tibco,data_management,,,,,
tibco-ebx-add-ons,6.2.3,false,true,,2026-02-13,auto,auto,https://docs.tibco.com/pub/ebx-addon/6.2.3/doc/zip/tib_ebx-addon_6.2.3_doc.zip,auto,false,tibco,data_management,,,,,
tibco-ebx-add-ons,6.2.2,false,true,,2025-08-28,auto,auto,https://docs.tibco.com/pub/ebx-addon/6.2.2/doc/zip/tib_ebx-addon_6.2.2_doc.zip,auto,false,tibco,data_management,,,,,
tibco-ebx-add-ons,6.2.1,false,true,,2025-03-20,auto,auto,https://docs.tibco.com/pub/ebx-addon/6.2.1/doc/zip/tib_ebx-addon_6.2.1_doc.zip,auto,false,tibco,data_management,,,,,
tibco-ebx-add-ons,6.2.0,false,true,,2024-06-23,auto,auto,https://docs.tibco.com/pub/ebx-addon/6.2.0/doc/zip/tib_ebx-addon_6.2.0_doc.zip,auto,false,tibco,data_management,,,,,
tibco-ebx-add-ons,6.1.5,false,true,,2025-07-01,auto,auto,https://docs.tibco.com/pub/ebx-addon/6.1.5/doc/zip/tib_ebx-addon_6.1.5_doc.zip,auto,false,tibco,data_management,,,,,
tibco-ebx-add-ons,6.1.4,false,true,,2024-06-10,auto,auto,https://docs.tibco.com/pub/ebx-addon/6.1.4/doc/zip/tib_ebx-addon_6.1.4_doc.zip,auto,false,tibco,data_management,,,,,
tibco-ebx-add-ons,6.1.3,false,true,,2023-12-07,auto,auto,https://docs.tibco.com/pub/ebx-addon/6.1.3/doc/zip/tib_ebx-addon_6.1.3_doc.zip,auto,false,tibco,data_management,,,,,
tibco-ebx-add-ons,6.1.2,false,true,,2023-09-05,auto,auto,https://docs.tibco.com/pub/ebx-addon/6.1.2/doc/zip/tib_ebx-addon_6.1.2_doc.zip,auto,false,tibco,data_management,,,,,
tibco-ebx-add-ons,6.1.1,false,true,,2023-07-08,auto,auto,https://docs.tibco.com/pub/ebx-addon/6.1.1/doc/zip/tib_ebx-addon_6.1.1_doc.zip,auto,false,tibco,data_management,,,,,
tibco-ebx-add-ons,6.1.0,false,true,,2022-12-19,auto,auto,https://docs.tibco.com/pub/ebx-addon/6.1.0/doc/zip/tib_ebx-addon_6.1.0_doc.zip,auto,false,tibco,data_management,,,,,
tibco-ebx-add-ons,5.6.4,false,true,,2023-08-21,auto,auto,https://docs.tibco.com/pub/ebx-addon/5.6.4/doc/zip/tib_ebx-addon_5.6.4_doc.zip,auto,false,tibco,data_management,,,,,
tibco-ebx-add-ons,5.6.3,false,true,,2023-07-08,auto,auto,https://docs.tibco.com/pub/ebx-addon/5.6.3/doc/zip/tib_ebx-addon_5.6.3_doc.zip,auto,false,tibco,data_management,,,,,
tibco-ebx-add-ons,5.6.2,false,true,,2023-04-14,auto,auto,https://docs.tibco.com/pub/ebx-addon/5.6.2/doc/zip/tib_ebx-addon_5.6.2_doc.zip,auto,false,tibco,data_management,,,,,
tibco-ebx-add-ons,5.6.1,false,true,,2023-02-09,auto,auto,https://docs.tibco.com/pub/ebx-addon/5.6.1/doc/zip/tib_ebx-addon_5.6.1_doc.zip,auto,false,tibco,data_management,,,,,
tibco-ebx-add-ons,5.6.0,true,false,,2022-11-17,auto,auto,https://docs.tibco.com/pub/ebx-addon/tibco-ebx-add-ons-5-6-0_documentation.zip,auto,false,tibco,data_management,,,,,
tibco-ebx-add-ons,5.5.1,true,false,,2022-11-10,auto,auto,https://docs.tibco.com/pub/ebx-addon/tibco-ebx-add-ons-5-5-1_documentation.zip,auto,false,tibco,data_management,,,,,
tibco-ebx-add-ons,5.5.0,true,false,,2022-09-30,auto,auto,https://docs.tibco.com/pub/ebx-addon/tibco-ebx-add-ons-5-5-0_documentation.zip,auto,false,tibco,data_management,,,,,
tibco-ebx-add-ons,5.4.2,true,false,,2022-08-24,auto,auto,https://docs.tibco.com/pub/ebx-addon/tibco-ebx-add-ons-5-4-2_documentation.zip,auto,false,tibco,data_management,,,,,
tibco-ebx-add-ons,5.4.1,true,false,,2022-07-27,auto,auto,https://docs.tibco.com/pub/ebx-addon/tibco-ebx-add-ons-5-4-1_documentation.zip,auto,false,tibco,data_management,,,,,
tibco-ebx-add-ons,5.4.0,true,false,,2022-06-24,auto,auto,https://docs.tibco.com/pub/ebx-addon/tibco-ebx-add-ons-5-4-0_documentation.zip,auto,false,tibco,data_management,,,,,
tibco-ebx-add-ons,5.3.5,true,false,,2022-06-10,auto,auto,https://docs.tibco.com/pub/ebx-addon/tibco-ebx-add-ons-5-3-5_documentation.zip,auto,false,tibco,data_management,,,,,
tibco-ebx-add-ons,5.3.4,true,false,,2022-05-19,auto,auto,https://docs.tibco.com/pub/ebx-addon/tibco-ebx-add-ons-5-3-4_documentation.zip,auto,false,tibco,data_management,,,,,
tibco-ebx-add-ons,5.3.3,true,false,,2022-04-29,auto,auto,https://docs.tibco.com/pub/ebx-addon/tibco-ebx-add-ons-5-3-3_documentation.zip,auto,false,tibco,data_management,,,,,
tibco-ebx-add-ons,5.3.2,true,false,,2022-04-08,auto,auto,https://docs.tibco.com/pub/ebx-addon/tibco-ebx-add-ons-5-3-2_documentation.zip,auto,false,tibco,data_management,,,,,
tibco-ebx-add-ons,5.3.1,true,false,,2022-03-31,auto,auto,https://docs.tibco.com/pub/ebx-addon/tibco-ebx-add-ons-5-3-1_documentation.zip,auto,false,tibco,data_management,,,,,
tibco-ebx-add-ons,5.3.0,true,false,,2022-02-18,auto,auto,https://docs.tibco.com/pub/ebx-addon/tibco-ebx-add-ons-5-3-0_documentation.zip,auto,false,tibco,data_management,,,,,
tibco-ebx-add-ons,5.2.1,true,false,,2022-05-20,auto,auto,https://docs.tibco.com/pub/ebx-addon/tibco-ebx-add-ons-5-2-1_documentation.zip,auto,false,tibco,data_management,,,,,
tibco-ebx-add-ons,5.2.0,true,false,,2022-05-20,auto,auto,https://docs.tibco.com/pub/ebx-addon/tibco-ebx-add-ons-5-2-0_documentation.zip,auto,false,tibco,data_management,,,,,
tibco-ebx-add-ons,5.1.1,true,false,,2022-05-20,auto,auto,https://docs.tibco.com/pub/ebx-addon/tibco-ebx-add-ons-5-1-1_documentation.zip,auto,false,tibco,data_management,,,,,
tibco-ebx-add-ons,5.1.0,true,false,,2022-05-20,auto,auto,https://docs.tibco.com/pub/ebx-addon/tibco-ebx-add-ons-5-1-0_documentation.zip,auto,false,tibco,data_management,,,,,
tibco-ebx-add-ons,5.0.1,true,false,,2022-05-20,auto,auto,https://docs.tibco.com/pub/ebx-addon/tibco-ebx-add-ons-5-0-1_documentation.zip,auto,false,tibco,data_management,,,,,
tibco-ebx-add-ons,5.0.0,true,false,,2022-05-20,auto,auto,https://docs.tibco.com/pub/ebx-addon/tibco-ebx-add-ons-5-0-0_documentation.zip,auto,false,tibco,data_management,,,,,
tibco-ebx-add-ons,4.6.0,false,true,,2026-07-13,auto,auto,https://docs.tibco.com/pub/ebx-addon/4.6.0/doc/zip/tib_ebx-addon_4.6.0_doc.zip,auto,false,tibco,data_management,,,,,
tibco-ebx-add-ons,4.5.22,false,true,,2025-11-05,auto,auto,https://docs.tibco.com/pub/ebx-addon/4.5.22/doc/zip/tib_ebx-addon_4.5.22_doc.zip,auto,false,tibco,data_management,,,,,
tibco-ebx-add-ons,4.5.21,false,true,,2024-05-29,auto,auto,https://docs.tibco.com/pub/ebx-addon/4.5.21/doc/zip/tib_ebx-addon_4.5.21_doc.zip,auto,false,tibco,data_management,,,,,
tibco-ebx-add-ons,4.5.20,false,true,,2023-12-04,auto,auto,https://docs.tibco.com/pub/ebx-addon/4.5.20/doc/zip/tib_ebx-addon_4.5.20_doc.zip,auto,false,tibco,data_management,,,,,
tibco-ebx-add-ons,4.5.19,false,true,,2023-09-06,auto,auto,https://docs.tibco.com/pub/ebx-addon/4.5.19/doc/zip/tib_ebx-addon_4.5.19_doc.zip,auto,false,tibco,data_management,,,,,
tibco-ebx-add-ons,4.5.18,false,true,,2023-07-08,auto,auto,https://docs.tibco.com/pub/ebx-addon/4.5.18/doc/zip/tib_ebx-addon_4.5.18_doc.zip,auto,false,tibco,data_management,,,,,
tibco-ebx-add-ons,4.5.17,false,true,,2023-04-14,auto,auto,https://docs.tibco.com/pub/ebx-addon/4.5.17/doc/zip/tib_ebx-addon_4.5.17_doc.zip,auto,false,tibco,data_management,,,,,
tibco-ebx-add-ons,4.5.16,true,false,,2023-01-13,auto,auto,https://docs.tibco.com/pub/ebx-addon/tibco-ebx-add-ons-4-5-16_documentation.zip,auto,false,tibco,data_management,,,,,
tibco-ebx-add-ons,4.5.15,true,false,,2022-12-03,auto,auto,https://docs.tibco.com/pub/ebx-addon/tibco-ebx-add-ons-4-5-15_documentation.zip,auto,false,tibco,data_management,,,,,
tibco-ebx-add-ons,4.5.14,true,false,,2022-10-21,auto,auto,https://docs.tibco.com/pub/ebx-addon/tibco-ebx-add-ons-4-5-14_documentation.zip,auto,false,tibco,data_management,,,,,
tibco-ebx-add-ons,4.5.13,true,false,,2022-08-26,auto,auto,https://docs.tibco.com/pub/ebx-addon/tibco-ebx-add-ons-4-5-13_documentation.zip,auto,false,tibco,data_management,,,,,
tibco-ebx-add-ons,4.5.12,true,false,,2022-08-05,auto,auto,https://docs.tibco.com/pub/ebx-addon/tibco-ebx-add-ons-4-5-12_documentation.zip,auto,false,tibco,data_management,,,,,
tibco-ebx-add-ons,4.5.11,true,false,,2022-05-18,auto,auto,https://docs.tibco.com/pub/ebx-addon/tibco-ebx-add-ons-4-5-11_documentation.zip,auto,false,tibco,data_management,,,,,
tibco-ebx-add-ons,4.5.10,true,false,,2022-04-08,auto,auto,https://docs.tibco.com/pub/ebx-addon/tibco-ebx-add-ons-4-5-10_documentation.zip,auto,false,tibco,data_management,,,,,
tibco-ebx-add-ons,4.5.9,true,false,,2022-03-16,auto,auto,https://docs.tibco.com/pub/ebx-addon/tibco-ebx-add-ons-4-5-9_documentation.zip,auto,false,tibco,data_management,,,,,
tibco-ebx-add-ons,4.5.8,true,false,,2022-01-24,auto,auto,https://docs.tibco.com/pub/ebx-addon/tibco-ebx-add-ons-4-5-8_documentation.zip,auto,false,tibco,data_management,,,,,
tibco-ebx-add-ons,4.5.7,true,false,,2021-12-23,auto,auto,https://docs.tibco.com/pub/ebx-addon/tibco-ebx-add-ons-4-5-7_documentation.zip,auto,false,tibco,data_management,,,,,
tibco-ebx-add-ons,4.5.6,true,false,,2022-05-20,auto,auto,https://docs.tibco.com/pub/ebx-addon/tibco-ebx-add-ons-4-5-6_documentation.zip,auto,false,tibco,data_management,,,,,
tibco-ebx-add-ons,4.5.5,true,false,,2022-05-20,auto,auto,https://docs.tibco.com/pub/ebx-addon/tibco-ebx-add-ons-4-5-5_documentation.zip,auto,false,tibco,data_management,,,,,
tibco-ebx-add-ons,4.5.4,true,false,,2022-05-20,auto,auto,https://docs.tibco.com/pub/ebx-addon/tibco-ebx-add-ons-4-5-4_documentation.zip,auto,false,tibco,data_management,,,,,
tibco-ebx-add-ons,4.5.3,true,false,,2022-05-20,auto,auto,https://docs.tibco.com/pub/ebx-addon/tibco-ebx-add-ons-4-5-3_documentation.zip,auto,false,tibco,data_management,,,,,
tibco-ebx-add-ons,4.5.2,true,false,,2022-05-20,auto,auto,https://docs.tibco.com/pub/ebx-addon/tibco-ebx-add-ons-4-5-2_documentation.zip,auto,false,tibco,data_management,,,,,
tibco-ebx-add-ons,4.5.1,true,false,,2022-05-20,auto,auto,https://docs.tibco.com/pub/ebx-addon/tibco-ebx-add-ons-4-5-1_documentation.zip,auto,false,tibco,data_management,,,,,
tibco-ebx-add-ons,4.5.0,true,false,,2022-05-20,auto,auto,https://docs.tibco.com/pub/ebx-addon/tibco-ebx-add-ons-4-5-0_documentation.zip,auto,false,tibco,data_management,,,,,
tibco-ebx-add-ons,4.4.3,true,false,,2022-05-20,auto,auto,https://docs.tibco.com/pub/ebx-addon/tibco-ebx-add-ons-4-4-3_documentation.zip,auto,false,tibco,data_management,,,,,
tibco-ebx-add-ons,4.4.2,true,false,,2022-05-20,auto,auto,https://docs.tibco.com/pub/ebx-addon/tibco-ebx-add-ons-4-4-2_documentation.zip,auto,false,tibco,data_management,,,,,
tibco-ebx-add-ons,4.4.1,true,false,,2022-05-20,auto,auto,https://docs.tibco.com/pub/ebx-addon/tibco-ebx-add-ons-4-4-1_documentation.zip,auto,false,tibco,data_management,,,,,
tibco-ebx-add-ons,4.4.0,true,false,,2022-05-20,auto,auto,https://docs.tibco.com/pub/ebx-addon/tibco-ebx-add-ons-4-4-0_documentation.zip,auto,false,tibco,data_management,,,,,
tibco-ebx-add-ons,4.3.4,true,false,,2022-05-20,auto,auto,https://docs.tibco.com/pub/ebx-addon/tibco-ebx-add-ons-4-3-4_documentation.zip,auto,false,tibco,data_management,,,,,
tibco-ebx-add-ons,4.3.3,true,false,,2022-05-20,auto,auto,https://docs.tibco.com/pub/ebx-addon/tibco-ebx-add-ons-4-3-3_documentation.zip,auto,false,tibco,data_management,,,,,
tibco-ebx-add-ons,4.3.2,true,false,,2022-05-20,auto,auto,https://docs.tibco.com/pub/ebx-addon/tibco-ebx-add-ons-4-3-2_documentation.zip,auto,false,tibco,data_management,,,,,
tibco-ebx-add-ons,4.3.1,true,false,,2022-05-20,auto,auto,https://docs.tibco.com/pub/ebx-addon/tibco-ebx-add-ons-4-3-1_documentation.zip,auto,false,tibco,data_management,,,,,
tibco-ebx-add-ons,4.3.0,true,false,,2022-05-20,auto,auto,https://docs.tibco.com/pub/ebx-addon/tibco-ebx-add-ons-4-3-0_documentation.zip,auto,false,tibco,data_management,,,,,
tibco-ebx-add-ons,4.2.2,true,false,,2022-05-20,auto,auto,https://docs.tibco.com/pub/ebx-addon/tibco-ebx-add-ons-4-2-2_documentation.zip,auto,false,tibco,data_management,,,,,
tibco-ebx-add-ons,4.2.1,true,false,,2022-05-20,auto,auto,https://docs.tibco.com/pub/ebx-addon/tibco-ebx-add-ons-4-2-1_documentation.zip,auto,false,tibco,data_management,,,,,
tibco-ebx-add-ons,4.2.0,true,false,,2022-05-20,auto,auto,https://docs.tibco.com/pub/ebx-addon/tibco-ebx-add-ons-4-2-0_documentation.zip,auto,false,tibco,data_management,,,,,
tibco-ebx-add-ons,4.1.0,true,false,,2022-05-20,auto,auto,https://docs.tibco.com/pub/ebx-addon/tibco-ebx-add-ons-4-1-0_documentation.zip,auto,false,tibco,data_management,,,,,
tibco-ebx-cloud-enterprise,1.0.0,false,true,,2022-06-16,auto,auto,https://docs.tibco.com/pub/ebx-cloud-enterprise/1.0.0/doc/zip/tib_ebx-cloud-enterprise_1.0.0_doc.zip,auto,false,tibco,data_management,,,,,
tibco-enterprise-mdm,1.0.0,false,true,,2024-06-24,auto,auto,https://docs.tibco.com/pub/tp-mdm/1.0.0/doc/zip/tib_tp-mdm_1.0.0_doc.zip,auto,false,tibco,data_management,,,,,
tibco-mdm-administration-agent,1.0.0,true,false,,2021-12-17,auto,auto,https://docs.tibco.com/pub/mdm-agent/tibco-mdm-administration-agent-1-0-0_documentation.zip,auto,false,tibco,data_management,,,,,
tibco-mdm-for-retail,1.2.0,true,false,,1579564800000,auto,auto,https://docs.tibco.com/pub/mdm-retail-suite/tibco-mdm-for-retail-1-2-0_documentation.zip,auto,false,tibco,data_management,,,,,
tibco-mdm-for-retail,1.1.0,true,false,,2019-10-01,auto,auto,https://docs.tibco.com/pub/mdm-retail-suite/tibco-mdm-for-retail-1-1-0_documentation.zip,auto,false,tibco,data_management,,,,,
tibco-mdm-for-retail,1.0.0,true,false,,2021-12-17,auto,auto,https://docs.tibco.com/pub/mdm-retail-suite/tibco-mdm-for-retail-1-0-0_documentation.zip,auto,false,tibco,data_management,,,,,
tibco-mdm-studio,6.1.1,false,true,,2024-05-20,auto,auto,https://docs.tibco.com/pub/bstudio-mdm/6.1.1/doc/zip/tib_bstudio-mdm_6.1.1_doc.zip,auto,false,tibco,data_management,,,,,
tibco-mdm-studio,6.1.0,false,true,,2023-09-27,auto,auto,https://docs.tibco.com/pub/bstudio-mdm/6.1.0/doc/zip/tib_bstudio-mdm_6.1.0_doc.zip,auto,false,tibco,data_management,,,,,
tibco-mdm-studio,6.0.0,false,true,,2022-12-06,auto,auto,https://docs.tibco.com/pub/bstudio-mdm/6.0.0/doc/zip/tib_bstudio-mdm_6.0.0_doc.zip,auto,false,tibco,data_management,,,,,
tibco-mdm-studio,5.3.0,true,false,,1601942400000,auto,auto,https://docs.tibco.com/pub/bstudio-mdm/tibco-mdm-studio-5-3-0_documentation.zip,auto,false,tibco,data_management,,,,,
tibco-mdm-studio,5.2.0,true,false,,2019-07-05,auto,auto,https://docs.tibco.com/pub/bstudio-mdm/tibco-mdm-studio-5-2-0_documentation.zip,auto,false,tibco,data_management,,,,,
tibco-mdm-studio,5.1.0,true,false,,2017-08-23,auto,auto,https://docs.tibco.com/pub/bstudio-mdm/tibco-mdm-studio-5-1-0_documentation.zip,auto,false,tibco,data_management,,,,,
tibco-mdm-studio,5.0.0,true,false,,2015-12-01,auto,auto,https://docs.tibco.com/pub/bstudio-mdm/tibco-mdm-studio-5-0-0_documentation.zip,auto,false,tibco,data_management,,,,,
tibco-mdm-studio,4.1.0,true,false,,2015-05-18,auto,auto,https://docs.tibco.com/pub/bstudio-mdm/tibco-mdm-studio-4-1-0_documentation.zip,auto,false,tibco,data_management,,,,,
tibco-mdm-studio,4.0.1,true,false,,2021-12-17,auto,auto,https://docs.tibco.com/pub/bstudio-mdm/tibco-mdm-studio-4-0-1_documentation.zip,auto,false,tibco,data_management,,,,,
tibco-mdm-studio,3.3.0,true,false,,2021-12-17,auto,auto,https://docs.tibco.com/pub/collaborative_information_manager_studio/tibco-mdm-studio-3-3-0_documentation.zip,auto,false,tibco,data_management,,,,,
tibco-mdm-studio,3.2.0,true,false,,2021-12-17,auto,auto,https://docs.tibco.com/pub/collaborative_information_manager_studio/tibco-mdm-studio-3-2-0_documentation.zip,auto,false,tibco,data_management,,,,,
tibco-mdm-studio,3.1,true,false,,2021-12-23,auto,auto,https://docs.tibco.com/pub/collaborative_information_manager_studio/tibco-collaborative-information-manager-studio-3-1_documentation.zip,auto,false,tibco,data_management,,,,,
tibco-mdm-studio,3.0,true,false,,2021-12-23,auto,auto,https://docs.tibco.com/pub/collaborative_information_manager_studio/tibco-collaborative-information-manager-studio-3-0_documentation.zip,auto,false,tibco,data_management,,,,,
tibco-mdm-studio,2.0,true,false,,2021-12-23,auto,auto,https://docs.tibco.com/pub/collaborative_information_manager_studio/tibco-collaborative-information-manager-studio-2-0_documentation.zip,auto,false,tibco,data_management,,,,,
tibco-product-and-service-catalog-powered-by-tibco-ebx,2.0.0,false,true,,2023-07-20,auto,auto,https://docs.tibco.com/pub/psc-ebx/2.0.0/doc/zip/tib_psc-ebx_2.0.0_doc.zip,auto,false,tibco,data_management,,,,,
tibco-product-and-service-catalog-powered-by-tibco-ebx,1.2.1,true,false,,2023-02-08,auto,auto,https://docs.tibco.com/pub/psc-ebx/tibco-product-and-service-catalog-powered-by-tibco-ebx-1-2-1_documentation.zip,auto,false,tibco,data_management,,,,,
tibco-product-and-service-catalog-powered-by-tibco-ebx,1.2.0,true,false,,2022-01-05,auto,auto,https://docs.tibco.com/pub/psc-ebx/tibco-product-and-service-catalog-powered-by-tibco-ebx-1-2-0_documentation.zip,auto,false,tibco,data_management,,,,,
tibco-product-and-service-catalog-powered-by-tibco-ebx,1.1.0,false,true,,1632787200000,auto,auto,https://docs.tibco.com/pub/psc-ebx/1.1.0/doc/zip/tib_psc-ebx_1.1.0_doc.zip,auto,false,tibco,data_management,,,,,
tibco-product-and-service-catalog-powered-by-tibco-ebx,1.0.0,false,true,,1628035200000,auto,auto,https://docs.tibco.com/pub/psc-ebx/1.0.0/doc/zip/tib_psc-ebx_1.0.0_doc.zip,auto,false,tibco,data_management,,,,,
"tibbr,-tibbr-service,-tibbr-community,-and-tibbrcommunity-service",8.0.0,false,true,,2020-06-19,auto,auto,https://docs.tibco.com/pub/tibbr/8.0.0/doc/zip/tib_tibbr_8.0.0_doc.zip,auto,false,tibco,general,,,,,
"tibbr,-tibbr-service,-tibbr-community,-and-tibbrcommunity-service",7.1.0,true,false,,2021-12-23,auto,auto,"https://docs.tibco.com/pub/tibbr/tibbr,-tibbr-service,-tibbr-community,-and-tibbrcommunity-service-7-1-0_documentation.zip",auto,false,tibco,general,,,,,
"tibbr,-tibbr-service,-tibbr-community,-and-tibbrcommunity-service",7.0.1,true,false,,2021-12-23,auto,auto,"https://docs.tibco.com/pub/tibbr/tibbr,-tibbr-service,-tibbr-community,-and-tibbrcommunity-service-7-0-1_documentation.zip",auto,false,tibco,general,,,,,
"tibbr,-tibbr-service,-tibbr-community,-and-tibbrcommunity-service",7.0.0,true,false,,2021-12-23,auto,auto,"https://docs.tibco.com/pub/tibbr/tibbr,-tibbr-service,-tibbr-community,-and-tibbrcommunity-service-7-0-0_documentation.zip",auto,false,tibco,general,,,,,
"tibbr,-tibbr-service,-tibbr-community,-and-tibbrcommunity-service",6.0.2,true,false,,2021-12-23,auto,auto,"https://docs.tibco.com/pub/tibbr/tibbr,-tibbr-service,-tibbr-community,-and-tibbrcommunity-service-6-0-2_documentation.zip",auto,false,tibco,general,,,,,
"tibbr,-tibbr-service,-tibbr-community,-and-tibbrcommunity-service",6.0.1,true,false,,2021-12-23,auto,auto,"https://docs.tibco.com/pub/tibbr/tibbr,-tibbr-service,-tibbr-community,-and-tibbrcommunity-service-6-0-1_documentation.zip",auto,false,tibco,general,,,,,
"tibbr,-tibbr-service,-tibbr-community,-and-tibbrcommunity-service",5.1.1,true,false,,2021-12-23,auto,auto,"https://docs.tibco.com/pub/tibbr/tibbr,-tibbr-service,-tibbr-community,-and-tibbr-community-service-5-1-1_documentation.zip",auto,false,tibco,general,,,,,
"tibbr,-tibbr-service,-tibbr-community,-and-tibbrcommunity-service",5.1.0,true,false,,2021-12-23,auto,auto,"https://docs.tibco.com/pub/tibbr/tibbr,-tibbr-service,-tibbr-community,-and-tibbr-community-service-5-1-0_documentation.zip",auto,false,tibco,general,,,,,
"tibbr,-tibbr-service,-tibbr-community,-and-tibbrcommunity-service",5.0.1,true,false,,2021-12-23,auto,auto,"https://docs.tibco.com/pub/tibbr/tibbr,-tibbr-service,-tibbr-community,-and-tibbr-community-service-5-0-1_documentation.zip",auto,false,tibco,general,,,,,
"tibbr,-tibbr-service,-tibbr-community,-and-tibbrcommunity-service",4.1.2,true,false,,2021-12-23,auto,auto,"https://docs.tibco.com/pub/tibbr/tibbr,-tibbr-service,-tibbr-community,-and-tibbr-community-service-4-1-2_documentation.zip",auto,false,tibco,general,,,,,
tibbr-for-ios,6.4.0,true,false,,2021-12-23,auto,auto,https://docs.tibco.com/pub/tibbr_iOS/tibbr-for-ios-6-4-0_documentation.zip,auto,false,tibco,general,,,,,
tibbr-for-ios,6.3.0,true,false,,2021-12-23,auto,auto,https://docs.tibco.com/pub/tibbr_iOS/tibbr-for-ios-6-3-0_documentation.zip,auto,false,tibco,general,,,,,
tibbr-for-ios,6.2.1,true,false,,2021-12-23,auto,auto,https://docs.tibco.com/pub/tibbr_iOS/tibbr-for-ios-6-2-1_documentation.zip,auto,false,tibco,general,,,,,
tibbr-for-microsoft-outlook,1.0.0,true,false,,2021-12-23,auto,auto,https://docs.tibco.com/pub/tibbr-msoutlook/tibbr-for-microsoft-outlook-1-0-0_documentation.zip,auto,false,tibco,general,,,,,
tibbr-for-microsoft-sharepoint,5.1.0,true,false,,2021-12-23,auto,auto,https://docs.tibco.com/pub/tibbr-mss/tibbr-for-microsoft-sharepoint-5-1-0_documentation.zip,auto,false,tibco,general,,,,,
tibbr-for-salesforce-com-app,1.2.0,true,false,,2021-12-23,auto,auto,https://docs.tibco.com/pub/tibbr-salesforce-app/tibbr-for-salesforce-com-app-1-2-0_documentation.zip,auto,false,tibco,general,,,,,
tibbr-for-salesforce-com-app,1.1.0,true,false,,2021-12-23,auto,auto,https://docs.tibco.com/pub/tibbr-salesforce-app/tibbr-for-salesforce-com-app-1-1-0_documentation.zip,auto,false,tibco,general,,,,,
tibbr-for-salesforce-com-app,1.0.1,true,false,,2021-12-23,auto,auto,https://docs.tibco.com/pub/tibbr-salesforce-app/tibbr-for-salesforce-com-app-1-0-1_documentation.zip,auto,false,tibco,general,,,,,
tibbr-for-salesforce-com-app,1.0.0,true,false,,2021-12-23,auto,auto,https://docs.tibco.com/pub/tibbr-salesforce-app/tibbr-for-salesforce-com-app-1-0-0_documentation.zip,auto,false,tibco,general,,,,,
tibbr-ideas,2.2.0,true,false,,2021-12-23,auto,auto,https://docs.tibco.com/pub/tibbr-ideas/tibbr-ideas-2-2-0_documentation.zip,auto,false,tibco,general,,,,,
tibbr-ideas,2.1.0,true,false,,2021-12-23,auto,auto,https://docs.tibco.com/pub/tibbr-ideas/tibbr-ideas-2-1-0_documentation.zip,auto,false,tibco,general,,,,,
tibbr-pages,2.0.0,true,false,,2021-12-23,auto,auto,https://docs.tibco.com/pub/tibbr-pages/tibbr-pages-2-0-0_documentation.zip,auto,false,tibco,general,,,,,
tibbr-pages,1.2.0,true,false,,2021-12-23,auto,auto,https://docs.tibco.com/pub/tibbr-pages/tibbr-pages-1-2-0_documentation.zip,auto,false,tibco,general,,,,,
tibbr-pages,1.1.0,true,false,,2021-12-23,auto,auto,https://docs.tibco.com/pub/tibbr-pages/tibbr-pages-1-1-0_documentation.zip,auto,false,tibco,general,,,,,
tibbr-pages,1.0.0,true,false,,2021-12-23,auto,auto,https://docs.tibco.com/pub/tibbr-pages/tibbr-pages-app-1-0-0_documentation.zip,auto,false,tibco,general,,,,,
tibbr-tasks,1.2.0,true,false,,2021-12-23,auto,auto,https://docs.tibco.com/pub/tibbr-tasks/tibbr-tasks-1-2-0_documentation.zip,auto,false,tibco,general,,,,,
tibbr-tasks,1.1.0,true,false,,2021-12-23,auto,auto,https://docs.tibco.com/pub/tibbr-tasks/tibbr-tasks-1-1-0_documentation.zip,auto,false,tibco,general,,,,,
tibbr-tasks,1.0.1,true,false,,2021-12-23,auto,auto,https://docs.tibco.com/pub/tibbr-tasks/tibbr-tasks-1-0-1_documentation.zip,auto,false,tibco,general,,,,,
tibco-activation-service,1.1.0,false,true,,2025-07-02,auto,auto,https://docs.tibco.com/pub/tibco-activation/1.1.0/doc/zip/tib_tibco-activation_1.1.0_doc.zip,auto,false,tibco,general,,,,,
tibco-activation-service,1.0.0,false,true,,2025-02-13,auto,auto,https://docs.tibco.com/pub/tibco-activation/1.0.0/doc/zip/tib_tibco-activation_1.0.0_doc.zip,auto,false,tibco,general,,,,,
tibco-activematrix-adapter-for-amdocs-crm,5.5.0,true,false,,2012-07-24,auto,auto,https://docs.tibco.com/pub/adapter_for_clarifycrm/tibco-activematrix-adapter-for-amdocs-crm-5-5-0_documentation.zip,auto,false,tibco,general,,,,,
tibco-activematrix-adapter-for-amdocs-crm,5.4.0,false,true,,2011-06-27,auto,auto,https://docs.tibco.com/pub/adapter_for_clarifycrm/5.4.0_august_2008/doc/zip/tib_adapter_for_clarifycrm_5.4.0_august_2008_doc.zip,auto,false,tibco,general,,,,,
tibco-activematrix-adapter-for-database-tibco-business-studio,1.3.0,false,true,,2016-04-22,auto,auto,https://docs.tibco.com/pub/adadbbs/1.3.0/doc/zip/tib_adadbbs_1.3.0_doc.zip,auto,false,tibco,general,,,,,
tibco-activematrix-adapter-for-database-tibco-business-studio,1.2.0,false,true,,2015-05-11,auto,auto,https://docs.tibco.com/pub/adadbbs/1.2.0/doc/zip/tib_adadbbs_1.2.0_doc.zip,auto,false,tibco,general,,,,,
tibco-activematrix-adapter-for-files-for-unix-win-tibco-business-studio,1.3.0,false,true,,2016-02-24,auto,auto,https://docs.tibco.com/pub/adfilesbs/1.3.0/doc/zip/tib_adfilesbs_1.3.0_doc.zip,auto,false,tibco,general,,,,,
tibco-activematrix-adapter-for-files-for-unix-win-tibco-business-studio,1.2.0,false,true,,2015-05-11,auto,auto,https://docs.tibco.com/pub/adfilesbs/1.2.0/doc/zip/tib_adfilesbs_1.2.0_doc.zip,auto,false,tibco,general,,,,,
tibco-activematrix-adapter-for-ibm-i,6.4.0,false,true,,2024-11-21,auto,auto,https://docs.tibco.com/pub/adas400/6.4.0/doc/zip/tib_adas400_6.4.0_doc.zip,auto,false,tibco,general,,,,,
tibco-activematrix-adapter-for-ibm-i,6.3.0,false,true,,2022-02-09,auto,auto,https://docs.tibco.com/pub/adas400/6.3.0/doc/zip/tib_adas400_6.3.0_doc.zip,auto,false,tibco,general,,,,,
tibco-activematrix-adapter-for-ibm-i,6.2.2,false,true,,2021-08-19,auto,auto,https://docs.tibco.com/pub/adas400/6.2.2/doc/zip/tib_adas400_6.2.2_doc.zip,auto,false,tibco,general,,,,,
tibco-activematrix-adapter-for-ibm-i,6.2.1,false,true,,2020-12-16,auto,auto,https://docs.tibco.com/pub/adas400/6.2.1/doc/zip/tib_adas400_6.2.1_doc.zip,auto,false,tibco,general,,,,,
tibco-activematrix-adapter-for-ibm-i,6.2.0,false,true,,2016-08-18,auto,auto,https://docs.tibco.com/pub/adas400/6.2.0/doc/zip/tib_adas400_6.2.0_doc.zip,auto,false,tibco,general,,,,,
tibco-activematrix-adapter-for-ibm-i,6.1.0,false,true,,2012-08-24,auto,auto,https://docs.tibco.com/pub/activematrix-adapter-for-ibm-i/6.1.0-august-2012/doc/zip/tib_activematrix-adapter-for-ibm-i_6.1.0-august-2012_doc.zip,auto,false,tibco,general,,,,,
tibco-activematrix-adapter-for-ibm-i,6.0.0,false,true,,2010-03-02,auto,auto,https://docs.tibco.com/pub/activematrix-adapter-for-ibm-i/6.0.0-march-2010/doc/zip/tib_activematrix-adapter-for-ibm-i_6.0.0-march-2010_doc.zip,auto,false,tibco,general,,,,,
tibco-activematrix-adapter-for-jd-edwards-enterpriseone,6.1.0,false,true,,2022-04-22,auto,auto,https://docs.tibco.com/pub/adjdexe/6.1.0/doc/zip/tib_adjdexe_6.1.0_doc.zip,auto,false,tibco,general,,,,,
tibco-activematrix-adapter-for-jd-edwards-enterpriseone,6.0.0,false,true,,1377734400000,auto,auto,https://docs.tibco.com/pub/adapter-for-jdedwards-oneworld-xe/6.0.0-august-2013/doc/zip/tib_adapter-for-jdedwards-oneworld-xe_6.0.0-august-2013_doc.zip,auto,false,tibco,general,,,,,
tibco-activematrix-adapter-for-jd-edwards-enterpriseone,5.3,false,true,,2011-07-05,auto,auto,https://docs.tibco.com/pub/adapter-for-jdedwards-oneworld-xe/5.3.0-december-2007/doc/zip/tib_adapter-for-jdedwards-oneworld-xe_5.3.0-december-2007_doc.zip,auto,false,tibco,general,,,,,
tibco-activematrix-adapter-for-kenan-bp,6.0.0,false,true,,2011-07-05,auto,auto,https://docs.tibco.com/pub/activematrix-adapter-for-kenanbp/6.0.0-november-2009/doc/zip/tib_activematrix-adapter-for-kenanbp_6.0.0-november-2009_doc.zip,auto,false,tibco,general,,,,,
tibco-activematrix-adapter-for-sap-tibco-business-studio,1.3.0,false,true,,2016-02-24,auto,auto,https://docs.tibco.com/pub/adr3bs/1.3.0/doc/zip/tib_adr3bs_1.3.0_doc.zip,auto,false,tibco,general,,,,,
tibco-activematrix-adapter-for-sap-tibco-business-studio,1.2.0,false,true,,2015-05-12,auto,auto,https://docs.tibco.com/pub/adr3bs/1.2.0/doc/zip/tib_adr3bs_1.2.0_doc.zip,auto,false,tibco,general,,,,,
tibco-activematrix-adapter-for-websphere-mq,6.2.5,true,false,,2016-06-28,auto,auto,https://docs.tibco.com/pub/admqs/tibco-activematrix-adapter-for-websphere-mq-6-2-5_documentation.zip,auto,false,tibco,general,,,,,
tibco-activematrix-adapter-for-websphere-mq,6.2.1,true,false,,1342396800000,auto,auto,https://docs.tibco.com/pub/activematrix-adapter-for-websphere-mq/tibco-activematrix-adapter-for-websphere-mq-6-2-1_documentation.zip,auto,false,tibco,general,,,,,
tibco-activematrix-adapter-for-websphere-mq,6.2.0,true,false,,2011-07-05,auto,auto,https://docs.tibco.com/pub/activematrix-adapter-for-websphere-mq/tibco-activematrix-adapter-for-websphere-mq-6-2-0_documentation.zip,auto,false,tibco,general,,,,,
tibco-activematrix-adapter-for-websphere-mq,6.1.0,true,false,,2009-12-01,auto,auto,https://docs.tibco.com/pub/activematrix-adapter-for-websphere-mq/tibco-activematrix-adapter-for-websphere-mq-6-1-0_documentation.zip,auto,false,tibco,general,,,,,
tibco-activematrix-adapter-for-websphere-mq,6.0.0,true,false,,2009-04-01,auto,auto,https://docs.tibco.com/pub/activematrix-adapter-for-websphere-mq/tibco-activematrix-adapter-for-websphere-mq-6-0-0_documentation.zip,auto,false,tibco,general,,,,,
tibco-activematrix-adapter-framework,1.6.1,false,true,,2023-02-20,auto,auto,https://docs.tibco.com/pub/adapteruipack/1.6.1/doc/zip/tib_adapteruipack_1.6.1_doc.zip,auto,false,tibco,general,,,,,
tibco-activematrix-adapter-framework,1.6.0,false,true,,2020-12-21,auto,auto,https://docs.tibco.com/pub/adapteruipack/1.6.0/doc/zip/tib_adapteruipack_1.6.0_doc.zip,auto,false,tibco,general,,,,,
tibco-activematrix-adapter-framework,1.4.2,false,true,,2019-11-11,auto,auto,https://docs.tibco.com/pub/adapteruipack/1.4.2/doc/zip/tib_adapteruipack_1.4.2_doc.zip,auto,false,tibco,general,,,,,
tibco-activematrix-adapter-framework,1.4.1,false,true,,1535673600000,auto,auto,https://docs.tibco.com/pub/adapteruipack/1.4.1/doc/zip/tib_adapteruipack_1.4.1_doc.zip,auto,false,tibco,general,,,,,
tibco-activematrix-adapter-framework,1.4.0,false,true,,1522972800000,auto,auto,https://docs.tibco.com/pub/adapteruipack/1.4.0/doc/zip/tib_adapteruipack_1.4.0_doc.zip,auto,false,tibco,general,,,,,
tibco-activematrix-adapter-framework,1.3.2,false,true,,2017-12-15,auto,auto,https://docs.tibco.com/pub/adapteruipack/1.3.2/doc/zip/tib_adapteruipack_1.3.2_doc.zip,auto,false,tibco,general,,,,,
tibco-activematrix-adapter-framework,1.3.1,false,true,,2017-04-27,auto,auto,https://docs.tibco.com/pub/adapteruipack/1.3.1/doc/zip/tib_adapteruipack_1.3.1_doc.zip,auto,false,tibco,general,,,,,
tibco-activematrix-adapter-framework,1.3.0,false,true,,2016-02-24,auto,auto,https://docs.tibco.com/pub/adapteruipack/1.3.0/doc/zip/tib_adapteruipack_1.3.0_doc.zip,auto,false,tibco,general,,,,,
tibco-activematrix-adapter-framework,1.2.0,false,true,,2015-05-12,auto,auto,https://docs.tibco.com/pub/adapteruipack/1.2.0/doc/zip/tib_adapteruipack_1.2.0_doc.zip,auto,false,tibco,general,,,,,
tibco-activematrix-adapter-framework,1.1.2,false,true,,1416355200000,auto,auto,https://docs.tibco.com/pub/adapteruipack/1.1.2/doc/zip/tib_adapteruipack_1.1.2_doc.zip,auto,false,tibco,general,,,,,
tibco-activematrix-adapter-framework,1.1.1,false,true,,2014-08-29,auto,auto,https://docs.tibco.com/pub/activematrix-adapter-ui-pack/1.1.1/doc/zip/tib_activematrix-adapter-ui-pack_1.1.1_doc.zip,auto,false,tibco,general,,,,,
tibco-activematrix-adapter-framework,1.1.0,false,true,,2014-05-28,auto,auto,https://docs.tibco.com/pub/activematrix-adapter-ui-pack/1.1.0/doc/zip/tib_activematrix-adapter-ui-pack_1.1.0_doc.zip,auto,false,tibco,general,,,,,
tibco-activematrix-adapter-service-engine-for-files,6.0.0,false,true,,2011-06-30,auto,auto,https://docs.tibco.com/pub/activematrix-adapter-service-engine-for-files/6.0.0-april-2009/doc/zip/tib_activematrix-adapter-service-engine-for-files_6.0.0-april-2009_doc.zip,auto,false,tibco,general,,,,,
tibco-activematrix-adapter-service-engine-for-ibm-i,6.0.0,false,true,,2011-06-30,auto,auto,https://docs.tibco.com/pub/activematrix-adapter-service-engine-for-ibm-i/6.0.0-march-2010/doc/zip/tib_activematrix-adapter-service-engine-for-ibm-i_6.0.0-march-2010_doc.zip,auto,false,tibco,general,,,,,
tibco-activematrix-adapter-service-engine-for-lotus-notes,6.0.0,false,true,,2011-07-05,auto,auto,https://docs.tibco.com/pub/activematrix-adapter-service-engine-for-lotus-notes/6.0.0-november-2009/doc/zip/tib_activematrix-adapter-service-engine-for-lotus-notes_6.0.0-november-2009_doc.zip,auto,false,tibco,general,,,,,
tibco-activematrix-adapter-service-engine-for-peoplesoft,6.0.0,false,true,,2011-07-05,auto,auto,https://docs.tibco.com/pub/activematrix-adapter-for-peoplesoft/6.0.0-december-2009/doc/zip/tib_activematrix-adapter-for-peoplesoft_6.0.0-december-2009_doc.zip,auto,false,tibco,general,,,,,
tibco-activematrix-adapter-service-engine-for-sap,6.0.0,false,true,,2011-07-05,auto,auto,https://docs.tibco.com/pub/activematrix-adapter-service-engine-for-sap/6.0.0-february-2009/doc/zip/tib_activematrix-adapter-service-engine-for-sap_6.0.0-february-2009_doc.zip,auto,false,tibco,general,,,,,
tibco-activematrix-adapter-service-engine-for-siebel,6.0.0,false,true,,2011-07-05,auto,auto,https://docs.tibco.com/pub/activematrix-adapter-service-engine-for-siebel/6.0.0-april-2010/doc/zip/tib_activematrix-adapter-service-engine-for-siebel_6.0.0-april-2010_doc.zip,auto,false,tibco,general,,,,,
tibco-activematrix-adapter-service-engine-for-tuxedo,6.0.0,false,true,,2011-07-05,auto,auto,https://docs.tibco.com/pub/activematrix-adapter-service-engine-for-tuxedo/6.0.0-march-2010/doc/zip/tib_activematrix-adapter-service-engine-for-tuxedo_6.0.0-march-2010_doc.zip,auto,false,tibco,general,,,,,
tibco-activematrix-adapter-service-engine-for-websphere-mq,6.0.0,false,true,,2011-07-05,auto,auto,https://docs.tibco.com/pub/activematrix-adapter-service-engine-for-websphere-mq/6.0.0-april-2009/doc/zip/tib_activematrix-adapter-service-engine-for-websphere-mq_6.0.0-april-2009_doc.zip,auto,false,tibco,general,,,,,
tibco-activematrix-binding-type-for-adapters,3.2.0,true,false,,2012-08-29,auto,auto,https://docs.tibco.com/pub/activematrix_binding_type_for_adapters/tibco-activematrix-binding-type-for-adapters-3-2-0_documentation.zip,auto,false,tibco,general,,,,,
tibco-activematrix-binding-type-for-adapters,3.1.2,true,false,,2011-06-13,auto,auto,https://docs.tibco.com/pub/activematrix_binding_type_for_adapters/tibco-activematrix-binding-type-for-adapters-3-1-2_documentation.zip,auto,false,tibco,general,,,,,
tibco-activematrix-binding-type-for-adapters,3.0.1,true,false,,2013-01-15,auto,auto,https://docs.tibco.com/pub/activematrix_binding_type_for_adapters/tibco-activematrix-binding-type-for-adapters-3-0-1_documentation.zip,auto,false,tibco,general,,,,,
tibco-activematrix-binding-type-for-ejb,3.2.0,false,true,,2012-08-29,auto,auto,https://docs.tibco.com/pub/activematrix_binding_type_for_ejb/3.2.0_august_2012/doc/zip/tib_activematrix_binding_type_for_ejb_3.2.0_august_2012_doc.zip,auto,false,tibco,general,,,,,
tibco-activematrix-binding-type-for-ejb,3.1.2,false,true,,2011-06-23,auto,auto,https://docs.tibco.com/pub/activematrix_binding_type_for_ejb/3.1.2_april_2011/doc/zip/tib_activematrix_binding_type_for_ejb_3.1.2_april_2011_doc.zip,auto,false,tibco,general,,,,,
tibco-activematrix-binding-type-for-ejb,3.0.1,true,false,,2013-01-15,auto,auto,https://docs.tibco.com/pub/activematrix_binding_type_for_ejb/tibco-activematrix-binding-type-for-ejb-3-0-1_documentation.zip,auto,false,tibco,general,,,,,
tibco-activematrix-binding-type-for-ejb,1.0.0,false,true,,2011-07-13,auto,auto,https://docs.tibco.com/pub/activematrix_binding_type_for_ejb/1.0.0_september_2008/doc/zip/tib_activematrix_binding_type_for_ejb_1.0.0_september_2008_doc.zip,auto,false,tibco,general,,,,,
tibco-activematrix-binding-type-for-ldap,1.0.0,true,false,,2011-07-08,auto,auto,https://docs.tibco.com/pub/activematrix_binding_type_for_ldap/tibco-activematrix-binding-type-for-ldap-1-0-0_documentation.zip,auto,false,tibco,general,,,,,
tibco-activematrix-binding-type-for-rest,3.3.0,false,true,,2015-01-13,auto,auto,https://docs.tibco.com/pub/activematrix_binding_type_for_rest/3.3.0/doc/zip/tib_activematrix_binding_type_for_rest_3.3.0_doc.zip,auto,false,tibco,general,,,,,
tibco-activematrix-binding-type-for-rest,3.2.0,false,true,,2012-12-03,auto,auto,https://docs.tibco.com/pub/activematrix_binding_type_for_rest/3.2.0-november-2012/doc/zip/tib_activematrix_binding_type_for_rest_3.2.0-november-2012_doc.zip,auto,false,tibco,general,,,,,
tibco-activematrix-bpm,4.3.0,false,true,,1534982400000,auto,auto,https://docs.tibco.com/pub/amx-bpm/4.3.0/doc/zip/tib_amx-bpm_4.3.0_doc.zip,auto,false,tibco,general,,,,,
tibco-activematrix-bpm,4.2.0,false,true,,1501718400000,auto,auto,https://docs.tibco.com/pub/amx-bpm/4.2.0/doc/zip/tib_amx-bpm_4.2.0_doc.zip,auto,false,tibco,general,,,,,
tibco-activematrix-bpm,4.1.0,true,false,,2022-03-08,auto,auto,https://docs.tibco.com/pub/amx-bpm/tibco-activematrix-bpm-4-1-0_documentation.zip,auto,false,tibco,general,,,,,
tibco-activematrix-bpm,3.1.0,true,false,,2022-02-16,auto,auto,https://docs.tibco.com/pub/amx-bpm/tibco-activematrix-bpm-3-1-0_documentation.zip,auto,false,tibco,general,,,,,
tibco-activematrix-bpm,3.0.0,true,false,,2022-02-16,auto,auto,https://docs.tibco.com/pub/activematrix_bpm/tibco-activematrix-bpm-3-0-0_documentation.zip,auto,false,tibco,general,,,,,
tibco-activematrix-bpm,2.2.0,true,false,,2022-02-16,auto,auto,https://docs.tibco.com/pub/activematrix_bpm/tibco-activematrix-bpm-2-2-0_documentation.zip,auto,false,tibco,general,,,,,
tibco-activematrix-bpm,2.1.0,true,false,,2022-02-16,auto,auto,https://docs.tibco.com/pub/activematrix_bpm/tibco-activematrix-bpm-2-1-0_documentation.zip,auto,false,tibco,general,,,,,
tibco-activematrix-bpm-mobilespace-for-ios-1-0-0,1.0.0,false,true,,2017-08-03,auto,auto,https://docs.tibco.com/pub/bpm-ios/1.0.0/doc/zip/tib_bpm-ios_1.0.0_doc.zip,auto,false,tibco,general,,,,,
tibco-activematrix-decisions,1.3.0,true,false,,2015-11-10,auto,auto,https://docs.tibco.com/pub/amx-dec/1.3.0/tibco-activematrix-decisions-1-3-0_documentation.zip,auto,false,tibco,general,,,,,
tibco-activematrix-decisions,1.2.0,true,false,,2014-08-27,auto,auto,https://docs.tibco.com/pub/activematrix-decisions-runtime/tibco-activematrix-decisions-1-2-0_documentation.zip,auto,false,tibco,general,,,,,
tibco-activematrix-decisions,1.1.1,true,false,,2014-05-14,auto,auto,https://docs.tibco.com/pub/activematrix-decisions-runtime/tibco-activematrix-decisions-1-1-1_documentation.zip,auto,false,tibco,general,,,,,
tibco-activematrix-decisions,1.1.0,true,false,,2013-10-10,auto,auto,https://docs.tibco.com/pub/activematrix-decisions-runtime/tibco-activematrix-decisions-1-1-0_documentation.zip,auto,false,tibco,general,,,,,
tibco-activematrix-decisions,1.0.1,true,false,,2012-04-30,auto,auto,https://docs.tibco.com/pub/activematrix-decisions-runtime/tibco-activematrix-decisions-1-0-1_documentation.zip,auto,false,tibco,general,,,,,
tibco-activematrix-decisions,1.0.0,true,false,,2011-11-15,auto,auto,https://docs.tibco.com/pub/activematrix-decisions-runtime/tibco-activematrix-decisions-1-0-0_documentation.zip,auto,false,tibco,general,,,,,
tibco-activematrix-implementation-type-for-c++,3.2.0,false,true,,2012-08-29,auto,auto,https://docs.tibco.com/pub/activematrix_implementation_type_for_cpp/3.2.0_august_2012/doc/zip/tib_activematrix_implementation_type_for_cpp_3.2.0_august_2012_doc.zip,auto,false,tibco,general,,,,,
tibco-activematrix-implementation-type-for-c++,3.1.2,false,true,,2011-06-21,auto,auto,https://docs.tibco.com/pub/activematrix_implementation_type_for_cpp/3.1.2_april_2011/doc/zip/tib_activematrix_implementation_type_for_cpp_3.1.2_april_2011_doc.zip,auto,false,tibco,general,,,,,
tibco-activematrix-implementation-type-for-c++,3.0.1,false,true,,2010-08-01,auto,auto,https://docs.tibco.com/pub/activematrix_implementation_type_for_cpp/3.0.1_august_2010/doc/zip/tib_activematrix_implementation_type_for_cpp_3.0.1_august_2010_doc.zip,auto,false,tibco,general,,,,,
tibco-activematrix-implementation-type-for-c++,3.0.0,false,true,,2010-05-01,auto,auto,https://docs.tibco.com/pub/activematrix_implementation_type_for_cpp/3.0.0_may_2010/doc/zip/tib_activematrix_implementation_type_for_cpp_3.0.0_may_2010_doc.zip,auto,false,tibco,general,,,,,
tibco-activematrix-implementation-type-for-c++,1.1.0,false,true,,2011-07-13,auto,auto,https://docs.tibco.com/pub/activematrix_implementation_type_for_cpp/1.1.0_february_2009/doc/zip/tib_activematrix_implementation_type_for_cpp_1.1.0_february_2009_doc.zip,auto,false,tibco,general,,,,,
tibco-activematrix-implementation-type-for-microsoft-clr,3.3.0,false,true,,2013-11-23,auto,auto,https://docs.tibco.com/pub/activematrix_implementation_type_for_microsoft_clr/3.3.0-november-2013/doc/zip/tib_activematrix_implementation_type_for_microsoft_clr_3.3.0-november-2013_doc.zip,auto,false,tibco,general,,,,,
tibco-activematrix-implementation-type-for-microsoft-clr,3.2.0,false,true,,2012-08-29,auto,auto,https://docs.tibco.com/pub/activematrix_implementation_type_for_microsoft_clr/3.2.0_august_2012/doc/zip/tib_activematrix_implementation_type_for_microsoft_clr_3.2.0_august_2012_doc.zip,auto,false,tibco,general,,,,,
tibco-activematrix-implementation-type-for-microsoft-clr,3.1.2,false,true,,2011-06-21,auto,auto,https://docs.tibco.com/pub/activematrix_implementation_type_for_microsoft_clr/3.1.2_april_2011/doc/zip/tib_activematrix_implementation_type_for_microsoft_clr_3.1.2_april_2011_doc.zip,auto,false,tibco,general,,,,,
tibco-activematrix-implementation-type-for-scripting-in-ruby,1.0,false,true,,2011-06-23,auto,auto,https://docs.tibco.com/pub/activematrix_implementation_type_for_ruby/1.0.0_december_2008/doc/zip/tib_activematrix_implementation_type_for_ruby_1.0.0_december_2008_doc.zip,auto,false,tibco,general,,,,,
tibco-activematrix-implementation-type-for-tibco-adapters,1.0.0,true,false,,2012-11-30,auto,auto,https://docs.tibco.com/pub/activematrix_implementation_type_for_tibco_adapters/tibco-activematrix-implementation-type-for-tibco-adapters-1-0-0_documentation.zip,auto,false,tibco,general,,,,,
tibco-activematrix-implementation-type-for-wcf-host,1.0,false,true,,2011-06-24,auto,auto,https://docs.tibco.com/pub/activematrix_management_agent_for_wcf_host/1.0.0_june_2009/doc/zip/tib_activematrix_management_agent_for_wcf_host_1.0.0_june_2009_doc.zip,auto,false,tibco,general,,,,,
tibco-activematrix-management-agent-for-wcf,1.2.1,false,true,,2015-02-18,auto,auto,https://docs.tibco.com/pub/amma-wcf/1.2.1/doc/zip/tib_amma-wcf_1.2.1_doc.zip,auto,false,tibco,general,,,,,
tibco-activematrix-management-agent-for-wcf,1.2,false,true,,2011-06-21,auto,auto,https://docs.tibco.com/pub/activematrix_management_agent_for_wcf/1.2.0_july_2009/doc/zip/tib_activematrix_management_agent_for_wcf_1.2.0_july_2009_doc.zip,auto,false,tibco,general,,,,,
tibco-activematrix-management-agent-for-wcf,1.1,false,true,,2009-02-01,auto,auto,https://docs.tibco.com/pub/activematrix_management_agent_for_wcf/1.1.0_february_2009/doc/zip/tib_activematrix_management_agent_for_wcf_1.1.0_february_2009_doc.zip,auto,false,tibco,general,,,,,
tibco-activematrix-management-agent-for-websphere,1.2.1,false,true,,2015-02-18,auto,auto,https://docs.tibco.com/pub/amma-was/1.2.1/doc/zip/tib_amma-was_1.2.1_doc.zip,auto,false,tibco,general,,,,,
tibco-activematrix-management-agent-for-websphere,1.2,false,true,,2011-06-23,auto,auto,https://docs.tibco.com/pub/activematrix_management_agent_for_websphere/1.2.0_july_2009/doc/zip/tib_activematrix_management_agent_for_websphere_1.2.0_july_2009_doc.zip,auto,false,tibco,general,,,,,
tibco-activematrix-management-agent-for-websphere,1.1,false,true,,2009-02-01,auto,auto,https://docs.tibco.com/pub/activematrix_management_agent_for_wcf/1.1.0_february_2009/doc/zip/tib_activematrix_management_agent_for_wcf_1.1.0_february_2009_doc.zip,auto,false,tibco,general,,,,,
tibco-activematrix-policy-director,2.0.0,true,false,,2017-06-15,auto,auto,https://docs.tibco.com/pub/policy-director/tibco-activematrix-policy-director-2-0-0_documentation.zip,auto,false,tibco,general,,,,,
tibco-activematrix-policy-director,1.1.0,true,false,,2014-11-21,auto,auto,https://docs.tibco.com/pub/policy-director/tibco-activematrix-policy-director-1-1-0_documentation.zip,auto,false,tibco,general,,,,,
tibco-activematrix-policy-director,1.0.1,true,false,,2017-06-15,auto,auto,https://docs.tibco.com/pub/policy-director/tibco-activematrix-policy-director-1-0-1_documentation.zip,auto,false,tibco,general,,,,,
tibco-activematrix-policy-director,1.0.0,true,false,,2012-04-19,auto,auto,https://docs.tibco.com/pub/policy-director/tibco-activematrix-policy-director-1-0-0_documentation.zip,auto,false,tibco,general,,,,,
tibco-activematrix-runtime-uddi-server,3.1,false,true,,2011-06-21,auto,auto,https://docs.tibco.com/pub/activematrix_runtime_uddi_server/3.1.0_march_2010/doc/zip/tib_activematrix_runtime_uddi_server_3.1.0_march_2010_doc.zip,auto,false,tibco,general,,,,,
tibco-activematrix-runtime-uddi-server,3.0.0,false,true,,2009-05-01,auto,auto,https://docs.tibco.com/pub/activematrix_runtime_uddi_server/3.0.0_may_2009/doc/zip/tib_activematrix_runtime_uddi_server_3.0.0_may_2009_doc.zip,auto,false,tibco,general,,,,,
tibco-activematrix-service-bus,3.4.0,true,false,,2019-04-24,auto,auto,https://docs.tibco.com/pub/activematrix_service_bus/tibco-activematrix-service-bus-3-4-0_documentation.zip,auto,false,tibco,general,,,,,
tibco-activematrix-service-bus,3.3.0,true,false,,2018-11-08,auto,auto,https://docs.tibco.com/pub/activematrix_service_bus/tibco-activematrix-service-bus-3-3-0_documentation.zip,auto,false,tibco,general,,,,,
tibco-activematrix-service-bus,3.2.0,true,false,,2012-08-30,auto,auto,https://docs.tibco.com/pub/activematrix_service_bus/tibco-activematrix-service-bus-3-2-0_documentation.zip,auto,false,tibco,general,,,,,
tibco-activematrix-service-bus,3.1.5,true,false,,2012-03-15,auto,auto,https://docs.tibco.com/pub/activematrix_service_bus/tibco-activematrix-service-bus-3-1-5_documentation.zip,auto,false,tibco,general,,,,,
tibco-activematrix-service-bus,2.3.2,true,false,,2012-03-15,auto,auto,https://docs.tibco.com/pub/activematrix_service_bus/tibco-activematrix-service-bus-2-3-2_documentation.zip,auto,false,tibco,general,,,,,
tibco-activematrix-service-bus,2.3.1,true,false,,2011-07-13,auto,auto,https://docs.tibco.com/pub/activematrix_service_bus/tibco-activematrix-service-bus-2-3-1_documentation.zip,auto,false,tibco,general,,,,,
tibco-activematrix-service-bus,2.3.0,true,false,,2010-02-01,auto,auto,https://docs.tibco.com/pub/activematrix_service_bus/tibco-activematrix-service-bus-2-3-0_documentation.zip,auto,false,tibco,general,,,,,
tibco-activematrix-service-bus,2.2.0,true,false,,2009-03-01,auto,auto,https://docs.tibco.com/pub/activematrix_service_bus/tibco-activematrix-service-bus-2-2-0_documentation.zip,auto,false,tibco,general,,,,,
tibco-activematrix-service-gateway,1.1,false,true,,2012-06-01,auto,auto,https://docs.tibco.com/pub/activematrix-service-gateway/1.1.0-may-2012/doc/zip/tib_activematrix-service-gateway_1.1.0-may-2012_doc.zip,auto,false,tibco,general,,,,,
tibco-activematrix-updater-tool-for-java-runtime-environment-jre,1.1.0,false,true,,2015-05-11,auto,auto,https://docs.tibco.com/pub/amx-jre-updater/1.1.0/doc/zip/tib_amx-jre-updater_1.1.0_doc.zip,auto,false,tibco,general,,,,,
tibco-activematrix-updater-tool-for-java-runtime-environment-jre,1.0.0,false,true,,2013-04-03,auto,auto,https://docs.tibco.com/pub/activematrix_updater_tool_ for_JRE/1.0.0_mar_2013/doc/zip/tib_activematrix_updater_tool_ for_JRE_1.0.0_mar_2013_doc.zip,auto,false,tibco,general,,,,,
tibco-adapter-for-com,5.3.1,true,false,,2011-06-27,auto,auto,https://docs.tibco.com/pub/adapter_for_com/tibco-adapter-for-com-5-3-1_documentation.zip,auto,false,tibco,general,,,,,
tibco-adapter-for-files-ibm-i,5.0.1,true,false,,1532304000000,auto,auto,https://docs.tibco.com/pub/fa/tibco-adapter-for-files-ibm-i-5-0-1_documentation.zip,auto,false,tibco,general,,,,,
tibco-adapter-for-files-ibm-i,5.0.0,true,false,,2016-02-04,auto,auto,https://docs.tibco.com/pub/fa/tibco-adapter-for-files-ibm-i-5-0-0_documentation.zip,auto,false,tibco,general,,,,,
tibco-adapter-for-files-ibm-i,4.7,true,false,,2011-06-30,auto,auto,https://docs.tibco.com/pub/adapter-for-files-ibm-i/tibco-adapter-for-files-ibm-i-4-7_documentation.zip,auto,false,tibco,general,,,,,
tibco-adapter-for-files-z-os-mvs,4.7,false,true,,2011-06-30,auto,auto,https://docs.tibco.com/pub/adapter-for-files-zos-mvs/4.7.0-june-2010/doc/zip/tib_adapter-for-files-zos-mvs_4.7.0-june-2010_doc.zip,auto,false,tibco,general,,,,,
tibco-adapter-for-infranet-5-2-0,5.2.0,false,true,,2011-07-05,auto,auto,https://docs.tibco.com/pub/adapter-for-infranet/5.2.0-june-2007/doc/zip/tib_adapter-for-infranet_5.2.0-june-2007_doc.zip,auto,false,tibco,general,,,,,
tibco-adapter-for-oracle-applications,5.4.1,false,true,,2011-07-05,auto,auto,https://docs.tibco.com/pub/adapter-for-oracle-applications/5.4.1-june-2011/doc/zip/tib_adapter-for-oracle-applications_5.4.1-june-2011_doc.zip,auto,false,tibco,general,,,,,
tibco-adapter-migration,1.8.1,false,true,,2022-12-09,auto,auto,https://docs.tibco.com/pub/adm/1.8.1/doc/zip/tib_adm_1.8.1_doc.zip,auto,false,tibco,general,,,,,
tibco-adapter-migration,1.8.0,false,true,,2022-02-02,auto,auto,https://docs.tibco.com/pub/adm/1.8.0/doc/zip/tib_adm_1.8.0_doc.zip,auto,false,tibco,general,,,,,
tibco-adapter-migration,1.7.0,false,true,,1608508800000,auto,auto,https://docs.tibco.com/pub/adm/1.7.0/doc/zip/tib_adm_1.7.0_doc.zip,auto,false,tibco,general,,,,,
tibco-adapter-sdk,5.8.0,false,true,,1524700800000,auto,auto,https://docs.tibco.com/pub/adapter_sdk/5.8.0/doc/zip/tib_adapter_sdk_5.8.0_doc.zip,auto,false,tibco,general,,,,,
tibco-adapter-sdk,5.7.0,true,false,,2026-03-17,auto,auto,https://docs.tibco.com/pub/adapter_sdk/tibco-adapter-sdk-5-7-0_documentation.zip,auto,false,tibco,general,,,,,
tibco-administrator-enterprise-edition,5.13.0,false,true,,2024-10-21,auto,auto,https://docs.tibco.com/pub/administrator/5.13.0/doc/zip/tib_administrator_5.13.0_doc.zip,auto,false,tibco,general,,,,,
tibco-administrator-enterprise-edition,5.12.4,false,true,,1698883200000,auto,auto,https://docs.tibco.com/pub/administrator/5.12.4/doc/zip/tib_administrator_5.12.4_doc.zip,auto,false,tibco,general,,,,,
tibco-administrator-enterprise-edition,5.12.2,false,true,,1677542400000,auto,auto,https://docs.tibco.com/pub/administrator/5.12.2/doc/zip/tib_administrator_5.12.2_doc.zip,auto,false,tibco,general,,,,,
tibco-administrator-enterprise-edition,5.12.0,true,false,,1629072000000,auto,auto,https://docs.tibco.com/pub/administrator/tibco-administrator-enterprise-edition-5-12-0_documentation.zip,auto,false,tibco,general,,,,,
tibco-administrator-enterprise-edition,5.11.3,true,false,,1647907200000,auto,auto,https://docs.tibco.com/pub/administrator/tibco-administrator-enterprise-edition-5-11-3_documentation.zip,auto,false,tibco,general,,,,,
tibco-administrator-enterprise-edition,5.11.2,true,false,,1606435200000,auto,auto,https://docs.tibco.com/pub/administrator/tibco-administrator-enterprise-edition-5-11-2_documentation.zip,auto,false,tibco,general,,,,,
tibco-administrator-enterprise-edition,5.11.1,true,false,,2019-04-29,auto,auto,https://docs.tibco.com/pub/administrator/tibco-administrator-enterprise-edition-5-11-1_documentation.zip,auto,false,tibco,general,,,,,
tibco-administrator-enterprise-edition,5.11.0,true,false,,1532304000000,auto,auto,https://docs.tibco.com/pub/administrator/tibco-administrator-5-11-0_documentation.zip,auto,false,tibco,general,,,,,
tibco-administrator-enterprise-edition,5.10.3,true,false,,1606694400000,auto,auto,https://docs.tibco.com/pub/administrator/tibco-administrator-enterprise-edition-5-10-3_documentation.zip,auto,false,tibco,general,,,,,
tibco-administrator-enterprise-edition,5.10.2,true,false,,2019-04-26,auto,auto,https://docs.tibco.com/pub/administrator/tibco-administrator-enterprise-edition-5-10-2_documentation.zip,auto,false,tibco,general,,,,,
tibco-administrator-enterprise-edition,5.10.1,true,false,,2018-04-26,auto,auto,https://docs.tibco.com/pub/administrator/tibco-administrator-5-10-1_documentation.zip,auto,false,tibco,general,,,,,
tibco-administrator-enterprise-edition,5.10.0,true,false,,2015-08-27,auto,auto,https://docs.tibco.com/pub/administrator/tibco-administrator-5-10-0_documentation.zip,auto,false,tibco,general,,,,,
tibco-administrator-enterprise-edition,5.9.1,true,false,,2015-03-18,auto,auto,https://docs.tibco.com/pub/administrator/tibco-administrator-5-9-1_documentation.zip,auto,false,tibco,general,,,,,
tibco-administrator-enterprise-edition,5.9.0,true,false,,2014-05-15,auto,auto,https://docs.tibco.com/pub/administrator/tibco-administrator-5-9-0_documentation.zip,auto,false,tibco,general,,,,,
tibco-administrator-enterprise-edition,5.8.0,true,false,,1351728000000,auto,auto,https://docs.tibco.com/pub/administrator/tibco-administrator-5-8-0_documentation.zip,auto,false,tibco,general,,,,,
tibco-administrator-enterprise-edition,5.7.1,true,false,,2012-03-08,auto,auto,https://docs.tibco.com/pub/administrator/tibco-administrator-5-7-1_documentation.zip,auto,false,tibco,general,,,,,
tibco-administrator-enterprise-edition,5.7.0,true,false,,1288569600000,auto,auto,https://docs.tibco.com/pub/administrator/tibco-administrator-5-7-0_documentation.zip,auto,false,tibco,general,,,,,
tibco-administrator-enterprise-edition-distribution-for-tibco-silver-fabric,5.11.0,true,false,,1540944000000,auto,auto,https://docs.tibco.com/pub/tasf/tibco-administrator-enterprise-edition-distribution-for-tibco-silver-fabric-5-11-0_documentation.zip,auto,false,tibco,general,,,,,
tibco-analytics,10.6.1,true,false,,1575849600000,auto,auto,https://docs.tibco.com/pub/sfire-analyst-suite/tibco-analytics-10-6-1_documentation.zip,auto,false,tibco,general,,,,,
tibco-analytics,10.6.0,true,false,,2019-10-14,auto,auto,https://docs.tibco.com/pub/sfire-analyst-suite/tibco-analytics-10-6-0_documentation.zip,auto,false,tibco,general,,,,,
tibco-analytics,10.5.0,true,false,,2019-08-29,auto,auto,https://docs.tibco.com/pub/sfire-analyst-suite/tibco-analytics-10-5-0_documentation.zip,auto,false,tibco,general,,,,,
tibco-analytics,10.4.0,true,false,,2019-06-12,auto,auto,https://docs.tibco.com/pub/sfire-analyst-suite/tibco-analytics-10-4-0_documentation.zip,auto,false,tibco,general,,,,,
tibco-analytics,10.3.4,true,false,,1575849600000,auto,auto,https://docs.tibco.com/pub/sfire-analyst-suite/tibco-analytics-10-3-4_documentation.zip,auto,false,tibco,general,,,,,
tibco-analytics,10.3.3,true,false,,2019-08-22,auto,auto,https://docs.tibco.com/pub/sfire-analyst-suite/tibco-analytics-10-3-3_documentation.zip,auto,false,tibco,general,,,,,
tibco-analytics,10.3.2,true,false,,2019-07-01,auto,auto,https://docs.tibco.com/pub/sfire-analyst-suite/tibco-analytics-10-3-2_documentation.zip,auto,false,tibco,general,,,,,
tibco-analytics,10.3.1,true,false,,2019-06-03,auto,auto,https://docs.tibco.com/pub/sfire-analyst-suite/tibco-analytics-10-3-1_documentation.zip,auto,false,tibco,general,,,,,
tibco-analytics,10.3.0,true,false,,2019-05-02,auto,auto,https://docs.tibco.com/pub/sfire-analyst-suite/tibco-analytics-10-3-0_documentation.zip,auto,false,tibco,general,,,,,
tibco-analytics,10.2.1,true,false,,2019-05-02,auto,auto,https://docs.tibco.com/pub/sfire-analyst-suite/tibco-analytics-10-2-1_documentation.zip,auto,false,tibco,general,,,,,
tibco-analytics,10.2.0,true,false,,2019-02-25,auto,auto,https://docs.tibco.com/pub/sfire-analyst-suite/tibco-analytics-10-2-0_documentation.zip,auto,false,tibco,general,,,,,
tibco-analytics,10.1.0,true,false,,2019-01-23,auto,auto,https://docs.tibco.com/pub/sfire-analyst-suite/tibco-analytics-10-1-0_documentation.zip,auto,false,tibco,general,,,,,
tibco-analytics,10.0.1,true,false,,2018-12-21,auto,auto,https://docs.tibco.com/pub/sfire-analyst-suite/tibco-analytics-10-0-1_documentation.zip,auto,false,tibco,general,,,,,
tibco-analytics,10.0.0,true,false,,2018-10-24,auto,auto,https://docs.tibco.com/pub/sfire-analyst-suite/tibco-analytics-10-0-0_documentation.zip,auto,false,tibco,general,,,,,
tibco-analytics,7.14.1,true,false,,2018-09-26,auto,auto,https://docs.tibco.com/pub/sfire-analyst-suite/tibco-analytics-7-14-1_documentation.zip,auto,false,tibco,general,,,,,
tibco-analytics,7.14.0,true,false,,1533772800000,auto,auto,https://docs.tibco.com/pub/sfire-analyst-suite/tibco-analytics-7-14-0_documentation.zip,auto,false,tibco,general,,,,,
tibco-analytics,7.13.0,true,false,,1526256000000,auto,auto,https://docs.tibco.com/pub/sfire-analyst-suite/tibco-analytics-7-13-0_documentation.zip,auto,false,tibco,general,,,,,
tibco-analytics,7.12.0,true,false,,2018-01-22,auto,auto,https://docs.tibco.com/pub/sfire-analyst-suite/tibco-analytics-7-12-0_documentation.zip,auto,false,tibco,general,,,,,
tibco-analytics,7.11.7,true,false,,1575849600000,auto,auto,https://docs.tibco.com/pub/sfire-analyst-suite/tibco-analytics-7-11-7_documentation.zip,auto,false,tibco,general,,,,,
tibco-analytics,7.11.6,true,false,,2019-08-21,auto,auto,https://docs.tibco.com/pub/sfire-analyst-suite/tibco-analytics-7-11-6_documentation.zip,auto,false,tibco,general,,,,,
tibco-analytics,7.11.5,true,false,,2019-07-01,auto,auto,https://docs.tibco.com/pub/sfire-analyst-suite/tibco-analytics-7-11-5_documentation.zip,auto,false,tibco,general,,,,,
tibco-analytics,7.11.4,true,false,,2019-06-03,auto,auto,https://docs.tibco.com/pub/sfire-analyst-suite/tibco-analytics-7-11-4_documentation.zip,auto,false,tibco,general,,,,,
tibco-analytics,7.11.3,true,false,,2019-05-02,auto,auto,https://docs.tibco.com/pub/sfire-analyst-suite/tibco-analytics-7-11-3_documentation.zip,auto,false,tibco,general,,,,,
tibco-analytics,7.11.2,true,false,,2018-12-21,auto,auto,https://docs.tibco.com/pub/sfire-analyst-suite/tibco-analytics-7-11-2_documentation.zip,auto,false,tibco,general,,,,,
tibco-analytics,7.11.1,true,false,,2018-09-26,auto,auto,https://docs.tibco.com/pub/sfire-analyst-suite/tibco-analytics-7-11-1_documentation.zip,auto,false,tibco,general,,,,,
tibco-analytics,7.11.0,true,false,,2017-11-14,auto,auto,https://docs.tibco.com/pub/sfire-analyst-suite/tibco-analytics-7-11-0_documentation.zip,auto,false,tibco,general,,,,,
tibco-analytics,7.10.1,true,false,,2017-08-16,auto,auto,https://docs.tibco.com/pub/sfire-analyst-suite/tibco-analytics-7-10-1_documentation.zip,auto,false,tibco,general,,,,,
tibco-analytics,7.10.0,true,false,,2017-07-16,auto,auto,https://docs.tibco.com/pub/sfire-analyst-suite/tibco-analytics-7-10-0_documentation.zip,auto,false,tibco,general,,,,,
tibco-analytics,7.9.0,true,false,,2017-05-08,auto,auto,https://docs.tibco.com/pub/sfire-analyst-suite/tibco-analytics-7-9-0_documentation.zip,auto,false,tibco,general,,,,,
tibco-analytics,7.8.1,true,false,,2017-04-12,auto,auto,https://docs.tibco.com/pub/sfire-analyst-suite/tibco-analytics-7-8-1_documentation.zip,auto,false,tibco,general,,,,,
tibco-analytics-business-author-add-on,10.6.1,true,false,,1575849600000,auto,auto,https://docs.tibco.com/pub/sfire-bauthor-suite/tibco-analytics-business-author-add-on-10-6-1_documentation.zip,auto,false,tibco,general,,,,,
tibco-analytics-business-author-add-on,10.6.0,true,false,,2019-10-14,auto,auto,https://docs.tibco.com/pub/sfire-bauthor-suite/tibco-analytics-business-author-add-on-10-6-0_documentation.zip,auto,false,tibco,general,,,,,
tibco-analytics-business-author-add-on,10.5.0,true,false,,2019-08-29,auto,auto,https://docs.tibco.com/pub/sfire-bauthor-suite/tibco-analytics-business-author-add-on-10-5-0_documentation.zip,auto,false,tibco,general,,,,,
tibco-analytics-business-author-add-on,10.4.0,true,false,,2019-06-12,auto,auto,https://docs.tibco.com/pub/sfire-bauthor-suite/tibco-analytics-business-author-add-on-10-4-0_documentation.zip,auto,false,tibco,general,,,,,
tibco-analytics-business-author-add-on,10.3.4,true,false,,1575849600000,auto,auto,https://docs.tibco.com/pub/sfire-bauthor-suite/tibco-analytics-business-author-add-on-10-3-4_documentation.zip,auto,false,tibco,general,,,,,
tibco-analytics-business-author-add-on,10.3.3,true,false,,2019-08-22,auto,auto,https://docs.tibco.com/pub/sfire-bauthor-suite/tibco-analytics-business-author-add-on-10-3-3_documentation.zip,auto,false,tibco,general,,,,,
tibco-analytics-business-author-add-on,10.3.2,true,false,,2019-07-01,auto,auto,https://docs.tibco.com/pub/sfire-bauthor-suite/tibco-analytics-business-author-add-on-10-3-2_documentation.zip,auto,false,tibco,general,,,,,
tibco-analytics-business-author-add-on,10.3.1,true,false,,2019-06-03,auto,auto,https://docs.tibco.com/pub/sfire-bauthor-suite/tibco-analytics-business-author-add-on-10-3-1_documentation.zip,auto,false,tibco,general,,,,,
tibco-analytics-business-author-add-on,10.3.0,true,false,,2019-05-02,auto,auto,https://docs.tibco.com/pub/sfire-bauthor-suite/tibco-analytics-business-author-add-on-10-3-0_documentation.zip,auto,false,tibco,general,,,,,
tibco-analytics-business-author-add-on,10.2.1,true,false,,2019-05-02,auto,auto,https://docs.tibco.com/pub/sfire-bauthor-suite/tibco-analytics-business-author-add-on-10-2-1_documentation.zip,auto,false,tibco,general,,,,,
tibco-analytics-business-author-add-on,10.2.0,true,false,,2019-02-25,auto,auto,https://docs.tibco.com/pub/sfire-bauthor-suite/tibco-analytics-business-author-add-on-10-2-0_documentation.zip,auto,false,tibco,general,,,,,
tibco-analytics-business-author-add-on,10.1.0,true,false,,2019-01-23,auto,auto,https://docs.tibco.com/pub/sfire-bauthor-suite/tibco-analytics-business-author-add-on-10-1-0_documentation.zip,auto,false,tibco,general,,,,,
tibco-analytics-business-author-add-on,10.0.1,true,false,,2018-12-21,auto,auto,https://docs.tibco.com/pub/sfire-bauthor-suite/tibco-analytics-business-author-add-on-10-0-1_documentation.zip,auto,false,tibco,general,,,,,
tibco-analytics-business-author-add-on,10.0.0,true,false,,2018-10-24,auto,auto,https://docs.tibco.com/pub/sfire-bauthor-suite/tibco-analytics-business-author-add-on-10-0-0_documentation.zip,auto,false,tibco,general,,,,,
tibco-analytics-business-author-add-on,7.14.1,true,false,,2018-09-26,auto,auto,https://docs.tibco.com/pub/sfire-bauthor-suite/tibco-analytics-business-author-add-on-7-14-1_documentation.zip,auto,false,tibco,general,,,,,
tibco-analytics-business-author-add-on,7.14.0,true,false,,1533772800000,auto,auto,https://docs.tibco.com/pub/sfire-bauthor-suite/tibco-analytics-business-author-add-on-7-14-0_documentation.zip,auto,false,tibco,general,,,,,
tibco-analytics-business-author-add-on,7.13.0,true,false,,1526256000000,auto,auto,https://docs.tibco.com/pub/sfire-bauthor-suite/tibco-analytics-business-author-add-on-7-13-0_documentation.zip,auto,false,tibco,general,,,,,
tibco-analytics-business-author-add-on,7.12.0,true,false,,2018-01-22,auto,auto,https://docs.tibco.com/pub/sfire-bauthor-suite/tibco-analytics---business-author-add-on-7-12-0_documentation.zip,auto,false,tibco,general,,,,,
tibco-analytics-business-author-add-on,7.11.7,true,false,,1575849600000,auto,auto,https://docs.tibco.com/pub/sfire-bauthor-suite/tibco-analytics-business-author-add-on-7-11-7_documentation.zip,auto,false,tibco,general,,,,,
tibco-analytics-business-author-add-on,7.11.6,true,false,,2019-08-21,auto,auto,https://docs.tibco.com/pub/sfire-bauthor-suite/tibco-analytics-business-author-add-on-7-11-6_documentation.zip,auto,false,tibco,general,,,,,
tibco-analytics-business-author-add-on,7.11.5,true,false,,2019-07-01,auto,auto,https://docs.tibco.com/pub/sfire-bauthor-suite/tibco-analytics-business-author-add-on-7-11-5_documentation.zip,auto,false,tibco,general,,,,,
tibco-analytics-business-author-add-on,7.11.4,true,false,,2019-06-03,auto,auto,https://docs.tibco.com/pub/sfire-bauthor-suite/tibco-analytics-business-author-add-on-7-11-4_documentation.zip,auto,false,tibco,general,,,,,
tibco-analytics-business-author-add-on,7.11.3,true,false,,2019-05-02,auto,auto,https://docs.tibco.com/pub/sfire-bauthor-suite/tibco-analytics-business-author-add-on-7-11-3_documentation.zip,auto,false,tibco,general,,,,,
tibco-analytics-business-author-add-on,7.11.2,true,false,,2018-12-21,auto,auto,https://docs.tibco.com/pub/sfire-bauthor-suite/tibco-analytics-business-author-add-on-7-11-2_documentation.zip,auto,false,tibco,general,,,,,
tibco-analytics-business-author-add-on,7.11.1,true,false,,2018-09-26,auto,auto,https://docs.tibco.com/pub/sfire-bauthor-suite/tibco-analytics-business-author-add-on-7-11-1_documentation.zip,auto,false,tibco,general,,,,,
tibco-analytics-business-author-add-on,7.11.0,true,false,,2017-11-16,auto,auto,https://docs.tibco.com/pub/sfire-bauthor-suite/tibco-analytics-business-author-add-on-7-11-0_documentation.zip,auto,false,tibco,general,,,,,
tibco-analytics-business-author-add-on,7.10.0,true,false,,2017-07-06,auto,auto,https://docs.tibco.com/pub/sfire-bauthor-suite/tibco-analytics-business-author-add-on-7-10-0_documentation.zip,auto,false,tibco,general,,,,,
tibco-analytics-business-author-add-on,7.9.0,true,false,,1494806400000,auto,auto,https://docs.tibco.com/pub/sfire-bauthor-suite/tibco-analytics-business-author-add-on-7-9-0_documentation.zip,auto,false,tibco,general,,,,,
tibco-analytics-business-author-add-on,7.8.1,true,false,,2017-04-13,auto,auto,https://docs.tibco.com/pub/sfire-bauthor-suite/tibco-analytics---business-author-add-on-7-8-1_documentation.zip,auto,false,tibco,general,,,,,
tibco-analytics-consumer-add-on,10.6.1,true,false,,1575849600000,auto,auto,https://docs.tibco.com/pub/sfire-consumer-suite/tibco-analytics-consumer-add-on-10-6-1_documentation.zip,auto,false,tibco,general,,,,,
tibco-analytics-consumer-add-on,10.6.0,true,false,,2019-10-14,auto,auto,https://docs.tibco.com/pub/sfire-consumer-suite/tibco-analytics-consumer-add-on-10-6-0_documentation.zip,auto,false,tibco,general,,,,,
tibco-analytics-consumer-add-on,10.5.0,true,false,,2019-08-29,auto,auto,https://docs.tibco.com/pub/sfire-consumer-suite/tibco-analytics-consumer-add-on-10-5-0_documentation.zip,auto,false,tibco,general,,,,,
tibco-analytics-consumer-add-on,10.4.0,true,false,,2019-06-12,auto,auto,https://docs.tibco.com/pub/sfire-consumer-suite/tibco-analytics-consumer-add-on-10-4-0_documentation.zip,auto,false,tibco,general,,,,,
tibco-analytics-consumer-add-on,10.3.4,true,false,,1575849600000,auto,auto,https://docs.tibco.com/pub/sfire-consumer-suite/tibco-analytics-consumer-add-on-10-3-4_documentation.zip,auto,false,tibco,general,,,,,
tibco-analytics-consumer-add-on,10.3.3,true,false,,2019-08-22,auto,auto,https://docs.tibco.com/pub/sfire-consumer-suite/tibco-analytics-consumer-add-on-10-3-3_documentation.zip,auto,false,tibco,general,,,,,
tibco-analytics-consumer-add-on,10.3.2,true,false,,2019-07-01,auto,auto,https://docs.tibco.com/pub/sfire-consumer-suite/tibco-analytics-consumer-add-on-10-3-2_documentation.zip,auto,false,tibco,general,,,,,
tibco-analytics-consumer-add-on,10.3.1,true,false,,2019-06-03,auto,auto,https://docs.tibco.com/pub/sfire-consumer-suite/tibco-analytics-consumer-add-on-10-3-1_documentation.zip,auto,false,tibco,general,,,,,
tibco-analytics-consumer-add-on,10.3.0,true,false,,2019-05-02,auto,auto,https://docs.tibco.com/pub/sfire-consumer-suite/tibco-analytics-consumer-add-on-10-3-0_documentation.zip,auto,false,tibco,general,,,,,
tibco-analytics-consumer-add-on,10.2.1,true,false,,2019-05-02,auto,auto,https://docs.tibco.com/pub/sfire-consumer-suite/tibco-analytics-consumer-add-on-10-2-1_documentation.zip,auto,false,tibco,general,,,,,
tibco-analytics-consumer-add-on,10.2.0,true,false,,2019-02-25,auto,auto,https://docs.tibco.com/pub/sfire-consumer-suite/tibco-analytics-consumer-add-on-10-2-0_documentation.zip,auto,false,tibco,general,,,,,
tibco-analytics-consumer-add-on,10.1.0,true,false,,2019-01-23,auto,auto,https://docs.tibco.com/pub/sfire-consumer-suite/tibco-analytics-consumer-add-on-10-1-0_documentation.zip,auto,false,tibco,general,,,,,
tibco-analytics-consumer-add-on,10.0.1,true,false,,2018-12-21,auto,auto,https://docs.tibco.com/pub/sfire-consumer-suite/tibco-analytics-consumer-add-on-10-0-1_documentation.zip,auto,false,tibco,general,,,,,
tibco-analytics-consumer-add-on,10.0.0,true,false,,2018-10-24,auto,auto,https://docs.tibco.com/pub/sfire-consumer-suite/tibco-analytics-consumer-add-on-10-0-0_documentation.zip,auto,false,tibco,general,,,,,
tibco-analytics-consumer-add-on,7.14.1,true,false,,2018-09-26,auto,auto,https://docs.tibco.com/pub/sfire-consumer-suite/tibco-analytics-consumer-add-on-7-14-1_documentation.zip,auto,false,tibco,general,,,,,
tibco-analytics-consumer-add-on,7.14.0,true,false,,1533772800000,auto,auto,https://docs.tibco.com/pub/sfire-consumer-suite/tibco-analytics-consumer-add-on-7-14-0_documentation.zip,auto,false,tibco,general,,,,,
tibco-analytics-consumer-add-on,7.13.0,true,false,,1526256000000,auto,auto,https://docs.tibco.com/pub/sfire-consumer-suite/tibco-analytics-consumer-add-on-7-13-0_documentation.zip,auto,false,tibco,general,,,,,
tibco-analytics-consumer-add-on,7.12.0,true,false,,2018-01-22,auto,auto,https://docs.tibco.com/pub/sfire-consumer-suite/tibco-analytics---consumer-add-on-7-12-0_documentation.zip,auto,false,tibco,general,,,,,
tibco-analytics-consumer-add-on,7.11.7,true,false,,1575849600000,auto,auto,https://docs.tibco.com/pub/sfire-consumer-suite/tibco-analytics-consumer-add-on-7-11-7_documentation.zip,auto,false,tibco,general,,,,,
tibco-analytics-consumer-add-on,7.11.6,true,false,,2019-08-21,auto,auto,https://docs.tibco.com/pub/sfire-consumer-suite/tibco-analytics-consumer-add-on-7-11-6_documentation.zip,auto,false,tibco,general,,,,,
tibco-analytics-consumer-add-on,7.11.5,true,false,,2019-07-01,auto,auto,https://docs.tibco.com/pub/sfire-consumer-suite/tibco-analytics-consumer-add-on-7-11-5_documentation.zip,auto,false,tibco,general,,,,,
tibco-analytics-consumer-add-on,7.11.4,true,false,,2019-06-03,auto,auto,https://docs.tibco.com/pub/sfire-consumer-suite/tibco-analytics-consumer-add-on-7-11-4_documentation.zip,auto,false,tibco,general,,,,,
tibco-analytics-consumer-add-on,7.11.3,true,false,,2019-05-02,auto,auto,https://docs.tibco.com/pub/sfire-consumer-suite/tibco-analytics-consumer-add-on-7-11-3_documentation.zip,auto,false,tibco,general,,,,,
tibco-analytics-consumer-add-on,7.11.2,true,false,,2018-12-21,auto,auto,https://docs.tibco.com/pub/sfire-consumer-suite/tibco-analytics-consumer-add-on-7-11-2_documentation.zip,auto,false,tibco,general,,,,,
tibco-analytics-consumer-add-on,7.11.1,true,false,,2018-09-26,auto,auto,https://docs.tibco.com/pub/sfire-consumer-suite/tibco-analytics-consumer-add-on-7-11-1_documentation.zip,auto,false,tibco,general,,,,,
tibco-analytics-consumer-add-on,7.11.0,true,false,,2017-11-16,auto,auto,https://docs.tibco.com/pub/sfire-consumer-suite/tibco-analytics-consumer-add-on-7-11-0_documentation.zip,auto,false,tibco,general,,,,,
tibco-analytics-consumer-add-on,7.10.0,true,false,,2017-07-06,auto,auto,https://docs.tibco.com/pub/sfire-consumer-suite/tibco-analytics-consumer-add-on-7-10-0_documentation.zip,auto,false,tibco,general,,,,,
tibco-analytics-consumer-add-on,7.9.0,true,false,,2017-05-08,auto,auto,https://docs.tibco.com/pub/sfire-consumer-suite/tibco-analytics---consumer-add-on-7-9-0_documentation.zip,auto,false,tibco,general,,,,,
tibco-analytics-consumer-add-on,7.8.1,true,false,,2017-04-13,auto,auto,https://docs.tibco.com/pub/sfire-consumer-suite/tibco-analytics---consumer-add-on-7-8-1_documentation.zip,auto,false,tibco,general,,,,,
tibco-application-integration-b2b,1.3.0,false,true,,2019-04-01,auto,auto,https://docs.tibco.com/pub/b2b-addon-itg-suite/1.3.0/doc/zip/tib_b2b-addon-itg-suite_1.3.0_doc.zip,auto,false,tibco,general,,,,,
tibco-application-integration-b2b,1.2.0,false,true,,2018-07-27,auto,auto,https://docs.tibco.com/pub/b2b-addon-itg-suite/1.2.0/doc/zip/tib_b2b-addon-itg-suite_1.2.0_doc.zip,auto,false,tibco,general,,,,,
tibco-application-integration-b2b,1.1.0,false,true,,1487635200000,auto,auto,https://docs.tibco.com/pub/b2b-addon-itg-suite/1.1.0/doc/zip/tib_b2b-addon-itg-suite_1.1.0_doc.zip,auto,false,tibco,general,,,,,
tibco-application-integration-b2b,1.0.0,false,true,,2016-03-03,auto,auto,https://docs.tibco.com/pub/b2b-addon-itg-suite/1.0.0/doc/zip/tib_b2b-addon-itg-suite_1.0.0_doc.zip,auto,false,tibco,general,,,,,
tibco-auditsafe,1.4.0,false,true,,2024-06-06,auto,auto,https://docs.tibco.com/pub/auditsafe/1.4.0/doc/zip/tib_auditsafe_1.4.0_doc.zip,auto,false,tibco,general,,,,,
tibco-auditsafe,1.3.0,false,true,,2023-10-25,auto,auto,https://docs.tibco.com/pub/auditsafe/1.3.0/doc/zip/tib_auditsafe_1.3.0_doc.zip,auto,false,tibco,general,,,,,
tibco-auditsafe,1.2.0,false,true,,2022-09-30,auto,auto,https://docs.tibco.com/pub/auditsafe/1.2.0/doc/zip/tib_auditsafe_1.2.0_doc.zip,auto,false,tibco,general,,,,,
tibco-auditsafe,1.1.1,true,false,,2022-02-04,auto,auto,https://docs.tibco.com/pub/auditsafe/tibco-auditsafe-1-1-1_documentation.zip,auto,false,tibco,general,,,,,
tibco-auditsafe,1.1.0,true,false,,2021-01-19,auto,auto,https://docs.tibco.com/pub/auditsafe/tibco-auditsafe-1-1-0_documentation.zip,auto,false,tibco,general,,,,,
tibco-auditsafe,1.0.0,true,false,,1589328000000,auto,auto,https://docs.tibco.com/pub/auditsafe/tibco-auditsafe-1-0-0_documentation.zip,auto,false,tibco,general,,,,,
tibco-bpm-suite,4.3.2,false,true,,2022-05-06,auto,auto,https://docs.tibco.com/pub/bpm-suite/4.3.2/doc/zip/tib_bpm-suite_4.3.2_doc.zip,auto,false,tibco,general,,,,,
tibco-bpm-suite,4.3.1,false,true,,1609891200000,auto,auto,https://docs.tibco.com/pub/bpm-suite/4.3.1/doc/zip/tib_bpm-suite_4.3.1_doc.zip,auto,false,tibco,general,,,,,
tibco-bpm-suite,4.3.0,false,true,,2019-04-18,auto,auto,https://docs.tibco.com/pub/bpm-suite/4.3.0/doc/zip/tib_bpm-suite_4.3.0_doc.zip,auto,false,tibco,general,,,,,
tibco-bpm-suite,4.2.0,false,true,,2017-08-03,auto,auto,https://docs.tibco.com/pub/bpm-suite/4.2.0/doc/zip/tib_bpm-suite_4.2.0_doc.zip,auto,false,tibco,general,,,,,
tibco-bpm-suite,4.1.0,true,false,,2022-03-08,auto,auto,https://docs.tibco.com/pub/bpm-suite/tibco-bpm-suite-4-1-0_documentation.zip,auto,false,tibco,general,,,,,
tibco-bpm-suite,4.0.0,true,false,,2022-02-16,auto,auto,https://docs.tibco.com/pub/bpm-suite/tibco-bpm-suite-4-0-0_documentation.zip,auto,false,tibco,general,,,,,
tibco-business-studio-activematrix-decisions-add-in,1.4.0,false,true,,2019-04-10,auto,auto,https://docs.tibco.com/pub/bstudio-decisions-addin/1.4.0/doc/zip/tib_bstudio-decisions-addin_1.4.0_doc.zip,auto,false,tibco,general,,,,,
tibco-business-studio-activematrix-decisions-add-in,1.3.0,false,true,,2015-11-10,auto,auto,https://docs.tibco.com/pub/bstudio-decisions-addin/1.3.0/doc/zip/tib_bstudio-decisions-addin_1.3.0_doc.zip,auto,false,tibco,general,,,,,
tibco-business-studio-activematrix-decisions-add-in,1.2.0,true,false,,2014-08-27,auto,auto,https://docs.tibco.com/pub/business-studio-decisions-addin/tibco-business-studio-activematrix-decisions-add-in-1-2-0_documentation.zip,auto,false,tibco,general,,,,,
tibco-business-studio-activematrix-decisions-add-in,1.1.1,true,false,,2014-05-13,auto,auto,https://docs.tibco.com/pub/business-studio-decisions-addin/1.1.1/tibco-business-studio-activematrix-decisions-add-in-1-1-1_documentation.zip,auto,false,tibco,general,,,,,
tibco-business-studio-activematrix-decisions-add-in,1.1.0,true,false,,2013-10-10,auto,auto,https://docs.tibco.com/pub/business-studio-decisions-addin/tibco-business-studio-activematrix-decisions-add-in-1-1-0_documentation.zip,auto,false,tibco,general,,,,,
tibco-business-studio-activematrix-decisions-add-in,1.0.1,true,false,,2012-04-30,auto,auto,https://docs.tibco.com/pub/business-studio-decisions-addin/tibco-business-studio-activematrix-decisions-add-in-1-0-1_documentation.zip,auto,false,tibco,general,,,,,
tibco-business-studio-activematrix-decisions-add-in,1.0.0,true,false,,2011-11-15,auto,auto,https://docs.tibco.com/pub/business-studio-decisions-addin/tibco-business-studio-activematrix-decisions-add-in-1-0-0_documentation.zip,auto,false,tibco,general,,,,,
tibco-business-studio-analyst-edition,4.3.0,false,true,,1534896000000,auto,auto,https://docs.tibco.com/pub/business-studio-analyst-edition/4.3.0/doc/zip/tib_business-studio-analyst-edition_4.3.0_doc.zip,auto,false,tibco,general,,,,,
tibco-business-studio-analyst-edition,4.2.0,false,true,,2017-08-03,auto,auto,https://docs.tibco.com/pub/business-studio-analyst-edition/4.2.0/doc/zip/tib_business-studio-analyst-edition_4.2.0_doc.zip,auto,false,tibco,general,,,,,
tibco-business-studio-analyst-edition,4.1.0,true,false,,2022-03-08,auto,auto,https://docs.tibco.com/pub/business-studio-analyst-edition/tibco-business-studio-analyst-edition-4-1-0_documentation.zip,auto,false,tibco,general,,,,,
tibco-business-studio-analyst-edition,4.0.0,true,false,,2022-02-16,auto,auto,https://docs.tibco.com/pub/business-studio-analyst-edition/tibco-business-studio-analyst-edition-4-0-0_documentation.zip,auto,false,tibco,general,,,,,
tibco-business-studio-bpm-edition,5.7.0,false,true,,2026-02-17,auto,auto,https://docs.tibco.com/pub/business-studio-bpm-edition/5.7.0/doc/zip/tib_business-studio-bpm-edition_5.7.0_doc.zip,auto,false,tibco,general,,,,,
tibco-business-studio-bpm-edition,5.6.1,false,true,,2025-05-13,auto,auto,https://docs.tibco.com/pub/business-studio-bpm-edition/5.6.1/doc/zip/tib_business-studio-bpm-edition_5.6.1_doc.zip,auto,false,tibco,general,,,,,
tibco-business-studio-bpm-edition,5.6.0,false,true,,2024-11-25,auto,auto,https://docs.tibco.com/pub/business-studio-bpm-edition/5.6.0/doc/zip/tib_business-studio-bpm-edition_5.6.0_doc.zip,auto,false,tibco,general,,,,,
tibco-business-studio-bpm-edition,5.5.0,false,true,,1710460800000,auto,auto,https://docs.tibco.com/pub/business-studio-bpm-edition/5.5.0/doc/zip/tib_business-studio-bpm-edition_5.5.0_doc.zip,auto,false,tibco,general,,,,,
tibco-business-studio-bpm-edition,5.4.0,false,true,,2023-03-28,auto,auto,https://docs.tibco.com/pub/business-studio-bpm-edition/5.4.0/doc/zip/tib_business-studio-bpm-edition_5.4.0_doc.zip,auto,false,tibco,general,,,,,
tibco-business-studio-bpm-edition,5.3.0,false,true,,2022-04-18,auto,auto,https://docs.tibco.com/pub/business-studio-bpm-edition/5.3.0/doc/zip/tib_business-studio-bpm-edition_5.3.0_doc.zip,auto,false,tibco,general,,,,,
tibco-business-studio-bpm-edition,5.2.1,true,false,,1643068800000,auto,auto,https://docs.tibco.com/pub/business-studio-bpm-edition/tibco-business-studio-bpm-edition-5-2-1_documentation.zip,auto,false,tibco,general,,,,,
tibco-business-studio-bpm-edition,5.2.0,true,false,,2021-11-16,auto,auto,https://docs.tibco.com/pub/business-studio-bpm-edition/tibco-business-studio-bpm-edition-5-2-0_documentation.zip,auto,false,tibco,general,,,,,
tibco-business-studio-bpm-edition,5.1.0,true,false,,1628812800000,auto,auto,https://docs.tibco.com/pub/business-studio-bpm-edition/tibco-business-studio-bpm-edition-5-1-0_documentation.zip,auto,false,tibco,general,,,,,
tibco-business-studio-bpm-edition,5.0.0,true,false,,1604361600000,auto,auto,https://docs.tibco.com/pub/business-studio-bpm-edition/tibco-business-studio-bpm-edition-5-0-0_documentation.zip,auto,false,tibco,general,,,,,
tibco-business-studio-bpm-edition,4.3.5,false,true,,2025-05-13,auto,auto,https://docs.tibco.com/pub/business-studio-bpm-edition/4.3.5/doc/zip/tib_business-studio-bpm-edition_4.3.5_doc.zip,auto,false,tibco,general,,,,,
tibco-business-studio-bpm-edition,4.3.4,false,true,,2025-02-18,auto,auto,https://docs.tibco.com/pub/business-studio-bpm-edition/4.3.4/doc/zip/tib_business-studio-bpm-edition_4.3.4_doc.zip,auto,false,tibco,general,,,,,
tibco-business-studio-bpm-edition,4.3.3,false,true,,2024-03-13,auto,auto,https://docs.tibco.com/pub/business-studio-bpm-edition/4.3.3/doc/zip/tib_business-studio-bpm-edition_4.3.3_doc.zip,auto,false,tibco,general,,,,,
tibco-business-studio-bpm-edition,4.3.2,true,false,,2022-01-19,auto,auto,https://docs.tibco.com/pub/business-studio-bpm-edition/tibco-business-studio-bpm-edition-4-3-2_documentation.zip,auto,false,tibco,general,,,,,
tibco-business-studio-bpm-edition,4.3.1,true,false,,1603152000000,auto,auto,https://docs.tibco.com/pub/business-studio-bpm-edition/tibco-business-studio-bpm-edition-4-3-1_documentation.zip,auto,false,tibco,general,,,,,
tibco-business-studio-bpm-edition,4.3.0,true,false,,2018-08-22,auto,auto,https://docs.tibco.com/pub/business-studio-bpm-edition/tibco-business-studio-bpm-edition-4-3-0_documentation.zip,auto,false,tibco,general,,,,,
tibco-business-studio-bpm-edition,4.2.0,true,false,,2018-08-21,auto,auto,https://docs.tibco.com/pub/business-studio-bpm-edition/tibco-business-studio-bpm-edition-4-2-0_documentation.zip,auto,false,tibco,general,,,,,
tibco-business-studio-bpm-edition,4.1.0,true,false,,2018-08-21,auto,auto,https://docs.tibco.com/pub/business-studio-bpm-edition/tibco-business-studio-bpm-edition-4-1-0_documentation.zip,auto,false,tibco,general,,,,,
tibco-business-studio-bpm-edition,4.0.0,true,false,,2021-12-06,auto,auto,https://docs.tibco.com/pub/business-studio-bpm-edition/tibco-business-studio-bpm-edition-4-0-0_documentation.zip,auto,false,tibco,general,,,,,
tibco-business-studio-bpm-edition,3.9.0,true,false,,2021-12-06,auto,auto,https://docs.tibco.com/pub/business-studio-bpm-edition/tibco-business-studio-bpm-edition-3-9-0_documentation.zip,auto,false,tibco,general,,,,,
tibco-business-studio-bpm-edition,3.8.0,true,false,,2021-12-06,auto,auto,https://docs.tibco.com/pub/business-studio-bpm-edition/tibco-business-studio-bpm-edition-3-8-0_documentation.zip,auto,false,tibco,general,,,,,
tibco-business-studio-bpm-edition,3.7.0,true,false,,2021-12-06,auto,auto,https://docs.tibco.com/pub/business-studio-bpm-edition/tibco-business-studio-bpm-edition-3-7-0_documentation.zip,auto,false,tibco,general,,,,,
tibco-business-studio-bpm-edition,3.6.0,true,false,,2021-12-06,auto,auto,https://docs.tibco.com/pub/business-studio-bpm-edition/tibco-business-studio-bpm-edition-3-6-0_documentation.zip,auto,false,tibco,general,,,,,
tibco-business-studio-bpm-edition,3.5.20,true,false,,2021-12-06,auto,auto,https://docs.tibco.com/pub/business-studio-bpm-edition/tibco-business-studio-bpm-edition-3-5-20_documentation.zip,auto,false,tibco,general,,,,,
tibco-business-studio-bpm-edition,3.5.2,true,false,,2021-12-06,auto,auto,https://docs.tibco.com/pub/business-studio-bpm-edition/tibco-business-studio-bpm-edition-3-5-2_documentation.zip,auto,false,tibco,general,,,,,
tibco-business-studio-community-edition,4.2.0,false,true,,2018-04-11,auto,auto,https://docs.tibco.com/pub/business-studio-community-edition/4.2.0/doc/zip/tib_business-studio-community-edition_4.2.0_doc.zip,auto,false,tibco,general,,,,,
tibco-business-studio-for-analysts,3.6.0,false,true,,2014-03-12,auto,auto,https://docs.tibco.com/pub/business-studio-analyst-edition/3.6.0-september-2013/doc/zip/tib_business-studio-analyst-edition_3.6.0-september-2013_doc.zip,auto,false,tibco,general,,,,,
tibco-business-studio-for-analysts,3.5.20,false,true,,1362700800000,auto,auto,https://docs.tibco.com/pub/business-studio-analyst-edition/3.5.20-February-2013/doc/zip/tib_business-studio-analyst-edition_3.5.20-February-2013_doc.zip,auto,false,tibco,general,,,,,
tibco-business-studio-for-analysts,3.5.10,false,true,,2012-11-30,auto,auto,https://docs.tibco.com/pub/business-studio-analyst-edition/3.5.10-november-2012/doc/zip/tib_business-studio-analyst-edition_3.5.10-november-2012_doc.zip,auto,false,tibco,general,,,,,
tibco-businessconnect-b2bplugin-for-cmi,1.0.0,false,true,,2013-01-17,auto,auto,https://docs.tibco.com/pub/businessconnect_plugin_B2B/1.0.0_jan_2013/doc/zip/tib_businessconnect_plugin_B2B_1.0.0_jan_2013_doc.zip,auto,false,tibco,general,,,,,
tibco-businessconnect-configstore-management-interface-protocol,6.1.0,false,true,,2019-11-05,auto,auto,https://docs.tibco.com/pub/bccmi/6.1.0/doc/zip/tib_bccmi_6.1.0_doc.zip,auto,false,tibco,general,,,,,
tibco-businessconnect-configstore-management-interface-protocol,6.0.0,true,false,,2012-10-11,auto,auto,https://docs.tibco.com/pub/businessconnect_configstore_management_interface/tibco-businessconnect-configstore-management-interface-protocol-6-0-0_documentation.zip,auto,false,tibco,general,,,,,
tibco-businessconnect-configstore-management-interface-protocol,1.0,false,true,,2011-06-23,auto,auto,https://docs.tibco.com/pub/businessconnect_configstore_management_interface/1.0.0_february_2010/doc/zip/tib_businessconnect_configstore_management_interface_1.0.0_february_2010_doc.zip,auto,false,tibco,general,,,,,
tibco-businessconnect-container-edition-configstore-management-interface-protocol,1.2.0,false,true,,2026-02-02,auto,auto,https://docs.tibco.com/pub/bcce-cmi/1.2.0/doc/zip/tib_bcce-cmi_1.2.0_doc.zip,auto,false,tibco,general,,,,,
tibco-businessconnect-container-edition-configstore-management-interface-protocol,1.1.0,false,true,,2025-04-24,auto,auto,https://docs.tibco.com/pub/bcce-cmi/1.1.0/doc/zip/tib_bcce-cmi_1.1.0_doc.zip,auto,false,tibco,general,,,,,
tibco-businessconnect-container-edition-configstore-management-interface-protocol,1.0.0,false,true,,2024-10-04,auto,auto,https://docs.tibco.com/pub/bcce-cmi/1.0.0/doc/zip/tib_bcce-cmi_1.0.0_doc.zip,auto,false,tibco,general,,,,,
tibco-businessconnect-container-edition-edi-protocol-hipaa-edition-powered-by-instream,1.3.0,false,true,,2026-02-02,auto,auto,https://docs.tibco.com/pub/bcce-edihipaa/1.3.0/doc/zip/tib_bcce-edihipaa_1.3.0_doc.zip,auto,false,tibco,general,,,,,
tibco-businessconnect-container-edition-edi-protocol-hipaa-edition-powered-by-instream,1.2.0,false,true,,2025-04-25,auto,auto,https://docs.tibco.com/pub/bcce-edihipaa/1.2.0/doc/zip/tib_bcce-edihipaa_1.2.0_doc.zip,auto,false,tibco,general,,,,,
tibco-businessconnect-container-edition-edi-protocol-hipaa-edition-powered-by-instream,1.1.0,false,true,,2024-10-08,auto,auto,https://docs.tibco.com/pub/bcce-edihipaa/1.1.0/doc/zip/tib_bcce-edihipaa_1.1.0_doc.zip,auto,false,tibco,general,,,,,
tibco-businessconnect-container-edition-edi-protocol-hipaa-edition-powered-by-instream,1.0.0,false,true,,2023-10-19,auto,auto,https://docs.tibco.com/pub/bcce-edihipaa/1.0.0/doc/zip/tib_bcce-edihipaa_1.0.0_doc.zip,auto,false,tibco,general,,,,,
tibco-businessconnect-container-edition-edi-protocol-powered-by-instream,1.6.0,false,true,,2026-01-28,auto,auto,https://docs.tibco.com/pub/bcce-edi/1.6.0/doc/zip/tib_bcce-edi_1.6.0_doc.zip,auto,false,tibco,general,,,,,
tibco-businessconnect-container-edition-edi-protocol-powered-by-instream,1.5.0,false,true,,2025-04-30,auto,auto,https://docs.tibco.com/pub/bcce-edi/1.5.0/doc/zip/tib_bcce-edi_1.5.0_doc.zip,auto,false,tibco,general,,,,,
tibco-businessconnect-container-edition-edi-protocol-powered-by-instream,1.4.0,false,true,,2024-10-08,auto,auto,https://docs.tibco.com/pub/bcce-edi/1.4.0/doc/zip/tib_bcce-edi_1.4.0_doc.zip,auto,false,tibco,general,,,,,
tibco-businessconnect-container-edition-edi-protocol-powered-by-instream,1.3.0,false,true,,2024-06-06,auto,auto,https://docs.tibco.com/pub/bcce-edi/1.3.0/doc/zip/tib_bcce-edi_1.3.0_doc.zip,auto,false,tibco,general,,,,,
tibco-businessconnect-container-edition-edi-protocol-powered-by-instream,1.2.0,false,true,,2023-08-10,auto,auto,https://docs.tibco.com/pub/bcce-edi/1.2.0/doc/zip/tib_bcce-edi_1.2.0_doc.zip,auto,false,tibco,general,,,,,
tibco-businessconnect-container-edition-edi-protocol-powered-by-instream,1.1.0,false,true,,2022-09-30,auto,auto,https://docs.tibco.com/pub/bcce-edi/1.1.0/doc/zip/tib_bcce-edi_1.1.0_doc.zip,auto,false,tibco,general,,,,,
tibco-businessconnect-container-edition-edi-protocol-powered-by-instream,1.0.0,true,false,,2021-01-06,auto,auto,https://docs.tibco.com/pub/bcce-edi/tibco-businessconnect-container-edition-edi-protocol-powered-by-instream-1-0-0_documentation.zip,auto,false,tibco,general,,,,,
tibco-businessconnect-container-edition-rosettanet-protocol,1.7.0,false,true,,2026-02-02,auto,auto,https://docs.tibco.com/pub/bcce-rn/1.7.0/doc/zip/tib_bcce-rn_1.7.0_doc.zip,auto,false,tibco,general,,,,,
tibco-businessconnect-container-edition-rosettanet-protocol,1.6.0,false,true,,2025-04-24,auto,auto,https://docs.tibco.com/pub/bcce-rn/1.6.0/doc/zip/tib_bcce-rn_1.6.0_doc.zip,auto,false,tibco,general,,,,,
tibco-businessconnect-container-edition-rosettanet-protocol,1.5.0,false,true,,2024-10-09,auto,auto,https://docs.tibco.com/pub/bcce-rn/1.5.0/doc/zip/tib_bcce-rn_1.5.0_doc.zip,auto,false,tibco,general,,,,,
tibco-businessconnect-container-edition-rosettanet-protocol,1.4.0,false,true,,2024-06-06,auto,auto,https://docs.tibco.com/pub/bcce-rn/1.4.0/doc/zip/tib_bcce-rn_1.4.0_doc.zip,auto,false,tibco,general,,,,,
tibco-businessconnect-container-edition-rosettanet-protocol,1.3.0,false,true,,2023-08-10,auto,auto,https://docs.tibco.com/pub/bcce-rn/1.3.0/doc/zip/tib_bcce-rn_1.3.0_doc.zip,auto,false,tibco,general,,,,,
tibco-businessconnect-container-edition-rosettanet-protocol,1.2.0,true,false,,2022-09-30,auto,auto,https://docs.tibco.com/pub/bcce-rn/tibco-businessconnect-container-edition-rosettanet-protocol-1-2-0_documentation.zip,auto,false,tibco,general,,,,,
tibco-businessconnect-container-edition-rosettanet-protocol,1.1.0,true,false,,2021-01-06,auto,auto,https://docs.tibco.com/pub/bcce-rn/tibco-businessconnect-container-edition-rosettanet-protocol-1-1-0_documentation.zip,auto,false,tibco,general,,,,,
tibco-businessconnect-container-edition-rosettanet-protocol,1.0.0,true,false,,2020-04-29,auto,auto,https://docs.tibco.com/pub/bcce-rn/tibco-businessconnect-container-edition-rosettanet-protocol-1-0-0_documentation.zip,auto,false,tibco,general,,,,,
tibco-businessconnect-container-edition-services-plug-in,1.7.0,false,true,,2026-02-02,auto,auto,https://docs.tibco.com/pub/bcce-ezcomm/1.7.0/doc/zip/tib_bcce-ezcomm_1.7.0_doc.zip,auto,false,tibco,general,,,,,
tibco-businessconnect-container-edition-services-plug-in,1.6.0,false,true,,2025-04-25,auto,auto,https://docs.tibco.com/pub/bcce-ezcomm/1.6.0/doc/zip/tib_bcce-ezcomm_1.6.0_doc.zip,auto,false,tibco,general,,,,,
tibco-businessconnect-container-edition-services-plug-in,1.5.0,false,true,,2024-10-08,auto,auto,https://docs.tibco.com/pub/bcce-ezcomm/1.5.0/doc/zip/tib_bcce-ezcomm_1.5.0_doc.zip,auto,false,tibco,general,,,,,
tibco-businessconnect-container-edition-services-plug-in,1.4.0,false,true,,2024-06-06,auto,auto,https://docs.tibco.com/pub/bcce-ezcomm/1.4.0/doc/zip/tib_bcce-ezcomm_1.4.0_doc.zip,auto,false,tibco,general,,,,,
tibco-businessconnect-container-edition-services-plug-in,1.3.0,false,true,,2023-08-10,auto,auto,https://docs.tibco.com/pub/bcce-ezcomm/1.3.0/doc/zip/tib_bcce-ezcomm_1.3.0_doc.zip,auto,false,tibco,general,,,,,
tibco-businessconnect-container-edition-services-plug-in,1.2.0,false,true,,2022-09-30,auto,auto,https://docs.tibco.com/pub/bcce-ezcomm/1.2.0/doc/zip/tib_bcce-ezcomm_1.2.0_doc.zip,auto,false,tibco,general,,,,,
tibco-businessconnect-container-edition-services-plug-in,1.1.0,true,false,,2021-01-06,auto,auto,https://docs.tibco.com/pub/bcce-ezcomm/tibco-businessconnect-container-edition-services-plug-in-1-1-0_documentation.zip,auto,false,tibco,general,,,,,
tibco-businessconnect-container-edition-services-plug-in,1.0.0,true,false,,2020-05-11,auto,auto,https://docs.tibco.com/pub/bcce-ezcomm/tibco-businessconnect-container-edition-services-plug-in-1-0-0_documentation.zip,auto,false,tibco,general,,,,,
tibco-businessconnect-container-edition-soap-protocol,1.3.0,false,true,,2026-02-02,auto,auto,https://docs.tibco.com/pub/bcce-soap/1.3.0/doc/zip/tib_bcce-soap_1.3.0_doc.zip,auto,false,tibco,general,,,,,
tibco-businessconnect-container-edition-soap-protocol,1.2.1,false,true,,2025-09-29,auto,auto,https://docs.tibco.com/pub/bcce-soap/1.2.1/doc/zip/tib_bcce-soap_1.2.1_doc.zip,auto,false,tibco,general,,,,,
tibco-businessconnect-container-edition-soap-protocol,1.2.0,false,true,,2025-04-24,auto,auto,https://docs.tibco.com/pub/bcce-soap/1.2.0/doc/zip/tib_bcce-soap_1.2.0_doc.zip,auto,false,tibco,general,,,,,
tibco-businessconnect-container-edition-soap-protocol,1.1.0,false,true,,2024-09-02,auto,auto,https://docs.tibco.com/pub/bcce-soap/1.1.0/doc/zip/tib_bcce-soap_1.1.0_doc.zip,auto,false,tibco,general,,,,,
tibco-businessconnect-container-edition-soap-protocol,1.0.0,false,true,,2023-08-07,auto,auto,https://docs.tibco.com/pub/bcce-soap/1.0.0/doc/zip/tib_bcce-soap_1.0.0_doc.zip,auto,false,tibco,general,,,,,
tibco-businessconnect-cxml-protocol,6.1.0,true,false,,2019-09-19,auto,auto,https://docs.tibco.com/pub/bccxml/tibco-businessconnect-cxml-protocol-6-1-0_documentation.zip,auto,false,tibco,general,,,,,
tibco-businessconnect-cxml-protocol,6.0.1,true,false,,2016-02-06,auto,auto,https://docs.tibco.com/pub/bccxml/tibco-businessconnect-cxml-protocol-6-0-1_documentation.zip,auto,false,tibco,general,,,,,
tibco-businessconnect-cxml-protocol,6.0.0,true,false,,2013-08-05,auto,auto,https://docs.tibco.com/pub/businessconnect_cxml_protocol/tibco-businessconnect-cxml-protocol-6-0-0_documentation.zip,auto,false,tibco,general,,,,,
tibco-businessconnect-distribution-for-tibco-silver-fabric,6.2.1,true,false,,2015-11-11,auto,auto,https://docs.tibco.com/pub/bcsf/tibco-businessconnect-distribution-for-tibco-silver-fabric-6-2-1_documentation.zip,auto,false,tibco,general,,,,,
tibco-businessconnect-edi-protocol-hipaa-edition-powered-by-instream,6.7.0,false,true,,2017-10-11,auto,auto,https://docs.tibco.com/pub/bcedihed/6.7.0/doc/zip/tib_bcedihed_6.7.0_doc.zip,auto,false,tibco,general,,,,,
tibco-businessconnect-edi-protocol-hipaa-edition-powered-by-instream,6.6.0,true,false,,2014-10-20,auto,auto,https://docs.tibco.com/pub/businessconnect-edi/tibco-businessconnect-edi-protocol-hipaa-edition-powered-by-instream-6-6-0_documentation.zip,auto,false,tibco,general,,,,,
tibco-businessconnect-edi-protocol-hipaa-edition-powered-by-instream,6.5.0,true,false,,2013-05-31,auto,auto,https://docs.tibco.com/pub/businessconnect_edi_hipaa_instream/tibco-businessconnect-edi-protocol-hipaa-powered-by-instream-6-5-0_documentation.zip,auto,false,tibco,general,,,,,
tibco-businessconnect-edi-protocol-hipaa-edition-powered-by-instream,6.4.0,true,false,,2013-03-20,auto,auto,https://docs.tibco.com/pub/businessconnect_edi_hipaa_instream/tibco-businessconnect-edi-protocol-hipaa-powered-by-instream-6-4-0_documentation.zip,auto,false,tibco,general,,,,,
tibco-businessconnect-edi-protocol-hipaa-edition-powered-by-instream,6.3.0,true,false,,2011-06-23,auto,auto,https://docs.tibco.com/pub/businessconnect_edi_hipaa_instream/tibco-businessconnect-edi-protocol-hipaa-powered-by-instream-6-3-0_documentation.zip,auto,false,tibco,general,,,,,
tibco-businessconnect-edi-protocol-hipaa-edition-powered-by-instream,6.2.0,true,false,,2013-03-26,auto,auto,https://docs.tibco.com/pub/businessconnect_edi_hipaa_instream/tibco-businessconnect-edi-protocol-hipaa-powered-by-instream-6-2-0_documentation.zip,auto,false,tibco,general,,,,,
tibco-businessconnect-edi-protocol-hipaa-edition-powered-by-instream,6.1.0,true,false,,2013-03-26,auto,auto,https://docs.tibco.com/pub/businessconnect_edi_hipaa_instream/tibco-businessconnect-edi-protocol-hipaa-powered-by-instream-6-1-0_documentation.zip,auto,false,tibco,general,,,,,
tibco-businessconnect-edi-protocol-powered-by-instream,6.11.0,false,true,,2025-08-29,auto,auto,https://docs.tibco.com/pub/bcedi/6.11.0/doc/zip/tib_bcedi_6.11.0_doc.zip,auto,false,tibco,general,,,,,
tibco-businessconnect-edi-protocol-powered-by-instream,6.10.0,false,true,,2019-11-20,auto,auto,https://docs.tibco.com/pub/bcedi/6.10.0/doc/zip/tib_bcedi_6.10.0_doc.zip,auto,false,tibco,general,,,,,
tibco-businessconnect-edi-protocol-powered-by-instream,6.9.0,true,false,,2018-02-22,auto,auto,https://docs.tibco.com/pub/bcedi/tibco-businessconnect-edi-protocol-powered-by-instream-6-9-0_documentation.zip,auto,false,tibco,general,,,,,
tibco-businessconnect-edi-protocol-powered-by-instream,6.8.0,true,false,,2017-10-10,auto,auto,https://docs.tibco.com/pub/bcedi/tibco-businessconnect-edi-protocol-powered-by-instream-6-8-0_documentation.zip,auto,false,tibco,general,,,,,
tibco-businessconnect-edi-protocol-powered-by-instream,6.7.0,true,false,,2015-11-10,auto,auto,https://docs.tibco.com/pub/bcedi/tibco-businessconnect-edi-protocol-powered-by-instream-6-7-0_documentation.zip,auto,false,tibco,general,,,,,
tibco-businessconnect-edi-protocol-powered-by-instream,6.6.0,true,false,,2014-10-20,auto,auto,https://docs.tibco.com/pub/businessconnect-edi/tibco-businessconnect-edi-protocol-powered-by-instream-6-6-0_documentation.zip,auto,false,tibco,general,,,,,
tibco-businessconnect-edi-protocol-powered-by-instream,6.5.1,true,false,,2014-05-20,auto,auto,https://docs.tibco.com/pub/businessconnect-edi/tibco-businessconnect-edi-protocol-powered-by-instream-6-5-1_documentation.zip,auto,false,tibco,general,,,,,
tibco-businessconnect-edi-protocol-powered-by-instream,6.5.0,true,false,,2013-05-31,auto,auto,https://docs.tibco.com/pub/businessconnect_edi_instream/tibco-businessconnect-edi-protocol-powered-by-instream-6-5-0_documentation.zip,auto,false,tibco,general,,,,,
tibco-businessconnect-edi-protocol-powered-by-instream,6.4.0,true,false,,2013-04-16,auto,auto,https://docs.tibco.com/pub/businessconnect_edi_instream/tibco-businessconnect-edi-protocol-powered-by-instream-6-4-0_documentation.zip,auto,false,tibco,general,,,,,
tibco-businessconnect-edi-protocol-powered-by-instream,6.3.0,true,false,,2011-06-23,auto,auto,https://docs.tibco.com/pub/businessconnect_edi_instream/tibco-businessconnect-edi-protocol-powered-by-instream-6-3-0_documentation.zip,auto,false,tibco,general,,,,,
tibco-businessconnect-edi-protocol-powered-by-instream,6.2.1,true,false,,2013-04-16,auto,auto,https://docs.tibco.com/pub/businessconnect_edi_instream/tibco-businessconnect-edi-protocol-powered-by-instream-6-2-1_documentation.zip,auto,false,tibco,general,,,,,
tibco-businessconnect-edi-protocol-powered-by-instream,6.2.0,true,false,,2013-04-16,auto,auto,https://docs.tibco.com/pub/businessconnect_edi_instream/tibco-businessconnect-edi-protocol-powered-by-instream-6-2-0_documentation.zip,auto,false,tibco,general,,,,,
tibco-businessconnect-edi-protocol-powered-by-instream,6.1.0,true,false,,2013-04-16,auto,auto,https://docs.tibco.com/pub/businessconnect_edi_instream/tibco-businessconnect-edi-protocol-powered-by-instream-6-1-0_documentation.zip,auto,false,tibco,general,,,,,
tibco-businessconnect-edi-protocol-powered-by-instream,6.0.0,true,false,,2013-04-17,auto,auto,https://docs.tibco.com/pub/businessconnect_edi_instream/tibco-businessconnect-edi-protocol-powered-by-instream-6-0-0_documentation.zip,auto,false,tibco,general,,,,,
tibco-businessconnect-palette,6.6.0,false,true,,2026-01-28,auto,auto,https://docs.tibco.com/pub/bcpalette/6.6.0/doc/zip/tib_bcpalette_6.6.0_doc.zip,auto,false,tibco,general,,,,,
tibco-businessconnect-palette,6.5.0,false,true,,1713312000000,auto,auto,https://docs.tibco.com/pub/bcpalette/6.5.0/doc/zip/tib_bcpalette_6.5.0_doc.zip,auto,false,tibco,general,,,,,
tibco-businessconnect-palette,6.4.0,false,true,,2022-04-25,auto,auto,https://docs.tibco.com/pub/bcpalette/6.4.0/doc/zip/tib_bcpalette_6.4.0_doc.zip,auto,false,tibco,general,,,,,
tibco-businessconnect-palette,6.3.0,true,false,,2019-11-05,auto,auto,https://docs.tibco.com/pub/bcpalette/tibco-businessconnect-palette-6-3-0_documentation.zip,auto,false,tibco,general,,,,,
tibco-businessconnect-palette,6.2.0,true,false,,2017-06-15,auto,auto,https://docs.tibco.com/pub/bcpalette/tibco-businessconnect-palette-6-2-0_documentation.zip,auto,false,tibco,general,,,,,
tibco-businessconnect-palette-distribution-for-tibco-silver-fabric,6.2.0,true,false,,2015-11-11,auto,auto,https://docs.tibco.com/pub/bcpalettesf/tibco-businessconnect-palette-distribution-for-tibco-silver-fabric-6-2-0_documentation.zip,auto,false,tibco,general,,,,,
tibco-businessconnect-partner-management-portal,1.1.0,false,true,,2026-02-02,auto,auto,https://docs.tibco.com/pub/bcce-pmp/1.1.0/doc/zip/tib_bcce-pmp_1.1.0_doc.zip,auto,false,tibco,general,,,,,
tibco-businessconnect-partner-management-portal,1.0.0,false,true,,2025-04-10,auto,auto,https://docs.tibco.com/pub/bcce-pmp/1.0.0/doc/zip/tib_bcce-pmp_1.0.0_doc.zip,auto,false,tibco,general,,,,,
tibco-businessconnect-plug-in-for-ftp-server,1.0.1,false,true,,2016-03-03,auto,auto,https://docs.tibco.com/pub/bcftps/1.0.1/doc/zip/tib_bcftps_1.0.1_doc.zip,auto,false,tibco,general,,,,,
tibco-businessconnect-plug-in-for-ssh-server,1.1.0,false,true,,2020-03-26,auto,auto,https://docs.tibco.com/pub/bcsftp/1.1.0/doc/zip/tib_bcsftp_1.1.0_doc.zip,auto,false,tibco,general,,,,,
tibco-businessconnect-plug-in-for-ssh-server,1.0.1,true,false,,2016-04-29,auto,auto,https://docs.tibco.com/pub/bcsftp/tibco-businessconnect-plug-in-for-ssh-server-1-0-1_documentation.zip,auto,false,tibco,general,,,,,
tibco-businessconnect-plug-in-for-ssh-server,1.0.0,true,false,,2020-03-31,auto,auto,https://docs.tibco.com/pub/businessconnect-plugin-for-ssh-server/tibco-businessconnect-plug-in-for-ssh-server-1-0-0_documentation.zip,auto,false,tibco,general,,,,,
tibco-businessconnect-remote,5.0,false,true,,2011-06-23,auto,auto,https://docs.tibco.com/pub/businessconnect_remote/5.0.0_july_2006/doc/zip/tib_businessconnect_remote_5.0.0_july_2006_doc.zip,auto,false,tibco,general,,,,,
tibco-businessconnect-rosettanet-protocol,5.3.0,true,false,,2019-10-31,auto,auto,https://docs.tibco.com/pub/bcrn/tibco-businessconnect-rosettanet-protocol-5-3-0_documentation.zip,auto,false,tibco,general,,,,,
tibco-businessconnect-rosettanet-protocol,5.2.0,true,false,,2020-01-24,auto,auto,https://docs.tibco.com/pub/businessconnect_rosettanet/tibco-businessconnect-rosettanet-protocol-5-2-0_documentation.zip,auto,false,tibco,general,,,,,
tibco-businessconnect-services-plug-in,6.4.0,false,true,,1754438400000,auto,auto,https://docs.tibco.com/pub/bcezcomm/6.4.0/doc/zip/tib_bcezcomm_6.4.0_doc.zip,auto,false,tibco,general,,,,,
tibco-businessconnect-services-plug-in,6.3.0,false,true,,2019-11-01,auto,auto,https://docs.tibco.com/pub/bcezcomm/6.3.0/doc/zip/tib_bcezcomm_6.3.0_doc.zip,auto,false,tibco,general,,,,,
tibco-businessconnect-services-plug-in,6.2.0,true,false,,2014-08-19,auto,auto,https://docs.tibco.com/pub/businessconnect-ezcomm-protocol/tibco-businessconnect-services-plug-in-6-2-0_documentation.zip,auto,false,tibco,general,,,,,
tibco-businessconnect-services-plug-in,6.1.0,true,false,,2013-05-30,auto,auto,https://docs.tibco.com/pub/businessconnect-services-plugin/tibco-businessconnect-services-plug-in-6-1-0_documentation.zip,auto,false,tibco,general,,,,,
tibco-businessconnect-soap-protocol,7.2.0,false,true,,2025-07-11,auto,auto,https://docs.tibco.com/pub/bcsoap/7.2.0/doc/zip/tib_bcsoap_7.2.0_doc.zip,auto,false,tibco,general,,,,,
tibco-businessconnect-soap-protocol,7.1.0,false,true,,2019-10-22,auto,auto,https://docs.tibco.com/pub/bcsoap/7.1.0/doc/zip/tib_bcsoap_7.1.0_doc.zip,auto,false,tibco,general,,,,,
tibco-businessconnect-soap-protocol,7.0.0,true,false,,2018-08-10,auto,auto,https://docs.tibco.com/pub/bcsoap/tibco-businessconnect-soap-protocol-7-0-0_documentation.zip,auto,false,tibco,general,,,,,
tibco-businessconnect-soap-protocol,6.2.0,true,false,,2017-10-10,auto,auto,https://docs.tibco.com/pub/bcsoap/tibco-businessconnect-soap-protocol-6-2-0_documentation.zip,auto,false,tibco,general,,,,,
tibco-businessconnect-soap-protocol,6.1.0,true,false,,2015-04-23,auto,auto,https://docs.tibco.com/pub/bcsoap/tibco-businessconnect-soap-protocol-6-1-0_documentation.zip,auto,false,tibco,general,,,,,
tibco-businessconnect-soap-protocol,6.0.0,true,false,,2014-04-16,auto,auto,https://docs.tibco.com/pub/business_connect_soap/tibco-businessconnect-soap-protocol-6-0-0_documentation.zip,auto,false,tibco,general,,,,,
tibco-businessconnect-trading-community-management,6.2.0,false,true,,1752537600000,auto,auto,https://docs.tibco.com/pub/bctcm/6.2.0/doc/zip/tib_bctcm_6.2.0_doc.zip,auto,false,tibco,general,,,,,
tibco-businessconnect-trading-community-management,6.1.1,true,false,,2022-04-22,auto,auto,https://docs.tibco.com/pub/bctcm/tibco-businessconnect-trading-community-management-6-1-1_documentation.zip,auto,false,tibco,general,,,,,
tibco-businessconnect-trading-community-management,6.1.0,true,false,,2020-08-13,auto,auto,https://docs.tibco.com/pub/bctcm/tibco-businessconnect-trading-community-management-6-1-0_documentation.zip,auto,false,tibco,general,,,,,
tibco-businessconnect-trading-community-management,6.0.0,true,false,,2012-11-28,auto,auto,https://docs.tibco.com/pub/businessconnect_trading_community_management/tibco-businessconnect-trading-community-management-6-0-0_documentation.zip,auto,false,tibco,general,,,,,
tibco-clarity,3.0.0,true,false,,2016-11-02,auto,auto,https://docs.tibco.com/pub/clarity-dt/tibco-clarity-3-0-0_documentation.zip,auto,false,tibco,general,,,,,
tibco-clarity,2.4.0,true,false,,2016-06-10,auto,auto,https://docs.tibco.com/pub/clarity-dt/tibco-clarity-2-4-0_documentation.zip,auto,false,tibco,general,,,,,
tibco-clarity,2.3.0,false,true,,2015-12-01,auto,auto,https://docs.tibco.com/pub/clarity/2.3.0/doc/zip/tib_clarity_2.3.0_doc.zip,auto,false,tibco,general,,,,,
tibco-clarity,2.2.0,true,false,,1441670400000,auto,auto,https://docs.tibco.com/pub/clarity/tibco-clarity-2-2-0_documentation.zip,auto,false,tibco,general,,,,,
tibco-clarity,2.1.0,true,false,,2015-05-18,auto,auto,https://docs.tibco.com/pub/clarity-dt/tibco-clarity-2-1-0_documentation.zip,auto,false,tibco,general,,,,,
tibco-clarity,2.0.1,true,false,,2014-12-11,auto,auto,https://docs.tibco.com/pub/clarity/tibco-clarity-2-0-1_documentation.zip,auto,false,tibco,general,,,,,
tibco-clarity,2.0.0,true,false,,2014-11-20,auto,auto,https://docs.tibco.com/pub/clarity/tibco-clarity-2-0-0_documentation.zip,auto,false,tibco,general,,,,,
tibco-clarity,1.3.2,true,false,,2014-10-21,auto,auto,https://docs.tibco.com/pub/clarity/tibco-clarity-1-3-2_documentation.zip,auto,false,tibco,general,,,,,
tibco-clarity,1.3.1,true,false,,2014-10-02,auto,auto,https://docs.tibco.com/pub/clarity/tibco-clarity-1-3-1_documentation.zip,auto,false,tibco,general,,,,,
tibco-clarity,1.3.0,true,false,,2014-09-04,auto,auto,https://docs.tibco.com/pub/clarity/tibco-clarity-1-3-0_documentation.zip,auto,false,tibco,general,,,,,
tibco-clarity,1.2.0,true,false,,2014-07-18,auto,auto,https://docs.tibco.com/pub/clarity/tibco-clarity-1-2-0_documentation.zip,auto,false,tibco,general,,,,,
tibco-clarity,1.1.0,true,false,,2014-04-17,auto,auto,https://docs.tibco.com/pub/clarity/tibco-clarity-1-1-0_documentation.zip,auto,false,tibco,general,,,,,
tibco-clarity,1.0.1,true,false,,2014-02-04,auto,auto,https://docs.tibco.com/pub/clarity/tibco-clarity-1-0-1_documentation.zip,auto,false,tibco,general,,,,,
tibco-clarity,1.0.0,true,false,,2013-11-27,auto,auto,https://docs.tibco.com/pub/clarity/tibco-clarity-1-0-0_documentation.zip,auto,false,tibco,general,,,,,
tibco-clarity-cloud-edition,3.1.0,true,false,,2019-11-22,auto,auto,https://docs.tibco.com/pub/clarity/tibco-cloud-clarity-3-1-0_documentation.zip,auto,false,tibco,general,,,,,
tibco-clarity-cloud-edition,3.0.1,true,false,,1521158400000,auto,auto,https://docs.tibco.com/pub/clarity/tibco-clarity---cloud-edition-3-0-1_documentation.zip,auto,false,tibco,general,,,,,
tibco-clarity-enterprise-edition,3.2.1,true,false,,2022-02-10,auto,auto,https://docs.tibco.com/pub/clarity-dt/tibco-clarity-enterprise-edition-3-2-1_documentation.zip,auto,false,tibco,general,,,,,
tibco-clarity-enterprise-edition,3.2.0,true,false,,2019-09-19,auto,auto,https://docs.tibco.com/pub/clarity-dt/tibco-clarity-enterprise-edition-3-2-0_documentation.zip,auto,false,tibco,general,,,,,
tibco-clarity-enterprise-edition,3.1.0,true,false,,1540857600000,auto,auto,https://docs.tibco.com/pub/clarity-dt/tibco-clarity-enterprise-edition-3-1-0_documentation.zip,auto,false,tibco,general,,,,,
tibco-clarity-enterprise-edition,3.0.1,true,false,,2018-03-15,auto,auto,https://docs.tibco.com/pub/clarity-dt/tibco-clarity-enterprise-edition-3-0-1_documentation.zip,auto,false,tibco,general,,,,,
tibco-cloud,Cloud™,false,true,,2020-01-14,auto,auto,https://docs.tibco.com/pub/cloud/Cloud™/doc/zip/tib_cloud_Cloud™_doc.zip,auto,false,tibco,general,,,,,
tibco-cloud-administration,Administration,false,true,,2018-07-12,auto,auto,https://docs.tibco.com/pub/cloud-administration/Administration/doc/zip/tib_cloud-administration_Administration_doc.zip,auto,false,tibco,general,,,,,
tibco-cloud-api-modeler,1.5.0,false,true,,2023-05-30,auto,auto,https://docs.tibco.com/pub/tcam/1.5.0/doc/zip/tib_tcam_1.5.0_doc.zip,auto,false,tibco,general,,,,,
tibco-cloud-api-modeler,1.4.0,false,true,,2023-02-22,auto,auto,https://docs.tibco.com/pub/tcam/1.4.0/doc/zip/tib_tcam_1.4.0_doc.zip,auto,false,tibco,general,,,,,
tibco-cloud-api-modeler,1.3.0,false,true,,2022-11-28,auto,auto,https://docs.tibco.com/pub/tcam/1.3.0/doc/zip/tib_tcam_1.3.0_doc.zip,auto,false,tibco,general,,,,,
tibco-cloud-api-modeler,1.2.0,false,true,,2022-09-09,auto,auto,https://docs.tibco.com/pub/tcam/1.2.0/doc/zip/tib_tcam_1.2.0_doc.zip,auto,false,tibco,general,,,,,
tibco-cloud-api-modeler,1.1.0,false,true,,2022-07-13,auto,auto,https://docs.tibco.com/pub/tcam/1.1.0/doc/zip/tib_tcam_1.1.0_doc.zip,auto,false,tibco,general,,,,,
tibco-cloud-api-modeler,1.0.0,false,true,,2021-08-17,auto,auto,https://docs.tibco.com/pub/tcam/1.0.0/doc/zip/tib_tcam_1.0.0_doc.zip,auto,false,tibco,general,,,,,
tibco-cloud-auditsafe,1.5.1,false,true,,2023-02-08,auto,auto,https://docs.tibco.com/pub/cloud-auditsafe/1.5.1/doc/zip/tib_cloud-auditsafe_1.5.1_doc.zip,auto,false,tibco,general,,,,,
tibco-cloud-auditsafe,1.5.0,false,true,,2022-08-29,auto,auto,https://docs.tibco.com/pub/cloud-auditsafe/1.5.0/doc/zip/tib_cloud-auditsafe_1.5.0_doc.zip,auto,false,tibco,general,,,,,
tibco-cloud-auditsafe,1.0.0,false,true,,1548115200000,auto,auto,https://docs.tibco.com/pub/cloud-auditsafe/1.0.0/doc/zip/tib_cloud-auditsafe_1.0.0_doc.zip,auto,false,tibco,general,,,,,
tibco-cloud-bus,1.2.0,false,true,,2014-04-02,auto,auto,https://docs.tibco.com/pub/cloud_bus/1.2.0/doc/zip/tib_cloud_bus_1.2.0_doc.zip,auto,false,tibco,general,,,,,
tibco-cloud-data-streams,1.2.0,true,false,,2022-03-02,auto,auto,https://docs.tibco.com/pub/tcds/tibco-cloud-data-streams-1-2-0_documentation.zip,auto,false,tibco,general,,,,,
tibco-cloud-events,Events,false,true,,2018-11-28,auto,auto,https://docs.tibco.com/pub/cloud-events/Events/doc/zip/tib_cloud-events_Events_doc.zip,auto,false,tibco,general,,,,,
tibco-cloud-integration-for-salesforce,1.0.0,false,true,,2018-12-12,auto,auto,https://docs.tibco.com/pub/tcisf/1.0.0/doc/zip/tib_tcisf_1.0.0_doc.zip,auto,false,tibco,general,,,,,
tibco-cloud-integration-for-salesforce,0.1.0,false,true,,1543536000000,auto,auto,https://docs.tibco.com/pub/tcisf/0.1.0/doc/zip/tib_tcisf_0.1.0_doc.zip,auto,false,tibco,general,,,,,
tibco-cloud-integration-hybrid,3.12.0,false,true,,1743638400000,auto,auto,https://docs.tibco.com/pub/cloud-integration-sku/3.12.0/doc/zip/tib_cloud-integration-sku_3.12.0_doc.zip,auto,false,tibco,general,,,,,
tibco-cloud-integration-hybrid,3.11.0,false,true,,2025-02-05,auto,auto,https://docs.tibco.com/pub/cloud-integration-sku/3.11.0/doc/zip/tib_cloud-integration-sku_3.11.0_doc.zip,auto,false,tibco,general,,,,,
tibco-cloud-integration-hybrid,3.10.0,false,true,,1724198400000,auto,auto,https://docs.tibco.com/pub/cloud-integration-sku/3.10.0/doc/zip/tib_cloud-integration-sku_3.10.0_doc.zip,auto,false,tibco,general,,,,,
tibco-cloud-integration-hybrid,3.9.0,false,true,,1716336000000,auto,auto,https://docs.tibco.com/pub/cloud-integration-sku/3.9.0/doc/zip/tib_cloud-integration-sku_3.9.0_doc.zip,auto,false,tibco,general,,,,,
tibco-cloud-integration-hybrid,3.8.0,false,true,,2024-02-22,auto,auto,https://docs.tibco.com/pub/cloud-integration-sku/3.8.0/doc/zip/tib_cloud-integration-sku_3.8.0_doc.zip,auto,false,tibco,general,,,,,
tibco-cloud-integration-hybrid,3.7.0,false,true,,1701993600000,auto,auto,https://docs.tibco.com/pub/cloud-integration-sku/3.7.0/doc/zip/tib_cloud-integration-sku_3.7.0_doc.zip,auto,false,tibco,general,,,,,
tibco-cloud-integration-hybrid,3.6.0,false,true,,1692748800000,auto,auto,https://docs.tibco.com/pub/cloud-integration-sku/3.6.0/doc/zip/tib_cloud-integration-sku_3.6.0_doc.zip,auto,false,tibco,general,,,,,
tibco-cloud-integration-hybrid,3.5.0,false,true,,1684800000000,auto,auto,https://docs.tibco.com/pub/cloud-integration-sku/3.5.0/doc/zip/tib_cloud-integration-sku_3.5.0_doc.zip,auto,false,tibco,general,,,,,
tibco-cloud-integration-hybrid,3.4.0,false,true,,1677024000000,auto,auto,https://docs.tibco.com/pub/cloud-integration-sku/3.4.0/doc/zip/tib_cloud-integration-sku_3.4.0_doc.zip,auto,false,tibco,general,,,,,
tibco-cloud-integration-hybrid,3.3.0,false,true,,1668556800000,auto,auto,https://docs.tibco.com/pub/cloud-integration-sku/3.3.0/doc/zip/tib_cloud-integration-sku_3.3.0_doc.zip,auto,false,tibco,general,,,,,
tibco-cloud-integration-hybrid,3.2.0,false,true,,1660694400000,auto,auto,https://docs.tibco.com/pub/cloud-integration-sku/3.2.0/doc/zip/tib_cloud-integration-sku_3.2.0_doc.zip,auto,false,tibco,general,,,,,
tibco-cloud-integration-hybrid,3.1.0,false,true,,1652918400000,auto,auto,https://docs.tibco.com/pub/cloud-integration-sku/3.1.0/doc/zip/tib_cloud-integration-sku_3.1.0_doc.zip,auto,false,tibco,general,,,,,
tibco-cloud-integration-hybrid,3.0.0,false,true,,1644796800000,auto,auto,https://docs.tibco.com/pub/cloud-integration-sku/3.0.0/doc/zip/tib_cloud-integration-sku_3.0.0_doc.zip,auto,false,tibco,general,,,,,
tibco-cloud-integration-hybrid,2.9.0,false,true,,1637020800000,auto,auto,https://docs.tibco.com/pub/cloud-integration-sku/2.9.0/doc/zip/tib_cloud-integration-sku_2.9.0_doc.zip,auto,false,tibco,general,,,,,
tibco-cloud-integration-hybrid,2.8.0,false,true,,1632182400000,auto,auto,https://docs.tibco.com/pub/cloud-integration-sku/2.8.0/doc/zip/tib_cloud-integration-sku_2.8.0_doc.zip,auto,false,tibco,general,,,,,
tibco-cloud-integration-hybrid,2.7.0,false,true,,1629158400000,auto,auto,https://docs.tibco.com/pub/cloud-integration-sku/2.7.0/doc/zip/tib_cloud-integration-sku_2.7.0_doc.zip,auto,false,tibco,general,,,,,
tibco-cloud-integration-hybrid,2.6.1,false,true,,1622678400000,auto,auto,https://docs.tibco.com/pub/cloud-integration-sku/2.6.1/doc/zip/tib_cloud-integration-sku_2.6.1_doc.zip,auto,false,tibco,general,,,,,
tibco-cloud-integration-hybrid,2.6.0,false,true,,1621468800000,auto,auto,https://docs.tibco.com/pub/cloud-integration-sku/2.6.0/doc/zip/tib_cloud-integration-sku_2.6.0_doc.zip,auto,false,tibco,general,,,,,
tibco-cloud-integration-hybrid,2.5.0,false,true,,1613520000000,auto,auto,https://docs.tibco.com/pub/cloud-integration-sku/2.5.0/doc/zip/tib_cloud-integration-sku_2.5.0_doc.zip,auto,false,tibco,general,,,,,
tibco-cloud-integration-hybrid,2.3.0,false,true,,1599696000000,auto,auto,https://docs.tibco.com/pub/cloud-integration-sku/2.3.0/doc/zip/tib_cloud-integration-sku_2.3.0_doc.zip,auto,false,tibco,general,,,,,
tibco-cloud-integration-hybrid,2.2.0,false,true,,2020-06-30,auto,auto,https://docs.tibco.com/pub/cloud-integration-sku/2.2.0/doc/zip/tib_cloud-integration-sku_2.2.0_doc.zip,auto,false,tibco,general,,,,,
tibco-cloud-integration-hybrid,2.1.1,false,true,,1588204800000,auto,auto,https://docs.tibco.com/pub/cloud-integration-sku/2.1.1/doc/zip/tib_cloud-integration-sku_2.1.1_doc.zip,auto,false,tibco,general,,,,,
tibco-cloud-integration-hybrid,2.1.0,false,true,,1582848000000,auto,auto,https://docs.tibco.com/pub/cloud-integration-sku/2.1.0/doc/zip/tib_cloud-integration-sku_2.1.0_doc.zip,auto,false,tibco,general,,,,,
tibco-cloud-integration-hybrid,2.0.0,false,true,,2019-09-20,auto,auto,https://docs.tibco.com/pub/cloud-integration-sku/2.0.0/doc/zip/tib_cloud-integration-sku_2.0.0_doc.zip,auto,false,tibco,general,,,,,
tibco-cloud-integration-hybrid,1.8.0,false,true,,1564617600000,auto,auto,https://docs.tibco.com/pub/cloud-integration-sku/1.8.0/doc/zip/tib_cloud-integration-sku_1.8.0_doc.zip,auto,false,tibco,general,,,,,
tibco-cloud-integration-hybrid,1.7.0,false,true,,1559260800000,auto,auto,https://docs.tibco.com/pub/cloud-integration-sku/1.7.0/doc/zip/tib_cloud-integration-sku_1.7.0_doc.zip,auto,false,tibco,general,,,,,
tibco-cloud-integration-hybrid,1.6.0,false,true,,1551916800000,auto,auto,https://docs.tibco.com/pub/cloud-integration-sku/1.6.0/doc/zip/tib_cloud-integration-sku_1.6.0_doc.zip,auto,false,tibco,general,,,,,
tibco-cloud-integration-hybrid,1.5.0,false,true,,1544745600000,auto,auto,https://docs.tibco.com/pub/cloud-integration-sku/1.5.0/doc/zip/tib_cloud-integration-sku_1.5.0_doc.zip,auto,false,tibco,general,,,,,
tibco-cloud-integration-hybrid,1.4.0,false,true,,1539734400000,auto,auto,https://docs.tibco.com/pub/cloud-integration-sku/1.4.0/doc/zip/tib_cloud-integration-sku_1.4.0_doc.zip,auto,false,tibco,general,,,,,
tibco-cloud-integration-hybrid,1.3.0,false,true,,1537833600000,auto,auto,https://docs.tibco.com/pub/cloud-integration-sku/1.3.0/doc/zip/tib_cloud-integration-sku_1.3.0_doc.zip,auto,false,tibco,general,,,,,
tibco-cloud-integration-hybrid,1.2.0,false,true,,1532908800000,auto,auto,https://docs.tibco.com/pub/cloud-integration-sku/1.2.0/doc/zip/tib_cloud-integration-sku_1.2.0_doc.zip,auto,false,tibco,general,,,,,
tibco-cloud-integration-hybrid,1.1.0,false,true,,1531353600000,auto,auto,https://docs.tibco.com/pub/cloud-integration-sku/1.1.0/doc/zip/tib_cloud-integration-sku_1.1.0_doc.zip,auto,false,tibco,general,,,,,
tibco-cloud-integration-hybrid,1.0.0,false,true,,1517961600000,auto,auto,https://docs.tibco.com/pub/cloud-integration-sku/1.0.0/doc/zip/tib_cloud-integration-sku_1.0.0_doc.zip,auto,false,tibco,general,,,,,
tibco-cloud-integration-hybrid-connectivity-add-on,3.10.0,false,true,,2024-08-21,auto,auto,https://docs.tibco.com/pub/cloud_int_connectivity/3.10.0/doc/zip/tib_cloud_int_connectivity_3.10.0_doc.zip,auto,false,tibco,general,,,,,
tibco-cloud-integration-hybrid-connectivity-add-on,3.9.0,false,true,,2024-05-22,auto,auto,https://docs.tibco.com/pub/cloud_int_connectivity/3.9.0/doc/zip/tib_cloud_int_connectivity_3.9.0_doc.zip,auto,false,tibco,general,,,,,
tibco-cloud-integration-hybrid-connectivity-add-on,3.8.0,false,true,,2024-02-22,auto,auto,https://docs.tibco.com/pub/cloud_int_connectivity/3.8.0/doc/zip/tib_cloud_int_connectivity_3.8.0_doc.zip,auto,false,tibco,general,,,,,
tibco-cloud-integration-hybrid-connectivity-add-on,3.7.0,false,true,,2023-12-11,auto,auto,https://docs.tibco.com/pub/cloud_int_connectivity/3.7.0/doc/zip/tib_cloud_int_connectivity_3.7.0_doc.zip,auto,false,tibco,general,,,,,
tibco-cloud-integration-hybrid-connectivity-add-on,3.6.0,false,true,,2023-08-23,auto,auto,https://docs.tibco.com/pub/cloud_int_connectivity/3.6.0/doc/zip/tib_cloud_int_connectivity_3.6.0_doc.zip,auto,false,tibco,general,,,,,
tibco-cloud-integration-hybrid-connectivity-add-on,3.5.0,false,true,,2023-05-24,auto,auto,https://docs.tibco.com/pub/cloud_int_connectivity/3.5.0/doc/zip/tib_cloud_int_connectivity_3.5.0_doc.zip,auto,false,tibco,general,,,,,
tibco-cloud-integration-hybrid-connectivity-add-on,3.4.1,false,true,,2023-03-13,auto,auto,https://docs.tibco.com/pub/cloud_int_connectivity/3.4.1/doc/zip/tib_cloud_int_connectivity_3.4.1_doc.zip,auto,false,tibco,general,,,,,
tibco-cloud-integration-hybrid-connectivity-add-on,3.4.0,false,true,,2023-02-22,auto,auto,https://docs.tibco.com/pub/cloud_int_connectivity/3.4.0/doc/zip/tib_cloud_int_connectivity_3.4.0_doc.zip,auto,false,tibco,general,,,,,
tibco-cloud-integration-hybrid-connectivity-add-on,3.3.0,false,true,,2022-11-16,auto,auto,https://docs.tibco.com/pub/cloud_int_connectivity/3.3.0/doc/zip/tib_cloud_int_connectivity_3.3.0_doc.zip,auto,false,tibco,general,,,,,
tibco-cloud-integration-hybrid-connectivity-add-on,3.2.0,false,true,,2022-08-17,auto,auto,https://docs.tibco.com/pub/cloud_int_connectivity/3.2.0/doc/zip/tib_cloud_int_connectivity_3.2.0_doc.zip,auto,false,tibco,general,,,,,
tibco-cloud-integration-hybrid-connectivity-add-on,3.1.0,false,true,,2022-05-19,auto,auto,https://docs.tibco.com/pub/cloud_int_connectivity/3.1.0/doc/zip/tib_cloud_int_connectivity_3.1.0_doc.zip,auto,false,tibco,general,,,,,
tibco-cloud-integration-hybrid-connectivity-add-on,3.0.0,false,true,,2022-02-14,auto,auto,https://docs.tibco.com/pub/cloud_int_connectivity/3.0.0/doc/zip/tib_cloud_int_connectivity_3.0.0_doc.zip,auto,false,tibco,general,,,,,
tibco-cloud-integration-hybrid-connectivity-add-on,2.9.1,false,true,,2021-12-03,auto,auto,https://docs.tibco.com/pub/cloud_int_connectivity/2.9.1/doc/zip/tib_cloud_int_connectivity_2.9.1_doc.zip,auto,false,tibco,general,,,,,
tibco-cloud-integration-hybrid-connectivity-add-on,2.9.0,false,true,,2021-11-16,auto,auto,https://docs.tibco.com/pub/cloud_int_connectivity/2.9.0/doc/zip/tib_cloud_int_connectivity_2.9.0_doc.zip,auto,false,tibco,general,,,,,
tibco-cloud-integration-hybrid-connectivity-add-on,2.7.0,false,true,,2021-08-17,auto,auto,https://docs.tibco.com/pub/cloud_int_connectivity/2.7.0/doc/zip/tib_cloud_int_connectivity_2.7.0_doc.zip,auto,false,tibco,general,,,,,
tibco-cloud-integration-hybrid-connectivity-add-on,2.6.1,false,true,,2021-06-14,auto,auto,https://docs.tibco.com/pub/cloud_int_connectivity/2.6.1/doc/zip/tib_cloud_int_connectivity_2.6.1_doc.zip,auto,false,tibco,general,,,,,
tibco-cloud-integration-hybrid-connectivity-add-on,2.6.0,false,true,,2021-05-20,auto,auto,https://docs.tibco.com/pub/cloud_int_connectivity/2.6.0/doc/zip/tib_cloud_int_connectivity_2.6.0_doc.zip,auto,false,tibco,general,,,,,
tibco-cloud-integration-hybrid-connectivity-add-on,2.5.3,false,true,,2021-04-20,auto,auto,https://docs.tibco.com/pub/cloud_int_connectivity/2.5.3/doc/zip/tib_cloud_int_connectivity_2.5.3_doc.zip,auto,false,tibco,general,,,,,
tibco-cloud-integration-hybrid-connectivity-add-on,2.5.2,false,true,,2021-03-10,auto,auto,https://docs.tibco.com/pub/cloud_int_connectivity/2.5.2/doc/zip/tib_cloud_int_connectivity_2.5.2_doc.zip,auto,false,tibco,general,,,,,
tibco-cloud-integration-hybrid-connectivity-add-on,2.5.1,false,true,,2021-03-02,auto,auto,https://docs.tibco.com/pub/cloud_int_connectivity/2.5.1/doc/zip/tib_cloud_int_connectivity_2.5.1_doc.zip,auto,false,tibco,general,,,,,
tibco-cloud-integration-hybrid-connectivity-add-on,2.5.0,false,true,,2021-02-17,auto,auto,https://docs.tibco.com/pub/cloud_int_connectivity/2.5.0/doc/zip/tib_cloud_int_connectivity_2.5.0_doc.zip,auto,false,tibco,general,,,,,
tibco-cloud-integration-hybrid-connectivity-add-on,2.4.0,false,true,,1605744000000,auto,auto,https://docs.tibco.com/pub/cloud_int_connectivity/2.4.0/doc/zip/tib_cloud_int_connectivity_2.4.0_doc.zip,auto,false,tibco,general,,,,,
tibco-cloud-integration-hybrid-connectivity-add-on,2.3.0,false,true,,1600387200000,auto,auto,https://docs.tibco.com/pub/cloud_int_connectivity/2.3.0/doc/zip/tib_cloud_int_connectivity_2.3.0_doc.zip,auto,false,tibco,general,,,,,
tibco-cloud-integration-hybrid-connectivity-add-on,2.2.0,false,true,,1593388800000,auto,auto,https://docs.tibco.com/pub/cloud_int_connectivity/2.2.0/doc/zip/tib_cloud_int_connectivity_2.2.0_doc.zip,auto,false,tibco,general,,,,,
tibco-cloud-integration-hybrid-connectivity-add-on,2.1.1,false,true,,1585872000000,auto,auto,https://docs.tibco.com/pub/cloud_int_connectivity/2.1.1/doc/zip/tib_cloud_int_connectivity_2.1.1_doc.zip,auto,false,tibco,general,,,,,
tibco-cloud-integration-hybrid-connectivity-add-on,2.1.0,false,true,,2020-03-11,auto,auto,https://docs.tibco.com/pub/cloud_int_connectivity/2.1.0/doc/zip/tib_cloud_int_connectivity_2.1.0_doc.zip,auto,false,tibco,general,,,,,
tibco-cloud-integration-hybrid-connectivity-add-on,2.0.0,false,true,,2019-09-19,auto,auto,https://docs.tibco.com/pub/cloud_int_connectivity/2.0.0/doc/zip/tib_cloud_int_connectivity_2.0.0_doc.zip,auto,false,tibco,general,,,,,
tibco-cloud-integration-hybrid-connectivity-add-on,1.8.0,false,true,,2019-08-01,auto,auto,https://docs.tibco.com/pub/cloud_int_connectivity/1.8.0/doc/zip/tib_cloud_int_connectivity_1.8.0_doc.zip,auto,false,tibco,general,,,,,
tibco-cloud-integration-hybrid-connectivity-add-on,1.7.0,false,true,,1559260800000,auto,auto,https://docs.tibco.com/pub/cloud_int_connectivity/1.7.0/doc/zip/tib_cloud_int_connectivity_1.7.0_doc.zip,auto,false,tibco,general,,,,,
tibco-cloud-integration-hybrid-connectivity-add-on,1.3.0,false,true,,2019-03-18,auto,auto,https://docs.tibco.com/pub/cloud_int_connectivity/1.1.0/doc/zip/tib_cloud_int_connectivity_1.1.0_doc.zip,auto,false,tibco,general,,,,,
tibco-cloud-integration-hybrid-connectivity-add-on,1.2.0,false,true,,2018-12-10,auto,auto,https://docs.tibco.com/pub/cloud_int_connectivity/1.2.0/doc/zip/tib_cloud_int_connectivity_1.2.0_doc.zip,auto,false,tibco,general,,,,,
tibco-cloud-integration-hybrid-connectivity-add-on,1.1.0,false,true,,1531267200000,auto,auto,https://docs.tibco.com/pub/cloud_int_connectivity/1.1.0/doc/zip/tib_cloud_int_connectivity_1.1.0_doc.zip,auto,false,tibco,general,,,,,
tibco-cloud-integration-hybrid-connectivity-add-on,1.0.0,false,true,,2018-04-10,auto,auto,https://docs.tibco.com/pub/cloud_int_connectivity/1.0.0/doc/zip/tib_cloud_int_connectivity_1.0.0_doc.zip,auto,false,tibco,general,,,,,
tibco-cloud-integration-hybrid-plan,3.12.0,false,true,,1743638400000,auto,auto,https://docs.tibco.com/pub/tci-hybrid/3.12.0/doc/zip/tib_tci-hybrid_3.12.0_doc.zip,auto,false,tibco,general,,,,,
tibco-cloud-integration-hybrid-plan,3.11.0,false,true,,1738713600000,auto,auto,https://docs.tibco.com/pub/tci-hybrid/3.11.0/doc/zip/tib_tci-hybrid_3.11.0_doc.zip,auto,false,tibco,general,,,,,
tibco-cloud-integration-hybrid-plan,3.10.0,false,true,,1724198400000,auto,auto,https://docs.tibco.com/pub/tci-hybrid/3.10.0/doc/zip/tib_tci-hybrid_3.10.0_doc.zip,auto,false,tibco,general,,,,,
tibco-cloud-integration-hybrid-plan,3.9.0,false,true,,1716336000000,auto,auto,https://docs.tibco.com/pub/tci-hybrid/3.9.0/doc/zip/tib_tci-hybrid_3.9.0_doc.zip,auto,false,tibco,general,,,,,
tibco-cloud-integration-hybrid-plan,3.8.0,false,true,,1708560000000,auto,auto,https://docs.tibco.com/pub/tci-hybrid/3.8.0/doc/zip/tib_tci-hybrid_3.8.0_doc.zip,auto,false,tibco,general,,,,,
tibco-cloud-integration-hybrid-plan,3.7.0,false,true,,1701993600000,auto,auto,https://docs.tibco.com/pub/tci-hybrid/3.7.0/doc/zip/tib_tci-hybrid_3.7.0_doc.zip,auto,false,tibco,general,,,,,
tibco-cloud-integration-hybrid-plan,3.6.0,false,true,,1692835200000,auto,auto,https://docs.tibco.com/pub/tci-hybrid/3.6.0/doc/zip/tib_tci-hybrid_3.6.0_doc.zip,auto,false,tibco,general,,,,,
tibco-cloud-integration-hybrid-plan,3.5.0,false,true,,1684800000000,auto,auto,https://docs.tibco.com/pub/tci-hybrid/3.5.0/doc/zip/tib_tci-hybrid_3.5.0_doc.zip,auto,false,tibco,general,,,,,
tibco-cloud-integration-hybrid-plan,3.4.0,false,true,,1677024000000,auto,auto,https://docs.tibco.com/pub/tci-hybrid/3.4.0/doc/zip/tib_tci-hybrid_3.4.0_doc.zip,auto,false,tibco,general,,,,,
tibco-cloud-integration-hybrid-plan,3.3.0,true,false,,1668556800000,auto,auto,https://docs.tibco.com/pub/tci-hybrid/3.3.0/tibco-cloud-integration-hybrid-plan-3-3-0_documentation.zip,auto,false,tibco,general,,,,,
tibco-cloud-integration-hybrid-plan,3.2.0,true,false,,1660694400000,auto,auto,https://docs.tibco.com/pub/tci-hybrid/3.2.0/tibco-cloud-integration-hybrid-plan-3-2-0_documentation.zip,auto,false,tibco,general,,,,,
tibco-cloud-integration-hybrid-plan,3.1.0,true,false,,1652918400000,auto,auto,https://docs.tibco.com/pub/tci-hybrid/3.1.0/tibco-cloud-integration-hybrid-plan-3-1-0_documentation.zip,auto,false,tibco,general,,,,,
tibco-cloud-integration-hybrid-plan,3.0.0,true,false,,1644796800000,auto,auto,https://docs.tibco.com/pub/tci-hybrid/3.0.0/tibco-cloud-integration-hybrid-plan-3-0-0_documentation.zip,auto,false,tibco,general,,,,,
tibco-cloud-integration-hybrid-plan,2.9.1,true,false,,1638489600000,auto,auto,https://docs.tibco.com/pub/tci-hybrid/2.9.1/tibco-cloud-integration-hybrid-plan-2-9-1_documentation.zip,auto,false,tibco,general,,,,,
tibco-cloud-integration-hybrid-plan,2.9.0,true,false,,1637020800000,auto,auto,https://docs.tibco.com/pub/tci-hybrid/2.9.0/tibco-cloud-integration-hybrid-plan-2-9-0_documentation.zip,auto,false,tibco,general,,,,,
tibco-cloud-integration-hybrid-plan,2.8.0,true,false,,1632182400000,auto,auto,https://docs.tibco.com/pub/tci-hybrid/2.8.0/tibco-cloud-integration-hybrid-plan-2-8-0_documentation.zip,auto,false,tibco,general,,,,,
tibco-cloud-integration-hybrid-plan,2.7.0,true,false,,1629158400000,auto,auto,https://docs.tibco.com/pub/tci-hybrid/2.7.0/tibco-cloud-integration-hybrid-plan-2-7-0_documentation.zip,auto,false,tibco,general,,,,,
tibco-cloud-integration-hybrid-plan,2.6.1,true,false,,1622678400000,auto,auto,https://docs.tibco.com/pub/tci-hybrid/2.6.1/tibco-cloud-integration-hybrid-plan-2-6-1_documentation.zip,auto,false,tibco,general,,,,,
tibco-cloud-integration-hybrid-plan,2.6.0,true,false,,2021-05-20,auto,auto,https://docs.tibco.com/pub/tci-hybrid/2.6.0/tibco-cloud-integration-hybrid-plan-2-6-0_documentation.zip,auto,false,tibco,general,,,,,
tibco-cloud-integration-hybrid-plan,2.5.0,true,false,,1613520000000,auto,auto,https://docs.tibco.com/pub/tci-hybrid/2.5.0/tibco-cloud-integration-hybrid-plan-2-5-0_documentation.zip,auto,false,tibco,general,,,,,
tibco-cloud-integration-hybrid-plan,2.4.0,true,false,,1605744000000,auto,auto,https://docs.tibco.com/pub/tci-hybrid/2.4.0/tibco-cloud-integration-hybrid-plan-2-4-0_documentation.zip,auto,false,tibco,general,,,,,
tibco-cloud-integration-hybrid-plan,2.3.0,true,false,,1599696000000,auto,auto,https://docs.tibco.com/pub/tci-hybrid/2.3.0/tibco-cloud-integration-hybrid-plan-2-3-0_documentation.zip,auto,false,tibco,general,,,,,
tibco-cloud-integration-hybrid-plan,2.2.0,true,false,,1593388800000,auto,auto,https://docs.tibco.com/pub/tci-hybrid/2.2.0/tibco-cloud-integration-hybrid-plan-2-2-0_documentation.zip,auto,false,tibco,general,,,,,
tibco-cloud-integration-hybrid-plan,2.1.0,true,false,,1582848000000,auto,auto,https://docs.tibco.com/pub/tci-hybrid/2.1.0/tibco-cloud-integration-hybrid-plan-2-1-0_documentation.zip,auto,false,tibco,general,,,,,
tibco-cloud-integration-hybrid-plan,2.0.0,true,false,,2019-09-18,auto,auto,https://docs.tibco.com/pub/tci-hybrid/2.0.0/tibco-cloud-integration-hybrid-plan-2-0-0_documentation.zip,auto,false,tibco,general,,,,,
tibco-cloud-integration-hybrid-plan,1.1.0,true,false,,2019-08-02,auto,auto,https://docs.tibco.com/pub/tci-hybrid/1.1.0/tibco-cloud-integration-hybrid-plan-1-1-0_documentation.zip,auto,false,tibco,general,,,,,
tibco-cloud-integration-hybrid-plan,1.0.0,true,false,,1563148800000,auto,auto,https://docs.tibco.com/pub/tci-hybrid/1.0.0/tibco-cloud-integration-hybrid-plan-1-0-0_documentation.zip,auto,false,tibco,general,,,,,
tibco-cloud-integration-ipaas,(iPaaS),false,true,,2017-02-13,auto,auto,https://docs.tibco.com/pub/cloud-integration-ipaas/(iPaaS)/doc/zip/tib_cloud-integration-ipaas_(iPaaS)_doc.zip,auto,false,tibco,general,,,,,
tibco-cloud-live-apps,Apps,false,true,,2018-07-12,auto,auto,https://docs.tibco.com/pub/cloud-live-apps/Apps/doc/zip/tib_cloud-live-apps_Apps_doc.zip,auto,false,tibco,general,,,,,
tibco-cloud-messaging,Messaging,false,true,,2020-01-14,auto,auto,https://docs.tibco.com/pub/cloud-messaging/Messaging/doc/zip/tib_cloud-messaging_Messaging_doc.zip,auto,false,tibco,general,,,,,
tibco-cloud-metadata,Metadata,false,true,,2020-10-05,auto,auto,https://docs.tibco.com/pub/cloud-metadata/Metadata/doc/zip/tib_cloud-metadata_Metadata_doc.zip,auto,false,tibco,general,,,,,
tibco-cloud-passport,Passport,false,true,,,auto,auto,https://docs.tibco.com/pub/cloud-passport/Passport/doc/zip/tib_cloud-passport_Passport_doc.zip,auto,false,tibco,general,,,,,
tibco-computedb-enterprise-edition,1.2.0,true,false,,2020-01-16,auto,auto,https://docs.tibco.com/pub/compute/tibco-computedb-enterprise-edition-1-2-0_documentation.zip,auto,false,tibco,general,,,,,
tibco-computedb-enterprise-edition,1.1.1,true,false,,2019-08-23,auto,auto,https://docs.tibco.com/pub/compute/tibco-computedb-enterprise-edition-1-1-1_documentation.zip,auto,false,tibco,general,,,,,
tibco-computedb-enterprise-edition,1.1.0,true,false,,2019-04-29,auto,auto,https://docs.tibco.com/pub/compute/tibco-computedb-enterprise-edition-1-1-0_documentation.zip,auto,false,tibco,general,,,,,
tibco-configuration-tool,1.3.0,false,true,,2012-12-04,auto,auto,https://docs.tibco.com/pub/cofiguration_tool/1.3.0_october_2012/doc/zip/tib_cofiguration_tool_1.3.0_october_2012_doc.zip,auto,false,tibco,general,,,,,
tibco-control-plane,1.20.0,false,true,,2026-08-26,auto,auto,https://docs.tibco.com/pub/platform-cp/1.20.0/doc/zip/tib_platform-cp_1.20.0_doc.zip,auto,false,tibco,general,,,,,
tibco-control-plane,1.19.0,false,true,,2026-07-15,auto,auto,https://docs.tibco.com/pub/platform-cp/1.19.0/doc/zip/tib_platform-cp_1.19.0_doc.zip,auto,false,tibco,general,,,,,
tibco-control-plane,1.18.0,false,true,,2026-06-04,auto,auto,https://docs.tibco.com/pub/platform-cp/1.18.0/doc/zip/tib_platform-cp_1.18.0_doc.zip,auto,false,tibco,general,,,,,
tibco-control-plane,1.17.0,false,true,,2026-04-20,auto,auto,https://docs.tibco.com/pub/platform-cp/1.17.0/doc/zip/tib_platform-cp_1.17.0_doc.zip,auto,false,tibco,general,,,,,
tibco-control-plane,1.16.0,false,true,,2026-03-18,auto,auto,https://docs.tibco.com/pub/platform-cp/1.16.0/doc/zip/tib_platform-cp_1.16.0_doc.zip,auto,false,tibco,general,,,,,
tibco-control-plane,1.15.0,false,true,,2026-01-20,auto,auto,https://docs.tibco.com/pub/platform-cp/1.15.0/doc/zip/tib_platform-cp_1.15.0_doc.zip,auto,false,tibco,general,,,,,
tibco-control-plane,1.14.0,false,true,,2025-12-30,auto,auto,https://docs.tibco.com/pub/platform-cp/1.14.0/doc/zip/tib_platform-cp_1.14.0_doc.zip,auto,false,tibco,general,,,,,
tibco-control-plane,1.13.0,false,true,,2025-11-12,auto,auto,https://docs.tibco.com/pub/platform-cp/1.13.0/doc/zip/tib_platform-cp_1.13.0_doc.zip,auto,false,tibco,general,,,,,
tibco-control-plane,1.12.0,false,true,,2025-10-29,auto,auto,https://docs.tibco.com/pub/platform-cp/1.12.0/doc/zip/tib_platform-cp_1.12.0_doc.zip,auto,false,tibco,general,,,,,
tibco-control-plane,1.11.0,false,true,,2025-09-09,auto,auto,https://docs.tibco.com/pub/platform-cp/1.11.0/doc/zip/tib_platform-cp_1.11.0_doc.zip,auto,false,tibco,general,,,,,
tibco-control-plane,1.10.0,false,true,,2025-08-20,auto,auto,https://docs.tibco.com/pub/platform-cp/1.10.0/doc/zip/tib_platform-cp_1.10.0_doc.zip,auto,false,tibco,general,,,,,
tibco-control-plane,1.9.0,false,true,,2025-07-14,auto,auto,https://docs.tibco.com/pub/platform-cp/1.9.0/doc/zip/tib_platform-cp_1.9.0_doc.zip,auto,false,tibco,general,,,,,
tibco-control-plane,1.8.0,false,true,,2025-06-10,auto,auto,https://docs.tibco.com/pub/platform-cp/1.8.0/doc/zip/tib_platform-cp_1.8.0_doc.zip,auto,false,tibco,general,,,,,
tibco-control-plane,1.7.0,false,true,,2025-05-23,auto,auto,https://docs.tibco.com/pub/platform-cp/1.7.0/doc/zip/tib_platform-cp_1.7.0_doc.zip,auto,false,tibco,general,,,,,
tibco-control-plane,1.6.0,false,true,,2025-04-11,auto,auto,https://docs.tibco.com/pub/platform-cp/1.6.0/doc/zip/tib_platform-cp_1.6.0_doc.zip,auto,false,tibco,general,,,,,
tibco-control-plane,1.5.1,false,true,,2025-03-17,auto,auto,https://docs.tibco.com/pub/platform-cp/1.5.1/doc/zip/tib_platform-cp_1.5.1_doc.zip,auto,false,tibco,general,,,,,
tibco-control-plane,1.5.0,false,true,,2025-02-17,auto,auto,https://docs.tibco.com/pub/platform-cp/1.5.0/doc/zip/tib_platform-cp_1.5.0_doc.zip,auto,false,tibco,general,,,,,
tibco-control-plane,1.4.0,false,true,,2025-01-13,auto,auto,https://docs.tibco.com/pub/platform-cp/1.4.0/doc/zip/tib_platform-cp_1.4.0_doc.zip,auto,false,tibco,general,,,,,
tibco-control-plane,1.3.0,false,true,,2024-09-20,auto,auto,https://docs.tibco.com/pub/platform-cp/1.3.0/doc/zip/tib_platform-cp_1.3.0_doc.zip,auto,false,tibco,general,,,,,
tibco-data-science-package-for-notebooks,6.6.1,true,false,,2022-04-06,auto,auto,https://docs.tibco.com/pub/sfire-dscpn/tibco-data-science-package-for-notebooks-6-6-1_documentation.zip,auto,false,tibco,general,,,,,
tibco-data-science-package-for-notebooks,6.6.0,true,false,,2021-05-28,auto,auto,https://docs.tibco.com/pub/sfire-dscpn/tibco-data-science-package-for-notebooks-6-6-0_documentation.zip,auto,false,tibco,general,,,,,
tibco-data-science-team-studio,7.1.0,false,true,,2023-02-08,auto,auto,https://docs.tibco.com/pub/sfire-dsc/7.1.0/doc/zip/tib_sfire-dsc_7.1.0_doc.zip,auto,false,tibco,general,,,,,
tibco-data-science-team-studio,7.0.1,false,true,,2023-03-21,auto,auto,https://docs.tibco.com/pub/sfire-dsc/7.0.1/doc/zip/tib_sfire-dsc_7.0.1_doc.zip,auto,false,tibco,general,,,,,
tibco-data-science-team-studio,7.0.0,false,true,,2021-09-15,auto,auto,https://docs.tibco.com/pub/sfire-dsc/7.0.0/doc/zip/tib_sfire-dsc_7.0.0_doc.zip,auto,false,tibco,general,,,,,
tibco-data-science-team-studio,6.6.0,true,false,,2022-11-01,auto,auto,https://docs.tibco.com/pub/sfire-dsc/tibco-data-science-team-studio-6-6-0_documentation.zip,auto,false,tibco,general,,,,,
tibco-data-science-team-studio,6.5.0,false,true,,2022-11-01,auto,auto,https://docs.tibco.com/pub/sfire-dsc/6.5.0/doc/zip/tib_sfire-dsc_6.5.0_doc.zip,auto,false,tibco,general,,,,,
tibco-data-science-team-studio,6.4.1,true,false,,2019-03-27,auto,auto,https://docs.tibco.com/pub/sfire-dsc/tibco-spotfire-data-science-6-4-1_documentation.zip,auto,false,tibco,general,,,,,
tibco-data-science-team-studio,6.4.0,true,false,,,auto,auto,,auto,false,tibco,general,,,,,
tibco-data-science-team-studio,6.3.2,true,false,,,auto,auto,,auto,false,tibco,general,,,,,
tibco-datasynapse-federator,3.0.1,true,false,,2015-03-18,auto,auto,https://docs.tibco.com/pub/dsfed/tibco-datasynapse-federator-3-0-1_documentation.zip,auto,false,tibco,general,,,,,
tibco-datasynapse-federator,3.0.0,true,false,,2012-10-26,auto,auto,https://docs.tibco.com/pub/datasynapse_federator/tibco-datasynapse-federator-3-0-0_documentation.zip,auto,false,tibco,general,,,,,
tibco-datasynapse-federator,2.1.1,true,false,,2013-02-19,auto,auto,https://docs.tibco.com/pub/datasynapse_federator/tibco-datasynapse-federator-2-1-1_documentation.zip,auto,false,tibco,general,,,,,
tibco-datasynapse-federator,2.1.0,true,false,,2013-02-19,auto,auto,https://docs.tibco.com/pub/datasynapse_federator/tibco-datasynapse-federator-2-1-0_documentation.zip,auto,false,tibco,general,,,,,
tibco-datasynapse-federator,2.0.0,true,false,,2013-02-19,auto,auto,https://docs.tibco.com/pub/datasynapse_federator/tibco-datasynapse-federator-2-0-0_documentation.zip,auto,false,tibco,general,,,,,
tibco-datasynapse-federator,1.6.0,true,false,,2013-02-19,auto,auto,https://docs.tibco.com/pub/datasynapse_federator/tibco-datasynapse-federator-1-6-0_documentation.zip,auto,false,tibco,general,,,,,
tibco-datasynapse-gridserver-logviewer,1.0.0,false,true,,2023-10-17,auto,auto,https://docs.tibco.com/pub/dsp-logv/1.0.0/doc/zip/tib_dsp-logv_1.0.0_doc.zip,auto,false,tibco,general,,,,,
tibco-datasynapse-gridserver-manager,7.2.0,false,true,,1772582400000,auto,auto,https://docs.tibco.com/pub/dsp_gridserver/7.2.0/doc/zip/tib_dsp_gridserver_7.2.0_doc.zip,auto,false,tibco,general,,,,,
tibco-datasynapse-gridserver-manager,7.1.1,false,true,,2026-07-21,auto,auto,https://docs.tibco.com/pub/dsp_gridserver/7.1.1/doc/zip/tib_dsp_gridserver_7.1.1_doc.zip,auto,false,tibco,general,,,,,
tibco-datasynapse-gridserver-manager,7.1.0,true,false,,2022-05-24,auto,auto,https://docs.tibco.com/pub/dsp_gridserver/tibco-datasynapse-gridserver-manager-7-1-0_documentation.zip,auto,false,tibco,general,,,,,
tibco-datasynapse-gridserver-manager,7.0.0,true,false,,2018-11-20,auto,auto,https://docs.tibco.com/pub/dsp_gridserver/tibco-datasynapse-gridserver-manager-7-0-0_documentation.zip,auto,false,tibco,general,,,,,
tibco-datasynapse-gridserver-manager,6.3.1,true,false,,2018-11-01,auto,auto,https://docs.tibco.com/pub/dsp_gridserver/tibco-datasynapse-gridserver-manager-6-3-1_documentation.zip,auto,false,tibco,general,,,,,
tibco-datasynapse-gridserver-manager,6.3.0,true,false,,1524528000000,auto,auto,https://docs.tibco.com/pub/dsp_gridserver/tibco-datasynapse-gridserver-manager-6-3-0_documentation.zip,auto,false,tibco,general,,,,,
tibco-datasynapse-gridserver-manager,6.2.0,true,false,,2014-11-21,auto,auto,https://docs.tibco.com/pub/datasynapses_gridserver_manager/tibco-datasynapse-gridserver-6-2-0_documentation.zip,auto,false,tibco,general,,,,,
tibco-datasynapse-gridserver-manager,6.1.1,true,false,,2017-06-15,auto,auto,https://docs.tibco.com/pub/datasynapses_gridserver_manager/tibco-datasynapse-gridserver-6-1-1_documentation.zip,auto,false,tibco,general,,,,,
tibco-datasynapse-gridserver-manager,6.1.0,true,false,,2013-03-05,auto,auto,https://docs.tibco.com/pub/datasynapses_gridserver_manager/tibco-datasynapse-gridserver-6-1-0_documentation.zip,auto,false,tibco,general,,,,,
tibco-datasynapse-gridserver-manager,5.2.1,true,false,,2018-11-01,auto,auto,https://docs.tibco.com/pub/dsp_gridserver/tibco-datasynapse-gridserver-manager-5-2-1_documentation.zip,auto,false,tibco,general,,,,,
tibco-datasynapse-gridserver-manager,5.2.0,true,false,,1524441600000,auto,auto,https://docs.tibco.com/pub/dsp_gridserver/tibco-datasynapse-gridserver-manager-5-2-0_documentation.zip,auto,false,tibco,general,,,,,
tibco-datasynapse-gridserver-manager,5.1.3,true,false,,2016-04-15,auto,auto,https://docs.tibco.com/pub/datasynapses_gridserver_manager/tibco-datasynapse-gridserver-5-1-3_documentation.zip,auto,false,tibco,general,,,,,
tibco-datasynapse-high-performance-computing-cloud-adapter,2.2.0,false,true,,2026-06-18,auto,auto,https://docs.tibco.com/pub/ds-highperf-comp-cloud/2.2.0/doc/zip/tib_ds-highperf-comp-cloud_2.2.0_doc.zip,auto,false,tibco,general,,,,,
tibco-datasynapse-high-performance-computing-cloud-adapter,2.1.0,false,true,,1720137600000,auto,auto,https://docs.tibco.com/pub/ds-highperf-comp-cloud/2.1.0/doc/zip/tib_ds-highperf-comp-cloud_2.1.0_doc.zip,auto,false,tibco,general,,,,,
tibco-datasynapse-high-performance-computing-cloud-adapter,2.0.0,false,true,,2023-03-21,auto,auto,https://docs.tibco.com/pub/ds-highperf-comp-cloud/2.0.0/doc/zip/tib_ds-highperf-comp-cloud_2.0.0_doc.zip,auto,false,tibco,general,,,,,
tibco-datasynapse-high-performance-computing-cloud-adapter,1.5.0,true,false,,2021-10-29,auto,auto,https://docs.tibco.com/pub/ds-highperf-comp-cloud/tibco-datasynapse-high-performance-computing-cloud-adapter-1-5-0_documentation.zip,auto,false,tibco,general,,,,,
tibco-datasynapse-high-performance-computing-cloud-adapter,1.4.0,true,false,,2020-12-01,auto,auto,https://docs.tibco.com/pub/ds-highperf-comp-cloud/tibco-datasynapse-high-performance-computing-cloud-adapter-1-4-0_documentation.zip,auto,false,tibco,general,,,,,
tibco-datasynapse-high-performance-computing-cloud-adapter,1.3.0,true,false,,2020-06-30,auto,auto,https://docs.tibco.com/pub/ds-highperf-comp-cloud/tibco-datasynapse-high-performance-computing-cloud-adapter-1-3-0_documentation.zip,auto,false,tibco,general,,,,,
tibco-datasynapse-high-performance-computing-cloud-adapter,1.2.0,true,false,,2019-09-10,auto,auto,https://docs.tibco.com/pub/ds-highperf-comp-cloud/tibco-datasynapse-high-performance-computing-cloud-adapter-1-2-0_documentation.zip,auto,false,tibco,general,,,,,
tibco-datasynapse-high-performance-computing-cloud-adapter,1.1.0,true,false,,2017-03-08,auto,auto,https://docs.tibco.com/pub/ds-highperf-comp-cloud/tibco-datasynapse-high-performance-computing-cloud-adapter-1-1-0_documentation.zip,auto,false,tibco,general,,,,,
tibco-datasynapse-high-performance-computing-cloud-adapter,1.0.0,true,false,,2016-11-29,auto,auto,https://docs.tibco.com/pub/ds-highperf-comp-cloud/tibco-datasynapse-high-performance-computing-cloud-adapter-1-0-0_documentation.zip,auto,false,tibco,general,,,,,
tibco-designer,5.10.0,true,false,,2015-08-28,auto,auto,https://docs.tibco.com/pub/designer/tibco-designer-5-10-0_documentation.zip,auto,false,tibco,general,,,,,
tibco-designer,5.9.0,true,false,,2014-05-26,auto,auto,https://docs.tibco.com/pub/designer/tibco-designer-5-9-0_documentation.zip,auto,false,tibco,general,,,,,
tibco-designer,5.8.0,true,false,,1351728000000,auto,auto,https://docs.tibco.com/pub/designer/tibco-designer-5-8-0_documentation.zip,auto,false,tibco,general,,,,,
tibco-designer,5.7.3,true,false,,2012-03-08,auto,auto,https://docs.tibco.com/pub/designer/tibco-designer-5-7-3_documentation.zip,auto,false,tibco,general,,,,,
tibco-designer,5.7.2,true,false,,2011-11-08,auto,auto,https://docs.tibco.com/pub/designer/tibco-designer-5-7-2_documentation.zip,auto,false,tibco,general,,,,,
tibco-designer,5.7.1,true,false,,2011-06-20,auto,auto,https://docs.tibco.com/pub/designer/tibco-designer-5-7-1_documentation.zip,auto,false,tibco,general,,,,,
tibco-designer,5.7.0,true,false,,1405382400000,auto,auto,https://docs.tibco.com/pub/designer/tibco-designer-5-7-0_documentation.zip,auto,false,tibco,general,,,,,
tibco-designer-add-in-for-tibco-business-studio,1.5.0,false,true,,2013-09-30,auto,auto,https://docs.tibco.com/pub/designer_addin_for_business_studio/1.5.0_september_2013/doc/zip/tib_designer_addin_for_business_studio_1.5.0_september_2013_doc.zip,auto,false,tibco,general,,,,,
tibco-designer-add-in-for-tibco-business-studio,1.4.0,false,true,,2012-09-03,auto,auto,https://docs.tibco.com/pub/designer_addin_for_business_studio/1.4.0_august_2012/doc/zip/tib_designer_addin_for_business_studio_1.4.0_august_2012_doc.zip,auto,false,tibco,general,,,,,
tibco-designer-add-in-for-tibco-business-studio,1.3.2,false,true,,2012-03-12,auto,auto,https://docs.tibco.com/pub/designer_addin_for_business_studio/1.3.2_march_2012/doc/zip/tib_designer_addin_for_business_studio_1.3.2_march_2012_doc.zip,auto,false,tibco,general,,,,,
tibco-designer-add-in-for-tibco-business-studio,1.3.1,false,true,,2011-06-20,auto,auto,https://docs.tibco.com/pub/designer_addin_for_business_studio/1.3.1_may_2011/doc/zip/tib_designer_addin_for_business_studio_1.3.1_may_2011_doc.zip,auto,false,tibco,general,,,,,
tibco-designer-add-in-for-tibco-business-studio,1.2.0,false,true,,2012-12-20,auto,auto,https://docs.tibco.com/pub/designer_addin_for_business_studio/1.2.0_february_2010/doc/zip/tib_designer_addin_for_business_studio_1.2.0_february_2010_doc.zip,auto,false,tibco,general,,,,,
tibco-designer-add-in-for-tibco-business-studio,1.1.1,false,true,,2012-12-21,auto,auto,https://docs.tibco.com/pub/designer_addin_for_business_studio/1.1.1_september_2009/doc/zip/tib_designer_addin_for_business_studio_1.1.1_september_2009_doc.zip,auto,false,tibco,general,,,,,
tibco-designer-add-in-for-tibco-business-studio,1.1.0,false,true,,2012-12-21,auto,auto,https://docs.tibco.com/pub/designer_addin_for_business_studio/1.1.0_may_2009/doc/zip/tib_designer_addin_for_business_studio_1.1.0_may_2009_doc.zip,auto,false,tibco,general,,,,,
tibco-designer-add-in-for-tibco-business-studio,1.0.0,false,true,,2013-01-03,auto,auto,https://docs.tibco.com/pub/designer_addin_for_business_studio/1.0.0_december_2008/doc/zip/tib_designer_addin_for_business_studio_1.0.0_december_2008_doc.zip,auto,false,tibco,general,,,,,
tibco-dq-service-provider-dqs-add-on,5.0.0,true,false,,2022-05-19,auto,auto,https://docs.tibco.com/pub/tdqsp/tibco-dq-service-provider-dqs-add-on-5-0-0_documentation.zip,auto,false,tibco,general,,,,,
tibco-enterprise-administrator,2.4.3,false,true,,2025-07-09,auto,auto,https://docs.tibco.com/pub/tea/2.4.3/doc/zip/tib_tea_2.4.3_doc.zip,auto,false,tibco,general,,,,,
tibco-enterprise-administrator,2.4.2,false,true,,2024-03-13,auto,auto,https://docs.tibco.com/pub/tea/2.4.2/doc/zip/tib_tea_2.4.2_doc.zip,auto,false,tibco,general,,,,,
tibco-enterprise-administrator,2.4.1,true,false,,2022-01-21,auto,auto,https://docs.tibco.com/pub/tea/tibco-enterprise-administrator-2-4-1_documentation.zip,auto,false,tibco,general,,,,,
tibco-enterprise-administrator,2.4.0,true,false,,1605657600000,auto,auto,https://docs.tibco.com/pub/tea/tibco-enterprise-administrator-2-4-0_documentation.zip,auto,false,tibco,general,,,,,
tibco-enterprise-administrator,2.3.0,true,false,,2017-11-16,auto,auto,https://docs.tibco.com/pub/tea/tibco-enterprise-administrator-2-3-0_documentation.zip,auto,false,tibco,general,,,,,
tibco-enterprise-administrator,2.2.0,true,false,,2015-03-26,auto,auto,https://docs.tibco.com/pub/tea/tibco-enterprise-administrator-2-2-0_documentation.zip,auto,false,tibco,general,,,,,
tibco-enterprise-administrator,2.1.0,true,false,,2014-11-19,auto,auto,https://docs.tibco.com/pub/tea/tibco-enterprise-administrator-2-1-0_documentation.zip,auto,false,tibco,general,,,,,
tibco-enterprise-administrator,2.0.0,true,false,,2014-11-05,auto,auto,https://docs.tibco.com/pub/tea/tibco-enterprise-administrator-2-0-0_documentation.zip,auto,false,tibco,general,,,,,
tibco-enterprise-administrator,1.2.0,true,false,,2014-05-18,auto,auto,https://docs.tibco.com/pub/enterprise-administrator/tibco-enterprise-administrator-1-2-0_documentation.zip,auto,false,tibco,general,,,,,
tibco-enterprise-administrator,1.1.0,true,false,,2014-02-25,auto,auto,https://docs.tibco.com/pub/enterprise-administrator/tibco-enterprise-administrator-1-1-0_documentation.zip,auto,false,tibco,general,,,,,
tibco-enterprise-administrator,1.0.0,true,false,,2013-11-27,auto,auto,https://docs.tibco.com/pub/enterprise-administrator/tibco-enterprise-administrator-1-0-0_documentation.zip,auto,false,tibco,general,,,,,
tibco-enterprise-administrator-sdk,2.2.0,true,false,,2015-03-24,auto,auto,https://docs.tibco.com/pub/tea-sdk/tibco-enterprise-administrator-sdk-2-2-0_documentation.zip,auto,false,tibco,general,,,,,
tibco-enterprise-administrator-sdk,2.1.0,true,false,,2014-11-21,auto,auto,https://docs.tibco.com/pub/tea-sdk/tibco-enterprise-administrator-sdk-2-1-0_documentation.zip,auto,false,tibco,general,,,,,
tibco-enterprise-administrator-sdk,2.0.0,true,false,,2014-11-03,auto,auto,https://docs.tibco.com/pub/enterprise-administrator-SDK/tibco-enterprise-administrator-sdk-2-0-0_documentation.zip,auto,false,tibco,general,,,,,
tibco-enterprise-administrator-sdk,1.3.0,true,false,,2014-09-04,auto,auto,https://docs.tibco.com/pub/enterprise-administrator-SDK/tibco-enterprise-administrator-sdk-1-3-0_documentation.zip,auto,false,tibco,general,,,,,
tibco-enterprise-administrator-sdk,1.2.0,true,false,,2014-05-18,auto,auto,https://docs.tibco.com/pub/enterprise-administrator-SDK/tibco-enterprise-administrator-sdk-1-2-0_documentation.zip,auto,false,tibco,general,,,,,
tibco-enterprise-administrator-sdk,1.1.0,true,false,,2014-02-25,auto,auto,https://docs.tibco.com/pub/enterprise-administrator-SDK/tibco-enterprise-administrator-sdk-1-1-0_documentation.zip,auto,false,tibco,general,,,,,
tibco-enterprise-administrator-sdk,1.0.0,true,false,,2013-11-26,auto,auto,https://docs.tibco.com/pub/enterprise-administrator-SDK/tibco-enterprise-administrator-sdk-1-0-0_documentation.zip,auto,false,tibco,general,,,,,
tibco-enterprise-foresight,1.1.0,false,true,,2025-09-15,auto,auto,https://docs.tibco.com/pub/fs-ent/1.1.0/doc/zip/tib_fs-ent_1.1.0_doc.zip,auto,false,tibco,general,,,,,
tibco-enterprise-foresight,1.0.0,false,true,,1751500800000,auto,auto,https://docs.tibco.com/pub/fs-ent/1.0.0/doc/zip/tib_fs-ent_1.0.0_doc.zip,auto,false,tibco,general,,,,,
tibco-enterprise-foresight-healthcare-add-on,1.1.0,false,true,,1757894400000,auto,auto,https://docs.tibco.com/pub/fs-hc-addon/1.1.0/doc/zip/tib_fs-hc-addon_1.1.0_doc.zip,auto,false,tibco,general,,,,,
tibco-enterprise-foresight-healthcare-add-on,1.0.0,false,true,,2025-07-03,auto,auto,https://docs.tibco.com/pub/fs-hc-addon/1.0.0/doc/zip/tib_fs-hc-addon_1.0.0_doc.zip,auto,false,tibco,general,,,,,
tibco-enterprise-fulfillment-orchestration-suite,1.1.0,false,true,,2025-09-02,auto,auto,https://docs.tibco.com/pub/tp-fos/1.1.0/doc/zip/tib_tp-fos_1.1.0_doc.zip,auto,false,tibco,general,,,,,
tibco-enterprise-streaming,11.2.1,false,true,,1761523200000,auto,auto,https://docs.tibco.com/pub/platform-tp-stream/11.2.1/doc/zip/tib_platform-tp-stream_11.2.1_doc.zip,auto,false,tibco,general,,,,,
tibco-enterprise-streaming,11.2.0,false,true,,2025-07-02,auto,auto,https://docs.tibco.com/pub/platform-tp-stream/11.2.0/doc/zip/tib_platform-tp-stream_11.2.0_doc.zip,auto,false,tibco,general,,,,,
tibco-enterprise-streaming,11.1.3,false,true,,1774396800000,auto,auto,https://docs.tibco.com/pub/platform-tp-stream/11.1.3/doc/zip/tib_platform-tp-stream_11.1.3_doc.zip,auto,false,tibco,general,,,,,
tibco-enterprise-streaming,11.1.2,false,true,,1764115200000,auto,auto,https://docs.tibco.com/pub/platform-tp-stream/11.1.2/doc/zip/tib_platform-tp-stream_11.1.2_doc.zip,auto,false,tibco,general,,,,,
tibco-enterprise-streaming-high-performance-fix-engine,11.2.1,false,true,,1761523200000,auto,auto,https://docs.tibco.com/pub/platform-tp-stream-hpfe/11.2.1/doc/zip/tib_platform-tp-stream-hpfe_11.2.1_doc.zip,auto,false,tibco,general,,,,,
tibco-enterprise-streaming-high-performance-fix-engine,11.2.0,false,true,,2025-07-02,auto,auto,https://docs.tibco.com/pub/platform-tp-stream-hpfe/11.2.0/doc/zip/tib_platform-tp-stream-hpfe_11.2.0_doc.zip,auto,false,tibco,general,,,,,
tibco-enterprise-streaming-high-performance-fix-engine,11.1.3,false,true,,1774396800000,auto,auto,https://docs.tibco.com/pub/platform-tp-stream-hpfe/11.1.3/doc/zip/tib_platform-tp-stream-hpfe_11.1.3_doc.zip,auto,false,tibco,general,,,,,
tibco-enterprise-streaming-high-performance-fix-engine,11.1.2,false,true,,1764201600000,auto,auto,https://docs.tibco.com/pub/platform-tp-stream-hpfe/11.1.2/doc/zip/tib_platform-tp-stream-hpfe_11.1.2_doc.zip,auto,false,tibco,general,,,,,
tibco-event-processing,1.1.0,true,false,,2017-02-16,auto,auto,https://docs.tibco.com/pub/ep-suite/tibco-event-processing-1-1-0_documentation.zip,auto,false,tibco,general,,,,,
tibco-event-processing,1.0.0,true,false,,2016-03-03,auto,auto,https://docs.tibco.com/pub/ep-suite/tibco-event-processing-1-0-0_documentation.zip,auto,false,tibco,general,,,,,
tibco-foresight-archive-and-retrieval-system,6.0.0,false,true,,2025-09-01,auto,auto,https://docs.tibco.com/pub/fsp_archive/6.0.0/doc/zip/tib_fsp_archive_6.0.0_doc.zip,auto,false,tibco,general,,,,,
tibco-foresight-archive-and-retrieval-system,5.5.0,false,true,,2023-06-14,auto,auto,https://docs.tibco.com/pub/fsp_archive/5.5.0/doc/zip/tib_fsp_archive_5.5.0_doc.zip,auto,false,tibco,general,,,,,
tibco-foresight-archive-and-retrieval-system,5.4.0,false,true,,1674172800000,auto,auto,https://docs.tibco.com/pub/fsp_archive/5.4.0/doc/zip/tib_fsp_archive_5.4.0_doc.zip,auto,false,tibco,general,,,,,
tibco-foresight-archive-and-retrieval-system,5.3.0,true,false,,1602028800000,auto,auto,https://docs.tibco.com/pub/fsp_archive/tibco-foresight-archive-and-retrieval-system-5-3-0_documentation.zip,auto,false,tibco,general,,,,,
tibco-foresight-archive-and-retrieval-system,5.2.1,true,false,,2020-10-07,auto,auto,https://docs.tibco.com/pub/fsp_archive/tibco-foresight-archive-and-retrieval-system-5-2-1_documentation.zip,auto,false,tibco,general,,,,,
tibco-foresight-archive-and-retrieval-system,5.2.0,true,false,,2017-09-20,auto,auto,https://docs.tibco.com/pub/fsp_archive_healthcare/tibco-foresight-archive-and-retrieval-system-5-2-0_documentation.zip,auto,false,tibco,general,,,,,
tibco-foresight-archive-and-retrieval-system,5.1.1,true,false,,2020-10-07,auto,auto,https://docs.tibco.com/pub/fsp_archive/tibco-foresight-archive-and-retrieval-system-5-1-1_documentation.zip,auto,false,tibco,general,,,,,
tibco-foresight-archive-and-retrieval-system,5.1.0,true,false,,2016-01-29,auto,auto,https://docs.tibco.com/pub/fsp_archive_healthcare/tibco-foresight-archive-and-retrieval-system-5-1-0_documentation.zip,auto,false,tibco,general,,,,,
tibco-foresight-businessconnect-insight,1.0.0,false,true,,2011-05-01,auto,auto,https://docs.tibco.com/pub/bcinsight/1.0.0/doc/zip/tib_bcinsight_1.0.0_doc.zip,auto,false,tibco,general,,,,,
tibco-foresight-connect-with-fhir,1.0.1,true,false,,1649894400000,auto,auto,https://docs.tibco.com/pub/fs-confhir/tibco-foresight-connect-with-fhir-1-0-1_documentation.zip,auto,false,tibco,general,,,,,
tibco-foresight-connect-with-fhir,1.0.0,true,false,,1625616000000,auto,auto,https://docs.tibco.com/pub/fs-confhir/tibco-foresight-connect-with-fhir-1-0-0_documentation.zip,auto,false,tibco,general,,,,,
tibco-foresight-edisim,6.21.0,false,true,,2024-12-12,auto,auto,https://docs.tibco.com/pub/fsp_edisim/6.21.0/doc/zip/tib_fsp_edisim_6.21.0_doc.zip,auto,false,tibco,general,,,,,
tibco-foresight-edisim,6.20.0,true,false,,1620345600000,auto,auto,https://docs.tibco.com/pub/fsp_edisim/tibco-foresight-edisim-6-20-0_documentation.zip,auto,false,tibco,general,,,,,
tibco-foresight-edisim,6.19.0,true,false,,2019-12-17,auto,auto,https://docs.tibco.com/pub/fsp_edisim/tibco-foresight-edisim-6-19-0_documentation.zip,auto,false,tibco,general,,,,,
tibco-foresight-edisim,6.18.0,true,false,,2018-11-16,auto,auto,https://docs.tibco.com/pub/fsp_edisim/tibco-foresight-edisim-6-18-0_documentation.zip,auto,false,tibco,general,,,,,
tibco-foresight-edisim,6.17.0,true,false,,2017-11-21,auto,auto,https://docs.tibco.com/pub/fsp_edisim/tibco-foresight-edisim-6-17-0_documentation.zip,auto,false,tibco,general,,,,,
tibco-foresight-edisim,6.16.0,true,false,,2016-10-19,auto,auto,https://docs.tibco.com/pub/fsp_edisim/tibco-foresight-edisim-6-16-0_documentation.zip,auto,false,tibco,general,,,,,
tibco-foresight-edisim,6.15.0,true,false,,2015-08-21,auto,auto,https://docs.tibco.com/pub/fsp_edisim/tibco-foresight-edisim-6-15-0_documentation.zip,auto,false,tibco,general,,,,,
tibco-foresight-edisim,6.14.0,true,false,,2014-08-11,auto,auto,https://docs.tibco.com/pub/fsp_edisim/tibco-foresight-edisim-6-14-0_documentation.zip,auto,false,tibco,general,,,,,
tibco-foresight-icd-10-conversion-adapter,1.3.0,false,true,,2014-12-16,auto,auto,https://docs.tibco.com/pub/foresight/foresight-icd/1.3.0/doc/zip/tib_foresight_foresight-icd_1.3.0_doc.zip,auto,false,tibco,general,,,,,
tibco-foresight-icd-10-conversion-adapter,1.2.0,false,true,,2014-04-16,auto,auto,https://docs.tibco.com/pub/foresight/foresight-icd/1.2.0/doc/zip/tib_foresight_foresight-icd_1.2.0_doc.zip,auto,false,tibco,general,,,,,
tibco-foresight-instream-mac-adapter,5.0.0,true,false,,2021-11-12,auto,auto,https://docs.tibco.com/pub/macadapter/tibco-foresight-instream-mac-adapter-5-0-0_documentation.zip,auto,false,tibco,general,,,,,
tibco-foresight-instream-mac-adapter,4.0.0,true,false,,1560816000000,auto,auto,https://docs.tibco.com/pub/macadapter/tibco-foresight-instream-mac-adapter-4-0-0_documentation.zip,auto,false,tibco,general,,,,,
tibco-foresight-operational-monitor,6.0.0,false,true,,2025-08-28,auto,auto,https://docs.tibco.com/pub/fsp_opmon/6.0.0/doc/zip/tib_fsp_opmon_6.0.0_doc.zip,auto,false,tibco,general,,,,,
tibco-foresight-operational-monitor,5.5.0,false,true,,1686614400000,auto,auto,https://docs.tibco.com/pub/fsp_opmon/5.5.0/doc/zip/tib_fsp_opmon_5.5.0_doc.zip,auto,false,tibco,general,,,,,
tibco-foresight-operational-monitor,5.4.0,false,true,,1673913600000,auto,auto,https://docs.tibco.com/pub/fsp_opmon/5.4.0/doc/zip/tib_fsp_opmon_5.4.0_doc.zip,auto,false,tibco,general,,,,,
tibco-foresight-operational-monitor,5.3.0,true,false,,2020-10-08,auto,auto,https://docs.tibco.com/pub/fsp_opmon/tibco-foresight-operational-monitor-5-3-0_documentation.zip,auto,false,tibco,general,,,,,
tibco-foresight-operational-monitor,5.2.1,true,false,,2020-10-08,auto,auto,https://docs.tibco.com/pub/fsp_opmon/tibco-foresight-operational-monitor-5-2-1_documentation.zip,auto,false,tibco,general,,,,,
tibco-foresight-operational-monitor,5.2.0,true,false,,2017-09-20,auto,auto,https://docs.tibco.com/pub/fsp_opmon/tibco-foresight-operational-monitor-5-2-0_documentation.zip,auto,false,tibco,general,,,,,
tibco-foresight-operational-monitor,5.1.1,true,false,,2020-10-08,auto,auto,https://docs.tibco.com/pub/fsp_opmon/tibco-foresight-operational-monitor-5-1-1_documentation.zip,auto,false,tibco,general,,,,,
tibco-foresight-operational-monitor,5.1.0,true,false,,2016-01-09,auto,auto,https://docs.tibco.com/pub/foresight-operational-monitor/tibco-foresight-operational-monitor-5-1-0_documentation.zip,auto,false,tibco,general,,,,,
tibco-foresight-rest-api,1.2.0,false,true,,2024-09-06,auto,auto,https://docs.tibco.com/pub/fs-restapi/1.2.0/doc/zip/tib_fs-restapi_1.2.0_doc.zip,auto,false,tibco,general,,,,,
tibco-foresight-rest-api,1.1.0,false,true,,1703721600000,auto,auto,https://docs.tibco.com/pub/fs-restapi/1.1.0/doc/zip/tib_fs-restapi_1.1.0_doc.zip,auto,false,tibco,general,,,,,
tibco-foresight-rest-api,1.0.3,false,true,,1673827200000,auto,auto,https://docs.tibco.com/pub/fs-restapi/1.0.3/doc/zip/tib_fs-restapi_1.0.3_doc.zip,auto,false,tibco,general,,,,,
tibco-foresight-rest-api,1.0.2,true,false,,2022-08-12,auto,auto,https://docs.tibco.com/pub/fs-restapi/tibco-foresight-rest-api-1-0-2_documentation.zip,auto,false,tibco,general,,,,,
tibco-foresight-rest-api,1.0.1,true,false,,2021-10-21,auto,auto,https://docs.tibco.com/pub/fs-restapi/tibco-foresight-rest-api-1-0-1_documentation.zip,auto,false,tibco,general,,,,,
tibco-foresight-rest-api,1.0.0,true,false,,2021-01-22,auto,auto,https://docs.tibco.com/pub/fs-restapi/tibco-foresight-rest-api-1-0-0_documentation.zip,auto,false,tibco,general,,,,,
tibco-foresight-transaction-insight,6.0.0,false,true,,1755734400000,auto,auto,https://docs.tibco.com/pub/fsp_transactioninsight/6.0.0/doc/zip/tib_fsp_transactioninsight_6.0.0_doc.zip,auto,false,tibco,general,,,,,
tibco-foresight-transaction-insight,5.5.0,false,true,,2023-06-22,auto,auto,https://docs.tibco.com/pub/fsp_transactioninsight/5.5.0/doc/zip/tib_fsp_transactioninsight_5.5.0_doc.zip,auto,false,tibco,general,,,,,
tibco-foresight-transaction-insight,5.4.0,false,true,,1674604800000,auto,auto,https://docs.tibco.com/pub/fsp_transactioninsight/5.4.0/doc/zip/tib_fsp_transactioninsight_5.4.0_doc.zip,auto,false,tibco,general,,,,,
tibco-foresight-transaction-insight,5.3.0,true,false,,2020-10-09,auto,auto,https://docs.tibco.com/pub/fsp_transactioninsight/tibco-foresight-transaction-insight-5-3-0_documentation.zip,auto,false,tibco,general,,,,,
tibco-foresight-transaction-insight,5.2.1,true,false,,2020-10-07,auto,auto,https://docs.tibco.com/pub/fsp_txninsight/tibco-foresight-transaction-insight-5-2-1_documentation.zip,auto,false,tibco,general,,,,,
tibco-foresight-transaction-insight,5.2.0,true,false,,2017-09-20,auto,auto,https://docs.tibco.com/pub/fsp_txninsight/tibco-foresight-transaction-insight-5-2-0_documentation.zip,auto,false,tibco,general,,,,,
tibco-foresight-transaction-insight,5.1.1,true,false,,2020-10-07,auto,auto,https://docs.tibco.com/pub/fsp_txninsight/tibco-foresight-transaction-insight-5-1-1_documentation.zip,auto,false,tibco,general,,,,,
tibco-foresight-transaction-insight,5.1.0,true,false,,2016-01-14,auto,auto,https://docs.tibco.com/pub/fsp_txninsight/tibco-foresight-transaction-insight-5-1-0_documentation.zip,auto,false,tibco,general,,,,,
tibco-foresight-transaction-insight-standard-edition,5.2.0,true,false,,1520294400000,auto,auto,https://docs.tibco.com/pub/fsp_transactioninsight_standard/tibco-foresight-transaction-insight-standard-edition-5-2-0_documentation.zip,auto,false,tibco,general,,,,,
tibco-foresight-translator,4.2.0,false,true,,2025-02-07,auto,auto,https://docs.tibco.com/pub/translator/4.2.0/doc/zip/tib_translator_4.2.0_doc.zip,auto,false,tibco,general,,,,,
tibco-foresight-translator,4.1.0,true,false,,2020-10-26,auto,auto,https://docs.tibco.com/pub/translator-zlinux/tibco-foresight-translator-4-1-0_documentation.zip,auto,false,tibco,general,,,,,
tibco-foresight-translator,4.0.0,true,false,,2019-11-01,auto,auto,https://docs.tibco.com/pub/translator/tibco-foresight-translator-4-0-0_documentation.zip,auto,false,tibco,general,,,,,
tibco-foresight-translator,3.8.0,true,false,,2018-11-28,auto,auto,https://docs.tibco.com/pub/translator/tibco-foresight-translator-3-8-0_documentation.zip,auto,false,tibco,general,,,,,
tibco-foresight-translator,3.7.0,true,false,,2018-11-27,auto,auto,https://docs.tibco.com/pub/translator/tibco-foresight-translator-3-7-0_documentation.zip,auto,false,tibco,general,,,,,
tibco-foresight-translator,3.6.0,true,false,,1471564800000,auto,auto,https://docs.tibco.com/pub/translator-hce/tibco-foresight-translator-3-6-0_documentation.zip,auto,false,tibco,general,,,,,
tibco-foresight-translator,3.5.0,true,false,,1438646400000,auto,auto,https://docs.tibco.com/pub/translator-hce/tibco-foresight-translator-3-5-0_documentation.zip,auto,false,tibco,general,,,,,
tibco-foresight-translator,3.4.0,true,false,,1406592000000,auto,auto,https://docs.tibco.com/pub/translator-hce/tibco-foresight-translator-3-4-0_documentation.zip,auto,false,tibco,general,,,,,
tibco-foresight-translator,3.3.0,true,false,,2013-08-30,auto,auto,https://docs.tibco.com/pub/foresight/foresight_translator/3.3.0_august_2013/tibco-foresight-translator-3-3-0_documentation.zip,auto,false,tibco,general,,,,,
tibco-foresight-translator,3.2.1,true,false,,2013-03-25,auto,auto,https://docs.tibco.com/pub/foresight/foresight_translator/3.2.1_Mar_2013/tibco-foresight-translator-3-2-1_documentation.zip,auto,false,tibco,general,,,,,
tibco-foresight-translator,3.2.0,true,false,,2013-02-13,auto,auto,https://docs.tibco.com/pub/foresight/foresight_translator/3.2.0-february-2013/tibco-foresight-translator-3-2-0_documentation.zip,auto,false,tibco,general,,,,,
tibco-foresight-translator,3.1.0,true,false,,1357603200000,auto,auto,https://docs.tibco.com/pub/foresight/foresight_translator/3.1.0_october_2012/tibco-foresight-translator-3-1-0_documentation.zip,auto,false,tibco,general,,,,,
tibco-foresight-translator,3.0.0,true,false,,2012-07-01,auto,auto,https://docs.tibco.com/pub/foresight/foresight_translator/3.0.0-july-2012/tibco-foresight-translator-3-0-0_documentation.zip,auto,false,tibco,general,,,,,
tibco-foresight-translator-attachment-adapter,3.0.0,false,true,,2023-04-19,auto,auto,https://docs.tibco.com/pub/fs-translator-attch-adapter/3.0.0/doc/zip/tib_fs-translator-attch-adapter_3.0.0_doc.zip,auto,false,tibco,general,,,,,
tibco-foresight-translator-attachment-adapter,2.0.0,false,true,,2021-02-18,auto,auto,https://docs.tibco.com/pub/fs-translator-attch-adapter/2.0.0/doc/zip/tib_fs-translator-attch-adapter_2.0.0_doc.zip,auto,false,tibco,general,,,,,
tibco-foresight-translator-attachment-adapter,1.1.0,false,true,,2015-06-19,auto,auto,https://docs.tibco.com/pub/fs_translator_clm_attch_adapter/1.1.0/doc/zip/tib_fs_translator_clm_attch_adapter_1.1.0_doc.zip,auto,false,tibco,general,,,,,
tibco-foresight-translator-attachment-adapter,1.0.0,false,true,,2015-04-29,auto,auto,https://docs.tibco.com/pub/fs_translator_clm_attch_adapter/1.0.0/doc/zip/tib_fs_translator_clm_attch_adapter_1.0.0_doc.zip,auto,false,tibco,general,,,,,
tibco-formvine,3.3.3,true,false,,2017-06-15,auto,auto,https://docs.tibco.com/pub/formvine/tibco-formvine-3-3-3_documentation.zip,auto,false,tibco,general,,,,,
tibco-formvine,3.3.1,true,false,,2013-07-03,auto,auto,https://docs.tibco.com/pub/formvine/tibco-formvine-3-3-1_documentation.zip,auto,false,tibco,general,,,,,
tibco-formvine,3.3.0,true,false,,2013-04-24,auto,auto,https://docs.tibco.com/pub/formvine/tibco-formvine-3-3-0_documentation.zip,auto,false,tibco,general,,,,,
tibco-formvine,3.2.2,true,false,,2013-02-28,auto,auto,https://docs.tibco.com/pub/formvine/tibco-formvine-3-2-2_documentation.zip,auto,false,tibco,general,,,,,
tibco-formvine,3.2.1,true,false,,2012-10-25,auto,auto,https://docs.tibco.com/pub/formvine/tibco-formvine-3-2-1_documentation.zip,auto,false,tibco,general,,,,,
tibco-formvine,2.0.5,true,false,,2013-01-07,auto,auto,https://docs.tibco.com/pub/formvine/tibco-formvine-2-0-5_documentation.zip,auto,false,tibco,general,,,,,
tibco-formvine,2.0.4,true,false,,2013-01-07,auto,auto,https://docs.tibco.com/pub/formvine/tibco-formvine-2-0-4_documentation.zip,auto,false,tibco,general,,,,,
tibco-formvine,2.0.2,true,false,,2013-01-07,auto,auto,https://docs.tibco.com/pub/formvine/tibco-formvine-2-0-2_documentation.zip,auto,false,tibco,general,,,,,
tibco-formvine,2.0.1,true,false,,2013-01-07,auto,auto,https://docs.tibco.com/pub/formvine/tibco-formvine-2-0-1_documentation.zip,auto,false,tibco,general,,,,,
tibco-fulfillment-orchestration-suite,1.0.0,false,true,,,auto,auto,https://docs.tibco.com/pub/fulfillment-orchestration-suite/1.0.0/doc/zip/tib_fulfillment-orchestration-suite_1.0.0_doc.zip,auto,false,tibco,general,,,,,
tibco-fulfillment-provisioning,3.10.0,false,true,,1755648000000,auto,auto,https://docs.tibco.com/pub/fp/3.10.0/doc/zip/tib_fp_3.10.0_doc.zip,auto,false,tibco,general,,,,,
tibco-fulfillment-provisioning,3.9.0,true,false,,2017-12-14,auto,auto,https://docs.tibco.com/pub/fp/tibco-fulfillment-provisioning-3-9-0_documentation.zip,auto,false,tibco,general,,,,,
tibco-fulfillment-provisioning,3.8.1,true,false,,2015-08-31,auto,auto,https://docs.tibco.com/pub/fp/tibco-fulfillment-provisioning-3-8-1_documentation.zip,auto,false,tibco,general,,,,,
tibco-fulfillment-provisioning,3.8,true,false,,2013-05-13,auto,auto,https://docs.tibco.com/pub/kpsa/tibco-fulfillment-provisioning-3-8_documentation.zip,auto,false,tibco,general,,,,,
tibco-fulfillment-provisioning,3.7,true,false,,2012-05-11,auto,auto,https://docs.tibco.com/pub/kpsa/tibco-kpsa-3-7_documentation.zip,auto,false,tibco,general,,,,,
tibco-fulfillment-provisioning,3.6,true,false,,2011-07-09,auto,auto,https://docs.tibco.com/pub/kpsa/tibco-kpsa-3-6_documentation.zip,auto,false,tibco,general,,,,,
tibco-fulfillment-provisioning-client-adapter-for-bscs,3.10.0,false,true,,2017-12-14,auto,auto,https://docs.tibco.com/pub/fp-bscsca/3.10.0/doc/zip/tib_fp-bscsca_3.10.0_doc.zip,auto,false,tibco,general,,,,,
tibco-fulfillment-provisioning-client-adapter-for-bscs,3.9.1,false,true,,2015-08-31,auto,auto,https://docs.tibco.com/pub/kpsa/3.9.1/doc/zip/tib_kpsa_3.9.1_doc.zip,auto,false,tibco,general,,,,,
tibco-fulfillment-provisioning-client-adapter-for-files,3.9.0,false,true,,2017-12-14,auto,auto,https://docs.tibco.com/pub/fp-fileca/3.9.0/doc/zip/tib_fp-fileca_3.9.0_doc.zip,auto,false,tibco,general,,,,,
tibco-fulfillment-provisioning-client-adapter-for-files,3.8.1,false,true,,2015-08-31,auto,auto,https://docs.tibco.com/pub/fp-fileca/3.8.1/doc/zip/tib_fp-fileca_3.8.1_doc.zip,auto,false,tibco,general,,,,,
tibco-fulfillment-provisioning-client-adapter-for-http,3.9.0,false,true,,2017-12-14,auto,auto,https://docs.tibco.com/pub/fp-httpca/3.9.0/doc/zip/tib_fp-httpca_3.9.0_doc.zip,auto,false,tibco,general,,,,,
tibco-fulfillment-provisioning-client-adapter-for-http,3.8.1,false,true,,2015-08-31,auto,auto,https://docs.tibco.com/pub/fp-httpca/3.8.1/doc/zip/tib_fp-httpca_3.8.1_doc.zip,auto,false,tibco,general,,,,,
tibco-fulfillment-provisioning-load-balancer,3.10.0,false,true,,2017-12-14,auto,auto,https://docs.tibco.com/pub/fp-lb/3.10.0/doc/zip/tib_fp-lb_3.10.0_doc.zip,auto,false,tibco,general,,,,,
tibco-fulfillment-provisioning-load-balancer,3.9.1,false,true,,2015-08-31,auto,auto,https://docs.tibco.com/pub/fp-lb/3.9.1/doc/zip/tib_fp-lb_3.9.1_doc.zip,auto,false,tibco,general,,,,,
tibco-fulfillment-provisioning-load-balancer,3.9,false,true,,2013-05-13,auto,auto,https://docs.tibco.com/pub/kpsa-load-balancer/3.9.0-may-2013/doc/zip/tib_kpsa-load-balancer_3.9.0-may-2013_doc.zip,auto,false,tibco,general,,,,,
tibco-fulfillment-provisioning-load-balancer,3.7,false,true,,2011-07-09,auto,auto,https://docs.tibco.com/pub/kpsa-load-balancer/3.7.0-may-2011/doc/zip/tib_kpsa-load-balancer_3.7.0-may-2011_doc.zip,auto,false,tibco,general,,,,,
tibco-fulfillment-provisioning-session-layer-for-files,3.10.0,false,true,,2017-12-14,auto,auto,https://docs.tibco.com/pub/fp-filesl/3.10.0/doc/zip/tib_fp-filesl_3.10.0_doc.zip,auto,false,tibco,general,,,,,
tibco-fulfillment-provisioning-session-layer-for-files,3.9.1,false,true,,2015-08-31,auto,auto,https://docs.tibco.com/pub/fp-filesl/3.9.1/doc/zip/tib_fp-filesl_3.9.1_doc.zip,auto,false,tibco,general,,,,,
tibco-fulfillment-provisioning-session-layer-for-ftp,3.9.0,false,true,,2017-12-14,auto,auto,https://docs.tibco.com/pub/fp-ftpsl/3.9.0/doc/zip/tib_fp-ftpsl_3.9.0_doc.zip,auto,false,tibco,general,,,,,
tibco-fulfillment-provisioning-session-layer-for-ftp,3.8.1,false,true,,2015-08-31,auto,auto,https://docs.tibco.com/pub/fp-ftpsl/3.8.1/doc/zip/tib_fp-ftpsl_3.8.1_doc.zip,auto,false,tibco,general,,,,,
tibco-fulfillment-provisioning-session-layer-for-http,3.9.0,false,true,,2017-12-14,auto,auto,https://docs.tibco.com/pub/fp-httpsl/3.9.0/doc/zip/tib_fp-httpsl_3.9.0_doc.zip,auto,false,tibco,general,,,,,
tibco-fulfillment-provisioning-session-layer-for-http,3.8.1,false,true,,2015-08-31,auto,auto,https://docs.tibco.com/pub/fp-httpsl/3.8.1/doc/zip/tib_fp-httpsl_3.8.1_doc.zip,auto,false,tibco,general,,,,,
tibco-fulfillment-provisioning-session-layer-for-ldap,3.11.0,false,true,,2017-12-14,auto,auto,https://docs.tibco.com/pub/fp-ldapsl/3.11.0/doc/zip/tib_fp-ldapsl_3.11.0_doc.zip,auto,false,tibco,general,,,,,
tibco-fulfillment-provisioning-session-layer-for-ldap,3.10.0,false,true,,2015-08-31,auto,auto,https://docs.tibco.com/pub/fp-ldapsl/3.10.0/doc/zip/tib_fp-ldapsl_3.10.0_doc.zip,auto,false,tibco,general,,,,,
tibco-fulfillment-provisioning-session-layer-for-odbc,3.9.0,false,true,,2017-12-14,auto,auto,https://docs.tibco.com/pub/fp-odbcsl/3.9.0/doc/zip/tib_fp-odbcsl_3.9.0_doc.zip,auto,false,tibco,general,,,,,
tibco-fulfillment-provisioning-session-layer-for-odbc,3.8.1,false,true,,2015-08-31,auto,auto,https://docs.tibco.com/pub/fp-odbcsl/3.8.1/doc/zip/tib_fp-odbcsl_3.8.1_doc.zip,auto,false,tibco,general,,,,,
tibco-fulfillment-provisioning-session-layer-for-pad,3.9.0,false,true,,2017-12-14,auto,auto,https://docs.tibco.com/pub/fp-padsl/3.9.0/doc/zip/tib_fp-padsl_3.9.0_doc.zip,auto,false,tibco,general,,,,,
tibco-fulfillment-provisioning-session-layer-for-pad,3.8.1,false,true,,2015-08-31,auto,auto,https://docs.tibco.com/pub/fp-padsl/3.8.1/doc/zip/tib_fp-padsl_3.8.1_doc.zip,auto,false,tibco,general,,,,,
tibco-fulfillment-provisioning-session-layer-for-radius,3.9.0,false,true,,2017-12-14,auto,auto,https://docs.tibco.com/pub/fp-radiussl/3.9.0/doc/zip/tib_fp-radiussl_3.9.0_doc.zip,auto,false,tibco,general,,,,,
tibco-fulfillment-provisioning-session-layer-for-radius,3.8.1,false,true,,2015-08-31,auto,auto,https://docs.tibco.com/pub/fp-radiussl/3.8.1/doc/zip/tib_fp-radiussl_3.8.1_doc.zip,auto,false,tibco,general,,,,,
tibco-fulfillment-provisioning-session-layer-for-smpp,3.9.0,false,true,,2017-12-14,auto,auto,https://docs.tibco.com/pub/fp-smppsl/3.9.0/doc/zip/tib_fp-smppsl_3.9.0_doc.zip,auto,false,tibco,general,,,,,
tibco-fulfillment-provisioning-session-layer-for-smpp,3.8.1,false,true,,2015-08-31,auto,auto,https://docs.tibco.com/pub/fp-smppsl/3.8.1/doc/zip/tib_fp-smppsl_3.8.1_doc.zip,auto,false,tibco,general,,,,,
tibco-fulfillment-provisioning-session-layer-for-snmp,3.9.0,false,true,,2017-12-14,auto,auto,https://docs.tibco.com/pub/fp-snmpsl/3.9.0/doc/zip/tib_fp-snmpsl_3.9.0_doc.zip,auto,false,tibco,general,,,,,
tibco-fulfillment-provisioning-session-layer-for-snmp,3.8.1,false,true,,2015-08-31,auto,auto,https://docs.tibco.com/pub/fp-snmpsl/3.8.1/doc/zip/tib_fp-snmpsl_3.8.1_doc.zip,auto,false,tibco,general,,,,,
tibco-fulfillment-provisioning-session-layer-for-ssh,3.9.0,false,true,,2017-12-14,auto,auto,https://docs.tibco.com/pub/fp-sshsl/3.9.0/doc/zip/tib_fp-sshsl_3.9.0_doc.zip,auto,false,tibco,general,,,,,
tibco-fulfillment-provisioning-session-layer-for-ssh,3.8.1,false,true,,2015-08-31,auto,auto,https://docs.tibco.com/pub/fp-sshsl/3.8.1/doc/zip/tib_fp-sshsl_3.8.1_doc.zip,auto,false,tibco,general,,,,,
tibco-fulfillment-provisioning-session-layer-for-telnet,3.9.0,false,true,,2017-12-14,auto,auto,https://docs.tibco.com/pub/fp-telnetsl/3.9.0/doc/zip/tib_fp-telnetsl_3.9.0_doc.zip,auto,false,tibco,general,,,,,
tibco-fulfillment-provisioning-session-layer-for-telnet,3.8.1,false,true,,2015-08-31,auto,auto,https://docs.tibco.com/pub/fp-telnetsl/3.8.1/doc/zip/tib_fp-telnetsl_3.8.1_doc.zip,auto,false,tibco,general,,,,,
tibco-fulfillment-provisioning-session-layer-for-tftp,3.9.0,false,true,,2017-12-14,auto,auto,https://docs.tibco.com/pub/fp-tftpsl/3.9.0/doc/zip/tib_fp-tftpsl_3.9.0_doc.zip,auto,false,tibco,general,,,,,
tibco-fulfillment-provisioning-session-layer-for-tftp,3.8.1,false,true,,2015-08-31,auto,auto,https://docs.tibco.com/pub/fp-tftpsl/3.8.1/doc/zip/tib_fp-tftpsl_3.8.1_doc.zip,auto,false,tibco,general,,,,,
tibco-fulfillment-studio,1.0,false,true,,2013-05-28,auto,auto,https://docs.tibco.com/pub/fulfillment-studio/1.0.0-april-2013/doc/zip/tib_fulfillment-studio_1.0.0-april-2013_doc.zip,auto,false,tibco,general,,,,,
tibco-fulfillment-subscriber-inventory,2.0.0,true,false,,1549584000000,auto,auto,https://docs.tibco.com/pub/fsi/tibco-fulfillment-subscriber-inventory-2-0-0_documentation.zip,auto,false,tibco,general,,,,,
tibco-fulfillment-subscriber-inventory,1.0.1,true,false,,1538092800000,auto,auto,https://docs.tibco.com/pub/fsi/tibco-fulfillment-subscriber-inventory-1-0-1_documentation.zip,auto,false,tibco,general,,,,,
tibco-fulfillment-subscriber-inventory,1.0.0,true,false,,2016-08-25,auto,auto,https://docs.tibco.com/pub/fsi/tibco-fulfillment-subscriber-inventory-1-0-0_documentation.zip,auto,false,tibco,general,,,,,
tibco-gemini-powered-by-apache-cassandra,5.0.2,false,true,,2024-10-31,auto,auto,https://docs.tibco.com/pub/acd/5.0.2/doc/zip/tib_acd_5.0.2_doc.zip,auto,false,tibco,general,,,,,
tibco-gemini-powered-by-apache-cassandra,5.0.1,false,true,,2024-10-14,auto,auto,https://docs.tibco.com/pub/acd/5.0.1/doc/zip/tib_acd_5.0.1_doc.zip,auto,false,tibco,general,,,,,
tibco-gemini-powered-by-apache-cassandra,5.0.0,false,true,,2024-09-27,auto,auto,https://docs.tibco.com/pub/acd/5.0.0/doc/zip/tib_acd_5.0.0_doc.zip,auto,false,tibco,general,,,,,
tibco-gemini-powered-by-apache-cassandra,4.1.7,false,true,,2024-10-11,auto,auto,https://docs.tibco.com/pub/acd/4.1.7/doc/zip/tib_acd_4.1.7_doc.zip,auto,false,tibco,general,,,,,
tibco-gemini-powered-by-apache-cassandra,4.1.5,false,true,,2024-06-10,auto,auto,https://docs.tibco.com/pub/acd/4.1.5/doc/zip/tib_acd_4.1.5_doc.zip,auto,false,tibco,general,,,,,
tibco-general-interface-enterprise-edition,3.9.2,false,true,,2015-10-19,auto,auto,https://docs.tibco.com/pub/general_interface_enterprise_edition/3.9.2/doc/zip/tib_general_interface_enterprise_edition_3.9.2_doc.zip,auto,false,tibco,general,,,,,
tibco-general-interface-enterprise-edition,3.9.1,false,true,,2012-04-05,auto,auto,https://docs.tibco.com/pub/general_interface_enterprise_edition/3.9.1-august-2011/doc/zip/tib_general_interface_enterprise_edition_3.9.1-august-2011_doc.zip,auto,false,tibco,general,,,,,
tibco-general-interface-enterprise-edition,3.9.0,false,true,,2011-06-21,auto,auto,https://docs.tibco.com/pub/general_interface_enterprise_edition/3.9.0_march_2010/doc/zip/tib_general_interface_enterprise_edition_3.9.0_march_2010_doc.zip,auto,false,tibco,general,,,,,
tibco-geoanalytics,1.3.1,true,false,,2019-07-03,auto,auto,https://docs.tibco.com/pub/geo/tibco-geoanalytics-1-3-1_documentation.zip,auto,false,tibco,general,,,,,
tibco-geoanalytics,1.2.4,true,false,,2017-11-02,auto,auto,https://docs.tibco.com/pub/geo/tibco-geoanalytics-1-2-4_documentation.zip,auto,false,tibco,general,,,,,
tibco-geoanalytics-builder,1.9.3,true,false,,2020-01-30,auto,auto,https://docs.tibco.com/pub/geo-build/tibco-geoanalytics-builder-1-9-3_documentation.zip,auto,false,tibco,general,,,,,
tibco-graph-database-community-edition,3.1.0,true,false,,2021-12-13,auto,auto,https://docs.tibco.com/pub/tgdb-ce/tibco-graph-database-community-edition-3-1-0_documentation.zip,auto,false,tibco,general,,,,,
tibco-graph-database-community-edition,1.1.0,true,false,,2017-11-17,auto,auto,https://docs.tibco.com/pub/tgdb-ce/tibco-graph-database-community-edition-1-1-0_documentation.zip,auto,false,tibco,general,,,,,
tibco-graph-database-enterprise-edition,3.1.0,true,false,,1637107200000,auto,auto,https://docs.tibco.com/pub/tgdb/tibco-graph-database-enterprise-edition-3-1-0_documentation.zip,auto,false,tibco,general,,,,,
tibco-graph-database-enterprise-edition,3.0.0,true,false,,1605225600000,auto,auto,https://docs.tibco.com/pub/tgdb/tibco-graph-database-enterprise-edition-3-0-0_documentation.zip,auto,false,tibco,general,,,,,
tibco-graph-database-enterprise-edition,2.0.2,true,false,,2020-03-20,auto,auto,https://docs.tibco.com/pub/tgdb/tibco-graph-database-enterprise-edition-2-0-2_documentation.zip,auto,false,tibco,general,,,,,
tibco-graph-database-enterprise-edition,2.0.1,true,false,,2019-05-22,auto,auto,https://docs.tibco.com/pub/tgdb/tibco-graph-database-enterprise-edition-2-0-1_documentation.zip,auto,false,tibco,general,,,,,
tibco-graph-database-enterprise-edition,2.0.0,true,false,,2018-11-19,auto,auto,https://docs.tibco.com/pub/tgdb/tibco-graph-database-enterprise-edition-2-0-0_documentation.zip,auto,false,tibco,general,,,,,
tibco-graph-database-enterprise-edition,1.1.1,true,false,,2018-05-03,auto,auto,https://docs.tibco.com/pub/tgdb/tibco-graph-database-enterprise-edition-1-1-1_documentation.zip,auto,false,tibco,general,,,,,
tibco-graph-database-enterprise-edition,1.1.0,true,false,,2017-11-17,auto,auto,https://docs.tibco.com/pub/tgdb/tibco-graph-database-enterprise-edition-1-1-0_documentation.zip,auto,false,tibco,general,,,,,
tibco-graph-database-enterprise-edition,1.0.0,true,false,,1479859200000,auto,auto,https://docs.tibco.com/pub/tgdb/tibco-graph-database-enterprise-edition-1-0-0_documentation.zip,auto,false,tibco,general,,,,,
tibco-hawk-activematrix-plug-in,1.2.0,false,true,,2012-08-29,auto,auto,https://docs.tibco.com/pub/hawk-activematrix-plugin/1.2.0-august-2012/doc/zip/tib_hawk-activematrix-plugin_1.2.0-august-2012_doc.zip,auto,false,tibco,general,,,,,
tibco-hawk-activematrix-plug-in,1.1,false,true,,2011-07-26,auto,auto,https://docs.tibco.com/pub/hawk-activematrix-plugin/1.1.0-june-2011/doc/zip/tib_hawk-activematrix-plugin_1.1.0-june-2011_doc.zip,auto,false,tibco,general,,,,,
tibco-hawk-container-edition,2.0.0,true,false,,2019-03-01,auto,auto,https://docs.tibco.com/pub/hkce/tibco-hawk-container-edition-2-0-0_documentation.zip,auto,false,tibco,general,,,,,
tibco-hawk-container-edition,1.0.0,true,false,,2018-05-15,auto,auto,https://docs.tibco.com/pub/hkce/tibco-hawk-container-edition-1-0-0_documentation.zip,auto,false,tibco,general,,,,,
tibco-hawk-database-adapter,6.2.1,false,true,,1657238400000,auto,auto,https://docs.tibco.com/pub/hawkdbhma/6.2.1/doc/zip/tib_hawkdbhma_6.2.1_doc.zip,auto,false,tibco,general,,,,,
tibco-hawk-database-adapter,6.2.0,false,true,,1576195200000,auto,auto,https://docs.tibco.com/pub/hawkdbhma/6.2.0/doc/zip/tib_hawkdbhma_6.2.0_doc.zip,auto,false,tibco,general,,,,,
tibco-hawk-database-adapter,6.0.0,true,false,,2017-11-03,auto,auto,https://docs.tibco.com/pub/hawkdbhma/tibco-hawk-database-adapter-6-0-0_documentation.zip,auto,false,tibco,general,,,,,
tibco-hawk-database-adapter,5.2.0,true,false,,1493078400000,auto,auto,https://docs.tibco.com/pub/hawkdbhma/tibco-hawk-database-adapter-5-2-0_documentation.zip,auto,false,tibco,general,,,,,
tibco-hawk-database-adapter,5.1.0,false,true,,2014-09-16,auto,auto,https://docs.tibco.com/pub/hawk_database_adapter/5.1.0/doc/zip/tib_hawk_database_adapter_5.1.0_doc.zip,auto,false,tibco,general,,,,,
tibco-hawk-database-adapter,4.6.0,true,false,,2017-06-15,auto,auto,https://docs.tibco.com/pub/hawk_database_adapter/tibco-hawk-database-adapter-4-6-0_documentation.zip,auto,false,tibco,general,,,,,
tibco-hawk-jmx-plug-in,6.0.0,false,true,,2017-12-07,auto,auto,https://docs.tibco.com/pub/hawkjmx/6.0.0/doc/zip/tib_hawkjmx_6.0.0_doc.zip,auto,false,tibco,general,,,,,
tibco-hawk-jmx-plug-in,5.2.0,true,false,,2016-11-16,auto,auto,https://docs.tibco.com/pub/hawkjmx/tibco-hawk-jmx-plug-in-5-2-0_documentation.zip,auto,false,tibco,general,,,,,
tibco-hawk-jmx-plug-in,2.1.0,false,true,,2016-05-02,auto,auto,https://docs.tibco.com/pub/hawkjmx/2.1.0/doc/zip/tib_hawkjmx_2.1.0_doc.zip,auto,false,tibco,general,,,,,
tibco-hawk-snmp-adapter,6.0.0,true,false,,2018-02-06,auto,auto,https://docs.tibco.com/pub/hawksnmp/tibco-hawk-snmp-adapter-6-0-0_documentation.zip,auto,false,tibco,general,,,,,
tibco-hawk-snmp-adapter,5.2.0,true,false,,2017-02-21,auto,auto,https://docs.tibco.com/pub/hawksnmp/tibco-hawk-snmp-adapter-5-2-0_documentation.zip,auto,false,tibco,general,,,,,
tibco-hawk-snmp-adapter,5.1.0,true,false,,2014-08-06,auto,auto,https://docs.tibco.com/pub/hawk_snmp_adapter/tibco-hawk-snmp-adapter-5-1-0_documentation.zip,auto,false,tibco,general,,,,,
tibco-hawk-snmp-adapter,4.9.0,true,false,,2012-11-27,auto,auto,https://docs.tibco.com/pub/hawk_snmp_adapter/tibco-hawk-snmp-adapter-4-9-0_documentation.zip,auto,false,tibco,general,,,,,
tibco-health-essentials-cloud,Cloud,false,true,,2022-02-01,auto,auto,https://docs.tibco.com/pub/health-essentials-cloud/Cloud/doc/zip/tib_health-essentials-cloud_Cloud_doc.zip,auto,false,tibco,general,,,,,
tibco-hybrid-integration,3.14.0,false,true,,1743638400000,auto,auto,https://docs.tibco.com/pub/ai-suite/3.14.0/doc/zip/tib_ai-suite_3.14.0_doc.zip,auto,false,tibco,general,,,,,
tibco-hybrid-integration,3.13.0,false,true,,2025-02-05,auto,auto,https://docs.tibco.com/pub/ai-suite/3.13.0/doc/zip/tib_ai-suite_3.13.0_doc.zip,auto,false,tibco,general,,,,,
tibco-hybrid-integration,3.12.0,false,true,,2024-08-21,auto,auto,https://docs.tibco.com/pub/ai-suite/3.12.0/doc/zip/tib_ai-suite_3.12.0_doc.zip,auto,false,tibco,general,,,,,
tibco-hybrid-integration,3.11.0,false,true,,1716336000000,auto,auto,https://docs.tibco.com/pub/ai-suite/3.11.0/doc/zip/tib_ai-suite_3.11.0_doc.zip,auto,false,tibco,general,,,,,
tibco-hybrid-integration,3.10.0,false,true,,1708560000000,auto,auto,https://docs.tibco.com/pub/ai-suite/3.10.0/doc/zip/tib_ai-suite_3.10.0_doc.zip,auto,false,tibco,general,,,,,
tibco-hybrid-integration,3.9.0,false,true,,1701993600000,auto,auto,https://docs.tibco.com/pub/ai-suite/3.9.0/doc/zip/tib_ai-suite_3.9.0_doc.zip,auto,false,tibco,general,,,,,
tibco-hybrid-integration,3.8.0,false,true,,1695945600000,auto,auto,https://docs.tibco.com/pub/ai-suite/3.8.0/doc/zip/tib_ai-suite_3.8.0_doc.zip,auto,false,tibco,general,,,,,
tibco-hybrid-integration,3.7.0,false,true,,1692748800000,auto,auto,https://docs.tibco.com/pub/ai-suite/3.7.0/doc/zip/tib_ai-suite_3.7.0_doc.zip,auto,false,tibco,general,,,,,
tibco-hybrid-integration,3.6.0,false,true,,1684800000000,auto,auto,https://docs.tibco.com/pub/ai-suite/3.6.0/doc/zip/tib_ai-suite_3.6.0_doc.zip,auto,false,tibco,general,,,,,
tibco-hybrid-integration,3.5.0,false,true,,1677024000000,auto,auto,https://docs.tibco.com/pub/ai-suite/3.5.0/doc/zip/tib_ai-suite_3.5.0_doc.zip,auto,false,tibco,general,,,,,
tibco-hybrid-integration,3.4.0,false,true,,1675382400000,auto,auto,https://docs.tibco.com/pub/ai-suite/3.4.0/doc/zip/tib_ai-suite_3.4.0_doc.zip,auto,false,tibco,general,,,,,
tibco-hybrid-integration,3.3.0,true,false,,1668556800000,auto,auto,https://docs.tibco.com/pub/ai-suite/3.3.0/tibco-hybrid-integration-3-3-0_documentation.zip,auto,false,tibco,general,,,,,
tibco-hybrid-integration,3.2.0,true,false,,1660694400000,auto,auto,https://docs.tibco.com/pub/ai-suite/3.2.0/tibco-hybrid-integration-3-2-0_documentation.zip,auto,false,tibco,general,,,,,
tibco-hybrid-integration,3.1.0,true,false,,1652918400000,auto,auto,https://docs.tibco.com/pub/ai-suite/3.1.0/tibco-hybrid-integration-3-1-0_documentation.zip,auto,false,tibco,general,,,,,
tibco-hybrid-integration,3.0.0,true,false,,1644796800000,auto,auto,https://docs.tibco.com/pub/ai-suite/3.0.0/tibco-hybrid-integration-3-0-0_documentation.zip,auto,false,tibco,general,,,,,
tibco-hybrid-integration,2.9.1,true,false,,1638489600000,auto,auto,https://docs.tibco.com/pub/ai-suite/2.9.1/tibco-hybrid-integration-2-9-1_documentation.zip,auto,false,tibco,general,,,,,
tibco-hybrid-integration,2.9.0,true,false,,1637020800000,auto,auto,https://docs.tibco.com/pub/ai-suite/2.9.0/tibco-hybrid-integration-2-9-0_documentation.zip,auto,false,tibco,general,,,,,
tibco-hybrid-integration,2.8.0,true,false,,1632182400000,auto,auto,https://docs.tibco.com/pub/ai-suite/2.8.0/tibco-hybrid-integration-2-8-0_documentation.zip,auto,false,tibco,general,,,,,
tibco-hybrid-integration,2.7.0,true,false,,1629158400000,auto,auto,https://docs.tibco.com/pub/ai-suite/2.7.0/tibco-hybrid-integration-2-7-0_documentation.zip,auto,false,tibco,general,,,,,
tibco-hybrid-integration,2.6.1,true,false,,1622678400000,auto,auto,https://docs.tibco.com/pub/ai-suite/2.6.1/tibco-hybrid-integration-2-6-1_documentation.zip,auto,false,tibco,general,,,,,
tibco-hybrid-integration,2.6.0,true,false,,1621468800000,auto,auto,https://docs.tibco.com/pub/ai-suite/2.6.0/tibco-hybrid-integration-2-6-0_documentation.zip,auto,false,tibco,general,,,,,
tibco-hybrid-integration,2.5.0,true,false,,1613520000000,auto,auto,https://docs.tibco.com/pub/ai-suite/2.5.0/tibco-hybrid-integration-2-5-0_documentation.zip,auto,false,tibco,general,,,,,
tibco-hybrid-integration,2.3.0,true,false,,1599696000000,auto,auto,https://docs.tibco.com/pub/ai-suite/2.3.0/tibco-hybrid-integration-2-3-0_documentation.zip,auto,false,tibco,general,,,,,
tibco-hybrid-integration,2.2.0,true,false,,1593388800000,auto,auto,https://docs.tibco.com/pub/ai-suite/2.2.0/tibco-hybrid-integration-2-2-0_documentation.zip,auto,false,tibco,general,,,,,
tibco-hybrid-integration,2.1.1,true,false,,1588204800000,auto,auto,https://docs.tibco.com/pub/ai-suite/2.1.1/tibco-hybrid-integration-2-1-1_documentation.zip,auto,false,tibco,general,,,,,
tibco-hybrid-integration,2.1.0,true,false,,1582848000000,auto,auto,https://docs.tibco.com/pub/ai-suite/2.1.0/tibco-hybrid-integration-2-1-0_documentation.zip,auto,false,tibco,general,,,,,
tibco-hybrid-integration,2.0.0,true,false,,2019-09-18,auto,auto,https://docs.tibco.com/pub/ai-suite/2.0.0/tibco-hybrid-integration-2-0-0_documentation.zip,auto,false,tibco,general,,,,,
tibco-hybrid-integration,1.8.0,true,false,,2019-08-20,auto,auto,https://docs.tibco.com/pub/ai-suite/1.8.0/tibco-hybrid-integration-1-8-0_documentation.zip,auto,false,tibco,general,,,,,
tibco-hybrid-integration,1.7.0,true,false,,2019-08-08,auto,auto,https://docs.tibco.com/pub/ai-suite/1.7.0/tibco-hybrid-integration-1-7-0_documentation.zip,auto,false,tibco,general,,,,,
tibco-hybrid-integration,1.6.0,true,false,,2019-04-01,auto,auto,https://docs.tibco.com/pub/ai-suite/1.6.0/tibco-hybrid-integration-1-6-0_documentation.zip,auto,false,tibco,general,,,,,
tibco-hybrid-integration,1.5.0,true,false,,1532908800000,auto,auto,https://docs.tibco.com/pub/ai-suite/1.5.0/tibco-hybrid-integration-1-5-0_documentation.zip,auto,false,tibco,general,,,,,
tibco-hybrid-integration,1.4.0,true,false,,2018-01-02,auto,auto,https://docs.tibco.com/pub/ai-suite/1.4.0/tibco-hybrid-integration-1-4-0_documentation.zip,auto,false,tibco,general,,,,,
tibco-hybrid-integration,1.3.0,true,false,,2017-07-28,auto,auto,https://docs.tibco.com/pub/ai-suite/1.3.0/tibco-hybrid-integration-1-3-0_documentation.zip,auto,false,tibco,general,,,,,
tibco-hybrid-integration,1.2.0,true,false,,1487635200000,auto,auto,https://docs.tibco.com/pub/ai-suite/1.2.0/tibco-hybrid-integration-1-2-0_documentation.zip,auto,false,tibco,general,,,,,
tibco-hybrid-integration,1.1.0,true,false,,2016-08-29,auto,auto,https://docs.tibco.com/pub/ai-suite/1.1.0/tibco-hybrid-integration-1-1-0_documentation.zip,auto,false,tibco,general,,,,,
tibco-hybrid-integration,1.0.0,true,false,,2016-03-03,auto,auto,https://docs.tibco.com/pub/ai-suite/1.0.0/tibco-hybrid-integration-1-0-0_documentation.zip,auto,false,tibco,general,,,,,
tibco-hybrid-integration-connectivity-add-on,3.11.0,false,true,,1724198400000,auto,auto,https://docs.tibco.com/pub/cn-addon-itg-suite/3.11.0/doc/zip/tib_cn-addon-itg-suite_3.11.0_doc.zip,auto,false,tibco,general,,,,,
tibco-hybrid-integration-connectivity-add-on,3.9.0,false,true,,1708560000000,auto,auto,https://docs.tibco.com/pub/cn-addon-itg-suite/3.9.0/doc/zip/tib_cn-addon-itg-suite_3.9.0_doc.zip,auto,false,tibco,general,,,,,
tibco-hybrid-integration-connectivity-add-on,3.8.0,false,true,,1702252800000,auto,auto,https://docs.tibco.com/pub/cn-addon-itg-suite/3.8.0/doc/zip/tib_cn-addon-itg-suite_3.8.0_doc.zip,auto,false,tibco,general,,,,,
tibco-hybrid-integration-connectivity-add-on,3.7.0,false,true,,1692748800000,auto,auto,https://docs.tibco.com/pub/cn-addon-itg-suite/3.7.0/doc/zip/tib_cn-addon-itg-suite_3.7.0_doc.zip,auto,false,tibco,general,,,,,
tibco-hybrid-integration-connectivity-add-on,3.6.0,false,true,,1684886400000,auto,auto,https://docs.tibco.com/pub/cn-addon-itg-suite/3.6.0/doc/zip/tib_cn-addon-itg-suite_3.6.0_doc.zip,auto,false,tibco,general,,,,,
tibco-hybrid-integration-connectivity-add-on,3.5.1,false,true,,1678665600000,auto,auto,https://docs.tibco.com/pub/cn-addon-itg-suite/3.5.1/doc/zip/tib_cn-addon-itg-suite_3.5.1_doc.zip,auto,false,tibco,general,,,,,
tibco-hybrid-integration-connectivity-add-on,3.5.0,false,true,,1677024000000,auto,auto,https://docs.tibco.com/pub/cn-addon-itg-suite/3.5.0/doc/zip/tib_cn-addon-itg-suite_3.5.0_doc.zip,auto,false,tibco,general,,,,,
tibco-hybrid-integration-connectivity-add-on,3.3.0,false,true,,1668556800000,auto,auto,https://docs.tibco.com/pub/cn-addon-itg-suite/3.3.0/doc/zip/tib_cn-addon-itg-suite_3.3.0_doc.zip,auto,false,tibco,general,,,,,
tibco-hybrid-integration-connectivity-add-on,3.2.0,false,true,,1660694400000,auto,auto,https://docs.tibco.com/pub/cn-addon-itg-suite/3.2.0/doc/zip/tib_cn-addon-itg-suite_3.2.0_doc.zip,auto,false,tibco,general,,,,,
tibco-hybrid-integration-connectivity-add-on,3.1.0,false,true,,1652918400000,auto,auto,https://docs.tibco.com/pub/cn-addon-itg-suite/3.1.0/doc/zip/tib_cn-addon-itg-suite_3.1.0_doc.zip,auto,false,tibco,general,,,,,
tibco-hybrid-integration-connectivity-add-on,3.0.0,false,true,,1644796800000,auto,auto,https://docs.tibco.com/pub/cn-addon-itg-suite/3.0.0/doc/zip/tib_cn-addon-itg-suite_3.0.0_doc.zip,auto,false,tibco,general,,,,,
tibco-hybrid-integration-connectivity-add-on,2.9.1,false,true,,1638489600000,auto,auto,https://docs.tibco.com/pub/cn-addon-itg-suite/2.9.1/doc/zip/tib_cn-addon-itg-suite_2.9.1_doc.zip,auto,false,tibco,general,,,,,
tibco-hybrid-integration-connectivity-add-on,2.9.0,false,true,,1637020800000,auto,auto,https://docs.tibco.com/pub/cn-addon-itg-suite/2.9.0/doc/zip/tib_cn-addon-itg-suite_2.9.0_doc.zip,auto,false,tibco,general,,,,,
tibco-hybrid-integration-connectivity-add-on,2.7.0,false,true,,1629158400000,auto,auto,https://docs.tibco.com/pub/cn-addon-itg-suite/2.7.0/doc/zip/tib_cn-addon-itg-suite_2.7.0_doc.zip,auto,false,tibco,general,,,,,
tibco-hybrid-integration-connectivity-add-on,2.6.1,false,true,,1623628800000,auto,auto,https://docs.tibco.com/pub/cn-addon-itg-suite/2.6.1/doc/zip/tib_cn-addon-itg-suite_2.6.1_doc.zip,auto,false,tibco,general,,,,,
tibco-hybrid-integration-connectivity-add-on,2.6.0,false,true,,1621468800000,auto,auto,https://docs.tibco.com/pub/cn-addon-itg-suite/2.6.0/doc/zip/tib_cn-addon-itg-suite_2.6.0_doc.zip,auto,false,tibco,general,,,,,
tibco-hybrid-integration-connectivity-add-on,2.5.1,false,true,,1615334400000,auto,auto,https://docs.tibco.com/pub/cn-addon-itg-suite/2.5.1/doc/zip/tib_cn-addon-itg-suite_2.5.1_doc.zip,auto,false,tibco,general,,,,,
tibco-hybrid-integration-connectivity-add-on,2.5.0,false,true,,2021-02-17,auto,auto,https://docs.tibco.com/pub/cn-addon-itg-suite/2.5.0/doc/zip/tib_cn-addon-itg-suite_2.5.0_doc.zip,auto,false,tibco,general,,,,,
tibco-hybrid-integration-connectivity-add-on,2.4.0,false,true,,2020-12-12,auto,auto,https://docs.tibco.com/pub/cn-addon-itg-suite/2.4.0/doc/zip/tib_cn-addon-itg-suite_2.4.0_doc.zip,auto,false,tibco,general,,,,,
tibco-hybrid-integration-connectivity-add-on,2.3.0,false,true,,1600387200000,auto,auto,https://docs.tibco.com/pub/cn-addon-itg-suite/2.3.0/doc/zip/tib_cn-addon-itg-suite_2.3.0_doc.zip,auto,false,tibco,general,,,,,
tibco-hybrid-integration-connectivity-add-on,2.2.0,false,true,,1593388800000,auto,auto,https://docs.tibco.com/pub/cn-addon-itg-suite/2.2.0/doc/zip/tib_cn-addon-itg-suite_2.2.0_doc.zip,auto,false,tibco,general,,,,,
tibco-hybrid-integration-connectivity-add-on,2.1.0,false,true,,1582848000000,auto,auto,https://docs.tibco.com/pub/cn-addon-itg-suite/2.1.0/doc/zip/tib_cn-addon-itg-suite_2.1.0_doc.zip,auto,false,tibco,general,,,,,
tibco-hybrid-integration-connectivity-add-on,2.0.0,false,true,,2019-09-18,auto,auto,https://docs.tibco.com/pub/cn-addon-itg-suite/2.0.0/doc/zip/tib_cn-addon-itg-suite_2.0.0_doc.zip,auto,false,tibco,general,,,,,
tibco-hybrid-integration-connectivity-add-on,1.8.0,false,true,,2019-08-20,auto,auto,https://docs.tibco.com/pub/cn-addon-itg-suite/1.8.0/doc/zip/tib_cn-addon-itg-suite_1.8.0_doc.zip,auto,false,tibco,general,,,,,
tibco-hybrid-integration-connectivity-add-on,1.7.0,false,true,,2019-08-08,auto,auto,https://docs.tibco.com/pub/cn-addon-itg-suite/1.7.0/doc/zip/tib_cn-addon-itg-suite_1.7.0_doc.zip,auto,false,tibco,general,,,,,
tibco-hybrid-integration-connectivity-add-on,1.5.0,false,true,,2019-03-26,auto,auto,https://docs.tibco.com/pub/cn-addon-itg-suite/1.5.0/doc/zip/tib_cn-addon-itg-suite_1.5.0_doc.zip,auto,false,tibco,general,,,,,
tibco-hybrid-integration-connectivity-add-on,1.4.0,false,true,,2018-01-02,auto,auto,https://docs.tibco.com/pub/cn-addon-itg-suite/1.4.0/doc/zip/tib_cn-addon-itg-suite_1.4.0_doc.zip,auto,false,tibco,general,,,,,
tibco-hybrid-integration-connectivity-add-on,1.3.0,false,true,,2017-07-28,auto,auto,https://docs.tibco.com/pub/cn-addon-itg-suite/1.3.0/doc/zip/tib_cn-addon-itg-suite_1.3.0_doc.zip,auto,false,tibco,general,,,,,
tibco-hybrid-integration-connectivity-add-on,1.2.0,false,true,,2017-02-21,auto,auto,https://docs.tibco.com/pub/cn-addon-itg-suite/1.2.0/doc/zip/tib_cn-addon-itg-suite_1.2.0_doc.zip,auto,false,tibco,general,,,,,
tibco-hybrid-integration-connectivity-add-on,1.1.0,false,true,,2016-08-26,auto,auto,https://docs.tibco.com/pub/cn-addon-itg-suite/1.1.0/doc/zip/tib_cn-addon-itg-suite_1.1.0_doc.zip,auto,false,tibco,general,,,,,
tibco-hybrid-integration-connectivity-add-on,1.0.0,false,true,,2016-03-03,auto,auto,https://docs.tibco.com/pub/cn-addon-itg-suite/1.0.0/doc/zip/tib_cn-addon-itg-suite_1.0.0_doc.zip,auto,false,tibco,general,,,,,
tibco-integration,3.16.0,false,true,,2026-03-04,auto,auto,https://docs.tibco.com/pub/tibco-int/3.16.0/doc/zip/tib_tibco-int_3.16.0_doc.zip,auto,false,tibco,general,,,,,
tibco-integration,3.15.0,false,true,,2025-08-28,auto,auto,https://docs.tibco.com/pub/tibco-int/3.15.0/doc/zip/tib_tibco-int_3.15.0_doc.zip,auto,false,tibco,general,,,,,
tibco-integration,3.14.0,false,true,,2025-06-11,auto,auto,https://docs.tibco.com/pub/tibco-int/3.14.0/doc/zip/tib_tibco-int_3.14.0_doc.zip,auto,false,tibco,general,,,,,
tibco-integration,3.13.0,false,true,,1743638400000,auto,auto,https://docs.tibco.com/pub/tibco-int/3.13.0/doc/zip/tib_tibco-int_3.13.0_doc.zip,auto,false,tibco,general,,,,,
tibco-integration,3.12.0,false,true,,1738713600000,auto,auto,https://docs.tibco.com/pub/tibco-int/3.12.0/doc/zip/tib_tibco-int_3.12.0_doc.zip,auto,false,tibco,general,,,,,
tibco-integration,3.11.0,false,true,,1734480000000,auto,auto,https://docs.tibco.com/pub/tibco-int/3.11.0/doc/zip/tib_tibco-int_3.11.0_doc.zip,auto,false,tibco,general,,,,,
tibco-integration,3.10.1,false,true,,1731542400000,auto,auto,https://docs.tibco.com/pub/tibco-int/3.10.1/doc/zip/tib_tibco-int_3.10.1_doc.zip,auto,false,tibco,general,,,,,
tibco-integration,3.10.0,false,true,,1724198400000,auto,auto,https://docs.tibco.com/pub/tibco-int/3.10.0/doc/zip/tib_tibco-int_3.10.0_doc.zip,auto,false,tibco,general,,,,,
tibco-integration,3.9.0,false,true,,1716336000000,auto,auto,https://docs.tibco.com/pub/tibco-int/3.9.0/doc/zip/tib_tibco-int_3.9.0_doc.zip,auto,false,tibco,general,,,,,
tibco-integration,3.8.0,false,true,,1708560000000,auto,auto,https://docs.tibco.com/pub/tibco-int/3.8.0/doc/zip/tib_tibco-int_3.8.0_doc.zip,auto,false,tibco,general,,,,,
tibco-integration,3.7.0,false,true,,1701993600000,auto,auto,https://docs.tibco.com/pub/tibco-int/3.7.0/doc/zip/tib_tibco-int_3.7.0_doc.zip,auto,false,tibco,general,,,,,
tibco-integration,3.6.0,false,true,,1692748800000,auto,auto,https://docs.tibco.com/pub/tibco-int/3.6.0/doc/zip/tib_tibco-int_3.6.0_doc.zip,auto,false,tibco,general,,,,,
tibco-integration,3.5.0,false,true,,1684800000000,auto,auto,https://docs.tibco.com/pub/tibco-int/3.5.0/doc/zip/tib_tibco-int_3.5.0_doc.zip,auto,false,tibco,general,,,,,
tibco-integration,3.4.0,false,true,,1677024000000,auto,auto,https://docs.tibco.com/pub/tibco-int/3.4.0/doc/zip/tib_tibco-int_3.4.0_doc.zip,auto,false,tibco,general,,,,,
tibco-integration,3.3.0,true,false,,1668556800000,auto,auto,https://docs.tibco.com/pub/tibco-int/3.3.0/tibco-integration-3-3-0_documentation.zip,auto,false,tibco,general,,,,,
tibco-integration,3.2.0,true,false,,1660694400000,auto,auto,https://docs.tibco.com/pub/tibco-int/3.2.0/tibco-integration-3-2-0_documentation.zip,auto,false,tibco,general,,,,,
tibco-integration,3.1.0,true,false,,1652918400000,auto,auto,https://docs.tibco.com/pub/tibco-int/3.1.0/tibco-integration-3-1-0_documentation.zip,auto,false,tibco,general,,,,,
tibco-integration,3.0.0,true,false,,1644796800000,auto,auto,https://docs.tibco.com/pub/tibco-int/3.0.0/tibco-integration-3-0-0_documentation.zip,auto,false,tibco,general,,,,,
tibco-integration,2.9.1,true,false,,1638489600000,auto,auto,https://docs.tibco.com/pub/tibco-int/2.9.1/tibco-integration-2-9-1_documentation.zip,auto,false,tibco,general,,,,,
tibco-integration,2.9.0,true,false,,1637020800000,auto,auto,https://docs.tibco.com/pub/tibco-int/2.9.0/tibco-integration-2-9-0_documentation.zip,auto,false,tibco,general,,,,,
tibco-integration,2.8.0,true,false,,1632182400000,auto,auto,https://docs.tibco.com/pub/tibco-int/2.8.0/tibco-integration-2-8-0_documentation.zip,auto,false,tibco,general,,,,,
tibco-integration,2.7.0,true,false,,1629158400000,auto,auto,https://docs.tibco.com/pub/tibco-int/2.7.0/tibco-integration-2-7-0_documentation.zip,auto,false,tibco,general,,,,,
tibco-integration,2.6.1,true,false,,1622678400000,auto,auto,https://docs.tibco.com/pub/tibco-int/2.6.1/tibco-integration-2-6-1_documentation.zip,auto,false,tibco,general,,,,,
tibco-integration,2.6.0,true,false,,1621468800000,auto,auto,https://docs.tibco.com/pub/tibco-int/2.6.0/tibco-integration-2-6-0_documentation.zip,auto,false,tibco,general,,,,,
tibco-integration,2.5.0,true,false,,2021-02-17,auto,auto,https://docs.tibco.com/pub/tibco-int/2.5.0/tibco-integration-2-5-0_documentation.zip,auto,false,tibco,general,,,,,
tibco-integration,2.4.0,true,false,,1605744000000,auto,auto,https://docs.tibco.com/pub/tibco-int/2.4.0/tibco-integration-2-4-0_documentation.zip,auto,false,tibco,general,,,,,
tibco-integration,2.3.0,true,false,,1599696000000,auto,auto,https://docs.tibco.com/pub/tibco-int/tibco-integration-2-3-0_documentation.zip,auto,false,tibco,general,,,,,
tibco-integration,2.2.0,true,false,,1591833600000,auto,auto,https://docs.tibco.com/pub/tibco-int/tibco-integration-2-2-0_documentation.zip,auto,false,tibco,general,,,,,
tibco-integration,2.1.1,true,false,,1588204800000,auto,auto,https://docs.tibco.com/pub/tibco-int/tibco-integration-2-1-1_documentation.zip,auto,false,tibco,general,,,,,
tibco-integration,2.1.0,true,false,,1582848000000,auto,auto,https://docs.tibco.com/pub/tibco-int/tibco-integration-2-1-0_documentation.zip,auto,false,tibco,general,,,,,
tibco-integration,2.0.0,true,false,,2019-09-18,auto,auto,https://docs.tibco.com/pub/tibco-int/tibco-integration-2-0-0_documentation.zip,auto,false,tibco,general,,,,,
tibco-integration,1.7.0,true,false,,2019-08-01,auto,auto,https://docs.tibco.com/pub/tibco-int/tibco-integration-1-7-0_documentation.zip,auto,false,tibco,general,,,,,
tibco-integration,1.6.0,true,false,,2019-05-31,auto,auto,https://docs.tibco.com/pub/tibco-int/tibco-integration-1-6-0_documentation.zip,auto,false,tibco,general,,,,,
tibco-integration,1.5.0,true,false,,2019-03-05,auto,auto,https://docs.tibco.com/pub/tibco-int/tibco-integration-1-5-0_documentation.zip,auto,false,tibco,general,,,,,
tibco-integration,1.4.0,true,false,,2018-12-08,auto,auto,https://docs.tibco.com/pub/tibco-int/tibco-integration-1-4-0_documentation.zip,auto,false,tibco,general,,,,,
tibco-integration,1.3.0,true,false,,2018-10-01,auto,auto,https://docs.tibco.com/pub/tibco-int/tibco-integration-1-3-0_documentation.zip,auto,false,tibco,general,,,,,
tibco-integration,1.2.0,true,false,,1533081600000,auto,auto,https://docs.tibco.com/pub/tibco-int/tibco-integration-1-2-0_documentation.zip,auto,false,tibco,general,,,,,
tibco-integration,1.1.0,true,false,,1533081600000,auto,auto,https://docs.tibco.com/pub/tibco-int/tibco-integration-1-1-0_documentation.zip,auto,false,tibco,general,,,,,
tibco-integration-connectivity-add-on,3.10.1,false,true,,1731542400000,auto,auto,https://docs.tibco.com/pub/int-cn-addon-suite/3.10.1/doc/zip/tib_int-cn-addon-suite_3.10.1_doc.zip,auto,false,tibco,general,,,,,
tibco-integration-connectivity-add-on,3.10.0,false,true,,1724198400000,auto,auto,https://docs.tibco.com/pub/int-cn-addon-suite/3.10.0/doc/zip/tib_int-cn-addon-suite_3.10.0_doc.zip,auto,false,tibco,general,,,,,
tibco-integration-connectivity-add-on,3.9.0,false,true,,1716336000000,auto,auto,https://docs.tibco.com/pub/int-cn-addon-suite/3.9.0/doc/zip/tib_int-cn-addon-suite_3.9.0_doc.zip,auto,false,tibco,general,,,,,
tibco-integration-connectivity-add-on,3.8.0,false,true,,1708560000000,auto,auto,https://docs.tibco.com/pub/int-cn-addon-suite/3.8.0/doc/zip/tib_int-cn-addon-suite_3.8.0_doc.zip,auto,false,tibco,general,,,,,
tibco-integration-connectivity-add-on,3.7.0,false,true,,1702252800000,auto,auto,https://docs.tibco.com/pub/int-cn-addon-suite/3.7.0/doc/zip/tib_int-cn-addon-suite_3.7.0_doc.zip,auto,false,tibco,general,,,,,
tibco-integration-connectivity-add-on,3.6.0,false,true,,1692748800000,auto,auto,https://docs.tibco.com/pub/int-cn-addon-suite/3.6.0/doc/zip/tib_int-cn-addon-suite_3.6.0_doc.zip,auto,false,tibco,general,,,,,
tibco-integration-connectivity-add-on,3.5.0,false,true,,1684886400000,auto,auto,https://docs.tibco.com/pub/int-cn-addon-suite/3.5.0/doc/zip/tib_int-cn-addon-suite_3.5.0_doc.zip,auto,false,tibco,general,,,,,
tibco-integration-connectivity-add-on,3.4.1,false,true,,1678665600000,auto,auto,https://docs.tibco.com/pub/int-cn-addon-suite/3.4.1/doc/zip/tib_int-cn-addon-suite_3.4.1_doc.zip,auto,false,tibco,general,,,,,
tibco-integration-connectivity-add-on,3.4.0,false,true,,1677024000000,auto,auto,https://docs.tibco.com/pub/int-cn-addon-suite/3.4.0/doc/zip/tib_int-cn-addon-suite_3.4.0_doc.zip,auto,false,tibco,general,,,,,
tibco-integration-connectivity-add-on,3.3.0,false,true,,1668556800000,auto,auto,https://docs.tibco.com/pub/int-cn-addon-suite/3.3.0/doc/zip/tib_int-cn-addon-suite_3.3.0_doc.zip,auto,false,tibco,general,,,,,
tibco-integration-connectivity-add-on,3.2.0,false,true,,1660694400000,auto,auto,https://docs.tibco.com/pub/int-cn-addon-suite/3.2.0/doc/zip/tib_int-cn-addon-suite_3.2.0_doc.zip,auto,false,tibco,general,,,,,
tibco-integration-connectivity-add-on,3.1.0,false,true,,1652918400000,auto,auto,https://docs.tibco.com/pub/int-cn-addon-suite/3.1.0/doc/zip/tib_int-cn-addon-suite_3.1.0_doc.zip,auto,false,tibco,general,,,,,
tibco-integration-connectivity-add-on,3.0.0,false,true,,1644796800000,auto,auto,https://docs.tibco.com/pub/int-cn-addon-suite/3.0.0/doc/zip/tib_int-cn-addon-suite_3.0.0_doc.zip,auto,false,tibco,general,,,,,
tibco-integration-connectivity-add-on,2.9.1,false,true,,1638489600000,auto,auto,https://docs.tibco.com/pub/int-cn-addon-suite/2.9.1/doc/zip/tib_int-cn-addon-suite_2.9.1_doc.zip,auto,false,tibco,general,,,,,
tibco-integration-connectivity-add-on,2.9.0,false,true,,1637020800000,auto,auto,https://docs.tibco.com/pub/int-cn-addon-suite/2.9.0/doc/zip/tib_int-cn-addon-suite_2.9.0_doc.zip,auto,false,tibco,general,,,,,
tibco-integration-connectivity-add-on,2.7.0,false,true,,1629158400000,auto,auto,https://docs.tibco.com/pub/int-cn-addon-suite/2.7.0/doc/zip/tib_int-cn-addon-suite_2.7.0_doc.zip,auto,false,tibco,general,,,,,
tibco-integration-connectivity-add-on,2.6.1,false,true,,1623628800000,auto,auto,https://docs.tibco.com/pub/int-cn-addon-suite/2.6.1/doc/zip/tib_int-cn-addon-suite_2.6.1_doc.zip,auto,false,tibco,general,,,,,
tibco-integration-connectivity-add-on,2.6.0,false,true,,1621468800000,auto,auto,https://docs.tibco.com/pub/int-cn-addon-suite/2.6.0/doc/zip/tib_int-cn-addon-suite_2.6.0_doc.zip,auto,false,tibco,general,,,,,
tibco-integration-connectivity-add-on,2.5.2,false,true,,1615334400000,auto,auto,https://docs.tibco.com/pub/int-cn-addon-suite/2.5.2/doc/zip/tib_int-cn-addon-suite_2.5.2_doc.zip,auto,false,tibco,general,,,,,
tibco-integration-connectivity-add-on,2.5.1,false,true,,1614643200000,auto,auto,https://docs.tibco.com/pub/int-cn-addon-suite/2.5.1/doc/zip/tib_int-cn-addon-suite_2.5.1_doc.zip,auto,false,tibco,general,,,,,
tibco-integration-connectivity-add-on,2.5.0,false,true,,1613520000000,auto,auto,https://docs.tibco.com/pub/int-cn-addon-suite/2.5.0/doc/zip/tib_int-cn-addon-suite_2.5.0_doc.zip,auto,false,tibco,general,,,,,
tibco-integration-connectivity-add-on,2.4.0,false,true,,1605744000000,auto,auto,https://docs.tibco.com/pub/int-cn-addon-suite/2.4.0/doc/zip/tib_int-cn-addon-suite_2.4.0_doc.zip,auto,false,tibco,general,,,,,
tibco-integration-connectivity-add-on,2.3.0,false,true,,1600387200000,auto,auto,https://docs.tibco.com/pub/int-cn-addon-suite/2.3.0/doc/zip/tib_int-cn-addon-suite_2.3.0_doc.zip,auto,false,tibco,general,,,,,
tibco-integration-connectivity-add-on,2.2.0,false,true,,1593388800000,auto,auto,https://docs.tibco.com/pub/int-cn-addon-suite/2.2.0/doc/zip/tib_int-cn-addon-suite_2.2.0_doc.zip,auto,false,tibco,general,,,,,
tibco-integration-connectivity-add-on,2.1.1,false,true,,1585872000000,auto,auto,https://docs.tibco.com/pub/int-cn-addon-suite/2.1.1/doc/zip/tib_int-cn-addon-suite_2.1.1_doc.zip,auto,false,tibco,general,,,,,
tibco-integration-connectivity-add-on,2.1.0,false,true,,1582848000000,auto,auto,https://docs.tibco.com/pub/int-cn-addon-suite/2.1.0/doc/zip/tib_int-cn-addon-suite_2.1.0_doc.zip,auto,false,tibco,general,,,,,
tibco-integration-connectivity-add-on,2.0.0,false,true,,2019-09-18,auto,auto,https://docs.tibco.com/pub/int-cn-addon-suite/2.0.0/doc/zip/tib_int-cn-addon-suite_2.0.0_doc.zip,auto,false,tibco,general,,,,,
tibco-integration-connectivity-add-on,1.7.0,false,true,,2019-08-01,auto,auto,https://docs.tibco.com/pub/int-cn-addon-suite/1.7.0/doc/zip/tib_int-cn-addon-suite_1.7.0_doc.zip,auto,false,tibco,general,,,,,
tibco-integration-connectivity-add-on,1.6.0,false,true,,2019-05-31,auto,auto,https://docs.tibco.com/pub/int-cn-addon-suite/1.6.0/doc/zip/tib_int-cn-addon-suite_1.6.0_doc.zip,auto,false,tibco,general,,,,,
tibco-integration-connectivity-add-on,1.2.0,false,true,,2019-03-12,auto,auto,https://docs.tibco.com/pub/int-cn-addon-suite/1.2.0/doc/zip/tib_int-cn-addon-suite_1.2.0_doc.zip,auto,false,tibco,general,,,,,
tibco-integration-connectivity-add-on,1.1.0,false,true,,2018-12-10,auto,auto,https://docs.tibco.com/pub/int-cn-addon-suite/1.1.0/doc/zip/tib_int-cn-addon-suite_1.1.0_doc.zip,auto,false,tibco,general,,,,,
tibco-integration-connectivity-add-on,1.0.0,false,true,,1542067200000,auto,auto,https://docs.tibco.com/pub/int-cn-addon-suite/1.0.0/doc/zip/tib_int-cn-addon-suite_1.0.0_doc.zip,auto,false,tibco,general,,,,,
tibco-integration-connectivity-for-tibco-platform,1.3.0,false,true,,1749600000000,auto,auto,https://docs.tibco.com/pub/tp-integration-conn/1.3.0/doc/zip/tib_tp-integration-conn_1.3.0_doc.zip,auto,false,tibco,general,,,,,
tibco-integration-connectivity-for-tibco-platform,1.2.0,false,true,,1743120000000,auto,auto,https://docs.tibco.com/pub/tp-integration-conn/1.2.0/doc/zip/tib_tp-integration-conn_1.2.0_doc.zip,auto,false,tibco,general,,,,,
tibco-integration-connectivity-for-tibco-platform,1.1.0,false,true,,1727136000000,auto,auto,https://docs.tibco.com/pub/tp-integration-conn/1.1.0/doc/zip/tib_tp-integration-conn_1.1.0_doc.zip,auto,false,tibco,general,,,,,
tibco-integration-connectivity-for-tibco-platform,1.0.0,false,true,,2024-06-11,auto,auto,https://docs.tibco.com/pub/tp-integration-conn/1.0.0/doc/zip/tib_tp-integration-conn_1.0.0_doc.zip,auto,false,tibco,general,,,,,
tibco-integration-for-tibco-platform,1.6.0,false,true,,2025-08-26,auto,auto,https://docs.tibco.com/pub/tp-integration/1.6.0/doc/zip/tib_tp-integration_1.6.0_doc.zip,auto,false,tibco,general,,,,,
tibco-integration-for-tibco-platform,1.5.0,false,true,,1749427200000,auto,auto,https://docs.tibco.com/pub/tp-integration/1.5.0/doc/zip/tib_tp-integration_1.5.0_doc.zip,auto,false,tibco,general,,,,,
tibco-integration-for-tibco-platform,1.4.0,false,true,,1743033600000,auto,auto,https://docs.tibco.com/pub/tp-integration/1.4.0/doc/zip/tib_tp-integration_1.4.0_doc.zip,auto,false,tibco,general,,,,,
tibco-integration-for-tibco-platform,1.3.0,false,true,,1738713600000,auto,auto,https://docs.tibco.com/pub/tp-integration/1.3.0/doc/zip/tib_tp-integration_1.3.0_doc.zip,auto,false,tibco,general,,,,,
tibco-integration-for-tibco-platform,1.2.0,false,true,,1734566400000,auto,auto,https://docs.tibco.com/pub/tp-integration/1.2.0/doc/zip/tib_tp-integration_1.2.0_doc.zip,auto,false,tibco,general,,,,,
tibco-integration-for-tibco-platform,1.1.0,false,true,,1727136000000,auto,auto,https://docs.tibco.com/pub/tp-integration/1.1.0/doc/zip/tib_tp-integration_1.1.0_doc.zip,auto,false,tibco,general,,,,,
tibco-integration-for-tibco-platform,1.0.0,false,true,,1718064000000,auto,auto,https://docs.tibco.com/pub/tp-integration/1.0.0/doc/zip/tib_tp-integration_1.0.0_doc.zip,auto,false,tibco,general,,,,,
tibco-it-operations-analytics,3.0.0,true,false,,2019-08-16,auto,auto,https://docs.tibco.com/pub/it-oa-suite/tibco-it-operations-analytics-3-0-0_documentation.zip,auto,false,tibco,general,,,,,
tibco-it-operations-analytics,2.0.0,true,false,,1495497600000,auto,auto,https://docs.tibco.com/pub/it-oa-suite/tibco-it-operations-analytics-2-0-0_documentation.zip,auto,false,tibco,general,,,,,
tibco-it-operations-analytics,1.0.0,true,false,,2016-03-03,auto,auto,https://docs.tibco.com/pub/it-oa-suite/tibco-it-operations-analytics-1-0-0_documentation.zip,auto,false,tibco,general,,,,,
tibco-kabira-adapter-factory-for-java,5.8.3,false,true,,1527724800000,auto,auto,https://docs.tibco.com/pub/kabira-jaf/5.8.3/doc/zip/tib_kabira-jaf_5.8.3_doc.zip,auto,false,tibco,general,,,,,
tibco-kabira-adapter-factory-for-persistence,5.8.3,false,true,,2017-12-14,auto,auto,https://docs.tibco.com/pub/kabira-paf/5.8.3/doc/zip/tib_kabira-paf_5.8.3_doc.zip,auto,false,tibco,general,,,,,
tibco-kabira-adapter-factory-for-snmp,5.9.5,false,true,,2017-12-14,auto,auto,https://docs.tibco.com/pub/kabira-snmpaf/5.9.5/doc/zip/tib_kabira-snmpaf_5.9.5_doc.zip,auto,false,tibco,general,,,,,
tibco-kabira-builder,3.6.5,false,true,,1526860800000,auto,auto,https://docs.tibco.com/pub/kab_p.builder/3.6.5/doc/zip/tib_kab_p.builder_3.6.5_doc.zip,auto,false,tibco,general,,,,,
tibco-live-datamart,10.3.0,true,false,,2018-07-26,auto,auto,https://docs.tibco.com/pub/sb-lv/tibco-live-datamart-10-3-0_documentation.zip,auto,false,tibco,general,,,,,
tibco-live-datamart,10.2.1,true,false,,2018-02-09,auto,auto,https://docs.tibco.com/pub/sb-lv/tibco-live-datamart-10-2-1_documentation.zip,auto,false,tibco,general,,,,,
tibco-live-datamart,10.2.0,true,false,,2017-11-18,auto,auto,https://docs.tibco.com/pub/sb-lv/tibco-live-datamart-10-2-0_documentation.zip,auto,false,tibco,general,,,,,
tibco-live-datamart,2.2.8,true,false,,1575849600000,auto,auto,https://docs.tibco.com/pub/sb-lv/tibco-live-datamart-2-2-8_documentation.zip,auto,false,tibco,general,,,,,
tibco-live-datamart,2.2.7,true,false,,1556582400000,auto,auto,https://docs.tibco.com/pub/sb-lv/tibco-live-datamart-2-2-7_documentation.zip,auto,false,tibco,general,,,,,
tibco-live-datamart,2.2.6,true,false,,1549152000000,auto,auto,https://docs.tibco.com/pub/sb-lv/tibco-live-datamart-2-2-6_documentation.zip,auto,false,tibco,general,,,,,
tibco-live-datamart,2.2.5,true,false,,1539302400000,auto,auto,https://docs.tibco.com/pub/sb-lv/tibco-live-datamart-2-2-5_documentation.zip,auto,false,tibco,general,,,,,
tibco-live-datamart,2.2.4,true,false,,1527552000000,auto,auto,https://docs.tibco.com/pub/sb-lv/tibco-live-datamart-2-2-4_documentation.zip,auto,false,tibco,general,,,,,
tibco-live-datamart,2.2.3,true,false,,2018-02-16,auto,auto,https://docs.tibco.com/pub/sb-lv/tibco-live-datamart-2-2-3_documentation.zip,auto,false,tibco,general,,,,,
tibco-live-datamart,2.2.2,true,false,,2018-01-11,auto,auto,https://docs.tibco.com/pub/sb-lv/tibco-live-datamart-2-2-2_documentation.zip,auto,false,tibco,general,,,,,
tibco-live-datamart,2.2.1,true,false,,2018-01-11,auto,auto,https://docs.tibco.com/pub/sb-lv/tibco-live-datamart-2-2-1_documentation.zip,auto,false,tibco,general,,,,,
tibco-live-datamart,2.2.0,true,false,,2018-01-11,auto,auto,https://docs.tibco.com/pub/sb-lv/tibco-live-datamart-2-2-0_documentation.zip,auto,false,tibco,general,,,,,
tibco-live-datamart,2.1.8,true,false,,2018-01-11,auto,auto,https://docs.tibco.com/pub/sb-lv/tibco-live-datamart-2-1-8_documentation.zip,auto,false,tibco,general,,,,,
tibco-live-datamart,2.1.7,true,false,,2018-01-11,auto,auto,https://docs.tibco.com/pub/sb-lv/tibco-live-datamart-2-1-7_documentation.zip,auto,false,tibco,general,,,,,
tibco-live-datamart,2.1.6,true,false,,2018-01-11,auto,auto,https://docs.tibco.com/pub/sb-lv/tibco-live-datamart-2-1-6_documentation.zip,auto,false,tibco,general,,,,,
tibco-live-datamart,2.1.5,true,false,,2018-01-11,auto,auto,https://docs.tibco.com/pub/sb-lv/tibco-live-datamart-2-1-5_documentation.zip,auto,false,tibco,general,,,,,
tibco-live-datamart,2.1.4,true,false,,2018-01-11,auto,auto,https://docs.tibco.com/pub/sb-lv/tibco-live-datamart-2-1-4_documentation.zip,auto,false,tibco,general,,,,,
tibco-live-datamart,2.1.3,true,false,,2018-01-11,auto,auto,https://docs.tibco.com/pub/sb-lv/tibco-live-datamart-2-1-3_documentation.zip,auto,false,tibco,general,,,,,
tibco-live-datamart,2.1.2,true,false,,2018-01-11,auto,auto,https://docs.tibco.com/pub/sb-lv/tibco-live-datamart-2-1-2_documentation.zip,auto,false,tibco,general,,,,,
tibco-live-datamart,2.1.1,true,false,,2018-01-11,auto,auto,https://docs.tibco.com/pub/sb-lv/tibco-live-datamart-2-1-1_documentation.zip,auto,false,tibco,general,,,,,
tibco-live-datamart,2.1.0,true,false,,2018-01-11,auto,auto,https://docs.tibco.com/pub/sb-lv/tibco-live-datamart-2-1-0_documentation.zip,auto,false,tibco,general,,,,,
tibco-live-datamart-standard-edition,2.2.8,true,false,,2019-12-13,auto,auto,https://docs.tibco.com/pub/sb-lv-std/tibco-live-datamart-standard-edition-2-2-8_documentation.zip,auto,false,tibco,general,,,,,
tibco-live-datamart-standard-edition,2.2.7,true,false,,2019-05-13,auto,auto,https://docs.tibco.com/pub/sb-lv-std/tibco-live-datamart-standard-edition-2-2-7_documentation.zip,auto,false,tibco,general,,,,,
tibco-live-datamart-standard-edition,2.2.6,true,false,,2019-03-26,auto,auto,https://docs.tibco.com/pub/sb-lv-std/tibco-live-datamart-standard-edition-2-2-6_documentation.zip,auto,false,tibco,general,,,,,
tibco-liveview-desktop,2.7.0,true,false,,2019-11-18,auto,auto,https://docs.tibco.com/pub/sb-lvdt/tibco-liveview-desktop-2-7-0_documentation.zip,auto,false,tibco,general,,,,,
tibco-liveview-desktop,2.6.4,true,false,,2020-01-02,auto,auto,https://docs.tibco.com/pub/sb-lvdt/tibco-liveview-desktop-2-6-4_documentation.zip,auto,false,tibco,general,,,,,
tibco-liveview-desktop,2.6.3,true,false,,1564099200000,auto,auto,https://docs.tibco.com/pub/sb-lvdt/tibco-liveview-desktop-2-6-3_documentation.zip,auto,false,tibco,general,,,,,
tibco-liveview-desktop,2.6.2,true,false,,2019-05-01,auto,auto,https://docs.tibco.com/pub/sb-lvdt/tibco-liveview-desktop-2-6-2_documentation.zip,auto,false,tibco,general,,,,,
tibco-liveview-desktop,2.6.1,true,false,,1548201600000,auto,auto,https://docs.tibco.com/pub/sb-lvdt/tibco-liveview-desktop-2-6-1_documentation.zip,auto,false,tibco,general,,,,,
tibco-liveview-desktop,2.6.0,true,false,,2018-11-06,auto,auto,https://docs.tibco.com/pub/sb-lvdt/tibco-liveview-desktop-2-6-0_documentation.zip,auto,false,tibco,general,,,,,
tibco-liveview-desktop,2.5.0,true,false,,1532476800000,auto,auto,https://docs.tibco.com/pub/sb-lvdt/tibco-liveview-desktop-2-5-0_documentation.zip,auto,false,tibco,general,,,,,
tibco-liveview-desktop,2.4.1,true,false,,2018-02-09,auto,auto,https://docs.tibco.com/pub/sb-lvdt/tibco-liveview-desktop-2-4-1_documentation.zip,auto,false,tibco,general,,,,,
tibco-liveview-desktop,2.4.0,true,false,,1510876800000,auto,auto,https://docs.tibco.com/pub/sb-lvdt/tibco-liveview-desktop-2-4-0_documentation.zip,auto,false,tibco,general,,,,,
tibco-liveview-desktop,2.3.1,true,false,,2017-05-25,auto,auto,https://docs.tibco.com/pub/sb-lvdt/tibco-liveview-desktop-2-3-1_documentation.zip,auto,false,tibco,general,,,,,
tibco-liveview-desktop,2.1.8,true,false,,2017-06-21,auto,auto,https://docs.tibco.com/pub/sb-lvdt/tibco-liveview-desktop-2-1-8_documentation.zip,auto,false,tibco,general,,,,,
tibco-liveview-desktop,2.1.7,true,false,,2017-02-11,auto,auto,https://docs.tibco.com/pub/sb-lvdt/tibco-liveview-desktop-2-1-7_documentation.zip,auto,false,tibco,general,,,,,
tibco-liveview-desktop,2.1.6,true,false,,2016-10-24,auto,auto,https://docs.tibco.com/pub/sb-lvdt/tibco-liveview-desktop-2-1-6_documentation.zip,auto,false,tibco,general,,,,,
tibco-liveview-desktop,2.1.5,true,false,,2016-08-11,auto,auto,https://docs.tibco.com/pub/sb-lvdt/tibco-liveview-desktop-2-1-5_documentation.zip,auto,false,tibco,general,,,,,
tibco-liveview-desktop,2.1.4,true,false,,2016-06-23,auto,auto,https://docs.tibco.com/pub/sb-lvdt/tibco-liveview-desktop-2-1-4_documentation.zip,auto,false,tibco,general,,,,,
tibco-liveview-desktop,2.1.3,true,false,,2016-04-29,auto,auto,https://docs.tibco.com/pub/sb-lvdt/tibco-liveview-desktop-2-1-3_documentation.zip,auto,false,tibco,general,,,,,
tibco-liveview-desktop,2.1.2,true,false,,2016-02-16,auto,auto,https://docs.tibco.com/pub/sb-lvdt/tibco-liveview-desktop-2-1-2_documentation.zip,auto,false,tibco,general,,,,,
tibco-liveview-desktop,2.1.1,true,false,,2016-01-22,auto,auto,https://docs.tibco.com/pub/sb-lvdt/tibco-liveview-desktop-2-1-1_documentation.zip,auto,false,tibco,general,,,,,
tibco-liveview-desktop,2.1.0,true,false,,2015-11-10,auto,auto,https://docs.tibco.com/pub/sb-lvdt/tibco-liveview-desktop-2-1-0_documentation.zip,auto,false,tibco,general,,,,,
tibco-liveview-desktop,2.0.6,true,false,,2016-06-18,auto,auto,https://docs.tibco.com/pub/sb-lvdt/tibco-liveview-desktop-2-0-6_documentation.zip,auto,false,tibco,general,,,,,
tibco-liveview-desktop,2.0.5,true,false,,2015-12-10,auto,auto,https://docs.tibco.com/pub/sb-lvdt/tibco-liveview-desktop-2-0-5_documentation.zip,auto,false,tibco,general,,,,,
tibco-liveview-desktop,2.0.4,true,false,,2015-09-10,auto,auto,https://docs.tibco.com/pub/sb-lvdt/tibco-streambase-liveview-desktop-2-0-4_documentation.zip,auto,false,tibco,general,,,,,
tibco-liveview-desktop,2.0.3,true,false,,2015-06-08,auto,auto,https://docs.tibco.com/pub/sb-lvdt/tibco-streambase-liveview-desktop-2-0-3_documentation.zip,auto,false,tibco,general,,,,,
tibco-liveview-desktop,2.0.2,true,false,,2015-05-06,auto,auto,https://docs.tibco.com/pub/sb-lvdt/tibco-streambase-liveview-desktop-2-0-2_documentation.zip,auto,false,tibco,general,,,,,
tibco-liveview-desktop,2.0.1,true,false,,2015-03-02,auto,auto,https://docs.tibco.com/pub/sb-lvdt/tibco-streambase-liveview-desktop-2-0-1_documentation.zip,auto,false,tibco,general,,,,,
tibco-liveview-desktop,2.0.0,true,false,,2015-01-22,auto,auto,https://docs.tibco.com/pub/sb-lvdt/tibco-streambase-liveview-desktop-2-0-0_documentation.zip,auto,false,tibco,general,,,,,
tibco-liveview-desktop,1.6.4,true,false,,2015-03-02,auto,auto,https://docs.tibco.com/pub/sb-lvdt/tibco-streambase-liveview-desktop-1-6-4_documentation.zip,auto,false,tibco,general,,,,,
tibco-liveview-desktop,1.6.0,true,false,,2014-06-09,auto,auto,https://docs.tibco.com/pub/sb-lvdt/tibco-streambase-liveview-desktop-1-6-0_documentation.zip,auto,false,tibco,general,,,,,
tibco-liveview-desktop,1.5.7,true,false,,2014-08-28,auto,auto,,auto,false,tibco,general,,,,,
tibco-loglogic,-,true,false,,2017-05-29,auto,auto,https://docs.tibco.com/pub/loglmi/tibco-loglogic-_documentation.zip,auto,false,tibco,general,,,,,
tibco-loglogic-compliance-manager,2.1.1,true,false,,2017-06-28,auto,auto,https://docs.tibco.com/pub/logcm/tibco-loglogic-compliance-manager-2-1-1_documentation.zip,auto,false,tibco,general,,,,,
tibco-loglogic-compliance-manager,2.1.0,true,false,,2021-12-13,auto,auto,https://docs.tibco.com/pub/loglogic_compliance_manager/tibco-loglogic-compliance-manager-2-1-0_documentation.zip,auto,false,tibco,general,,,,,
tibco-loglogic-compliance-manager,2.0.0,true,false,,2021-12-13,auto,auto,https://docs.tibco.com/pub/loglogic_compliance_manager/tibco-loglogic-compliance-manager-2-0-0_documentation.zip,auto,false,tibco,general,,,,,
tibco-loglogic-compliance-suite-fisma-edition,4.0.0,true,false,,2021-04-14,auto,auto,https://docs.tibco.com/pub/logcsfisma/tibco-loglogic-compliance-suite-fisma-edition-4-0-0_documentation.zip,auto,false,tibco,general,,,,,
tibco-loglogic-compliance-suite-fisma-edition,3.9.0,true,false,,1510272000000,auto,auto,https://docs.tibco.com/pub/logcsfisma/tibco-loglogic-compliance-suite-fisma-edition-3-9-0_documentation.zip,auto,false,tibco,general,,,,,
tibco-loglogic-compliance-suite-fisma-edition,3.8.0,true,false,,2016-11-09,auto,auto,https://docs.tibco.com/pub/loglogic_compliancesuite_fisma_edition/tibco-loglogic-compliance-suite-fisma-edition-3-8-0_documentation.zip,auto,false,tibco,general,,,,,
tibco-loglogic-compliance-suite-fisma-edition,3.7.0,true,false,,2021-12-13,auto,auto,https://docs.tibco.com/pub/loglogic_compliancesuite_fisma_edition/tibco-loglogic-compliance-suite-fisma-edition-3-7-0_documentation.zip,auto,false,tibco,general,,,,,
tibco-loglogic-compliance-suite-fisma-edition,3.6.0,true,false,,2021-12-13,auto,auto,https://docs.tibco.com/pub/loglogic_compliancesuite_fisma_edition/tibco-loglogic-compliance-suite-fisma-edition-3-6-0_documentation.zip,auto,false,tibco,general,,,,,
tibco-loglogic-compliance-suite-fisma-edition,3.5.0,true,false,,2021-12-13,auto,auto,https://docs.tibco.com/pub/loglogic_compliancesuite_fisma_edition/tibco-loglogic-compliance-suite-fisma-edition-3-5-0_documentation.zip,auto,false,tibco,general,,,,,
tibco-loglogic-compliance-suite-fisma-edition,3.4.0,true,false,,2021-12-13,auto,auto,https://docs.tibco.com/pub/loglogic_compliancesuite_fisma_edition/tibco-loglogic-compliance-suite-fisma-edition-3-4-0_documentation.zip,auto,false,tibco,general,,,,,
tibco-loglogic-compliance-suite-gdpr-enterprise-edition,4.0.0,false,true,,2021-03-05,auto,auto,https://docs.tibco.com/pub/logcsgdpr/4.0.0/doc/zip/tib_logcsgdpr_4.0.0_doc.zip,auto,false,tibco,general,,,,,
tibco-loglogic-compliance-suite-gdpr-enterprise-edition,3.9.0,false,true,,1527897600000,auto,auto,https://docs.tibco.com/pub/logcsgdpr/3.9.0/doc/zip/tib_logcsgdpr_3.9.0_doc.zip,auto,false,tibco,general,,,,,
tibco-loglogic-compliance-suite-gpg-13-edition,4.0.0,false,true,,2021-05-04,auto,auto,https://docs.tibco.com/pub/logcsgpg13/4.0.0/doc/zip/tib_logcsgpg13_4.0.0_doc.zip,auto,false,tibco,general,,,,,
tibco-loglogic-compliance-suite-gpg-13-edition,3.9.0,true,false,,1510272000000,auto,auto,https://docs.tibco.com/pub/logcsgpg13/tibco-loglogic-compliance-suite-gpg-13-edition-3-9-0_documentation.zip,auto,false,tibco,general,,,,,
tibco-loglogic-compliance-suite-hipaa-edition,4.0.0,true,false,,2021-05-04,auto,auto,https://docs.tibco.com/pub/logcshipaa/tibco-loglogic-compliance-suite-hipaa-edition-4-0-0_documentation.zip,auto,false,tibco,general,,,,,
tibco-loglogic-compliance-suite-hipaa-edition,3.9.0,true,false,,1510272000000,auto,auto,https://docs.tibco.com/pub/logcshipaa/tibco-loglogic-compliance-suite-hipaa-edition-3-9-0_documentation.zip,auto,false,tibco,general,,,,,
tibco-loglogic-compliance-suite-hipaa-edition,3.8.0,true,false,,2016-11-09,auto,auto,https://docs.tibco.com/pub/loglogic_compliancesuite_hipaa_edition/tibco-loglogic-compliance-suite-hipaa-edition-3-8-0_documentation.zip,auto,false,tibco,general,,,,,
tibco-loglogic-compliance-suite-hipaa-edition,3.7.0,true,false,,2021-12-13,auto,auto,https://docs.tibco.com/pub/loglogic_compliancesuite_hipaa_edition/tibco-loglogic-compliance-suite-hipaa-edition-3-7-0_documentation.zip,auto,false,tibco,general,,,,,
tibco-loglogic-compliance-suite-hipaa-edition,3.6.0,true,false,,2021-12-13,auto,auto,https://docs.tibco.com/pub/loglogic_compliancesuite_hipaa_edition/tibco-loglogic-compliance-suite-hipaa-edition-3-6-0_documentation.zip,auto,false,tibco,general,,,,,
tibco-loglogic-compliance-suite-hipaa-edition,3.5.0,true,false,,2021-12-13,auto,auto,https://docs.tibco.com/pub/loglogic_compliancesuite_hipaa_edition/tibco-loglogic-compliance-suite-hipaa-edition-3-5-0_documentation.zip,auto,false,tibco,general,,,,,
tibco-loglogic-compliance-suite-hipaa-edition,3.4.0,true,false,,2021-12-13,auto,auto,https://docs.tibco.com/pub/loglogic_compliancesuite_hipaa_edition/tibco-loglogic-compliance-suite-hipaa-edition-3-4-0_documentation.zip,auto,false,tibco,general,,,,,
tibco-loglogic-compliance-suite-hipaa-edition,3.3.0,true,false,,2021-12-13,auto,auto,https://docs.tibco.com/pub/loglogic_compliancesuite_hipaa_edition/tibco-loglogic-compliance-suite-hipaa-edition-3-3-0_documentation.zip,auto,false,tibco,general,,,,,
tibco-loglogic-compliance-suite-hipaa-edition,3.2.0,true,false,,2021-12-13,auto,auto,https://docs.tibco.com/pub/loglogic_compliancesuite_hipaa_edition/tibco-loglogic-compliance-suite-hipaa-edition-3-2-0_documentation.zip,auto,false,tibco,general,,,,,
tibco-loglogic-compliance-suite-iso-edition,4.0.0,true,false,,2021-05-10,auto,auto,https://docs.tibco.com/pub/logcsiso/tibco-loglogic-compliance-suite-iso-edition-4-0-0_documentation.zip,auto,false,tibco,general,,,,,
tibco-loglogic-compliance-suite-iso-edition,3.9.0,true,false,,1510272000000,auto,auto,https://docs.tibco.com/pub/logcsiso/tibco-loglogic-compliance-suite-iso-edition-3-9-0_documentation.zip,auto,false,tibco,general,,,,,
tibco-loglogic-compliance-suite-iso-edition,3.8.0,true,false,,2016-11-09,auto,auto,https://docs.tibco.com/pub/loglogic_compliancesuite_iso_edition/tibco-loglogic-compliance-suite-iso-edition-3-8-0_documentation.zip,auto,false,tibco,general,,,,,
tibco-loglogic-compliance-suite-iso-edition,3.7.0,true,false,,2014-08-27,auto,auto,https://docs.tibco.com/pub/loglogic_compliancesuite_iso_edition/tibco-loglogic-compliance-suite-iso-edition-3-7-0_documentation.zip,auto,false,tibco,general,,,,,
tibco-loglogic-compliance-suite-iso-edition,3.6.0,true,false,,2021-12-13,auto,auto,https://docs.tibco.com/pub/loglogic_compliancesuite_iso_edition/tibco-loglogic-compliance-suite-iso-edition-3-6-0_documentation.zip,auto,false,tibco,general,,,,,
tibco-loglogic-compliance-suite-iso-edition,3.5.0,true,false,,2021-12-13,auto,auto,https://docs.tibco.com/pub/loglogic_compliancesuite_iso_edition/tibco-loglogic-compliance-suite-iso-edition-3-5-0_documentation.zip,auto,false,tibco,general,,,,,
tibco-loglogic-compliance-suite-iso-edition,3.4.0,true,false,,2021-12-13,auto,auto,https://docs.tibco.com/pub/loglogic_compliancesuite_iso_edition/tibco-loglogic-compliance-suite-iso-edition-3-4-0_documentation.zip,auto,false,tibco,general,,,,,
tibco-loglogic-compliance-suite-iso-edition,3.3.0,true,false,,2021-12-13,auto,auto,https://docs.tibco.com/pub/loglogic_compliancesuite_iso_edition/tibco-loglogic-compliance-suite-iso-edition-3-3-0_documentation.zip,auto,false,tibco,general,,,,,
tibco-loglogic-compliance-suite-iso-edition,3.2.0,true,false,,2021-12-13,auto,auto,https://docs.tibco.com/pub/loglogic_compliancesuite_iso_edition/tibco-loglogic-compliance-suite-iso-edition-3-2-0_documentation.zip,auto,false,tibco,general,,,,,
tibco-loglogic-compliance-suite-itil-edition,4.0.0,true,false,,2021-05-06,auto,auto,https://docs.tibco.com/pub/logcsitil/tibco-loglogic-compliance-suite-itil-edition-4-0-0_documentation.zip,auto,false,tibco,general,,,,,
tibco-loglogic-compliance-suite-itil-edition,3.9.0,true,false,,1510272000000,auto,auto,https://docs.tibco.com/pub/logcsitil/tibco-loglogic-compliance-suite-itil-edition-3-9-0_documentation.zip,auto,false,tibco,general,,,,,
tibco-loglogic-compliance-suite-itil-edition,3.8.0,true,false,,2016-11-09,auto,auto,https://docs.tibco.com/pub/loglogic_compliancesuite_itil_edition/tibco-loglogic-compliance-suite-itil-edition-3-8-0_documentation.zip,auto,false,tibco,general,,,,,
tibco-loglogic-compliance-suite-itil-edition,3.7.0,true,false,,2021-12-13,auto,auto,https://docs.tibco.com/pub/loglogic_compliancesuite_itil_edition/tibco-loglogic-compliance-suite-itil-edition-3-7-0_documentation.zip,auto,false,tibco,general,,,,,
tibco-loglogic-compliance-suite-itil-edition,3.6.0,true,false,,2021-12-13,auto,auto,https://docs.tibco.com/pub/loglogic_compliancesuite_itil_edition/tibco-loglogic-compliance-suite-itil-edition-3-6-0_documentation.zip,auto,false,tibco,general,,,,,
tibco-loglogic-compliance-suite-itil-edition,3.5.0,true,false,,2021-12-13,auto,auto,https://docs.tibco.com/pub/loglogic_compliancesuite_itil_edition/tibco-loglogic-compliance-suite-itil-edition-3-5-0_documentation.zip,auto,false,tibco,general,,,,,
tibco-loglogic-compliance-suite-itil-edition,3.4.0,true,false,,2021-12-13,auto,auto,https://docs.tibco.com/pub/loglogic_compliancesuite_itil_edition/tibco-loglogic-compliance-suite-itil-edition-3-4-0_documentation.zip,auto,false,tibco,general,,,,,
tibco-loglogic-compliance-suite-itil-edition,3.3.0,true,false,,2021-12-13,auto,auto,https://docs.tibco.com/pub/loglogic_compliancesuite_itil_edition/tibco-loglogic-compliance-suite-itil-edition-3-3-0_documentation.zip,auto,false,tibco,general,,,,,
tibco-loglogic-compliance-suite-itil-edition,3.2.0,true,false,,2021-12-13,auto,auto,https://docs.tibco.com/pub/loglogic_compliancesuite_itil_edition/tibco-loglogic-compliance-suite-itil-edition-3-2-0_documentation.zip,auto,false,tibco,general,,,,,
tibco-loglogic-compliance-suite-nerc-edition,4.0.0,true,false,,2021-05-08,auto,auto,https://docs.tibco.com/pub/logcsnerc/tibco-loglogic-compliance-suite-nerc-edition-4-0-0_documentation.zip,auto,false,tibco,general,,,,,
tibco-loglogic-compliance-suite-nerc-edition,3.9.0,true,false,,1510272000000,auto,auto,https://docs.tibco.com/pub/logcsnerc/tibco-loglogic-compliance-suite-nerc-edition-3-9-0_documentation.zip,auto,false,tibco,general,,,,,
tibco-loglogic-compliance-suite-nerc-edition,3.8.0,true,false,,2016-11-09,auto,auto,https://docs.tibco.com/pub/loglogic_compliancesuite_nerc_edition/tibco-loglogic-compliance-suite-nerc-edition-3-8-0_documentation.zip,auto,false,tibco,general,,,,,
tibco-loglogic-compliance-suite-nerc-edition,3.7.0,true,false,,2021-12-13,auto,auto,https://docs.tibco.com/pub/loglogic_compliancesuite_nerc_edition/tibco-loglogic-compliance-suite-nerc-edition-3-7-0_documentation.zip,auto,false,tibco,general,,,,,
tibco-loglogic-compliance-suite-nerc-edition,3.6.0,true,false,,2021-12-13,auto,auto,https://docs.tibco.com/pub/loglogic_compliancesuite_nerc_edition/tibco-loglogic-compliance-suite-nerc-edition-3-6-0_documentation.zip,auto,false,tibco,general,,,,,
tibco-loglogic-compliance-suite-nerc-edition,3.5.0,true,false,,2021-12-13,auto,auto,https://docs.tibco.com/pub/loglogic_compliancesuite_nerc_edition/tibco-loglogic-compliance-suite-nerc-edition-3-5-0_documentation.zip,auto,false,tibco,general,,,,,
tibco-loglogic-compliance-suite-nerc-edition,3.4.0,true,false,,2021-12-13,auto,auto,https://docs.tibco.com/pub/loglogic_compliancesuite_nerc_edition/tibco-loglogic-compliance-suite-nerc-edition-3-4-0_documentation.zip,auto,false,tibco,general,,,,,
tibco-loglogic-compliance-suite-nerc-edition,3.3.0,true,false,,2021-12-13,auto,auto,https://docs.tibco.com/pub/loglogic_compliancesuite_nerc_edition/tibco-loglogic-compliance-suite-nerc-edition-3-3-0_documentation.zip,auto,false,tibco,general,,,,,
tibco-loglogic-compliance-suite-nerc-edition,3.2.0,true,false,,2021-12-13,auto,auto,https://docs.tibco.com/pub/loglogic_compliancesuite_nerc_edition/tibco-loglogic-compliance-suite-nerc-edition-3-2-0_documentation.zip,auto,false,tibco,general,,,,,
tibco-loglogic-compliance-suite-pci-edition,4.0.0,true,false,,2021-05-07,auto,auto,https://docs.tibco.com/pub/logcspci/tibco-loglogic-compliance-suite-pci-edition-4-0-0_documentation.zip,auto,false,tibco,general,,,,,
tibco-loglogic-compliance-suite-pci-edition,3.9.0,true,false,,1510272000000,auto,auto,https://docs.tibco.com/pub/logcspci/tibco-loglogic-compliance-suite-pci-edition-3-9-0_documentation.zip,auto,false,tibco,general,,,,,
tibco-loglogic-compliance-suite-pci-edition,3.8.0,true,false,,2016-11-09,auto,auto,https://docs.tibco.com/pub/loglogic_compliancesuite_pci_edition/tibco-loglogic-compliance-suite-pci-edition-3-8-0_documentation.zip,auto,false,tibco,general,,,,,
tibco-loglogic-compliance-suite-pci-edition,3.7.0,true,false,,2021-12-13,auto,auto,https://docs.tibco.com/pub/loglogic_compliancesuite_pci_edition/tibco-loglogic-compliance-suite-pci-edition-3-7-0_documentation.zip,auto,false,tibco,general,,,,,
tibco-loglogic-compliance-suite-pci-edition,3.6.0,true,false,,2021-12-13,auto,auto,https://docs.tibco.com/pub/loglogic_compliancesuite_pci_edition/tibco-loglogic-compliance-suite-pci-edition-3-6-0_documentation.zip,auto,false,tibco,general,,,,,
tibco-loglogic-compliance-suite-pci-edition,3.5.0,true,false,,2021-12-13,auto,auto,https://docs.tibco.com/pub/loglogic_compliancesuite_pci_edition/tibco-loglogic-compliance-suite-pci-edition-3-5-0_documentation.zip,auto,false,tibco,general,,,,,
tibco-loglogic-compliance-suite-pci-edition,3.4.0,true,false,,2021-12-13,auto,auto,https://docs.tibco.com/pub/loglogic_compliancesuite_pci_edition/tibco-loglogic-compliance-suite-pci-edition-3-4-0_documentation.zip,auto,false,tibco,general,,,,,
tibco-loglogic-compliance-suite-pci-edition,3.3.0,true,false,,2021-12-13,auto,auto,https://docs.tibco.com/pub/loglogic_compliancesuite_pci_edition/tibco-loglogic-compliance-suite-pci-edition-3-3-0_documentation.zip,auto,false,tibco,general,,,,,
tibco-loglogic-compliance-suite-pci-edition,3.2.0,true,false,,2021-12-13,auto,auto,https://docs.tibco.com/pub/loglogic_compliancesuite_pci_edition/tibco-loglogic-compliance-suite-pci-edition-3-2-0_documentation.zip,auto,false,tibco,general,,,,,
tibco-loglogic-compliance-suite-sarbanes-oxley-edition,4.0.0,true,false,,2021-04-20,auto,auto,https://docs.tibco.com/pub/logcssox/tibco-loglogic-compliance-suite-sarbanes-oxley-edition-4-0-0_documentation.zip,auto,false,tibco,general,,,,,
tibco-loglogic-compliance-suite-sarbanes-oxley-edition,3.9.0,true,false,,1510272000000,auto,auto,https://docs.tibco.com/pub/logcssox/tibco-loglogic-compliance-suite-sarbanes-oxley-edition-3-9-0_documentation.zip,auto,false,tibco,general,,,,,
tibco-loglogic-compliance-suite-sarbanes-oxley-edition,3.8.0,true,false,,2016-11-09,auto,auto,https://docs.tibco.com/pub/loglogic_compliancesuite_sarbanes-oxley_edition/tibco-loglogic-compliance-suite-sarbanes-oxley-edition-3-8-0_documentation.zip,auto,false,tibco,general,,,,,
tibco-loglogic-compliance-suite-sarbanes-oxley-edition,3.7.0,true,false,,2021-12-13,auto,auto,https://docs.tibco.com/pub/loglogic_compliancesuite_sarbanes-oxley_edition/tibco-loglogic-compliance-suite-sarbanes-oxley-edition-3-7-0_documentation.zip,auto,false,tibco,general,,,,,
tibco-loglogic-compliance-suite-sarbanes-oxley-edition,3.6.0,true,false,,2021-12-13,auto,auto,https://docs.tibco.com/pub/loglogic_compliancesuite_sarbanes-oxley_edition/tibco-loglogic-compliance-suite-sarbanes-oxley-edition-3-6-0_documentation.zip,auto,false,tibco,general,,,,,
tibco-loglogic-compliance-suite-sarbanes-oxley-edition,3.5.0,true,false,,2021-12-13,auto,auto,https://docs.tibco.com/pub/loglogic_compliancesuite_sarbanes-oxley_edition/tibco-loglogic-compliance-suite-sarbanes-oxley-edition-3-5-0_documentation.zip,auto,false,tibco,general,,,,,
tibco-loglogic-compliance-suite-sarbanes-oxley-edition,3.4.0,true,false,,2021-12-13,auto,auto,https://docs.tibco.com/pub/loglogic_compliancesuite_sarbanes-oxley_edition/tibco-loglogic-compliance-suite-sarbanes-oxley-edition-3-4-0_documentation.zip,auto,false,tibco,general,,,,,
tibco-loglogic-compliance-suite-sarbanes-oxley-edition,3.3.0,true,false,,2021-12-13,auto,auto,https://docs.tibco.com/pub/loglogic_compliancesuite_sarbanes-oxley_edition/tibco-loglogic-compliance-suite-sarbanes-oxley-edition-3-3-0_documentation.zip,auto,false,tibco,general,,,,,
tibco-loglogic-compliance-suite-sarbanes-oxley-edition,3.2.0,true,false,,2021-12-13,auto,auto,https://docs.tibco.com/pub/loglogic_compliancesuite_sarbanes-oxley_edition/tibco-loglogic-compliance-suite-sarbanes-oxley-edition-3-2-0_documentation.zip,auto,false,tibco,general,,,,,
tibco-loglogic-database-security-manager-server,4.2.1,true,false,,2021-12-15,auto,auto,https://docs.tibco.com/pub/loglogic_database_security_manager-server/tibco-loglogic-database-security-manager-server-4-2-1_documentation.zip,auto,false,tibco,general,,,,,
tibco-loglogic-database-security-manager-vulnerability-assessment,4.2.1,true,false,,2021-12-15,auto,auto,https://docs.tibco.com/pub/loglogic_database_security_manager_vulnerability_assessment/tibco-loglogic-database-security-manager-vulnerability-assessment-4-2-1_documentation.zip,auto,false,tibco,general,,,,,
tibco-loglogic-enterprise-virtual-appliance,6.4.0,true,false,,2021-02-18,auto,auto,https://docs.tibco.com/pub/logeva/tibco-loglogic-enterprise-virtual-appliance-6-4-0_documentation.zip,auto,false,tibco,general,,,,,
tibco-loglogic-enterprise-virtual-appliance,6.3.1,true,false,,2019-08-14,auto,auto,https://docs.tibco.com/pub/logeva/tibco-loglogic-enterprise-virtual-appliance-6-3-1_documentation.zip,auto,false,tibco,general,,,,,
tibco-loglogic-enterprise-virtual-appliance,6.3.0,true,false,,2018-08-27,auto,auto,https://docs.tibco.com/pub/logeva/tibco-loglogic-enterprise-virtual-appliance-6-3-0_documentation.zip,auto,false,tibco,general,,,,,
tibco-loglogic-enterprise-virtual-appliance,6.2.1,true,false,,2018-08-18,auto,auto,https://docs.tibco.com/pub/logeva/tibco-loglogic-enterprise-virtual-appliance-6-2-1_documentation.zip,auto,false,tibco,general,,,,,
tibco-loglogic-enterprise-virtual-appliance,6.2.0,true,false,,2018-07-10,auto,auto,https://docs.tibco.com/pub/logeva/tibco-loglogic-enterprise-virtual-appliance-6-2-0_documentation.zip,auto,false,tibco,general,,,,,
tibco-loglogic-enterprise-virtual-appliance,6.1.1,true,false,,2018-04-17,auto,auto,https://docs.tibco.com/pub/logeva/tibco-loglogic-enterprise-virtual-appliance-6-1-1_documentation.zip,auto,false,tibco,general,,,,,
tibco-loglogic-enterprise-virtual-appliance,6.1.0,true,false,,1489881600000,auto,auto,https://docs.tibco.com/pub/logeva/tibco-loglogic-enterprise-virtual-appliance-6-1-0_documentation.zip,auto,false,tibco,general,,,,,
tibco-loglogic-enterprise-virtual-appliance,5.7.0,true,false,,2017-06-15,auto,auto,https://docs.tibco.com/pub/loglogic_enterprise_virtual_appliance/tibco-loglogic-enterprise-virtual-appliance-5-7-0_documentation.zip,auto,false,tibco,general,,,,,
tibco-loglogic-enterprise-virtual-appliance,5.6.3,true,false,,2021-12-13,auto,auto,https://docs.tibco.com/pub/loglogic_enterprise_virtual_appliance/tibco-loglogic-enterprise-virtual-appliance-5-6-3_documentation.zip,auto,false,tibco,general,,,,,
tibco-loglogic-enterprise-virtual-appliance,5.6.1,true,false,,2021-12-13,auto,auto,https://docs.tibco.com/pub/loglogic_enterprise_virtual_appliance/tibco-loglogic-enterprise-virtual-appliance-5-6-1_documentation.zip,auto,false,tibco,general,,,,,
tibco-loglogic-enterprise-virtual-appliance,5.6.0,true,false,,2021-12-13,auto,auto,https://docs.tibco.com/pub/loglogic_enterprise_virtual_appliance/tibco-loglogic-enterprise-virtual-appliance-5-6-0_documentation.zip,auto,false,tibco,general,,,,,
tibco-loglogic-enterprise-virtual-appliance,5.5.1,true,false,,2021-12-13,auto,auto,https://docs.tibco.com/pub/loglogic_enterprise_virtual_appliance/tibco-loglogic-enterprise-virtual-appliance-5-5-1_documentation.zip,auto,false,tibco,general,,,,,
tibco-loglogic-enterprise-virtual-appliance,5.5.0,true,false,,2021-12-13,auto,auto,https://docs.tibco.com/pub/loglogic_enterprise_virtual_appliance/tibco-loglogic-enterprise-virtual-appliance-5-5-0_documentation.zip,auto,false,tibco,general,,,,,
tibco-loglogic-enterprise-virtual-appliance,5.4.2,true,false,,2021-12-13,auto,auto,https://docs.tibco.com/pub/loglogic_enterprise_virtual_appliance/tibco-loglogic-enterprise-virtual-appliance-5-4-2_documentation.zip,auto,false,tibco,general,,,,,
tibco-loglogic-enterprise-virtual-appliance,5.4.1,true,false,,2021-12-13,auto,auto,https://docs.tibco.com/pub/loglogic_enterprise_virtual_appliance/tibco-loglogic-enterprise-virtual-appliance-5-4-1_documentation.zip,auto,false,tibco,general,,,,,
tibco-loglogic-enterprise-virtual-appliance,5.4.0,true,false,,2021-12-13,auto,auto,https://docs.tibco.com/pub/loglogic_enterprise_virtual_appliance/tibco-loglogic-enterprise-virtual-appliance-5-4-0_documentation.zip,auto,false,tibco,general,,,,,
tibco-loglogic-enterprise-virtual-appliance,5.3.1,true,false,,2021-12-13,auto,auto,https://docs.tibco.com/pub/loglogic_enterprise_virtual_appliance/tibco-loglogic-enterprise-virtual-appliance-5-3-1_documentation.zip,auto,false,tibco,general,,,,,
tibco-loglogic-enterprise-virtual-appliance,5.3.0,true,false,,2021-12-13,auto,auto,https://docs.tibco.com/pub/loglogic_enterprise_virtual_appliance/tibco-loglogic-enterprise-virtual-appliance-5-3-0_documentation.zip,auto,false,tibco,general,,,,,
tibco-loglogic-enterprise-virtual-appliance-container-edition,6.4.0,false,true,,2021-02-18,auto,auto,https://docs.tibco.com/pub/logevace/6.4.0/doc/zip/tib_logevace_6.4.0_doc.zip,auto,false,tibco,general,,,,,
tibco-loglogic-enterprise-virtual-appliance-container-edition,6.3.1,false,true,,2020-08-18,auto,auto,https://docs.tibco.com/pub/logevace/6.3.1/doc/zip/tib_logevace_6.3.1_doc.zip,auto,false,tibco,general,,,,,
tibco-loglogic-log-management-intelligence,6.4.0,true,false,,2021-04-12,auto,auto,https://docs.tibco.com/pub/loglmi/tibco-loglogic-log-management-intelligence-6-4-0_documentation.zip,auto,false,tibco,general,,,,,
tibco-loglogic-log-management-intelligence,6.3.1,true,false,,1584057600000,auto,auto,https://docs.tibco.com/pub/loglmi/tibco-loglogic-log-management-intelligence-6-3-1_documentation.zip,auto,false,tibco,general,,,,,
tibco-loglogic-log-management-intelligence,6.3.0,true,false,,2018-08-27,auto,auto,https://docs.tibco.com/pub/loglmi/tibco-loglogic-log-management-intelligence-6-3-0_documentation.zip,auto,false,tibco,general,,,,,
tibco-loglogic-log-management-intelligence,6.2.1,true,false,,1533859200000,auto,auto,https://docs.tibco.com/pub/loglmi/tibco-loglogic-log-management-intelligence-6-2-1_documentation.zip,auto,false,tibco,general,,,,,
tibco-loglogic-log-management-intelligence,6.2.0,true,false,,2018-05-02,auto,auto,https://docs.tibco.com/pub/loglmi/tibco-loglogic-log-management-intelligence-6-2-0_documentation.zip,auto,false,tibco,general,,,,,
tibco-loglogic-log-management-intelligence,6.1.1,true,false,,2018-06-06,auto,auto,https://docs.tibco.com/pub/loglmi/tibco-loglogic-log-management-intelligence-6-1-1_documentation.zip,auto,false,tibco,general,,,,,
tibco-loglogic-log-management-intelligence,6.1.0,true,false,,2017-04-20,auto,auto,https://docs.tibco.com/pub/loglogic_log_management_intelligence/tibco-loglogic-log-management-intelligence-6-1-0_documentation.zip,auto,false,tibco,general,,,,,
tibco-loglogic-log-management-intelligence,5.7.0,true,false,,2017-06-15,auto,auto,https://docs.tibco.com/pub/loglogic_log_management_intelligence/tibco-loglogic-log-management-intelligence-5-7-0_documentation.zip,auto,false,tibco,general,,,,,
tibco-loglogic-log-management-intelligence,5.6.3,true,false,,2021-12-13,auto,auto,https://docs.tibco.com/pub/loglogic_log_management_intelligence/tibco-loglogic-log-management-intelligence-5-6-3_documentation.zip,auto,false,tibco,general,,,,,
tibco-loglogic-log-management-intelligence,5.6.2,true,false,,2021-12-13,auto,auto,https://docs.tibco.com/pub/loglogic_log_management_intelligence/tibco-loglogic-log-management-intelligence-5-6-2_documentation.zip,auto,false,tibco,general,,,,,
tibco-loglogic-log-management-intelligence,5.6.1,true,false,,2021-12-13,auto,auto,https://docs.tibco.com/pub/loglogic_log_management_intelligence/tibco-loglogic-log-management-intelligence-5-6-1_documentation.zip,auto,false,tibco,general,,,,,
tibco-loglogic-log-management-intelligence,5.6.0,true,false,,2021-12-13,auto,auto,https://docs.tibco.com/pub/loglogic_log_management_intelligence/tibco-loglogic-log-management-intelligence-5-6-0_documentation.zip,auto,false,tibco,general,,,,,
tibco-loglogic-log-management-intelligence,5.5.1,true,false,,2021-12-13,auto,auto,https://docs.tibco.com/pub/loglogic_log_management_intelligence/tibco-loglogic-log-management-intelligence-5-5-1_documentation.zip,auto,false,tibco,general,,,,,
tibco-loglogic-log-management-intelligence,5.5.0,true,false,,2021-12-13,auto,auto,https://docs.tibco.com/pub/loglogic_log_management_intelligence/tibco-loglogic-log-management-intelligence-5-5-0_documentation.zip,auto,false,tibco,general,,,,,
tibco-loglogic-log-management-intelligence,5.4.2,true,false,,2021-12-13,auto,auto,https://docs.tibco.com/pub/loglogic_log_management_intelligence/tibco-loglogic-log-management-intelligence-5-4-2_documentation.zip,auto,false,tibco,general,,,,,
tibco-loglogic-log-management-intelligence,5.4.1,true,false,,2021-12-13,auto,auto,https://docs.tibco.com/pub/loglogic_log_management_intelligence/tibco-loglogic-log-management-intelligence-5-4-1_documentation.zip,auto,false,tibco,general,,,,,
tibco-loglogic-log-management-intelligence,5.4.0,true,false,,2021-12-13,auto,auto,https://docs.tibco.com/pub/loglogic_log_management_intelligence/tibco-loglogic-log-management-intelligence-5-4-0_documentation.zip,auto,false,tibco,general,,,,,
tibco-loglogic-log-management-intelligence,5.3.1,true,false,,2021-12-13,auto,auto,https://docs.tibco.com/pub/loglogic_log_management_intelligence/tibco-loglogic-log-management-intelligence-5-3-1_documentation.zip,auto,false,tibco,general,,,,,
tibco-loglogic-log-management-intelligence,5.3.0,true,false,,2021-12-13,auto,auto,https://docs.tibco.com/pub/loglogic_log_management_intelligence/tibco-loglogic-log-management-intelligence-5-3-0_documentation.zip,auto,false,tibco,general,,,,,
tibco-loglogic-log-management-intelligence,5.1.0,true,false,,2021-12-13,auto,auto,https://docs.tibco.com/pub/loglogic_log_management_intelligence/tibco-loglogic-log-management-intelligence-5-1-0_documentation.zip,auto,false,tibco,general,,,,,
tibco-loglogic-log-source-packages,34.1.0,true,false,,2022-03-08,auto,auto,https://docs.tibco.com/pub/loglsp/tibco-loglogic-log-source-packages-34-1-0_documentation.zip,auto,false,tibco,general,,,,,
tibco-loglogic-management-center,2.1.1,true,false,,2021-12-15,auto,auto,https://docs.tibco.com/pub/loglogic_management_center/tibco-loglogic-management-center-2-1-1_documentation.zip,auto,false,tibco,general,,,,,
tibco-loglogic-management-center,2.1.0,true,false,,2021-12-15,auto,auto,https://docs.tibco.com/pub/loglogic_management_center/tibco-loglogic-management-center-2-1-0_documentation.zip,auto,false,tibco,general,,,,,
tibco-loglogic-management-center,2.0.0,true,false,,2021-12-15,auto,auto,https://docs.tibco.com/pub/loglogic_management_center/tibco-loglogic-management-center-2-0-0_documentation.zip,auto,false,tibco,general,,,,,
tibco-loglogic-unity,2.6.0,true,false,,2017-06-15,auto,auto,https://docs.tibco.com/pub/logu/tibco-loglogic-unity-2-6-0_documentation.zip,auto,false,tibco,general,,,,,
tibco-loglogic-unity,2.5.0,true,false,,2021-12-13,auto,auto,https://docs.tibco.com/pub/logu/tibco-loglogic-unity-2-5-0_documentation.zip,auto,false,tibco,general,,,,,
tibco-loglogic-unity,2.4.0,true,false,,2021-12-13,auto,auto,https://docs.tibco.com/pub/logu/tibco-loglogic-unity-2-4-0_documentation.zip,auto,false,tibco,general,,,,,
tibco-loglogic-unity,2.3.0,true,false,,2021-12-13,auto,auto,https://docs.tibco.com/pub/logu/tibco-loglogic-unity-2-3-0_documentation.zip,auto,false,tibco,general,,,,,
tibco-loglogic-unity,2.2.0,true,false,,2021-12-13,auto,auto,https://docs.tibco.com/pub/logu/tibco-loglogic-unity-2-2-0_documentation.zip,auto,false,tibco,general,,,,,
tibco-loglogic-unity,2.1.0,true,false,,2021-12-13,auto,auto,https://docs.tibco.com/pub/logu/tibco-loglogic-unity-2-1-0_documentation.zip,auto,false,tibco,general,,,,,
tibco-loglogic-unity,2.0.0,true,false,,2021-12-13,auto,auto,https://docs.tibco.com/pub/logu/tibco-loglogic-unity-2-0-0_documentation.zip,auto,false,tibco,general,,,,,
tibco-loglogic-unity,1.1.1,true,false,,2021-12-13,auto,auto,https://docs.tibco.com/pub/logu/tibco-loglogic-unity-1-1-1_documentation.zip,auto,false,tibco,general,,,,,
tibco-loglogic-unity,1.0.0,true,false,,2021-12-13,auto,auto,https://docs.tibco.com/pub/logu/tibco-loglogic-unity-1-0-0_documentation.zip,auto,false,tibco,general,,,,,
tibco-loglogic-universal-collector,2.9.0,true,false,,2018-10-05,auto,auto,https://docs.tibco.com/pub/loguc/tibco-loglogic-universal-collector-2-9-0_documentation.zip,auto,false,tibco,general,,,,,
tibco-loglogic-universal-collector,2.8.0,true,false,,2021-12-15,auto,auto,https://docs.tibco.com/pub/loguc/tibco-loglogic-universal-collector-2-8-0_documentation.zip,auto,false,tibco,general,,,,,
tibco-loglogic-universal-collector,2.7.0,true,false,,2021-12-15,auto,auto,https://docs.tibco.com/pub/loglogic_universal_collector/tibco-loglogic-universal-collector-2-7-0_documentation.zip,auto,false,tibco,general,,,,,
tibco-loglogic-universal-collector,2.6.0,true,false,,2021-12-15,auto,auto,https://docs.tibco.com/pub/loglogic_universal_collector/tibco-loglogic-universal-collector-uc-2-6-0_documentation.zip,auto,false,tibco,general,,,,,
tibco-loglogic-universal-collector,2.5.0,true,false,,2021-12-15,auto,auto,https://docs.tibco.com/pub/loglogic_universal_collector/tibco-loglogic-universal-collector-uc-2-5-0_documentation.zip,auto,false,tibco,general,,,,,
tibco-loglogic-universal-collector,2.4.0,true,false,,2021-12-15,auto,auto,https://docs.tibco.com/pub/loglogic_universal_collector/tibco-loglogic-universal-collector-uc-2-4-0_documentation.zip,auto,false,tibco,general,,,,,
tibco-loglogic-universal-collector,2.3.0,true,false,,2021-12-15,auto,auto,https://docs.tibco.com/pub/loglogic_universal_collector/tibco-loglogic-universal-collector-uc-2-3-0_documentation.zip,auto,false,tibco,general,,,,,
tibco-loglogic-universal-collector,2.2.0,true,false,,2021-12-15,auto,auto,https://docs.tibco.com/pub/loglogic_universal_collector/tibco-loglogic-universal-collector-uc-2-2-0_documentation.zip,auto,false,tibco,general,,,,,
tibco-loglogic-visual-analytics,2.2.0,true,false,,2021-12-15,auto,auto,https://docs.tibco.com/pub/logva/tibco-loglogic-visual-analytics-2-2-0_documentation.zip,auto,false,tibco,general,,,,,
tibco-loglogic-visual-analytics,2.1.0,true,false,,2021-12-15,auto,auto,https://docs.tibco.com/pub/logva/tibco-loglogic-visual-analytics-2-1-0_documentation.zip,auto,false,tibco,general,,,,,
tibco-loglogic-visual-analytics,2.0.0,true,false,,2021-12-15,auto,auto,https://docs.tibco.com/pub/llva/tibco-loglogic-visual-analytics-2-0-0_documentation.zip,auto,false,tibco,general,,,,,
tibco-mainframe-red,3.1.0,false,true,,2026-01-22,auto,auto,https://docs.tibco.com/pub/mfred/3.1.0/doc/zip/tib_mfred_3.1.0_doc.zip,auto,false,tibco,general,,,,,
tibco-mainframe-red,2.5.1,true,false,,2020-03-28,auto,auto,https://docs.tibco.com/pub/mfred/tibco-mainframe-red-2-5-1_documentation.zip,auto,false,tibco,general,,,,,
tibco-mainframe-red,2.5.0,true,false,,2019-08-14,auto,auto,https://docs.tibco.com/pub/mfred/tibco-mainframe-red-2-5-0_documentation.zip,auto,false,tibco,general,,,,,
tibco-mainframe-red,2.4.0,true,false,,2018-07-09,auto,auto,https://docs.tibco.com/pub/mfred/tibco-mainframe-red-2-4-0_documentation.zip,auto,false,tibco,general,,,,,
tibco-mainframe-red,2.3.1,true,false,,2018-01-31,auto,auto,https://docs.tibco.com/pub/mfred/tibco-mainframe-red-2-3-1_documentation.zip,auto,false,tibco,general,,,,,
tibco-mainframe-red,2.3.0,true,false,,2016-05-26,auto,auto,https://docs.tibco.com/pub/mainframe_red/tibco-mainframe-red-2-3-0_documentation.zip,auto,false,tibco,general,,,,,
tibco-mainframe-red,2.2.0,true,false,,2017-06-15,auto,auto,https://docs.tibco.com/pub/mainframe_red/tibco-mainframe-red-2-2-0_documentation.zip,auto,false,tibco,general,,,,,
tibco-mainframe-red,2.1.0,true,false,,2015-03-26,auto,auto,https://docs.tibco.com/pub/mainframe_red/tibco-mainframe-red-2-1-0_documentation.zip,auto,false,tibco,general,,,,,
tibco-mainframe-red,2.0.0,true,false,,2014-12-13,auto,auto,https://docs.tibco.com/pub/mainframe_red/tibco-mainframe-red-2-0-0_documentation.zip,auto,false,tibco,general,,,,,
tibco-mainframe-red,1.1.0,true,false,,2013-02-25,auto,auto,https://docs.tibco.com/pub/mainframe_red/tibco-mainframe-red-1-1-0_documentation.zip,auto,false,tibco,general,,,,,
tibco-mainframe-red,1.0.0,true,false,,2012-11-30,auto,auto,https://docs.tibco.com/pub/mainframe_red/tibco-mainframe-red-1-0-0_documentation.zip,auto,false,tibco,general,,,,,
tibco-mainframe-service-tracker,1.2.0,false,true,,2011-06-22,auto,auto,https://docs.tibco.com/pub/mainframe_service_tracker/1.2.0_feb_2011/doc/zip/tib_mainframe_service_tracker_1.2.0_feb_2011_doc.zip,auto,false,tibco,general,,,,,
tibco-mainframe-tcp-library,3.0.0,false,true,,1604016000000,auto,auto,https://docs.tibco.com/pub/mainframetcp/3.0.0/doc/zip/tib_mainframetcp_3.0.0_doc.zip,auto,false,tibco,general,,,,,
tibco-mainframe-tcp-library,2.5.0,false,true,,2019-07-22,auto,auto,https://docs.tibco.com/pub/mainframetcp/2.5.0/doc/zip/tib_mainframetcp_2.5.0_doc.zip,auto,false,tibco,general,,,,,
tibco-mainframe-tcp-library,2.1.0,false,true,,1529625600000,auto,auto,https://docs.tibco.com/pub/mainframetcp/2.1.0/doc/zip/tib_mainframetcp_2.1.0_doc.zip,auto,false,tibco,general,,,,,
tibco-mainframe-webui,3.0.0,false,true,,2020-10-30,auto,auto,https://docs.tibco.com/pub/mainframewebui/3.0.0/doc/zip/tib_mainframewebui_3.0.0_doc.zip,auto,false,tibco,general,,,,,
tibco-mainframe-webui,2.5.0,false,true,,2019-08-16,auto,auto,https://docs.tibco.com/pub/mainframewebui/2.5.0/doc/zip/tib_mainframewebui_2.5.0_doc.zip,auto,false,tibco,general,,,,,
tibco-mainframe-webui,2.4.0,false,true,,1529625600000,auto,auto,https://docs.tibco.com/pub/mainframewebui/2.4.0/doc/zip/tib_mainframewebui_2.4.0_doc.zip,auto,false,tibco,general,,,,,
tibco-mainframe-webui,2.2.0,false,true,,2017-10-13,auto,auto,https://docs.tibco.com/pub/mainframewebui/2.2.0/doc/zip/tib_mainframewebui_2.2.0_doc.zip,auto,false,tibco,general,,,,,
tibco-mainframe-webui,2.1.0,false,true,,2016-05-02,auto,auto,https://docs.tibco.com/pub/mainframe_web_ui/2.1.0/doc/zip/tib_mainframe_web_ui_2.1.0_doc.zip,auto,false,tibco,general,,,,,
tibco-mainframe-webui,2.0.0,false,true,,2014-11-18,auto,auto,https://docs.tibco.com/pub/mainframe_web_ui/2.0.0/doc/zip/tib_mainframe_web_ui_2.0.0_doc.zip,auto,false,tibco,general,,,,,
tibco-mainframe-webui,1.1.0,false,true,,2011-10-18,auto,auto,https://docs.tibco.com/pub/mainframe_web_ui/1.1.0-october-2011/doc/zip/tib_mainframe_web_ui_1.1.0-october-2011_doc.zip,auto,false,tibco,general,,,,,
tibco-mainframe-webui,1.0.0,false,true,,2011-06-22,auto,auto,https://docs.tibco.com/pub/mainframe_web_ui/1.0.0_feb_2011/doc/zip/tib_mainframe_web_ui_1.0.0_feb_2011_doc.zip,auto,false,tibco,general,,,,,
tibco-managed-file-transfer-command-center,8.7.1,false,true,,2026-06-22,auto,auto,https://docs.tibco.com/pub/mftcc/8.7.1/doc/zip/tib_mftcc_8.7.1_doc.zip,auto,false,tibco,general,,,,,
tibco-managed-file-transfer-command-center,8.7.0,false,true,,2025-10-10,auto,auto,https://docs.tibco.com/pub/mftcc/8.7.0/doc/zip/tib_mftcc_8.7.0_doc.zip,auto,false,tibco,general,,,,,
tibco-managed-file-transfer-command-center,8.6.0,false,true,,2025-03-06,auto,auto,https://docs.tibco.com/pub/mftcc/8.6.0/doc/zip/tib_mftcc_8.6.0_doc.zip,auto,false,tibco,general,,,,,
tibco-managed-file-transfer-command-center,8.5.2,false,true,,2024-03-18,auto,auto,https://docs.tibco.com/pub/mftcc/8.5.2/doc/zip/tib_mftcc_8.5.2_doc.zip,auto,false,tibco,general,,,,,
tibco-managed-file-transfer-command-center,8.5.1,false,true,,2023-12-07,auto,auto,https://docs.tibco.com/pub/mftcc/8.5.1/doc/zip/tib_mftcc_8.5.1_doc.zip,auto,false,tibco,general,,,,,
tibco-managed-file-transfer-command-center,8.5.0,false,true,,2023-02-22,auto,auto,https://docs.tibco.com/pub/mftcc/8.5.0/doc/zip/tib_mftcc_8.5.0_doc.zip,auto,false,tibco,general,,,,,
tibco-managed-file-transfer-command-center,8.4.4,false,true,,1710720000000,auto,auto,https://docs.tibco.com/pub/mftcc/8.4.4/doc/zip/tib_mftcc_8.4.4_doc.zip,auto,false,tibco,general,,,,,
tibco-managed-file-transfer-command-center,8.4.3,false,true,,1701907200000,auto,auto,https://docs.tibco.com/pub/mftcc/8.4.3/doc/zip/tib_mftcc_8.4.3_doc.zip,auto,false,tibco,general,,,,,
tibco-managed-file-transfer-command-center,8.4.2,true,false,,2022-04-12,auto,auto,https://docs.tibco.com/pub/mftcc/tibco-managed-file-transfer-command-center-8-4-2_documentation.zip,auto,false,tibco,general,,,,,
tibco-managed-file-transfer-command-center,8.4.1,true,false,,2022-02-03,auto,auto,https://docs.tibco.com/pub/mftcc/tibco-managed-file-transfer-command-center-8-4-1_documentation.zip,auto,false,tibco,general,,,,,
tibco-managed-file-transfer-command-center,8.4.0,true,false,,1635206400000,auto,auto,https://docs.tibco.com/pub/mftcc/tibco-managed-file-transfer-command-center-8-4-0_documentation.zip,auto,false,tibco,general,,,,,
tibco-managed-file-transfer-command-center,8.3.2,true,false,,2022-04-18,auto,auto,https://docs.tibco.com/pub/mftcc/tibco-managed-file-transfer-command-center-8-3-2_documentation.zip,auto,false,tibco,general,,,,,
tibco-managed-file-transfer-command-center,8.3.1,true,false,,2022-02-03,auto,auto,https://docs.tibco.com/pub/mftcc/tibco-managed-file-transfer-command-center-8-3-1_documentation.zip,auto,false,tibco,general,,,,,
tibco-managed-file-transfer-command-center,8.3.0,true,false,,1592784000000,auto,auto,https://docs.tibco.com/pub/mftcc/tibco-managed-file-transfer-command-center-8-3-0_documentation.zip,auto,false,tibco,general,,,,,
tibco-managed-file-transfer-command-center,8.2.2,true,false,,2022-02-16,auto,auto,https://docs.tibco.com/pub/mftcc/tibco-managed-file-transfer-command-center-8-2-2_documentation.zip,auto,false,tibco,general,,,,,
tibco-managed-file-transfer-command-center,8.2.1,true,false,,2019-10-31,auto,auto,https://docs.tibco.com/pub/mftcc/tibco-managed-file-transfer-command-center-8-2-1_documentation.zip,auto,false,tibco,general,,,,,
tibco-managed-file-transfer-command-center,8.2.0,true,false,,2019-04-03,auto,auto,https://docs.tibco.com/pub/mftcc/tibco-managed-file-transfer-command-center-8-2-0_documentation.zip,auto,false,tibco,general,,,,,
tibco-managed-file-transfer-command-center,8.1.1,true,false,,2018-12-04,auto,auto,https://docs.tibco.com/pub/mftcc/tibco-managed-file-transfer-command-center-8-1-1_documentation.zip,auto,false,tibco,general,,,,,
tibco-managed-file-transfer-command-center,8.1.0,true,false,,2018-04-12,auto,auto,https://docs.tibco.com/pub/mftcc/tibco-managed-file-transfer-command-center-8-1-0_documentation.zip,auto,false,tibco,general,,,,,
tibco-managed-file-transfer-command-center,8.0.3,true,false,,2018-12-04,auto,auto,https://docs.tibco.com/pub/mftcc/tibco-managed-file-transfer-command-center-8-0-3_documentation.zip,auto,false,tibco,general,,,,,
tibco-managed-file-transfer-command-center,8.0.2,true,false,,2017-10-27,auto,auto,https://docs.tibco.com/pub/mftcc/tibco-managed-file-transfer-command-center-8-0-2_documentation.zip,auto,false,tibco,general,,,,,
tibco-managed-file-transfer-command-center,8.0.1,true,false,,2016-09-12,auto,auto,https://docs.tibco.com/pub/managed-file-transfer-command-center/tibco-managed-file-transfer-command-center-8-0-1_documentation.zip,auto,false,tibco,general,,,,,
tibco-managed-file-transfer-command-center,8.0.0,true,false,,2016-05-23,auto,auto,https://docs.tibco.com/pub/managed-file-transfer-command-center/tibco-managed-file-transfer-command-center-8-0-0_documentation.zip,auto,false,tibco,general,,,,,
tibco-managed-file-transfer-command-center,7.3.3,true,false,,2018-12-04,auto,auto,https://docs.tibco.com/pub/mftcc/tibco-managed-file-transfer-command-center-7-3-3_documentation.zip,auto,false,tibco,general,,,,,
tibco-managed-file-transfer-command-center,7.3.2,true,false,,2017-11-13,auto,auto,https://docs.tibco.com/pub/mftcc/tibco-managed-file-transfer-command-center-7-3-2_documentation.zip,auto,false,tibco,general,,,,,
tibco-managed-file-transfer-command-center,7.3.1,true,false,,2016-09-12,auto,auto,https://docs.tibco.com/pub/managed-file-transfer-command-center/tibco-managed-file-transfer-command-center-7-3-1_documentation.zip,auto,false,tibco,general,,,,,
tibco-managed-file-transfer-command-center,7.3.0,true,false,,2021-12-07,auto,auto,https://docs.tibco.com/pub/managed-file-transfer-command-center/tibco-managed-file-transfer-command-center-7-3-0_documentation.zip,auto,false,tibco,general,,,,,
tibco-managed-file-transfer-command-center,7.2.6,true,false,,2021-12-07,auto,auto,https://docs.tibco.com/pub/managed-file-transfer-command-center/tibco-managed-file-transfer-command-center-7-2-6_documentation.zip,auto,false,tibco,general,,,,,
tibco-managed-file-transfer-command-center,7.2.5,true,false,,2021-12-07,auto,auto,https://docs.tibco.com/pub/managed-file-transfer-command-center/tibco-managed-file-transfer-command-center-7-2-5_documentation.zip,auto,false,tibco,general,,,,,
tibco-managed-file-transfer-command-center,7.2.4,true,false,,2021-12-07,auto,auto,https://docs.tibco.com/pub/managed-file-transfer-command-center/tibco-managed-file-transfer-command-center-7-2-4_documentation.zip,auto,false,tibco,general,,,,,
tibco-managed-file-transfer-command-center,7.2.3,true,false,,2021-12-07,auto,auto,https://docs.tibco.com/pub/managed-file-transfer-command-center/tibco-managed-file-transfer-command-center-7-2-3_documentation.zip,auto,false,tibco,general,,,,,
tibco-managed-file-transfer-command-center,7.2.2,true,false,,2021-12-07,auto,auto,https://docs.tibco.com/pub/managed-file-transfer-command-center/tibco-managed-file-transfer-command-center-7-2-2_documentation.zip,auto,false,tibco,general,,,,,
tibco-managed-file-transfer-command-center,7.2.1,true,false,,2021-12-07,auto,auto,https://docs.tibco.com/pub/managed-file-transfer-command-center/tibco-managed-file-transfer-command-center-7-2-1_documentation.zip,auto,false,tibco,general,,,,,
tibco-managed-file-transfer-command-center,7.2.0,true,false,,2021-12-07,auto,auto,https://docs.tibco.com/pub/managed-file-transfer-command-center/tibco-managed-file-transfer-command-center-7-2-0_documentation.zip,auto,false,tibco,general,,,,,
tibco-managed-file-transfer-command-center,7.1.1,true,false,,2021-12-07,auto,auto,https://docs.tibco.com/pub/managed-file-transfer-command-center/tibco-managed-file-transfer-command-center-7-1-1_documentation.zip,auto,false,tibco,general,,,,,
tibco-managed-file-transfer-command-center,7.0.1,true,false,,2021-12-07,auto,auto,https://docs.tibco.com/pub/managed-file-transfer-command-center/tibco-managed-file-transfer-command-center-7-0-1_documentation.zip,auto,false,tibco,general,,,,,
tibco-managed-file-transfer-internet-server,8.7.1,false,true,,2026-06-22,auto,auto,https://docs.tibco.com/pub/mftis/8.7.1/doc/zip/tib_mftis_8.7.1_doc.zip,auto,false,tibco,general,,,,,
tibco-managed-file-transfer-internet-server,8.7.0,false,true,,2025-10-10,auto,auto,https://docs.tibco.com/pub/mftis/8.7.0/doc/zip/tib_mftis_8.7.0_doc.zip,auto,false,tibco,general,,,,,
tibco-managed-file-transfer-internet-server,8.6.0,false,true,,2025-03-06,auto,auto,https://docs.tibco.com/pub/mftis/8.6.0/doc/zip/tib_mftis_8.6.0_doc.zip,auto,false,tibco,general,,,,,
tibco-managed-file-transfer-internet-server,8.5.2,false,true,,1710720000000,auto,auto,https://docs.tibco.com/pub/mftis/8.5.2/doc/zip/tib_mftis_8.5.2_doc.zip,auto,false,tibco,general,,,,,
tibco-managed-file-transfer-internet-server,8.5.1,false,true,,2023-11-27,auto,auto,https://docs.tibco.com/pub/mftis/8.5.1/doc/zip/tib_mftis_8.5.1_doc.zip,auto,false,tibco,general,,,,,
tibco-managed-file-transfer-internet-server,8.5.0,false,true,,2023-02-22,auto,auto,https://docs.tibco.com/pub/mftis/8.5.0/doc/zip/tib_mftis_8.5.0_doc.zip,auto,false,tibco,general,,,,,
tibco-managed-file-transfer-internet-server,8.4.4,false,true,,1710720000000,auto,auto,https://docs.tibco.com/pub/mftis/8.4.4/doc/zip/tib_mftis_8.4.4_doc.zip,auto,false,tibco,general,,,,,
tibco-managed-file-transfer-internet-server,8.4.3,false,true,,1701043200000,auto,auto,https://docs.tibco.com/pub/mftis/8.4.3/doc/zip/tib_mftis_8.4.3_doc.zip,auto,false,tibco,general,,,,,
tibco-managed-file-transfer-internet-server,8.4.2,true,false,,2022-04-12,auto,auto,https://docs.tibco.com/pub/mftis/tibco-managed-file-transfer-internet-server-8-4-2_documentation.zip,auto,false,tibco,general,,,,,
tibco-managed-file-transfer-internet-server,8.4.1,true,false,,2022-02-03,auto,auto,https://docs.tibco.com/pub/mftis/tibco-managed-file-transfer-internet-server-8-4-1_documentation.zip,auto,false,tibco,general,,,,,
tibco-managed-file-transfer-internet-server,8.4.0,true,false,,1635206400000,auto,auto,https://docs.tibco.com/pub/mftis/tibco-managed-file-transfer-internet-server-8-4-0_documentation.zip,auto,false,tibco,general,,,,,
tibco-managed-file-transfer-internet-server,8.3.2,true,false,,2022-04-18,auto,auto,https://docs.tibco.com/pub/mftis/tibco-managed-file-transfer-internet-server-8-3-2_documentation.zip,auto,false,tibco,general,,,,,
tibco-managed-file-transfer-internet-server,8.3.1,true,false,,2022-02-03,auto,auto,https://docs.tibco.com/pub/mftis/tibco-managed-file-transfer-internet-server-8-3-1_documentation.zip,auto,false,tibco,general,,,,,
tibco-managed-file-transfer-internet-server,8.3.0,true,false,,1592784000000,auto,auto,https://docs.tibco.com/pub/mftis/tibco-managed-file-transfer-internet-server-8-3-0_documentation.zip,auto,false,tibco,general,,,,,
tibco-managed-file-transfer-internet-server,8.2.2,true,false,,2022-02-16,auto,auto,https://docs.tibco.com/pub/mftis/tibco-managed-file-transfer-internet-server-8-2-2_documentation.zip,auto,false,tibco,general,,,,,
tibco-managed-file-transfer-internet-server,8.2.1,true,false,,2019-12-24,auto,auto,https://docs.tibco.com/pub/mftis/tibco-managed-file-transfer-internet-server-8-2-1_documentation.zip,auto,false,tibco,general,,,,,
tibco-managed-file-transfer-internet-server,8.2.0,true,false,,2019-07-29,auto,auto,https://docs.tibco.com/pub/mftis/tibco-managed-file-transfer-internet-server-8-2-0_documentation.zip,auto,false,tibco,general,,,,,
tibco-managed-file-transfer-internet-server,8.1.1,true,false,,2018-12-04,auto,auto,https://docs.tibco.com/pub/mftis/tibco-managed-file-transfer-internet-server-8-1-1_documentation.zip,auto,false,tibco,general,,,,,
tibco-managed-file-transfer-internet-server,8.1.0,true,false,,2018-03-29,auto,auto,https://docs.tibco.com/pub/mftis/tibco-managed-file-transfer-internet-server-8-1-0_documentation.zip,auto,false,tibco,general,,,,,
tibco-managed-file-transfer-internet-server,8.0.3,true,false,,2018-12-04,auto,auto,https://docs.tibco.com/pub/mftis/tibco-managed-file-transfer-internet-server-8-0-3_documentation.zip,auto,false,tibco,general,,,,,
tibco-managed-file-transfer-internet-server,8.0.2,true,false,,2017-10-31,auto,auto,https://docs.tibco.com/pub/mftis/tibco-managed-file-transfer-internet-server-8-0-2_documentation.zip,auto,false,tibco,general,,,,,
tibco-managed-file-transfer-internet-server,8.0.1,true,false,,2016-09-12,auto,auto,https://docs.tibco.com/pub/managed-file-transfer-internet-server/tibco-managed-file-transfer-internet-server-8-0-1_documentation.zip,auto,false,tibco,general,,,,,
tibco-managed-file-transfer-internet-server,8.0.0,true,false,,2016-05-23,auto,auto,https://docs.tibco.com/pub/managed-file-transfer-internet-server/tibco-managed-file-transfer-internet-server-8-0-0_documentation.zip,auto,false,tibco,general,,,,,
tibco-managed-file-transfer-internet-server,7.3.3,true,false,,2018-12-04,auto,auto,https://docs.tibco.com/pub/mftis/tibco-managed-file-transfer-internet-server-7-3-3_documentation.zip,auto,false,tibco,general,,,,,
tibco-managed-file-transfer-internet-server,7.3.2,true,false,,2017-11-13,auto,auto,https://docs.tibco.com/pub/mftis/tibco-managed-file-transfer-internet-server-7-3-2_documentation.zip,auto,false,tibco,general,,,,,
tibco-managed-file-transfer-internet-server,7.3.1,true,false,,2016-09-12,auto,auto,https://docs.tibco.com/pub/managed-file-transfer-internet-server/tibco-managed-file-transfer-internet-server-7-3-1_documentation.zip,auto,false,tibco,general,,,,,
tibco-managed-file-transfer-internet-server,7.3.0,true,false,,2021-12-07,auto,auto,https://docs.tibco.com/pub/managed-file-transfer-internet-server/tibco-managed-file-transfer-internet-server-7-3-0_documentation.zip,auto,false,tibco,general,,,,,
tibco-managed-file-transfer-internet-server,7.2.6,true,false,,2021-12-07,auto,auto,https://docs.tibco.com/pub/managed-file-transfer-internet-server/tibco-managed-file-transfer-internet-server-7-2-6_documentation.zip,auto,false,tibco,general,,,,,
tibco-managed-file-transfer-internet-server,7.2.5,true,false,,2021-12-07,auto,auto,https://docs.tibco.com/pub/managed-file-transfer-internet-server/tibco-managed-file-transfer-internet-server-7-2-5_documentation.zip,auto,false,tibco,general,,,,,
tibco-managed-file-transfer-internet-server,7.2.4,true,false,,2021-12-07,auto,auto,https://docs.tibco.com/pub/managed-file-transfer-internet-server/tibco-managed-file-transfer-internet-server-7-2-4_documentation.zip,auto,false,tibco,general,,,,,
tibco-managed-file-transfer-internet-server,7.2.3,true,false,,2021-12-07,auto,auto,https://docs.tibco.com/pub/managed-file-transfer-internet-server/tibco-managed-file-transfer-internet-server-7-2-3_documentation.zip,auto,false,tibco,general,,,,,
tibco-managed-file-transfer-internet-server,7.2.2,true,false,,2021-12-07,auto,auto,https://docs.tibco.com/pub/managed-file-transfer-internet-server/tibco-managed-file-transfer-internet-server-7-2-2_documentation.zip,auto,false,tibco,general,,,,,
tibco-managed-file-transfer-internet-server,7.2.1,true,false,,2021-12-07,auto,auto,https://docs.tibco.com/pub/managed-file-transfer-internet-server/tibco-managed-file-transfer-internet-server-7-2-1_documentation.zip,auto,false,tibco,general,,,,,
tibco-managed-file-transfer-internet-server,7.2.0,true,false,,2021-12-07,auto,auto,https://docs.tibco.com/pub/managed-file-transfer-internet-server/tibco-managed-file-transfer-internet-server-7-2-0_documentation.zip,auto,false,tibco,general,,,,,
tibco-managed-file-transfer-internet-server,7.1.1,true,false,,2021-12-07,auto,auto,https://docs.tibco.com/pub/managed-file-transfer-internet-server/tibco-managed-file-transfer-internet-server-7-1-1_documentation.zip,auto,false,tibco,general,,,,,
tibco-managed-file-transfer-internet-server,7.0.1,true,false,,2021-12-07,auto,auto,https://docs.tibco.com/pub/managed-file-transfer-internet-server/tibco-managed-file-transfer-internet-server-7-0-1_documentation.zip,auto,false,tibco,general,,,,,
tibco-managed-file-transfer-internet-server-with-rocketstream-accelerator,7.2.6,false,true,,2016-09-12,auto,auto,https://docs.tibco.com/pub/managed-file-transfer-internet-server-rocketstream/7.2.6/doc/zip/tib_managed-file-transfer-internet-server-rocketstream_7.2.6_doc.zip,auto,false,tibco,general,,,,,
tibco-managed-file-transfer-internet-server-with-rocketstream-accelerator,7.2.5,true,false,,2021-12-07,auto,auto,https://docs.tibco.com/pub/managed-file-transfer-internet-server-rocketstream/tibco-managed-file-transfer-internet-server-with-rocketstream-accelerator-7-2-5_documentation.zip,auto,false,tibco,general,,,,,
tibco-managed-file-transfer-internet-server-with-rocketstream-accelerator,7.2.4,true,false,,2021-12-07,auto,auto,https://docs.tibco.com/pub/managed-file-transfer-internet-server-rocketstream/tibco-managed-file-transfer-internet-server-with-rocketstream-accelerator-7-2-4_documentation.zip,auto,false,tibco,general,,,,,
tibco-managed-file-transfer-internet-server-with-rocketstream-accelerator,7.2.3,true,false,,2021-12-07,auto,auto,https://docs.tibco.com/pub/managed-file-transfer-internet-server-rocketstream/tibco-managed-file-transfer-internet-server-with-rocketstream-accelerator-7-2-3_documentation.zip,auto,false,tibco,general,,,,,
tibco-managed-file-transfer-internet-server-with-rocketstream-accelerator,7.2.2,true,false,,2021-12-07,auto,auto,https://docs.tibco.com/pub/managed-file-transfer-internet-server-rocketstream/tibco-managed-file-transfer-internet-server-with-rocketstream-accelerator-7-2-2_documentation.zip,auto,false,tibco,general,,,,,
tibco-managed-file-transfer-platform-server-agent,7.1.0,false,true,,2013-01-25,auto,auto,https://docs.tibco.com/pub/managed-file-transfer-platform-server-agent/7.1.0-november-2011/doc/zip/tib_managed-file-transfer-platform-server-agent_7.1.0-november-2011_doc.zip,auto,false,tibco,general,,,,,
tibco-managed-file-transfer-platform-server-agent,7.0.0,false,true,,2011-08-17,auto,auto,https://docs.tibco.com/pub/managed-file-transfer-platform-server-agent/7.0.0-october-2010/doc/zip/tib_managed-file-transfer-platform-server-agent_7.0.0-october-2010_doc.zip,auto,false,tibco,general,,,,,
tibco-managed-file-transfer-platform-server-for-ibm-i,8.0.0,true,false,,2019-09-16,auto,auto,https://docs.tibco.com/pub/mftps-ibmi/tibco-managed-file-transfer-platform-server-for-ibm-i-8-0-0_documentation.zip,auto,false,tibco,general,,,,,
tibco-managed-file-transfer-platform-server-for-ibm-i,7.1.0,true,false,,2021-12-07,auto,auto,https://docs.tibco.com/pub/managed-file-transfer-platform-server-for-ibm-i/tibco-managed-file-transfer-platform-server-for-ibm-i-7-1-0_documentation.zip,auto,false,tibco,general,,,,,
tibco-managed-file-transfer-platform-server-for-unix,8.2.0,false,true,,2026-02-17,auto,auto,https://docs.tibco.com/pub/mftps-unix/8.2.0/doc/zip/tib_mftps-unix_8.2.0_doc.zip,auto,false,tibco,general,,,,,
tibco-managed-file-transfer-platform-server-for-unix,8.1.2,false,true,,2024-05-10,auto,auto,https://docs.tibco.com/pub/mftps-unix/8.1.2/doc/zip/tib_mftps-unix_8.1.2_doc.zip,auto,false,tibco,general,,,,,
tibco-managed-file-transfer-platform-server-for-unix,8.1.1,false,true,,2022-03-11,auto,auto,https://docs.tibco.com/pub/mftps-unix/8.1.1/doc/zip/tib_mftps-unix_8.1.1_doc.zip,auto,false,tibco,general,,,,,
tibco-managed-file-transfer-platform-server-for-unix,8.1.0,true,false,,2021-05-20,auto,auto,https://docs.tibco.com/pub/mftps-unix/tibco-managed-file-transfer-platform-server-for-unix-8-1-0_documentation.zip,auto,false,tibco,general,,,,,
tibco-managed-file-transfer-platform-server-for-unix,8.0.2,false,true,,2024-05-10,auto,auto,https://docs.tibco.com/pub/mftps-unix/8.0.2/doc/zip/tib_mftps-unix_8.0.2_doc.zip,auto,false,tibco,general,,,,,
tibco-managed-file-transfer-platform-server-for-unix,8.0.1,true,false,,2022-03-17,auto,auto,https://docs.tibco.com/pub/mftps-unix/tibco-managed-file-transfer-platform-server-for-unix-8-0-1_documentation.zip,auto,false,tibco,general,,,,,
tibco-managed-file-transfer-platform-server-for-unix,8.0.0,true,false,,1548288000000,auto,auto,https://docs.tibco.com/pub/mftps-unix/tibco-managed-file-transfer-platform-server-for-unix-8-0-0_documentation.zip,auto,false,tibco,general,,,,,
tibco-managed-file-transfer-platform-server-for-unix,7.2.0,true,false,,2021-12-08,auto,auto,https://docs.tibco.com/pub/managed-file-transfer-platform-server-for-unix/tibco-managed-file-transfer-platform-server-for-unix-7-2-0_documentation.zip,auto,false,tibco,general,,,,,
tibco-managed-file-transfer-platform-server-for-unix,7.1,true,false,,2021-12-08,auto,auto,https://docs.tibco.com/pub/managed-file-transfer-platform-server-for-unix/tibco-managed-file-transfer-platform-server-for-unix-7-1_documentation.zip,auto,false,tibco,general,,,,,
tibco-managed-file-transfer-platform-server-for-windows,8.2.0,false,true,,2025-07-24,auto,auto,https://docs.tibco.com/pub/mftps-win/8.2.0/doc/zip/tib_mftps-win_8.2.0_doc.zip,auto,false,tibco,general,,,,,
tibco-managed-file-transfer-platform-server-for-windows,8.1.0,false,true,,2024-07-09,auto,auto,https://docs.tibco.com/pub/mftps-win/8.1.0/doc/zip/tib_mftps-win_8.1.0_doc.zip,auto,false,tibco,general,,,,,
tibco-managed-file-transfer-platform-server-for-windows,8.0.1,true,false,,2022-01-11,auto,auto,https://docs.tibco.com/pub/mftps-win/tibco-managed-file-transfer-platform-server-for-windows-8-0-1_documentation.zip,auto,false,tibco,general,,,,,
tibco-managed-file-transfer-platform-server-for-windows,8.0.0,true,false,,1530403200000,auto,auto,https://docs.tibco.com/pub/mftps-win/tibco-managed-file-transfer-platform-server-for-windows-8-0-0_documentation.zip,auto,false,tibco,general,,,,,
tibco-managed-file-transfer-platform-server-for-windows,7.2.0,true,false,,2016-06-28,auto,auto,https://docs.tibco.com/pub/managed-file-transfer-platform-server-for-windows/tibco-managed-file-transfer-platform-server-for-windows-7-2-0_documentation.zip,auto,false,tibco,general,,,,,
tibco-managed-file-transfer-platform-server-for-windows,7.1.1,true,false,,2021-12-07,auto,auto,https://docs.tibco.com/pub/managed-file-transfer-platform-server-for-windows/tibco-managed-file-transfer-platform-server-for-windows-7-1-1_documentation.zip,auto,false,tibco,general,,,,,
tibco-managed-file-transfer-platform-server-for-windows,7.1.0,true,false,,2021-12-07,auto,auto,https://docs.tibco.com/pub/managed-file-transfer-platform-server-for-windows/tibco-managed-file-transfer-platform-server-for-windows-7-1-0_documentation.zip,auto,false,tibco,general,,,,,
tibco-managed-file-transfer-platform-server-for-windows-with-rocketstream-accelerator,7.1.1,false,true,,2014-03-26,auto,auto,https://docs.tibco.com/pub/managed_file_transfer_platform_server_for_windows_with_rocketstream_accelerator/7.1.1/doc/zip/tib_managed_file_transfer_platform_server_for_windows_with_rocketstream_accelerator_7.1.1_doc.zip,auto,false,tibco,general,,,,,
tibco-managed-file-transfer-platform-server-for-windows-with-rocketstream-accelerator,7.1.0,false,true,,2014-03-26,auto,auto,https://docs.tibco.com/pub/managed_file_transfer_platform_server_for_windows_with_rocketstream_accelerator/7.1.0/doc/zip/tib_managed_file_transfer_platform_server_for_windows_with_rocketstream_accelerator_7.1.0_doc.zip,auto,false,tibco,general,,,,,
tibco-managed-file-transfer-platform-server-for-z-linux,8.1.2,false,true,,2025-02-27,auto,auto,https://docs.tibco.com/pub/mftps-zlinux/8.1.2/doc/zip/tib_mftps-zlinux_8.1.2_doc.zip,auto,false,tibco,general,,,,,
tibco-managed-file-transfer-platform-server-for-z-linux,8.1.1,false,true,,2022-03-11,auto,auto,https://docs.tibco.com/pub/mftps-zlinux/8.1.1/doc/zip/tib_mftps-zlinux_8.1.1_doc.zip,auto,false,tibco,general,,,,,
tibco-managed-file-transfer-platform-server-for-z-linux,8.1.0,false,true,,2021-08-13,auto,auto,https://docs.tibco.com/pub/mftps-zlinux/8.1.0/doc/zip/tib_mftps-zlinux_8.1.0_doc.zip,auto,false,tibco,general,,,,,
tibco-managed-file-transfer-platform-server-for-z-linux,8.0.1,false,true,,2022-04-06,auto,auto,https://docs.tibco.com/pub/mftps-zlinux/8.0.1/doc/zip/tib_mftps-zlinux_8.0.1_doc.zip,auto,false,tibco,general,,,,,
tibco-managed-file-transfer-platform-server-for-z-linux,8.0.0,false,true,,2019-02-04,auto,auto,https://docs.tibco.com/pub/mftps-zlinux/8.0.0/doc/zip/tib_mftps-zlinux_8.0.0_doc.zip,auto,false,tibco,general,,,,,
tibco-managed-file-transfer-platform-server-for-z-linux,7.2.0,false,true,,,auto,auto,https://docs.tibco.com/pub/mftps-zlinux/7.2.0/doc/zip/tib_mftps-zlinux_7.2.0_doc.zip,auto,false,tibco,general,,,,,
tibco-managed-file-transfer-platform-server-for-z-linux,7.1.0,false,true,,,auto,auto,https://docs.tibco.com/pub/mftps-zlinux/7.1.0/doc/zip/tib_mftps-zlinux_7.1.0_doc.zip,auto,false,tibco,general,,,,,
tibco-managed-file-transfer-platform-server-for-z-os,8.1.0,true,false,,2021-05-10,auto,auto,https://docs.tibco.com/pub/mftps-zos/tibco-managed-file-transfer-platform-server-for-z-os-8-1-0_documentation.zip,auto,false,tibco,general,,,,,
tibco-managed-file-transfer-platform-server-for-z-os,8.0.0,true,false,,1518566400000,auto,auto,https://docs.tibco.com/pub/mftps-zos/tibco-managed-file-transfer-platform-server-for-z-os-8-0-0_documentation.zip,auto,false,tibco,general,,,,,
tibco-managed-file-transfer-platform-server-for-z-os,7.2.0,true,false,,2021-12-07,auto,auto,https://docs.tibco.com/pub/managed-file-transfer-platform-server-for-zos/tibco-managed-file-transfer-platform-server-for-z-os-7-2-0_documentation.zip,auto,false,tibco,general,,,,,
tibco-managed-file-transfer-platform-server-for-z-os,7.1.0,true,false,,2021-12-07,auto,auto,https://docs.tibco.com/pub/managed-file-transfer-platform-server-for-zos/tibco-managed-file-transfer-platform-server-for-z-os-7-1-0_documentation.zip,auto,false,tibco,general,,,,,
tibco-messaging,1.27.0,false,true,,2025-09-02,auto,auto,https://docs.tibco.com/pub/messaging-suite/1.27.0/doc/zip/tib_messaging-suite_1.27.0_doc.zip,auto,false,tibco,general,,,,,
tibco-messaging,1.26.0,false,true,,2025-05-19,auto,auto,https://docs.tibco.com/pub/messaging-suite/1.26.0/doc/zip/tib_messaging-suite_1.26.0_doc.zip,auto,false,tibco,general,,,,,
tibco-messaging,1.25.0,false,true,,1743724800000,auto,auto,https://docs.tibco.com/pub/messaging-suite/1.25.0/doc/zip/tib_messaging-suite_1.25.0_doc.zip,auto,false,tibco,general,,,,,
tibco-messaging,1.24.0,false,true,,1716422400000,auto,auto,https://docs.tibco.com/pub/messaging-suite/1.24.0/doc/zip/tib_messaging-suite_1.24.0_doc.zip,auto,false,tibco,general,,,,,
tibco-messaging,1.23.0,false,true,,1708128000000,auto,auto,https://docs.tibco.com/pub/messaging-suite/1.23.0/doc/zip/tib_messaging-suite_1.23.0_doc.zip,auto,false,tibco,general,,,,,
tibco-messaging,1.22.0,false,true,,2023-08-10,auto,auto,https://docs.tibco.com/pub/messaging-suite/1.22.0/doc/zip/tib_messaging-suite_1.22.0_doc.zip,auto,false,tibco,general,,,,,
tibco-messaging,1.21.0,false,true,,2023-05-03,auto,auto,https://docs.tibco.com/pub/messaging-suite/1.21.0/doc/zip/tib_messaging-suite_1.21.0_doc.zip,auto,false,tibco,general,,,,,
tibco-messaging,1.20.0,true,false,,1667952000000,auto,auto,https://docs.tibco.com/pub/messaging-suite/tibco-messaging-1-20-0_documentation.zip,auto,false,tibco,general,,,,,
tibco-messaging,1.19.0,true,false,,2022-08-02,auto,auto,https://docs.tibco.com/pub/messaging-suite/tibco-messaging-1-19-0_documentation.zip,auto,false,tibco,general,,,,,
tibco-messaging,1.18.0,true,false,,2022-04-19,auto,auto,https://docs.tibco.com/pub/messaging-suite/tibco-messaging-1-18-0_documentation.zip,auto,false,tibco,general,,,,,
tibco-messaging,1.17.0,true,false,,1639440000000,auto,auto,https://docs.tibco.com/pub/messaging-suite/tibco-messaging-1-17-0_documentation.zip,auto,false,tibco,general,,,,,
tibco-messaging,1.16.0,true,false,,2021-11-09,auto,auto,https://docs.tibco.com/pub/messaging-suite/tibco-messaging-1-16-0_documentation.zip,auto,false,tibco,general,,,,,
tibco-messaging,1.15.0,true,false,,2021-09-02,auto,auto,https://docs.tibco.com/pub/messaging-suite/tibco-messaging-1-15-0_documentation.zip,auto,false,tibco,general,,,,,
tibco-messaging,1.14.0,true,false,,1622160000000,auto,auto,https://docs.tibco.com/pub/messaging-suite/tibco-messaging-1-14-0_documentation.zip,auto,false,tibco,general,,,,,
tibco-messaging,1.13.0,true,false,,2021-04-02,auto,auto,https://docs.tibco.com/pub/messaging-suite/tibco-messaging-1-13-0_documentation.zip,auto,false,tibco,general,,,,,
tibco-messaging,1.12.0,true,false,,2020-11-13,auto,auto,https://docs.tibco.com/pub/messaging-suite/tibco-messaging-1-12-0_documentation.zip,auto,false,tibco,general,,,,,
tibco-messaging,1.11.0,true,false,,1596067200000,auto,auto,https://docs.tibco.com/pub/messaging-suite/tibco-messaging-1-11-0_documentation.zip,auto,false,tibco,general,,,,,
tibco-messaging,1.10.0,true,false,,2020-03-31,auto,auto,https://docs.tibco.com/pub/messaging-suite/tibco-messaging-1-10-0_documentation.zip,auto,false,tibco,general,,,,,
tibco-messaging,1.9.0,true,false,,1580342400000,auto,auto,https://docs.tibco.com/pub/messaging-suite/tibco-messaging-1-9-0_documentation.zip,auto,false,tibco,general,,,,,
tibco-messaging,1.8.0,true,false,,1575504000000,auto,auto,https://docs.tibco.com/pub/messaging-suite/tibco-messaging-1-8-0_documentation.zip,auto,false,tibco,general,,,,,
tibco-messaging,1.7.0,true,false,,2019-08-14,auto,auto,https://docs.tibco.com/pub/messaging-suite/tibco-messaging-1-7-0_documentation.zip,auto,false,tibco,general,,,,,
tibco-messaging,1.6.0,true,false,,2019-04-19,auto,auto,https://docs.tibco.com/pub/messaging-suite/tibco-messaging-1-6-0_documentation.zip,auto,false,tibco,general,,,,,
tibco-messaging,1.5.0,true,false,,2019-01-11,auto,auto,https://docs.tibco.com/pub/messaging-suite/tibco-messaging-1-5-0_documentation.zip,auto,false,tibco,general,,,,,
tibco-messaging,1.4.0,true,false,,2018-11-26,auto,auto,https://docs.tibco.com/pub/messaging-suite/tibco-messaging-1-4-0_documentation.zip,auto,false,tibco,general,,,,,
tibco-messaging,1.3.0,true,false,,2018-09-27,auto,auto,https://docs.tibco.com/pub/messaging-suite/tibco-messaging-1-3-0_documentation.zip,auto,false,tibco,general,,,,,
tibco-messaging,1.2.0,true,false,,1526947200000,auto,auto,https://docs.tibco.com/pub/messaging-suite/tibco-messaging-1-2-0_documentation.zip,auto,false,tibco,general,,,,,
tibco-messaging,1.1.0,true,false,,2016-11-22,auto,auto,https://docs.tibco.com/pub/messaging-suite/tibco-messaging-1-1-0_documentation.zip,auto,false,tibco,general,,,,,
tibco-messaging,1.0.0,true,false,,2016-03-03,auto,auto,https://docs.tibco.com/pub/messaging-suite/tibco-messaging-1-0-0_documentation.zip,auto,false,tibco,general,,,,,
tibco-messaging-bridge-for-apache-kafka-community-edition,2.4.0,false,true,,2023-02-02,auto,auto,https://docs.tibco.com/pub/msg-akd-bridge-ce/2.4.0/doc/zip/tib_msg-akd-bridge-ce_2.4.0_doc.zip,auto,false,tibco,general,,,,,
tibco-messaging-bridge-for-apache-kafka-community-edition,2.3.1,false,true,,2022-05-16,auto,auto,https://docs.tibco.com/pub/msg-akd-bridge-ce/2.3.1/doc/zip/tib_msg-akd-bridge-ce_2.3.1_doc.zip,auto,false,tibco,general,,,,,
tibco-messaging-bridge-for-apache-kafka-community-edition,2.3.0,false,true,,2020-11-16,auto,auto,https://docs.tibco.com/pub/msg-akd-bridge-ce/2.3.0/doc/zip/tib_msg-akd-bridge-ce_2.3.0_doc.zip,auto,false,tibco,general,,,,,
tibco-messaging-bridge-for-apache-kafka-community-edition,2.2.0,false,true,,2020-07-16,auto,auto,https://docs.tibco.com/pub/msg-akd-bridge-ce/2.2.0/doc/zip/tib_msg-akd-bridge-ce_2.2.0_doc.zip,auto,false,tibco,general,,,,,
tibco-messaging-bridge-for-apache-kafka-community-edition,2.1.0,false,true,,2019-05-15,auto,auto,https://docs.tibco.com/pub/msg-akd-bridge-ce/2.1.0/doc/zip/tib_msg-akd-bridge-ce_2.1.0_doc.zip,auto,false,tibco,general,,,,,
tibco-messaging-bridge-for-apache-kafka-community-edition,2.0.0,false,true,,2018-11-28,auto,auto,https://docs.tibco.com/pub/msg-akd-bridge-ce/2.0.0/doc/zip/tib_msg-akd-bridge-ce_2.0.0_doc.zip,auto,false,tibco,general,,,,,
tibco-messaging-bridge-for-apache-kafka-enterprise-edition,2.4.0,false,true,,2023-02-02,auto,auto,https://docs.tibco.com/pub/msg-akd-bridge/2.4.0/doc/zip/tib_msg-akd-bridge_2.4.0_doc.zip,auto,false,tibco,general,,,,,
tibco-messaging-bridge-for-apache-kafka-enterprise-edition,2.3.1,false,true,,2022-05-16,auto,auto,https://docs.tibco.com/pub/msg-akd-bridge/2.3.1/doc/zip/tib_msg-akd-bridge_2.3.1_doc.zip,auto,false,tibco,general,,,,,
tibco-messaging-bridge-for-apache-kafka-enterprise-edition,2.3.0,false,true,,2020-11-16,auto,auto,https://docs.tibco.com/pub/msg-akd-bridge/2.3.0/doc/zip/tib_msg-akd-bridge_2.3.0_doc.zip,auto,false,tibco,general,,,,,
tibco-messaging-bridge-for-apache-kafka-enterprise-edition,2.2.0,true,false,,2020-07-21,auto,auto,https://docs.tibco.com/pub/msg-akd-bridge/tibco-messaging-bridge-for-apache-kafka-enterprise-edition-2-2-0_documentation.zip,auto,false,tibco,general,,,,,
tibco-messaging-bridge-for-apache-kafka-enterprise-edition,2.1.0,false,true,,2019-05-16,auto,auto,https://docs.tibco.com/pub/msg-akd-bridge/2.1.0/doc/zip/tib_msg-akd-bridge_2.1.0_doc.zip,auto,false,tibco,general,,,,,
tibco-messaging-bridge-for-apache-kafka-enterprise-edition,2.0.0,false,true,,2018-11-28,auto,auto,https://docs.tibco.com/pub/msg-akd-bridge/2.0.0/doc/zip/tib_msg-akd-bridge_2.0.0_doc.zip,auto,false,tibco,general,,,,,
tibco-messaging-bridge-for-apache-kafka-enterprise-edition,1.0.0,false,true,,1525824000000,auto,auto,https://docs.tibco.com/pub/msg-akd-bridge/1.0.0/doc/zip/tib_msg-akd-bridge_1.0.0_doc.zip,auto,false,tibco,general,,,,,
tibco-messaging-bridge-for-apache-pulsar-community-edition,1.0.0,false,true,,2020-05-28,auto,auto,https://docs.tibco.com/pub/msg-apd-bridge-ce/1.0.0/doc/zip/tib_msg-apd-bridge-ce_1.0.0_doc.zip,auto,false,tibco,general,,,,,
tibco-messaging-bridge-for-apache-pulsar-enterprise-edition,1.0.0,false,true,,2020-05-21,auto,auto,https://docs.tibco.com/pub/msg-apd-bridge/1.0.0/doc/zip/tib_msg-apd-bridge_1.0.0_doc.zip,auto,false,tibco,general,,,,,
tibco-messaging-eclipse-mosquitto-distribution-bridge-enterprise-edition,2.0.7,true,false,,2021-04-08,auto,auto,https://docs.tibco.com/pub/msg-emd-bridge/tibco-messaging-eclipse-mosquitto-distribution-bridge-enterprise-edition-2-0-7_documentation.zip,auto,false,tibco,general,,,,,
tibco-messaging-eclipse-mosquitto-distribution-bridge-enterprise-edition,1.3.0,true,false,,2019-11-18,auto,auto,https://docs.tibco.com/pub/msg-emd-bridge/tibco-messaging-eclipse-mosquitto-distribution-bridge-enterprise-edition-1-3-0_documentation.zip,auto,false,tibco,general,,,,,
tibco-messaging-eclipse-mosquitto-distribution-bridge-enterprise-edition,1.2.0,true,false,,1547424000000,auto,auto,https://docs.tibco.com/pub/msg-emd-bridge/tibco-messaging-eclipse-mosquitto-distribution-bridge-enterprise-edition-1-2-0_documentation.zip,auto,false,tibco,general,,,,,
tibco-messaging-eclipse-mosquitto-distribution-bridge-enterprise-edition,1.1.0,true,false,,1532044800000,auto,auto,https://docs.tibco.com/pub/msg-emd-bridge/tibco-messaging-eclipse-mosquitto-distribution-bridge-enterprise-edition-1-1-0_documentation.zip,auto,false,tibco,general,,,,,
tibco-messaging-eclipse-mosquitto-distribution-bridge-enterprise-edition,1.0.0,true,false,,1527120000000,auto,auto,https://docs.tibco.com/pub/msg-emd-bridge/tibco-messaging-eclipse-mosquitto-distribution-bridge-enterprise-edition-1-0-0_documentation.zip,auto,false,tibco,general,,,,,
tibco-messaging-eclipse-mosquitto-distribution-core-enterprise-edition,2.0.7,true,false,,2021-04-08,auto,auto,https://docs.tibco.com/pub/msg-emd-core/tibco-messaging-eclipse-mosquitto-distribution-core-enterprise-edition-2-0-7_documentation.zip,auto,false,tibco,general,,,,,
tibco-messaging-eclipse-mosquitto-distribution-core-enterprise-edition,1.3.0,true,false,,2019-11-18,auto,auto,https://docs.tibco.com/pub/msg-emd-core/tibco-messaging-eclipse-mosquitto-distribution-core-enterprise-edition-1-3-0_documentation.zip,auto,false,tibco,general,,,,,
tibco-messaging-eclipse-mosquitto-distribution-core-enterprise-edition,1.2.0,true,false,,1547424000000,auto,auto,https://docs.tibco.com/pub/msg-emd-core/tibco-messaging-eclipse-mosquitto-distribution-core-enterprise-edition-1-2-0_documentation.zip,auto,false,tibco,general,,,,,
tibco-messaging-eclipse-mosquitto-distribution-core-enterprise-edition,1.1.0,true,false,,1532044800000,auto,auto,https://docs.tibco.com/pub/msg-emd-core/tibco-messaging-eclipse-mosquitto-distribution-core-enterprise-edition-1-1-0_documentation.zip,auto,false,tibco,general,,,,,
tibco-messaging-eclipse-mosquitto-distribution-core-enterprise-edition,1.0.0,true,false,,1527120000000,auto,auto,https://docs.tibco.com/pub/msg-emd-core/tibco-messaging-eclipse-mosquitto-distribution-core-enterprise-edition-1-0-0_documentation.zip,auto,false,tibco,general,,,,,
tibco-messaging-manager,4.0.0,false,true,,1742515200000,auto,auto,https://docs.tibco.com/pub/msgmx/4.0.0/doc/zip/tib_msgmx_4.0.0_doc.zip,auto,false,tibco,general,,,,,
tibco-messaging-manager,3.1.1,false,true,,2023-12-01,auto,auto,https://docs.tibco.com/pub/msgmx/3.1.1/doc/zip/tib_msgmx_3.1.1_doc.zip,auto,false,tibco,general,,,,,
tibco-messaging-manager,3.1.0,true,false,,2023-07-06,auto,auto,https://docs.tibco.com/pub/msgmx/tibco-messaging-manager-3-1-0_documentation.zip,auto,false,tibco,general,,,,,
tibco-messaging-manager,3.0.0,true,false,,2022-02-07,auto,auto,https://docs.tibco.com/pub/msgmx/tibco-messaging-manager-3-0-0_documentation.zip,auto,false,tibco,general,,,,,
tibco-messaging-manager,2.0.0,true,false,,2020-08-17,auto,auto,https://docs.tibco.com/pub/msgmx/tibco-messaging-manager-2-0-0_documentation.zip,auto,false,tibco,general,,,,,
tibco-messaging-manager,1.1.0,false,true,,1579824000000,auto,auto,https://docs.tibco.com/pub/msgmx/1.1.0/doc/zip/tib_msgmx_1.1.0_doc.zip,auto,false,tibco,general,,,,,
tibco-messaging-manager,1.0.0,false,true,,2019-09-16,auto,auto,https://docs.tibco.com/pub/msgmx/1.0.0/doc/zip/tib_msgmx_1.0.0_doc.zip,auto,false,tibco,general,,,,,
tibco-messaging-monitor-core,1.1.0,false,true,,2023-04-28,auto,auto,https://docs.tibco.com/pub/msgmon/1.1.0/doc/zip/tib_msgmon_1.1.0_doc.zip,auto,false,tibco,general,,,,,
tibco-messaging-monitor-core,1.0.1,false,true,,1652659200000,auto,auto,https://docs.tibco.com/pub/msgmon/1.0.1/doc/zip/tib_msgmon_1.0.1_doc.zip,auto,false,tibco,general,,,,,
tibco-messaging-monitor-core,1.0.0,false,true,,1613606400000,auto,auto,https://docs.tibco.com/pub/msgmon/1.0.0/doc/zip/tib_msgmon_1.0.0_doc.zip,auto,false,tibco,general,,,,,
tibco-messaging-monitor-for-apache-kafka,1.1.0,false,true,,2021-10-07,auto,auto,https://docs.tibco.com/pub/msgmon-akd/1.1.0/doc/zip/tib_msgmon-akd_1.1.0_doc.zip,auto,false,tibco,general,,,,,
tibco-messaging-monitor-for-apache-kafka,1.0.0,false,true,,1613606400000,auto,auto,https://docs.tibco.com/pub/msgmon-akd/1.0.0/doc/zip/tib_msgmon-akd_1.0.0_doc.zip,auto,false,tibco,general,,,,,
tibco-messaging-monitor-for-apache-pulsar,1.1.0,false,true,,2023-05-12,auto,auto,https://docs.tibco.com/pub/msgmon-apd/1.1.0/doc/zip/tib_msgmon-apd_1.1.0_doc.zip,auto,false,tibco,general,,,,,
tibco-messaging-monitor-for-apache-pulsar,1.0.0,false,true,,2021-03-16,auto,auto,https://docs.tibco.com/pub/msgmon-apd/1.0.0/doc/zip/tib_msgmon-apd_1.0.0_doc.zip,auto,false,tibco,general,,,,,
tibco-messaging-schema-repository-for-apache-kafka-community-edition,1.6.0,false,true,,2023-11-17,auto,auto,https://docs.tibco.com/pub/msg-akd-repo-ce/1.6.0/doc/zip/tib_msg-akd-repo-ce_1.6.0_doc.zip,auto,false,tibco,general,,,,,
tibco-messaging-schema-repository-for-apache-kafka-community-edition,1.5.0,false,true,,2023-05-31,auto,auto,https://docs.tibco.com/pub/msg-akd-repo-ce/1.5.0/doc/zip/tib_msg-akd-repo-ce_1.5.0_doc.zip,auto,false,tibco,general,,,,,
tibco-messaging-schema-repository-for-apache-kafka-community-edition,1.4.0,false,true,,2021-09-20,auto,auto,https://docs.tibco.com/pub/msg-akd-repo-ce/1.4.0/doc/zip/tib_msg-akd-repo-ce_1.4.0_doc.zip,auto,false,tibco,general,,,,,
tibco-messaging-schema-repository-for-apache-kafka-community-edition,1.3.0,false,true,,2021-05-11,auto,auto,https://docs.tibco.com/pub/msg-akd-repo-ce/1.3.0/doc/zip/tib_msg-akd-repo-ce_1.3.0_doc.zip,auto,false,tibco,general,,,,,
tibco-messaging-schema-repository-for-apache-kafka-community-edition,1.2.0,false,true,,2020-12-16,auto,auto,https://docs.tibco.com/pub/msg-akd-repo-ce/1.2.0/doc/zip/tib_msg-akd-repo-ce_1.2.0_doc.zip,auto,false,tibco,general,,,,,
tibco-messaging-schema-repository-for-apache-kafka-community-edition,1.1.0,false,true,,2020-07-17,auto,auto,https://docs.tibco.com/pub/msg-akd-repo-ce/1.1.0/doc/zip/tib_msg-akd-repo-ce_1.1.0_doc.zip,auto,false,tibco,general,,,,,
tibco-messaging-schema-repository-for-apache-kafka-community-edition,1.0.1,false,true,,2018-09-27,auto,auto,https://docs.tibco.com/pub/msg-akd-repo-ce/1.0.1/doc/zip/tib_msg-akd-repo-ce_1.0.1_doc.zip,auto,false,tibco,general,,,,,
tibco-messaging-schema-repository-for-apache-kafka-community-edition,1.0.0,false,true,,2018-05-09,auto,auto,https://docs.tibco.com/pub/msg-akd-repo-ce/1.0.0/doc/zip/tib_msg-akd-repo-ce_1.0.0_doc.zip,auto,false,tibco,general,,,,,
tibco-messaging-schema-repository-for-apache-kafka-enterprise-edition,2.1.0,false,true,,2026-03-20,auto,auto,https://docs.tibco.com/pub/msg-akd-repo/2.1.0/doc/zip/tib_msg-akd-repo_2.1.0_doc.zip,auto,false,tibco,general,,,,,
tibco-messaging-schema-repository-for-apache-kafka-enterprise-edition,2.0.0,false,true,,2025-03-18,auto,auto,https://docs.tibco.com/pub/msg-akd-repo/2.0.0/doc/zip/tib_msg-akd-repo_2.0.0_doc.zip,auto,false,tibco,general,,,,,
tibco-messaging-schema-repository-for-apache-kafka-enterprise-edition,1.6.0,false,true,,2023-10-12,auto,auto,https://docs.tibco.com/pub/msg-akd-repo/1.6.0/doc/zip/tib_msg-akd-repo_1.6.0_doc.zip,auto,false,tibco,general,,,,,
tibco-messaging-schema-repository-for-apache-kafka-enterprise-edition,1.5.0,false,true,,2023-05-31,auto,auto,https://docs.tibco.com/pub/msg-akd-repo/1.5.0/doc/zip/tib_msg-akd-repo_1.5.0_doc.zip,auto,false,tibco,general,,,,,
tibco-messaging-schema-repository-for-apache-kafka-enterprise-edition,1.4.0,true,false,,2021-09-20,auto,auto,https://docs.tibco.com/pub/msg-akd-repo/tibco-messaging-schema-repository-for-apache-kafka-enterprise-edition-1-4-0_documentation.zip,auto,false,tibco,general,,,,,
tibco-messaging-schema-repository-for-apache-kafka-enterprise-edition,1.3.0,true,false,,1618963200000,auto,auto,https://docs.tibco.com/pub/msg-akd-repo/tibco-messaging-schema-repository-for-apache-kafka-enterprise-edition-1-3-0_documentation.zip,auto,false,tibco,general,,,,,
tibco-messaging-schema-repository-for-apache-kafka-enterprise-edition,1.2.0,true,false,,2020-12-16,auto,auto,https://docs.tibco.com/pub/msg-akd-repo/tibco-messaging-schema-repository-for-apache-kafka-enterprise-edition-1-2-0_documentation.zip,auto,false,tibco,general,,,,,
tibco-messaging-schema-repository-for-apache-kafka-enterprise-edition,1.1.0,true,false,,2020-07-21,auto,auto,https://docs.tibco.com/pub/msg-akd-repo/tibco-messaging-schema-repository-for-apache-kafka-enterprise-edition-1-1-0_documentation.zip,auto,false,tibco,general,,,,,
tibco-messaging-schema-repository-for-apache-kafka-enterprise-edition,1.0.1,true,false,,2018-10-04,auto,auto,https://docs.tibco.com/pub/msg-akd-repo/tibco-messaging-apache-kafka-distribution-schema-repository-enterprise-edition-1-0-1_documentation.zip,auto,false,tibco,general,,,,,
tibco-messaging-schema-repository-for-apache-kafka-enterprise-edition,1.0.0,true,false,,1525824000000,auto,auto,https://docs.tibco.com/pub/msg-akd-repo/tibco-messaging-apache-kafka-distribution-schema-repository-enterprise-edition-1-0-0_documentation.zip,auto,false,tibco,general,,,,,
tibco-microflow-container-edition,1.2.0,true,false,,2016-11-23,auto,auto,https://docs.tibco.com/pub/mfce/tibco-microflow-container-edition-1-2-0_documentation.zip,auto,false,tibco,general,,,,,
tibco-microflow-container-edition,1.1.0,true,false,,2016-08-25,auto,auto,https://docs.tibco.com/pub/mfce/tibco-microflow-container-edition-1-1-0_documentation.zip,auto,false,tibco,general,,,,,
tibco-microflow-container-edition,1.0.0,true,false,,2017-06-15,auto,auto,https://docs.tibco.com/pub/mfce/tibco-microflow-container-edition-1-0-0_documentation.zip,auto,false,tibco,general,,,,,
tibco-modelops,1.3.0,false,true,,2023-05-10,auto,auto,https://docs.tibco.com/pub/modelops/1.3.0/doc/zip/tib_modelops_1.3.0_doc.zip,auto,false,tibco,general,,,,,
tibco-modelops,1.2.0,true,false,,1657152000000,auto,auto,https://docs.tibco.com/pub/modelops/tibco-modelops-1-2-0_documentation.zip,auto,false,tibco,general,,,,,
tibco-modelops,1.1.0,true,false,,2021-12-21,auto,auto,https://docs.tibco.com/pub/modelops/tibco-modelops-1-1-0_documentation.zip,auto,false,tibco,general,,,,,
tibco-modelops,1.0.0,true,false,,2021-08-19,auto,auto,https://docs.tibco.com/pub/modelops/tibco-modelops-1-0-0_documentation.zip,auto,false,tibco,general,,,,,
tibco-monitoring-1-0-0,1.0.0,false,true,,2016-03-03,auto,auto,https://docs.tibco.com/pub/mon-suite/1.0.0/doc/zip/tib_mon-suite_1.0.0_doc.zip,auto,false,tibco,general,,,,,
tibco-object-service-broker,6.0.0,false,true,,2012-08-01,auto,auto,https://docs.tibco.com/pub/object_service_broker/6.0.0_july_2012/doc/zip/tib_object_service_broker_6.0.0_july_2012_doc.zip,auto,false,tibco,general,,,,,
tibco-object-service-broker,5.2.0,false,true,,2011-06-20,auto,auto,https://docs.tibco.com/pub/object_service_broker/5.2.0_august_2010/doc/zip/tib_object_service_broker_5.2.0_august_2010_doc.zip,auto,false,tibco,general,,,,,
tibco-omni-insurance-business-release,19.0.0,true,false,,2021-05-17,auto,auto,https://docs.tibco.com/pub/oin-br/tibco-omni-insurance-business-release-19-0-0_documentation.zip,auto,false,tibco,general,,,,,
tibco-openspirit-adapter-for-petrel,32.0.0,true,false,,2024-03-25,auto,auto,https://docs.tibco.com/pub/os-toap/tibco-openspirit-adapter-for-petrel-32-0-0_documentation.zip,auto,false,tibco,general,,,,,
tibco-openspirit-adapter-for-petrel,31.0.0,true,false,,1674777600000,auto,auto,https://docs.tibco.com/pub/os-toap/tibco-openspirit-adapter-for-petrel-31-0-0_documentation.zip,auto,false,tibco,general,,,,,
tibco-openspirit-adapter-for-petrel,30.0.0,true,false,,1653955200000,auto,auto,https://docs.tibco.com/pub/os-toap/tibco-openspirit-adapter-for-petrel-30-0-0_documentation.zip,auto,false,tibco,general,,,,,
tibco-openspirit-adapter-for-petrel,29.0.0,true,false,,2020-05-26,auto,auto,https://docs.tibco.com/pub/os-toap/tibco-openspirit-adapter-for-petrel-29-0-0_documentation.zip,auto,false,tibco,general,,,,,
tibco-openspirit-adapter-for-petrel,28.0.0,true,false,,2019-05-15,auto,auto,https://docs.tibco.com/pub/os-toap/tibco-openspirit-adapter-for-petrel-28-0-0_documentation.zip,auto,false,tibco,general,,,,,
tibco-openspirit-adapter-for-petrel,27.0.0,true,false,,1532563200000,auto,auto,https://docs.tibco.com/pub/os-toap/tibco-openspirit-adapter-for-petrel-27-0-0_documentation.zip,auto,false,tibco,general,,,,,
tibco-openspirit-adapter-for-petrel,26.0.0,true,false,,1499299200000,auto,auto,https://docs.tibco.com/pub/os-toap/tibco-openspirit-adapter-for-petrel-26-0-0_documentation.zip,auto,false,tibco,general,,,,,
tibco-openspirit-adapter-for-petrel,25.0.0,true,false,,2016-08-03,auto,auto,https://docs.tibco.com/pub/openspirit-adapter-for-petrel/tibco-openspirit-adapter-for-petrel-25-0-0_documentation.zip,auto,false,tibco,general,,,,,
tibco-openspirit-adapter-for-petrel,24.0.0,true,false,,2015-08-13,auto,auto,https://docs.tibco.com/pub/openspirit-adapter-for-petrel/tibco-openspirit-adapter-for-petrel-24-0-0_documentation.zip,auto,false,tibco,general,,,,,
tibco-openspirit-adapter-for-petrel,23.0.0,true,false,,2014-08-08,auto,auto,https://docs.tibco.com/pub/openspirit-adapter-for-petrel/tibco-openspirit-adapter-for-petrel-23-0-0_documentation.zip,auto,false,tibco,general,,,,,
tibco-openspirit-adapter-for-petrel,22.0.0,true,false,,2013-08-29,auto,auto,https://docs.tibco.com/pub/openspirit-adapter-for-petrel/tibco-openspirit-adapter-for-petrel-22-0-0_documentation.zip,auto,false,tibco,general,,,,,
tibco-openspirit-adapter-for-petrel,21.1.0,true,false,,2013-02-21,auto,auto,https://docs.tibco.com/pub/openspirit-adapter-for-petrel/tibco-openspirit-adapter-for-petrel-21-1-0_documentation.zip,auto,false,tibco,general,,,,,
tibco-openspirit-adapter-for-petrel,21.0.0,true,false,,2012-08-15,auto,auto,https://docs.tibco.com/pub/openspirit-adapter-for-petrel/tibco-openspirit-adapter-for-petrel-21-0-0_documentation.zip,auto,false,tibco,general,,,,,
tibco-openspirit-adapter-for-petrel,20.10.3.1,false,true,,2011-07-13,auto,auto,https://docs.tibco.com/pub/openspirit-adapter-for-petrel/2010.3.1/doc/zip/tib_openspirit-adapter-for-petrel_2010.3.1_doc.zip,auto,false,tibco,general,,,,,
tibco-openspirit-adapter-for-petrel,20.10.3.0,false,true,,2013-09-27,auto,auto,https://docs.tibco.com/pub/openspirit-adapter-for-petrel/2010.3.0_Jan_2011/doc/zip/tib_openspirit-adapter-for-petrel_2010.3.0_Jan_2011_doc.zip,auto,false,tibco,general,,,,,
tibco-openspirit-adapter-for-petrel,20.1.0,true,false,,2012-06-12,auto,auto,https://docs.tibco.com/pub/openspirit-petrel/tibco-openspirit-adapter-for-petrel-20-1-0_documentation.zip,auto,false,tibco,general,,,,,
tibco-openspirit-adapter-for-petrel,20.0.2,true,false,,2012-01-12,auto,auto,https://docs.tibco.com/pub/openspirit-adapter-for-petrel/tibco-openspirit-adapter-for-petrel-20-0-2_documentation.zip,auto,false,tibco,general,,,,,
tibco-openspirit-adapter-for-petrel,20.0.0,true,false,,2013-09-23,auto,auto,https://docs.tibco.com/pub/openspirit-adapter-for-petrel/tibco-openspirit-adapter-for-petrel-20-0-0_documentation.zip,auto,false,tibco,general,,,,,
tibco-openspirit-adapter-for-petrel,9.3.2,false,true,,2013-10-08,auto,auto,https://docs.tibco.com/pub/openspirit-adapter-for-petrel/9.3.2_June_2010/doc/zip/tib_openspirit-adapter-for-petrel_9.3.2_June_2010_doc.zip,auto,false,tibco,general,,,,,
tibco-openspirit-arcgis-extension,2010.1.1,false,true,,2012-09-01,auto,auto,https://docs.tibco.com/pub/openspirit-arcgis-extension/2010.1.1-september-2012/doc/zip/tib_openspirit-arcgis-extension_2010.1.1-september-2012_doc.zip,auto,false,tibco,general,,,,,
tibco-openspirit-arcgis-extension,2010.1.0,false,true,,2012-08-15,auto,auto,https://docs.tibco.com/pub/openspirit-arcgis-extension/2010.1.0-august-2012/doc/zip/tib_openspirit-arcgis-extension_2010.1.0-august-2012_doc.zip,auto,false,tibco,general,,,,,
tibco-openspirit-arcgis-extension,2010.0.1,false,true,,2012-06-12,auto,auto,https://docs.tibco.com/pub/openspirit-arcgis-extension/2010.0.1-may-2012/doc/zip/tib_openspirit-arcgis-extension_2010.0.1-may-2012_doc.zip,auto,false,tibco,general,,,,,
tibco-openspirit-arcgis-extension,2010,false,true,,2011-07-13,auto,auto,https://docs.tibco.com/pub/openspirit-arcgis-extension/2010-march-2011/doc/zip/tib_openspirit-arcgis-extension_2010-march-2011_doc.zip,auto,false,tibco,general,,,,,
tibco-openspirit-connect-sub-surface-viewer,1.0.1,true,false,,2016-09-23,auto,auto,https://docs.tibco.com/pub/os-cb-ssvm/tibco-openspirit-connect-sub-surface-viewer-1-0-1_documentation.zip,auto,false,tibco,general,,,,,
tibco-openspirit-connect-sub-surface-viewer,1.0.0,true,false,,2014-10-24,auto,auto,https://docs.tibco.com/pub/os-cb-ssvm/tibco-openspirit-connect-sub-surface-viewer-1-0-0_documentation.zip,auto,false,tibco,general,,,,,
tibco-openspirit-copy-manager,2015.1.1,true,false,,2018-02-20,auto,auto,https://docs.tibco.com/pub/os-copy/tibco-openspirit-copy-manager-2015-1-1_documentation.zip,auto,false,tibco,general,,,,,
tibco-openspirit-copy-manager,2015.1.0,true,false,,2017-02-01,auto,auto,https://docs.tibco.com/pub/os-copy/tibco-openspirit-copy-manager-2015-1-0_documentation.zip,auto,false,tibco,general,,,,,
tibco-openspirit-copy-manager,2015.0.1,true,false,,2015-12-17,auto,auto,https://docs.tibco.com/pub/openspirit-copy-manager/tibco-openspirit-copy-manager-2015-0-1_documentation.zip,auto,false,tibco,general,,,,,
tibco-openspirit-copy-manager,2015.0.0,true,false,,2015-02-06,auto,auto,https://docs.tibco.com/pub/openspirit-copy-manager/tibco-openspirit-copy-manager-2015-0-0_documentation.zip,auto,false,tibco,general,,,,,
tibco-openspirit-copy-manager,2013.1.0,true,false,,2013-11-12,auto,auto,https://docs.tibco.com/pub/openspirit-copy-manager/tibco-openspirit-copy-manager-2013-1-0_documentation.zip,auto,false,tibco,general,,,,,
tibco-openspirit-copy-manager,2013.0.0,true,false,,2013-05-24,auto,auto,https://docs.tibco.com/pub/openspirit-copy-manager/tibco-openspirit-copy-manager-2013-0-0_documentation.zip,auto,false,tibco,general,,,,,
tibco-openspirit-copy-manager,2012.0.0,true,false,,2012-06-12,auto,auto,https://docs.tibco.com/pub/openspirit-copy-manager/tibco-openspirit-copy-manager-2012-0-0_documentation.zip,auto,false,tibco,general,,,,,
tibco-openspirit-copy-manager,2010,false,true,,2011-07-13,auto,auto,https://docs.tibco.com/pub/openspirit-copy-manager/2010-july-2010/doc/zip/tib_openspirit-copy-manager_2010-july-2010_doc.zip,auto,false,tibco,general,,,,,
tibco-openspirit-copy-rule-manager,2015.1.1,false,true,,2018-02-20,auto,auto,https://docs.tibco.com/pub/os-copy-rm/2015.1.1/doc/zip/tib_os-copy-rm_2015.1.1_doc.zip,auto,false,tibco,general,,,,,
tibco-openspirit-copy-rule-manager,2015.1.0,false,true,,2017-02-01,auto,auto,https://docs.tibco.com/pub/os-copy-rm/2015.1.0/doc/zip/tib_os-copy-rm_2015.1.0_doc.zip,auto,false,tibco,general,,,,,
tibco-openspirit-copy-rule-manager,2015.0.1,false,true,,2015-12-17,auto,auto,https://docs.tibco.com/pub/openspirit-copyrule/2015.0.1/doc/zip/tib_openspirit-copyrule_2015.0.1_doc.zip,auto,false,tibco,general,,,,,
tibco-openspirit-copy-rule-manager,2015.0.0,false,true,,2015-02-06,auto,auto,https://docs.tibco.com/pub/openspirit-copyrule/2015.0.0/doc/zip/tib_openspirit-copyrule_2015.0.0_doc.zip,auto,false,tibco,general,,,,,
tibco-openspirit-copy-rule-manager,2013.1.0,false,true,,2013-11-12,auto,auto,https://docs.tibco.com/pub/openspirit-copyrule/2013.1.0_November_2013/doc/zip/tib_openspirit-copyrule_2013.1.0_November_2013_doc.zip,auto,false,tibco,general,,,,,
tibco-openspirit-copy-rule-manager,2013.0.0,false,true,,2013-05-28,auto,auto,https://docs.tibco.com/pub/openspirit-copyrule/2013.0.0-may-2013/doc/zip/tib_openspirit-copyrule_2013.0.0-may-2013_doc.zip,auto,false,tibco,general,,,,,
tibco-openspirit-copy-rule-manager,2012.0.0,false,true,,2012-06-12,auto,auto,https://docs.tibco.com/pub/openspirit-copyrule/2012.0.0-march-2012/doc/zip/tib_openspirit-copyrule_2012.0.0-march-2012_doc.zip,auto,false,tibco,general,,,,,
tibco-openspirit-data-connector-for-epos,2.8.0,true,false,,1692835200000,auto,auto,https://docs.tibco.com/pub/os-dc-epos/tibco-openspirit-data-connector-for-epos-2-8-0_documentation.zip,auto,false,tibco,general,,,,,
tibco-openspirit-data-connector-for-epos,2.7.0,true,false,,2023-03-28,auto,auto,https://docs.tibco.com/pub/os-dc-epos/tibco-openspirit-data-connector-for-epos-2-7-0_documentation.zip,auto,false,tibco,general,,,,,
tibco-openspirit-data-connector-for-epos,2.6.0,true,false,,2019-02-28,auto,auto,https://docs.tibco.com/pub/os-dc-epos/tibco-openspirit-data-connector-for-epos-2-6-0_documentation.zip,auto,false,tibco,general,,,,,
tibco-openspirit-data-connector-for-epos,2.5.0,true,false,,2018-02-20,auto,auto,https://docs.tibco.com/pub/os-dc-epos/tibco-openspirit-data-connector-for-epos-2-5-0_documentation.zip,auto,false,tibco,general,,,,,
tibco-openspirit-data-connector-for-epos,2.4.0,true,false,,2017-07-26,auto,auto,https://docs.tibco.com/pub/os-dc-epos/tibco-openspirit-data-connector-for-epos-2-4-0_documentation.zip,auto,false,tibco,general,,,,,
tibco-openspirit-data-connector-for-epos,2.3.0,true,false,,2016-04-27,auto,auto,https://docs.tibco.com/pub/openspirit-data-connector-for-epos/tibco-openspirit-data-connector-for-epos-2-3-0_documentation.zip,auto,false,tibco,general,,,,,
tibco-openspirit-data-connector-for-epos,2.2.0,true,false,,2015-12-16,auto,auto,https://docs.tibco.com/pub/openspirit-data-connector-for-epos/tibco-openspirit-data-connector-for-epos-2-2-0_documentation.zip,auto,false,tibco,general,,,,,
tibco-openspirit-data-connector-for-epos,2.1.0,true,false,,2015-04-21,auto,auto,https://docs.tibco.com/pub/openspirit-data-connector-for-epos/tibco-openspirit-data-connector-for-epos-2-1-0_documentation.zip,auto,false,tibco,general,,,,,
tibco-openspirit-data-connector-for-epos,2.0.0,true,false,,2014-11-12,auto,auto,https://docs.tibco.com/pub/openspirit-data-connector-for-epos/tibco-openspirit-data-connector-for-epos-2-0-0_documentation.zip,auto,false,tibco,general,,,,,
tibco-openspirit-data-connector-for-epos,1.0.0,true,false,,2012-11-28,auto,auto,https://docs.tibco.com/pub/openspirit-data-connector-for-epos/tibco-openspirit-data-connector-for-epos-1-0-0_documentation.zip,auto,false,tibco,general,,,,,
tibco-openspirit-data-connector-for-geoframe,2.1.1,true,false,,2019-03-14,auto,auto,https://docs.tibco.com/pub/os-dc-geoframe/tibco-openspirit-data-connector-for-geoframe-2-1-1_documentation.zip,auto,false,tibco,general,,,,,
tibco-openspirit-data-connector-for-geoframe,2.1.0,true,false,,2018-02-20,auto,auto,https://docs.tibco.com/pub/os-dc-geoframe/tibco-openspirit-data-connector-for-geoframe-2-1-0_documentation.zip,auto,false,tibco,general,,,,,
tibco-openspirit-data-connector-for-geoframe,2.0.1,true,false,,2015-12-17,auto,auto,https://docs.tibco.com/pub/os-dc-geoframe/tibco-openspirit-data-connector-for-geoframe-2-0-1_documentation.zip,auto,false,tibco,general,,,,,
tibco-openspirit-data-connector-for-kingdom,2.9.0,true,false,,2024-05-15,auto,auto,https://docs.tibco.com/pub/os-dc-kingdom/tibco-openspirit-data-connector-for-kingdom-2-9-0_documentation.zip,auto,false,tibco,general,,,,,
tibco-openspirit-data-connector-for-kingdom,2.8.0,true,false,,2023-03-01,auto,auto,https://docs.tibco.com/pub/os-dc-kingdom/tibco-openspirit-data-connector-for-kingdom-2-8-0_documentation.zip,auto,false,tibco,general,,,,,
tibco-openspirit-data-connector-for-kingdom,2.7.0,true,false,,1608681600000,auto,auto,https://docs.tibco.com/pub/os-dc-kingdom/tibco-openspirit-data-connector-for-kingdom-2-7-0_documentation.zip,auto,false,tibco,general,,,,,
tibco-openspirit-data-connector-for-kingdom,2.6.0,true,false,,1583280000000,auto,auto,https://docs.tibco.com/pub/os-dc-kingdom/tibco-openspirit-data-connector-for-kingdom-2-6-0_documentation.zip,auto,false,tibco,general,,,,,
tibco-openspirit-data-connector-for-kingdom,2.5.0,true,false,,2019-01-03,auto,auto,https://docs.tibco.com/pub/os-dc-kingdom/tibco-openspirit-data-connector-for-kingdom-2-5-0_documentation.zip,auto,false,tibco,general,,,,,
tibco-openspirit-data-connector-for-kingdom,2.4.0,true,false,,2018-02-20,auto,auto,https://docs.tibco.com/pub/os-dc-kingdom/tibco-openspirit-data-connector-for-kingdom-2-4-0_documentation.zip,auto,false,tibco,general,,,,,
tibco-openspirit-data-connector-for-kingdom,2.3.0,true,false,,2017-08-17,auto,auto,https://docs.tibco.com/pub/os-dc-kingdom/tibco-openspirit-data-connector-for-kingdom-2-3-0_documentation.zip,auto,false,tibco,general,,,,,
tibco-openspirit-data-connector-for-kingdom,2.2.0,true,false,,2016-09-27,auto,auto,https://docs.tibco.com/pub/os-dc-kingdom/tibco-openspirit-data-connector-for-kingdom-2-2-0_documentation.zip,auto,false,tibco,general,,,,,
tibco-openspirit-data-connector-for-kingdom,2.1.1,true,false,,2015-12-16,auto,auto,https://docs.tibco.com/pub/os-dc-kingdom/tibco-openspirit-data-connector-for-kingdom-2-1-1_documentation.zip,auto,false,tibco,general,,,,,
tibco-openspirit-data-connector-for-kingdom,2.1.0,true,false,,2014-11-12,auto,auto,https://docs.tibco.com/pub/os-dc-kingdom/tibco-openspirit-data-connector-for-kingdom-2-1-0_documentation.zip,auto,false,tibco,general,,,,,
tibco-openspirit-data-connector-for-kingdom,2.0.0,true,false,,2014-10-24,auto,auto,https://docs.tibco.com/pub/os-dc-kingdom/tibco-openspirit-data-connector-for-kingdom-2-0-0_documentation.zip,auto,false,tibco,general,,,,,
tibco-openspirit-data-connector-for-openworks,2.6.2,true,false,,2024-03-03,auto,auto,https://docs.tibco.com/pub/os-dc-openworks/tibco-openspirit-data-connector-for-openworks-2-6-2_documentation.zip,auto,false,tibco,general,,,,,
tibco-openspirit-data-connector-for-openworks,2.6.1,true,false,,2023-03-21,auto,auto,https://docs.tibco.com/pub/os-dc-openworks/tibco-openspirit-data-connector-for-openworks-2-6-1_documentation.zip,auto,false,tibco,general,,,,,
tibco-openspirit-data-connector-for-openworks,2.6.0,true,false,,1608595200000,auto,auto,https://docs.tibco.com/pub/os-dc-openworks/tibco-openspirit-data-connector-for-openworks-2-6-0_documentation.zip,auto,false,tibco,general,,,,,
tibco-openspirit-data-connector-for-openworks,2.5.1,true,false,,2018-04-18,auto,auto,https://docs.tibco.com/pub/os-dc-openworks/tibco-openspirit-data-connector-for-openworks-2-5-1_documentation.zip,auto,false,tibco,general,,,,,
tibco-openspirit-data-connector-for-openworks,2.5.0,true,false,,2018-02-20,auto,auto,https://docs.tibco.com/pub/os-dc-openworks/tibco-openspirit-data-connector-for-openworks-2-5-0_documentation.zip,auto,false,tibco,general,,,,,
tibco-openspirit-data-connector-for-openworks,2.4.0,true,false,,2017-09-27,auto,auto,https://docs.tibco.com/pub/os-dc-openworks/tibco-openspirit-data-connector-for-openworks-2-4-0_documentation.zip,auto,false,tibco,general,,,,,
tibco-openspirit-data-connector-for-openworks,2.3.0,true,false,,2017-01-18,auto,auto,https://docs.tibco.com/pub/os_dc_openworks/tibco-openspirit-data-connector-for-openworks-2-3-0_documentation.zip,auto,false,tibco,general,,,,,
tibco-openspirit-data-connector-for-openworks,2.2.0,true,false,,2015-12-16,auto,auto,https://docs.tibco.com/pub/os_dc_openworks/tibco-openspirit-data-connector-for-openworks-2-2-0_documentation.zip,auto,false,tibco,general,,,,,
tibco-openspirit-data-connector-for-openworks,2.1.0,true,false,,2015-04-09,auto,auto,https://docs.tibco.com/pub/os_dc_openworks/tibco-openspirit-data-connector-for-openworks-2-1-0_documentation.zip,auto,false,tibco,general,,,,,
tibco-openspirit-data-connector-for-petra,2.4.0,true,false,,1586476800000,auto,auto,https://docs.tibco.com/pub/os-dc-petra/tibco-openspirit-data-connector-for-petra-2-4-0_documentation.zip,auto,false,tibco,general,,,,,
tibco-openspirit-data-connector-for-petra,2.3.0,true,false,,2018-02-20,auto,auto,https://docs.tibco.com/pub/os-dc-petra/tibco-openspirit-data-connector-for-petra-2-3-0_documentation.zip,auto,false,tibco,general,,,,,
tibco-openspirit-data-connector-for-petra,2.2.0,true,false,,2017-03-21,auto,auto,https://docs.tibco.com/pub/os-dc-petra/tibco-openspirit-data-connector-for-petra-2-2-0_documentation.zip,auto,false,tibco,general,,,,,
tibco-openspirit-data-connector-for-petra,2.1.0,true,false,,2015-12-17,auto,auto,https://docs.tibco.com/pub/os-dc-petra/tibco-openspirit-data-connector-for-petra-2-1-0_documentation.zip,auto,false,tibco,general,,,,,
tibco-openspirit-data-connector-for-ppdm,2.2.1,true,false,,2024-03-05,auto,auto,https://docs.tibco.com/pub/os-dc-ppdm/tibco-openspirit-data-connector-for-ppdm-2-2-1_documentation.zip,auto,false,tibco,general,,,,,
tibco-openspirit-data-connector-for-ppdm,2.2.0,true,false,,2018-02-20,auto,auto,https://docs.tibco.com/pub/os-dc-ppdm/tibco-openspirit-data-connector-for-ppdm-2-2-0_documentation.zip,auto,false,tibco,general,,,,,
tibco-openspirit-data-connector-for-ppdm,2.1.1,true,false,,2016-03-16,auto,auto,https://docs.tibco.com/pub/os-dc-ppdm/tibco-openspirit-data-connector-for-ppdm-2-1-1_documentation.zip,auto,false,tibco,general,,,,,
tibco-openspirit-data-connector-for-ppdm,2.1.0,true,false,,2015-12-17,auto,auto,https://docs.tibco.com/pub/os-dc-ppdm/tibco-openspirit-data-connector-for-ppdm-2-1-0_documentation.zip,auto,false,tibco,general,,,,,
tibco-openspirit-data-connector-for-recall,2.2.0,true,false,,2019-08-30,auto,auto,https://docs.tibco.com/pub/os-dc-recall/tibco-openspirit-data-connector-for-recall-2-2-0_documentation.zip,auto,false,tibco,general,,,,,
tibco-openspirit-data-connector-for-recall,2.1.0,true,false,,2018-02-20,auto,auto,https://docs.tibco.com/pub/os-dc-recall/tibco-openspirit-data-connector-for-recall-2-1-0_documentation.zip,auto,false,tibco,general,,,,,
tibco-openspirit-data-connector-for-recall,2.0.1,true,false,,2015-12-17,auto,auto,https://docs.tibco.com/pub/os-dc-recall/tibco-openspirit-data-connector-for-recall-2-0-1_documentation.zip,auto,false,tibco,general,,,,,
tibco-openspirit-data-connector-for-segy,2.2.0,true,false,,1519084800000,auto,auto,https://docs.tibco.com/pub/os-dc-segy/tibco-openspirit-data-connector-for-segy-2-2-0_documentation.zip,auto,false,tibco,general,,,,,
tibco-openspirit-data-connector-for-segy,2.1.0,true,false,,2017-02-09,auto,auto,https://docs.tibco.com/pub/os-dc-segy/tibco-openspirit-data-connector-for-segy-2-1-0_documentation.zip,auto,false,tibco,general,,,,,
tibco-openspirit-data-connector-for-segy,2.0.1,true,false,,2015-12-17,auto,auto,https://docs.tibco.com/pub/os-dc-segy/tibco-openspirit-data-connector-for-segy-2-0-1_documentation.zip,auto,false,tibco,general,,,,,
tibco-openspirit-data-connector-for-studio,3.12.1,true,false,,2024-03-03,auto,auto,https://docs.tibco.com/pub/os-dc-studio/tibco-openspirit-data-connector-for-studio-3-12-1_documentation.zip,auto,false,tibco,general,,,,,
tibco-openspirit-data-connector-for-studio,3.12.0,true,false,,2023-07-28,auto,auto,https://docs.tibco.com/pub/os-dc-studio/tibco-openspirit-data-connector-for-studio-3-12-0_documentation.zip,auto,false,tibco,general,,,,,
tibco-openspirit-data-connector-for-studio,3.11.0,true,false,,2023-03-09,auto,auto,https://docs.tibco.com/pub/os-dc-studio/tibco-openspirit-data-connector-for-studio-3-11-0_documentation.zip,auto,false,tibco,general,,,,,
tibco-openspirit-data-connector-for-studio,3.10.0,true,false,,1600128000000,auto,auto,https://docs.tibco.com/pub/os-dc-studio/tibco-openspirit-data-connector-for-studio-3-10-0_documentation.zip,auto,false,tibco,general,,,,,
tibco-openspirit-data-connector-for-studio,3.9.0,true,false,,2019-07-03,auto,auto,https://docs.tibco.com/pub/os-dc-studio/tibco-openspirit-data-connector-for-studio-3-9-0_documentation.zip,auto,false,tibco,general,,,,,
tibco-openspirit-data-connector-for-studio,3.8.0,true,false,,1542585600000,auto,auto,https://docs.tibco.com/pub/os-dc-studio/tibco-openspirit-data-connector-for-studio-3-8-0_documentation.zip,auto,false,tibco,general,,,,,
tibco-openspirit-data-connector-for-studio,3.7.0,true,false,,2018-02-20,auto,auto,https://docs.tibco.com/pub/os-dc-studio/tibco-openspirit-data-connector-for-studio-3-7-0_documentation.zip,auto,false,tibco,general,,,,,
tibco-openspirit-data-connector-for-studio,3.6.0,true,false,,2017-11-01,auto,auto,https://docs.tibco.com/pub/os-dc-studio/tibco-openspirit-data-connector-for-studio-3-6-0_documentation.zip,auto,false,tibco,general,,,,,
tibco-openspirit-data-connector-for-studio,3.5.1,true,false,,2017-05-12,auto,auto,https://docs.tibco.com/pub/os-dc-studio/tibco-openspirit-data-connector-for-studio-3-5-1_documentation.zip,auto,false,tibco,general,,,,,
tibco-openspirit-data-connector-for-studio,3.5.0,true,false,,2017-01-31,auto,auto,https://docs.tibco.com/pub/os-dc-studio/tibco-openspirit-data-connector-for-studio-3-5-0_documentation.zip,auto,false,tibco,general,,,,,
tibco-openspirit-data-connector-for-studio,3.4.1,true,false,,2016-09-20,auto,auto,https://docs.tibco.com/pub/openspirit-data-connector-for-studio-knowledge/tibco-openspirit-data-connector-for-studio-3-4-1_documentation.zip,auto,false,tibco,general,,,,,
tibco-openspirit-data-connector-for-studio,3.4.0,true,false,,2015-12-17,auto,auto,https://docs.tibco.com/pub/openspirit-data-connector-for-studio-knowledge/tibco-openspirit-data-connector-for-studio-3-4-0_documentation.zip,auto,false,tibco,general,,,,,
tibco-openspirit-data-connector-for-studio,3.3.0,true,false,,2015-06-02,auto,auto,https://docs.tibco.com/pub/openspirit-data-connector-for-studio-knowledge/tibco-openspirit-data-connector-for-studio-3-3-0_documentation.zip,auto,false,tibco,general,,,,,
tibco-openspirit-data-connector-for-studio,3.2.0,true,false,,2014-11-12,auto,auto,https://docs.tibco.com/pub/openspirit-data-connector-for-studio-knowledge/tibco-openspirit-data-connector-for-studio-3-2-0_documentation.zip,auto,false,tibco,general,,,,,
tibco-openspirit-data-connector-for-studio,3.1.0,true,false,,2013-12-17,auto,auto,https://docs.tibco.com/pub/openspirit-data-connector-for-studio-knowledge/tibco-openspirit-data-connector-for-studio-3-1-0_documentation.zip,auto,false,tibco,general,,,,,
tibco-openspirit-data-connector-for-studio,3.0.0,true,false,,2013-09-02,auto,auto,https://docs.tibco.com/pub/openspirit-data-connector-for-studio-knowledge/tibco-openspirit-data-connector-for-studio-3-0-0_documentation.zip,auto,false,tibco,general,,,,,
tibco-openspirit-data-connector-for-studio,2.0.0,false,true,,2013-03-05,auto,auto,https://docs.tibco.com/pub/openspirit-data-connector-for-studio-knowledge/2.0.0-march-2013/doc/zip/tib_openspirit-data-connector-for-studio-knowledge_2.0.0-march-2013_doc.zip,auto,false,tibco,general,,,,,
tibco-openspirit-data-connector-for-studio,1.0.0,false,true,,2012-11-28,auto,auto,https://docs.tibco.com/pub/openspirit-data-connector-for-studio-knowledge/1.0.0-november-2012/doc/zip/tib_openspirit-data-connector-for-studio-knowledge_1.0.0-november-2012_doc.zip,auto,false,tibco,general,,,,,
tibco-openspirit-developer-kit,4.3.0,true,false,,2018-02-21,auto,auto,https://docs.tibco.com/pub/os-sdk/tibco-openspirit-developer-kit-4-3-0_documentation.zip,auto,false,tibco,general,,,,,
tibco-openspirit-developer-kit,4.2.0,true,false,,2015-12-16,auto,auto,https://docs.tibco.com/pub/openspirit-developer-kit/tibco-openspirit-developer-kit-4-2-0_documentation.zip,auto,false,tibco,general,,,,,
tibco-openspirit-developer-kit,4.1.0,true,false,,2014-11-12,auto,auto,https://docs.tibco.com/pub/openspirit-developer-kit/tibco-openspirit-developer-kit-4-1-0_documentation.zip,auto,false,tibco,general,,,,,
tibco-openspirit-extension-for-arcgis,2019.0.0,true,false,,1569196800000,auto,auto,https://docs.tibco.com/pub/os-arc/tibco-openspirit-extension-for-arcgis-2019-0-0_documentation.zip,auto,false,tibco,general,,,,,
tibco-openspirit-extension-for-arcgis,2018.0.0,true,false,,1528934400000,auto,auto,https://docs.tibco.com/pub/os-arc/tibco-openspirit-extension-for-arcgis-2018-0-0_documentation.zip,auto,false,tibco,general,,,,,
tibco-openspirit-extension-for-arcgis,2015.1.0,true,false,,1519084800000,auto,auto,https://docs.tibco.com/pub/os-arc/tibco-openspirit-extension-for-arcgis-2015-1-0_documentation.zip,auto,false,tibco,general,,,,,
tibco-openspirit-extension-for-arcgis,2015.0.0,true,false,,2015-02-03,auto,auto,https://docs.tibco.com/pub/os-arc/tibco-openspirit-extension-for-arcgis-2015-0-0_documentation.zip,auto,false,tibco,general,,,,,
tibco-openspirit-runtime,4.3.1,true,false,,2024-03-05,auto,auto,https://docs.tibco.com/pub/os-rt/tibco-openspirit-runtime-4-3-1_documentation.zip,auto,false,tibco,general,,,,,
tibco-openspirit-runtime,4.3.0,true,false,,2018-02-20,auto,auto,https://docs.tibco.com/pub/os-rt/tibco-openspirit-runtime-4-3-0_documentation.zip,auto,false,tibco,general,,,,,
tibco-openspirit-runtime,4.2.0,true,false,,2015-12-16,auto,auto,https://docs.tibco.com/pub/openspirit-runtime/tibco-openspirit-runtime-4-2-0_documentation.zip,auto,false,tibco,general,,,,,
tibco-openspirit-runtime,4.1.0,true,false,,2014-11-13,auto,auto,https://docs.tibco.com/pub/openspirit-runtime/tibco-openspirit-runtime-4-1-0_documentation.zip,auto,false,tibco,general,,,,,
tibco-openspirit-runtime,4.0.3,true,false,,2013-05-24,auto,auto,https://docs.tibco.com/pub/openspirit-runtime/tibco-openspirit-runtime-4-0-3_documentation.zip,auto,false,tibco,general,,,,,
tibco-openspirit-runtime,4.0.2,true,false,,2013-02-28,auto,auto,https://docs.tibco.com/pub/openspirit-runtime/tibco-openspirit-runtime-4-0-2_documentation.zip,auto,false,tibco,general,,,,,
tibco-openspirit-runtime,4.0.1,true,false,,2012-08-20,auto,auto,https://docs.tibco.com/pub/openspirit-runtime/tibco-openspirit-runtime-4-0-1_documentation.zip,auto,false,tibco,general,,,,,
tibco-openspirit-runtime,4.0.0,true,false,,2012-06-12,auto,auto,https://docs.tibco.com/pub/openspirit-runtime/tibco-openspirit-runtime-4-0-0_documentation.zip,auto,false,tibco,general,,,,,
tibco-openspirit-runtime,3.2.3,true,false,,2011-07-13,auto,auto,https://docs.tibco.com/pub/openspirit-runtime/tibco-openspirit-runtime-3-2-3_documentation.zip,auto,false,tibco,general,,,,,
tibco-openspirit-runtime,3.2.2,true,false,,2013-10-08,auto,auto,https://docs.tibco.com/pub/openspirit-runtime/tibco-openspirit-runtime-3-2-2_documentation.zip,auto,false,tibco,general,,,,,
tibco-openspirit-runtime,3.1.5,true,false,,2013-10-08,auto,auto,https://docs.tibco.com/pub/openspirit-runtime/tibco-openspirit-runtime-3-1-5_documentation.zip,auto,false,tibco,general,,,,,
tibco-openspirit-scan-for-studio,9.0.0,true,false,,2020-06-30,auto,auto,https://docs.tibco.com/pub/os-scan-studio/tibco-openspirit-scan-for-studio-9-0-0_documentation.zip,auto,false,tibco,general,,,,,
tibco-openspirit-scan-for-studio,8.0.0,true,false,,2019-06-03,auto,auto,https://docs.tibco.com/pub/os-scan-studio/tibco-openspirit-scan-for-studio-8-0-0_documentation.zip,auto,false,tibco,general,,,,,
tibco-openspirit-scan-for-studio,7.0.0,true,false,,1542067200000,auto,auto,https://docs.tibco.com/pub/os-scan-studio/tibco-openspirit-scan-for-studio-7-0-0_documentation.zip,auto,false,tibco,general,,,,,
tibco-openspirit-scan-for-studio,6.0.0,false,true,,2017-07-21,auto,auto,https://docs.tibco.com/pub/os-scan-studio/6.0.0/doc/zip/tib_os-scan-studio_6.0.0_doc.zip,auto,false,tibco,general,,,,,
tibco-openspirit-scan-for-studio,5.0.0,false,true,,2016-08-19,auto,auto,https://docs.tibco.com/pub/openspirit-scan-studio-find/5.0.0/doc/zip/tib_openspirit-scan-studio-find_5.0.0_doc.zip,auto,false,tibco,general,,,,,
tibco-openspirit-scan-for-studio,4.0.0,true,false,,2015-09-10,auto,auto,https://docs.tibco.com/pub/openspirit-scan-studio-find/tibco-openspirit-scan-for-studio-4-0-0_documentation.zip,auto,false,tibco,general,,,,,
tibco-openspirit-scan-for-studio,3.0.0,true,false,,2014-09-05,auto,auto,https://docs.tibco.com/pub/openspirit-scan-studio-find/tibco-openspirit-scan-for-studio-3-0-0_documentation.zip,auto,false,tibco,general,,,,,
tibco-openspirit-scan-for-studio,2.0.0,true,false,,2013-08-12,auto,auto,https://docs.tibco.com/pub/openspirit-scan-studio-find/tibco-openspirit-scan-for-studio-2-0-0_documentation.zip,auto,false,tibco,general,,,,,
tibco-openspirit-scan-for-studio,1.0.0,true,false,,2012-08-20,auto,auto,https://docs.tibco.com/pub/openspirit-scan-studio-find/tibco-openspirit-scan-for-studio-1-0-0_documentation.zip,auto,false,tibco,general,,,,,
tibco-openspirit-scan-utility,2018.0.1,true,false,,2024-03-07,auto,auto,https://docs.tibco.com/pub/os-scan/tibco-openspirit-scan-utility-2018-0-1_documentation.zip,auto,false,tibco,general,,,,,
tibco-openspirit-scan-utility,2018.0.0,true,false,,2019-02-13,auto,auto,https://docs.tibco.com/pub/os-scan/tibco-openspirit-scan-utility-2018-0-0_documentation.zip,auto,false,tibco,general,,,,,
tibco-openspirit-scan-utility,2016.1.0,true,false,,2018-02-20,auto,auto,https://docs.tibco.com/pub/os-scan/tibco-openspirit-scan-utility-2016-1-0_documentation.zip,auto,false,tibco,general,,,,,
tibco-openspirit-scan-utility,2016.0.0,true,false,,2016-05-24,auto,auto,https://docs.tibco.com/pub/openspirit-scan-utility/tibco-openspirit-scan-utility-2016-0-0_documentation.zip,auto,false,tibco,general,,,,,
tibco-openspirit-scan-utility,2013.0.0,true,false,,2014-02-12,auto,auto,https://docs.tibco.com/pub/openspirit-scan-utility/tibco-openspirit-scan-utility-2013-0-0_documentation.zip,auto,false,tibco,general,,,,,
tibco-openspirit-scan-utility,2011.0.1,true,false,,2012-10-01,auto,auto,https://docs.tibco.com/pub/openspirit-scan-utility/tibco-openspirit-scan-utility-2011-0-1_documentation.zip,auto,false,tibco,general,,,,,
tibco-openspirit-scan-utility,2011.0.0,true,false,,2012-06-12,auto,auto,https://docs.tibco.com/pub/openspirit-scan-utility/tibco-openspirit-scan-utility-2011-0-0_documentation.zip,auto,false,tibco,general,,,,,
tibco-openspirit-web-server-2008,2008,false,true,,2011-07-13,auto,auto,https://docs.tibco.com/pub/openspirit-web-server/2008-december-2008/doc/zip/tib_openspirit-web-server_2008-december-2008_doc.zip,auto,false,tibco,general,,,,,
tibco-openspirit-web-services,1.0.0,false,true,,2016-09-16,auto,auto,https://docs.tibco.com/pub/ospws/1.0.0/doc/zip/tib_ospws_1.0.0_doc.zip,auto,false,tibco,general,,,,,
tibco-orchestra-networks,Networks,false,true,,2019-01-11,auto,auto,https://docs.tibco.com/pub/orchestra-networks/Networks/doc/zip/tib_orchestra-networks_Networks_doc.zip,auto,false,tibco,general,,,,,
tibco-partnerexpress,6.2.2,true,false,,2021-10-29,auto,auto,https://docs.tibco.com/pub/bcpx/tibco-partnerexpress-6-2-2_documentation.zip,auto,false,tibco,general,,,,,
tibco-partnerexpress,6.2.1,true,false,,2020-11-30,auto,auto,https://docs.tibco.com/pub/bcpx/tibco-partnerexpress-6-2-1_documentation.zip,auto,false,tibco,general,,,,,
tibco-partnerexpress,6.2.0,true,false,,2020-07-08,auto,auto,https://docs.tibco.com/pub/bcpx/tibco-partnerexpress-6-2-0_documentation.zip,auto,false,tibco,general,,,,,
tibco-partnerexpress,6.1.0,true,false,,2015-10-19,auto,auto,https://docs.tibco.com/pub/bcpx/tibco-partnerexpress-6-1-0_documentation.zip,auto,false,tibco,general,,,,,
tibco-partnerexpress,6.0.0,false,true,,2011-11-17,auto,auto,https://docs.tibco.com/pub/partnerexpress/6.0.0-november-2011/doc/zip/tib_partnerexpress_6.0.0-november-2011_doc.zip,auto,false,tibco,general,,,,,
tibco-patterns,6.2.0,false,true,,2026-03-24,auto,auto,https://docs.tibco.com/pub/tps/6.2.0/doc/zip/tib_tps_6.2.0_doc.zip,auto,false,tibco,general,,,,,
tibco-patterns,6.1.2,false,true,,2024-06-04,auto,auto,https://docs.tibco.com/pub/tps/6.1.2/doc/zip/tib_tps_6.1.2_doc.zip,auto,false,tibco,general,,,,,
tibco-patterns,6.1.1,false,true,,1696464000000,auto,auto,https://docs.tibco.com/pub/tps/6.1.1/doc/zip/tib_tps_6.1.1_doc.zip,auto,false,tibco,general,,,,,
tibco-patterns,6.1.0,false,true,,2023-03-23,auto,auto,https://docs.tibco.com/pub/tps/6.1.0/doc/zip/tib_tps_6.1.0_doc.zip,auto,false,tibco,general,,,,,
tibco-patterns,6.0.0,false,true,,2022-12-05,auto,auto,https://docs.tibco.com/pub/tps/6.0.0/doc/zip/tib_tps_6.0.0_doc.zip,auto,false,tibco,general,,,,,
tibco-patterns,5.7.1,true,false,,2022-01-17,auto,auto,https://docs.tibco.com/pub/tps/tibco-patterns-search-5-7-1_documentation.zip,auto,false,tibco,general,,,,,
tibco-patterns,5.7.0,true,false,,2021-10-18,auto,auto,https://docs.tibco.com/pub/tps/tibco-patterns-search-5-7-0_documentation.zip,auto,false,tibco,general,,,,,
tibco-patterns,5.6.0,true,false,,1594166400000,auto,auto,https://docs.tibco.com/pub/tps/tibco-patterns-search-5-6-0_documentation.zip,auto,false,tibco,general,,,,,
tibco-patterns,5.5.0,true,false,,1543276800000,auto,auto,https://docs.tibco.com/pub/tps/tibco-patterns-search-5-5-0_documentation.zip,auto,false,tibco,general,,,,,
tibco-patterns,5.4.0,true,false,,2017-10-05,auto,auto,https://docs.tibco.com/pub/tps/tibco-patterns-search-5-4-0_documentation.zip,auto,false,tibco,general,,,,,
tibco-patterns,5.3.0,true,false,,2016-05-11,auto,auto,https://docs.tibco.com/pub/tps/tibco-patterns-search-5-3-0_documentation.zip,auto,false,tibco,general,,,,,
tibco-patterns,5.2.0,true,false,,2015-05-07,auto,auto,https://docs.tibco.com/pub/tps/tibco-patterns-search-5-2-0_documentation.zip,auto,false,tibco,general,,,,,
tibco-patterns,5.1.0,true,false,,2014-10-02,auto,auto,https://docs.tibco.com/pub/tps/tibco-patterns-search-5-1-0_documentation.zip,auto,false,tibco,general,,,,,
tibco-patterns,5.0.0,true,false,,2013-02-15,auto,auto,https://docs.tibco.com/pub/patterns/tibco-patterns-5-0-0_documentation.zip,auto,false,tibco,general,,,,,
tibco-patterns,4.5.1,true,false,,2011-10-11,auto,auto,https://docs.tibco.com/pub/patterns/tibco-patterns-4-5-1_documentation.zip,auto,false,tibco,general,,,,,
tibco-platform,1.1.0,false,true,,2024-09-25,auto,auto,https://docs.tibco.com/pub/tp/1.1.0/doc/zip/tib_tp_1.1.0_doc.zip,auto,false,tibco,general,,,,,
tibco-platform,1.0.0,false,true,,2024-06-14,auto,auto,https://docs.tibco.com/pub/tp/1.0.0/doc/zip/tib_tp_1.0.0_doc.zip,auto,false,tibco,general,,,,,
tibco-platform-add-on-for-business-process-management,1.0.0,false,true,,1718064000000,auto,auto,https://docs.tibco.com/pub/tp-bpm/1.0.0/doc/zip/tib_tp-bpm_1.0.0_doc.zip,auto,false,tibco,general,,,,,
tibco-platform-add-on-for-event-processing,1.9.0,false,true,,2025-07-29,auto,auto,https://docs.tibco.com/pub/tp-ep/1.9.0/doc/zip/tib_tp-ep_1.9.0_doc.zip,auto,false,tibco,general,,,,,
tibco-platform-add-on-for-event-processing,1.8.0,false,true,,2025-07-01,auto,auto,https://docs.tibco.com/pub/tp-ep/1.8.0/doc/zip/tib_tp-ep_1.8.0_doc.zip,auto,false,tibco,general,,,,,
tibco-platform-add-on-for-event-processing,1.7.0,false,true,,2025-05-29,auto,auto,https://docs.tibco.com/pub/tp-ep/1.7.0/doc/zip/tib_tp-ep_1.7.0_doc.zip,auto,false,tibco,general,,,,,
tibco-platform-add-on-for-event-processing,1.4.0,false,true,,1738540800000,auto,auto,https://docs.tibco.com/pub/tp-ep/1.4.0/doc/zip/tib_tp-ep_1.4.0_doc.zip,auto,false,tibco,general,,,,,
tibco-platform-add-on-for-event-processing,1.3.0,false,true,,1726704000000,auto,auto,https://docs.tibco.com/pub/tp-ep/1.3.0/doc/zip/tib_tp-ep_1.3.0_doc.zip,auto,false,tibco,general,,,,,
tibco-platform-add-on-for-event-processing,1.0.0,false,true,,1718064000000,auto,auto,https://docs.tibco.com/pub/tp-ep/1.0.0/doc/zip/tib_tp-ep_1.0.0_doc.zip,auto,false,tibco,general,,,,,
tibco-platform-command-line-interface,1.2.0,false,true,,2025-09-26,auto,auto,https://docs.tibco.com/pub/tibco-platform-cli/1.2.0/doc/zip/tib_tibco-platform-cli_1.2.0_doc.zip,auto,false,tibco,general,,,,,
tibco-platform-command-line-interface,1.1.0,false,true,,2025-08-21,auto,auto,https://docs.tibco.com/pub/tibco-platform-cli/1.1.0/doc/zip/tib_tibco-platform-cli_1.1.0_doc.zip,auto,false,tibco,general,,,,,
tibco-product-and-service-inventory-2-1-0,2.1.0,false,true,,2022-08-12,auto,auto,https://docs.tibco.com/pub/fsi/2.1.0/doc/zip/tib_fsi_2.1.0_doc.zip,auto,false,tibco,general,,,,,
tibco-red-enabled-for-ziip,3.1.0,false,true,,2026-02-10,auto,auto,https://docs.tibco.com/pub/mfred-ziip/3.1.0/doc/zip/tib_mfred-ziip_3.1.0_doc.zip,auto,false,tibco,general,,,,,
tibco-red-enabled-for-ziip,2.5.0,true,false,,2019-08-13,auto,auto,https://docs.tibco.com/pub/mfred-ziip/tibco-red-enabled-for-ziip-2-5-0_documentation.zip,auto,false,tibco,general,,,,,
tibco-red-enabled-for-ziip,2.4.0,true,false,,1531008000000,auto,auto,https://docs.tibco.com/pub/mfred-ziip/tibco-red-enabled-for-ziip-2-4-0_documentation.zip,auto,false,tibco,general,,,,,
tibco-red-enabled-for-ziip,2.3.0,true,false,,2016-05-24,auto,auto,https://docs.tibco.com/pub/mfred-ziip/tibco-red-enabled-for-ziip-2-3-0_documentation.zip,auto,false,tibco,general,,,,,
tibco-red-enabled-for-ziip,2.2.0,true,false,,2015-06-15,auto,auto,https://docs.tibco.com/pub/mfred-ziip/tibco-red-enabled-for-ziip-2-2-0_documentation.zip,auto,false,tibco,general,,,,,
tibco-red-enabled-for-ziip,2.1.0,true,false,,2015-03-26,auto,auto,https://docs.tibco.com/pub/mfred-ziip/tibco-red-enabled-for-ziip-2-1-0_documentation.zip,auto,false,tibco,general,,,,,
tibco-red-enabled-for-ziip,1.0.0,true,false,,2014-12-17,auto,auto,https://docs.tibco.com/pub/mfred-ziip/tibco-red-enabled-for-ziip-1-0-0_documentation.zip,auto,false,tibco,general,,,,,
tibco-reward,22.3.0,false,true,,2022-08-09,auto,auto,https://docs.tibco.com/pub/loyalty/22.3.0/doc/zip/tib_loyalty_22.3.0_doc.zip,auto,false,tibco,general,,,,,
tibco-reward,22.2.0,false,true,,2022-05-10,auto,auto,https://docs.tibco.com/pub/loyalty/22.2.0/doc/zip/tib_loyalty_22.2.0_doc.zip,auto,false,tibco,general,,,,,
tibco-reward,21.4.0,false,true,,2021-10-26,auto,auto,https://docs.tibco.com/pub/loyalty/21.4.0/doc/zip/tib_loyalty_21.4.0_doc.zip,auto,false,tibco,general,,,,,
tibco-reward,21.3.0,false,true,,2021-08-10,auto,auto,https://docs.tibco.com/pub/loyalty/21.3.0/doc/zip/tib_loyalty_21.3.0_doc.zip,auto,false,tibco,general,,,,,
tibco-reward,21.2.0,false,true,,1620691200000,auto,auto,https://docs.tibco.com/pub/loyalty/21.2.0/doc/zip/tib_loyalty_21.2.0_doc.zip,auto,false,tibco,general,,,,,
tibco-reward,21.1.0,false,true,,2021-02-23,auto,auto,https://docs.tibco.com/pub/loyalty/21.1.0/doc/zip/tib_loyalty_21.1.0_doc.zip,auto,false,tibco,general,,,,,
tibco-reward,20.3.0,false,true,,2020-08-05,auto,auto,https://docs.tibco.com/pub/loyalty/20.3.0/doc/zip/tib_loyalty_20.3.0_doc.zip,auto,false,tibco,general,,,,,
tibco-reward,20.2.0,false,true,,1589328000000,auto,auto,https://docs.tibco.com/pub/loyalty/20.2.0/doc/zip/tib_loyalty_20.2.0_doc.zip,auto,false,tibco,general,,,,,
tibco-reward,20.1.0,false,true,,1613347200000,auto,auto,https://docs.tibco.com/pub/loyalty/20.1.0/doc/zip/tib_loyalty_20.1.0_doc.zip,auto,false,tibco,general,,,,,
tibco-reward,19.4.0,false,true,,1572825600000,auto,auto,https://docs.tibco.com/pub/loyalty/19.4.0/doc/zip/tib_loyalty_19.4.0_doc.zip,auto,false,tibco,general,,,,,
tibco-reward,19.3.1,false,true,,1567468800000,auto,auto,https://docs.tibco.com/pub/loyalty/19.3.1/doc/zip/tib_loyalty_19.3.1_doc.zip,auto,false,tibco,general,,,,,
tibco-reward,19.3.0,false,true,,1565222400000,auto,auto,https://docs.tibco.com/pub/loyalty/19.3.0/doc/zip/tib_loyalty_19.3.0_doc.zip,auto,false,tibco,general,,,,,
tibco-reward,19.2.0,false,true,,1557792000000,auto,auto,https://docs.tibco.com/pub/loyalty/19.2.0/doc/zip/tib_loyalty_19.2.0_doc.zip,auto,false,tibco,general,,,,,
tibco-reward,19.1.1,false,true,,2019-03-05,auto,auto,https://docs.tibco.com/pub/loyalty/19.1.1/doc/zip/tib_loyalty_19.1.1_doc.zip,auto,false,tibco,general,,,,,
tibco-reward,19.1.0,false,true,,2019-01-25,auto,auto,https://docs.tibco.com/pub/loyalty/19.1.0/doc/zip/tib_loyalty_19.1.0_doc.zip,auto,false,tibco,general,,,,,
tibco-reward,18.4.0,false,true,,1539302400000,auto,auto,https://docs.tibco.com/pub/loyalty/18.4.0/doc/zip/tib_loyalty_18.4.0_doc.zip,auto,false,tibco,general,,,,,
tibco-reward,18.3.1,false,true,,1536192000000,auto,auto,https://docs.tibco.com/pub/loyalty/18.3.1/doc/zip/tib_loyalty_18.3.1_doc.zip,auto,false,tibco,general,,,,,
tibco-reward,18.3.0,false,true,,1532390400000,auto,auto,https://docs.tibco.com/pub/loyalty/18.3.0/doc/zip/tib_loyalty_18.3.0_doc.zip,auto,false,tibco,general,,,,,
tibco-reward,18.2.0,false,true,,1525737600000,auto,auto,https://docs.tibco.com/pub/loyalty/18.2.0/doc/zip/tib_loyalty_18.2.0_doc.zip,auto,false,tibco,general,,,,,
tibco-reward,18.1.0,false,true,,2018-02-06,auto,auto,https://docs.tibco.com/pub/loyalty/18.1.0/doc/zip/tib_loyalty_18.1.0_doc.zip,auto,false,tibco,general,,,,,
tibco-reward,17.4.1,false,true,,2017-11-10,auto,auto,https://docs.tibco.com/pub/loyalty/17.4.1/doc/zip/tib_loyalty_17.4.1_doc.zip,auto,false,tibco,general,,,,,
tibco-reward,17.4.0,false,true,,2022-08-09,auto,auto,https://docs.tibco.com/pub/loyalty/17.4.0/doc/zip/tib_loyalty_17.4.0_doc.zip,auto,false,tibco,general,,,,,
tibco-reward,17.3.0,false,true,,1502841600000,auto,auto,https://docs.tibco.com/pub/loyalty/17.3.0/doc/zip/tib_loyalty_17.3.0_doc.zip,auto,false,tibco,general,,,,,
tibco-reward,17.2.2,false,true,,1498176000000,auto,auto,https://docs.tibco.com/pub/loyalty/17.2.2/doc/zip/tib_loyalty_17.2.2_doc.zip,auto,false,tibco,general,,,,,
tibco-reward,17.2.1,true,false,,2021-11-23,auto,auto,https://docs.tibco.com/pub/loyalty/tibco-reward-17-2-1_documentation.zip,auto,false,tibco,general,,,,,
tibco-reward,17.2.0,false,true,,1494547200000,auto,auto,https://docs.tibco.com/pub/loyalty/17.2.0/doc/zip/tib_loyalty_17.2.0_doc.zip,auto,false,tibco,general,,,,,
tibco-reward,17.1.0,false,true,,2017-02-23,auto,auto,https://docs.tibco.com/pub/loyalty/17.1.0/doc/zip/tib_loyalty_17.1.0_doc.zip,auto,false,tibco,general,,,,,
tibco-reward,16.4.0,false,true,,2016-11-24,auto,auto,https://docs.tibco.com/pub/loyalty/16.4.0/doc/zip/tib_loyalty_16.4.0_doc.zip,auto,false,tibco,general,,,,,
tibco-reward,16.3.0,false,true,,2022-08-09,auto,auto,https://docs.tibco.com/pub/loyalty/16.3.0/doc/zip/tib_loyalty_16.3.0_doc.zip,auto,false,tibco,general,,,,,
tibco-reward,16.2.0,false,true,,2016-05-19,auto,auto,https://docs.tibco.com/pub/loyalty/16.2.0/doc/zip/tib_loyalty_16.2.0_doc.zip,auto,false,tibco,general,,,,,
tibco-reward,16.1.0,false,true,,2016-02-24,auto,auto,https://docs.tibco.com/pub/loyalty/16.1.0/doc/zip/tib_loyalty_16.1.0_doc.zip,auto,false,tibco,general,,,,,
tibco-reward,15.4.0,true,false,,2021-11-25,auto,auto,https://docs.tibco.com/pub/loyalty/tibco-reward-15-4-0_documentation.zip,auto,false,tibco,general,,,,,
tibco-reward,15.3.0,true,false,,2021-11-23,auto,auto,https://docs.tibco.com/pub/loyalty_lab/tibco-reward-15-3-0_documentation.zip,auto,false,tibco,general,,,,,
tibco-reward,15.2.0,true,false,,2021-11-25,auto,auto,https://docs.tibco.com/pub/loyalty_lab/tibco-reward-15-2-0_documentation.zip,auto,false,tibco,general,,,,,
tibco-reward,14.3.0,true,false,,2021-11-25,auto,auto,https://docs.tibco.com/pub/loyalty_lab/tibco-loyalty-lab-reward-14-3-0_documentation.zip,auto,false,tibco,general,,,,,
tibco-reward,14.2.0,true,false,,2021-11-25,auto,auto,https://docs.tibco.com/pub/loyalty_lab/tibco-loyalty-lab-reward-14-2-0_documentation.zip,auto,false,tibco,general,,,,,
tibco-reward,14.1.0,true,false,,2021-11-25,auto,auto,https://docs.tibco.com/pub/loyalty_lab/tibco-loyalty-lab-reward-14-1-0_documentation.zip,auto,false,tibco,general,,,,,
tibco-reward,13.3.0,true,false,,2021-11-25,auto,auto,https://docs.tibco.com/pub/loyalty_lab/tibco-loyalty-lab-reward-13-3-0_documentation.zip,auto,false,tibco,general,,,,,
tibco-reward,13.2.0,true,false,,2021-11-25,auto,auto,https://docs.tibco.com/pub/loyalty_lab/tibco-loyalty-lab-reward-13-2-0_documentation.zip,auto,false,tibco,general,,,,,
tibco-reward,13.1.0,true,false,,2021-11-25,auto,auto,https://docs.tibco.com/pub/loyalty_lab/tibco-loyalty-lab-reward-13-1-0_documentation.zip,auto,false,tibco,general,,,,,
tibco-reward,12.3.0,true,false,,2021-11-25,auto,auto,https://docs.tibco.com/pub/loyalty_lab/tibco-loyalty-lab-reward-12-3-0_documentation.zip,auto,false,tibco,general,,,,,
tibco-reward,12.2.0,true,false,,2021-11-25,auto,auto,https://docs.tibco.com/pub/loyalty_lab/tibco-loyalty-lab-reward-12-2-0_documentation.zip,auto,false,tibco,general,,,,,
tibco-rtview,7.6.0,false,true,,2024-12-06,auto,auto,https://docs.tibco.com/pub/rtview/7.6.0/doc/zip/tib_rtview_7.6.0_doc.zip,auto,false,tibco,general,,,,,
tibco-rtview,7.5.0,false,true,,1710460800000,auto,auto,https://docs.tibco.com/pub/rtview/7.5.0/doc/zip/tib_rtview_7.5.0_doc.zip,auto,false,tibco,general,,,,,
tibco-rtview,7.1.0,false,true,,1533600000000,auto,auto,https://docs.tibco.com/pub/rtview/7.1.0/doc/zip/tib_rtview_7.1.0_doc.zip,auto,false,tibco,general,,,,,
tibco-rtview,7.0.0,false,true,,1529280000000,auto,auto,https://docs.tibco.com/pub/rtview/7.0.0/doc/zip/tib_rtview_7.0.0_doc.zip,auto,false,tibco,general,,,,,
tibco-rtview,6.9.0,false,true,,2017-02-16,auto,auto,https://docs.tibco.com/pub/rtview/6.9.0/doc/zip/tib_rtview_6.9.0_doc.zip,auto,false,tibco,general,,,,,
tibco-rtview,6.8.0,false,true,,2016-09-12,auto,auto,https://docs.tibco.com/pub/rtview/6.8.0/doc/zip/tib_rtview_6.8.0_doc.zip,auto,false,tibco,general,,,,,
tibco-rtview,6.5.0,false,true,,2015-06-09,auto,auto,https://docs.tibco.com/pub/rtview/6.5.0/doc/zip/tib_rtview_6.5.0_doc.zip,auto,false,tibco,general,,,,,
tibco-rtview,6.4.0,false,true,,2014-10-30,auto,auto,https://docs.tibco.com/pub/rtview/6.4.0/doc/zip/tib_rtview_6.4.0_doc.zip,auto,false,tibco,general,,,,,
tibco-rtview,6.2.1,false,true,,2013-10-31,auto,auto,https://docs.tibco.com/pub/rtview/6.2.1_October_2013/doc/zip/tib_rtview_6.2.1_October_2013_doc.zip,auto,false,tibco,general,,,,,
tibco-rtview,6.0.0,false,true,,2012-11-20,auto,auto,https://docs.tibco.com/pub/rtview/6.0.0-february-2012/doc/zip/tib_rtview_6.0.0-february-2012_doc.zip,auto,false,tibco,general,,,,,
tibco-rtview,5.9.1,false,true,,2011-08-30,auto,auto,https://docs.tibco.com/pub/rtview/5.9.1-august-2011/doc/zip/tib_rtview_5.9.1-august-2011_doc.zip,auto,false,tibco,general,,,,,
tibco-runtime-agent,5.13.0,false,true,,2024-10-21,auto,auto,https://docs.tibco.com/pub/runtime_agent/5.13.0/doc/zip/tib_runtime_agent_5.13.0_doc.zip,auto,false,tibco,general,,,,,
tibco-runtime-agent,5.12.4,false,true,,2023-11-02,auto,auto,https://docs.tibco.com/pub/runtime_agent/5.12.4/doc/zip/tib_runtime_agent_5.12.4_doc.zip,auto,false,tibco,general,,,,,
tibco-runtime-agent,5.12.3,false,true,,2023-09-22,auto,auto,https://docs.tibco.com/pub/runtime_agent/5.12.3/doc/zip/tib_runtime_agent_5.12.3_doc.zip,auto,false,tibco,general,,,,,
tibco-runtime-agent,5.12.2,false,true,,2023-02-28,auto,auto,https://docs.tibco.com/pub/runtime_agent/5.12.2/doc/zip/tib_runtime_agent_5.12.2_doc.zip,auto,false,tibco,general,,,,,
tibco-runtime-agent,5.12.1,true,false,,2021-12-14,auto,auto,https://docs.tibco.com/pub/runtime_agent/tibco-runtime-agent-5-12-1_documentation.zip,auto,false,tibco,general,,,,,
tibco-runtime-agent,5.12.0,true,false,,1629072000000,auto,auto,https://docs.tibco.com/pub/runtime_agent/tibco-runtime-agent-5-12-0_documentation.zip,auto,false,tibco,general,,,,,
tibco-runtime-agent,5.11.3,true,false,,2022-03-23,auto,auto,https://docs.tibco.com/pub/runtime_agent/tibco-runtime-agent-5-11-3_documentation.zip,auto,false,tibco,general,,,,,
tibco-runtime-agent,5.11.2,true,false,,2020-11-17,auto,auto,https://docs.tibco.com/pub/runtime_agent/tibco-runtime-agent-5-11-2_documentation.zip,auto,false,tibco,general,,,,,
tibco-runtime-agent,5.11.1,true,false,,1556496000000,auto,auto,https://docs.tibco.com/pub/runtime_agent/tibco-runtime-agent-5-11-1_documentation.zip,auto,false,tibco,general,,,,,
tibco-runtime-agent,5.11.0,true,false,,1532304000000,auto,auto,https://docs.tibco.com/pub/runtime_agent/tibco-runtime-agent-5-11-0_documentation.zip,auto,false,tibco,general,,,,,
tibco-runtime-agent,5.10.3,true,false,,1606694400000,auto,auto,https://docs.tibco.com/pub/runtime_agent/tibco-runtime-agent-5-10-3_documentation.zip,auto,false,tibco,general,,,,,
tibco-runtime-agent,5.10.2,true,false,,1556236800000,auto,auto,https://docs.tibco.com/pub/runtime_agent/tibco-runtime-agent-5-10-2_documentation.zip,auto,false,tibco,general,,,,,
tibco-runtime-agent,5.10.1,true,false,,2018-04-26,auto,auto,https://docs.tibco.com/pub/runtime_agent/5.10.1/tibco-runtime-agent-5-10-1_documentation.zip,auto,false,tibco,general,,,,,
tibco-runtime-agent,5.10.0,true,false,,2015-08-27,auto,auto,https://docs.tibco.com/pub/runtime_agent/tibco-runtime-agent-5-10-0_documentation.zip,auto,false,tibco,general,,,,,
tibco-runtime-agent,5.9.1,true,false,,2015-03-19,auto,auto,https://docs.tibco.com/pub/runtime_agent/tibco-runtime-agent-5-9-1_documentation.zip,auto,false,tibco,general,,,,,
tibco-runtime-agent,5.9.0,true,false,,2014-05-15,auto,auto,https://docs.tibco.com/pub/runtime_agent/tibco-runtime-agent-5-9-0_documentation.zip,auto,false,tibco,general,,,,,
tibco-runtime-agent,5.8.0,true,false,,1351728000000,auto,auto,https://docs.tibco.com/pub/runtime_agent/tibco-runtime-agent-5-8-0_documentation.zip,auto,false,tibco,general,,,,,
tibco-runtime-agent,5.7.4,true,false,,2012-08-03,auto,auto,https://docs.tibco.com/pub/runtime_agent/tibco-runtime-agent-5-7-4_documentation.zip,auto,false,tibco,general,,,,,
tibco-runtime-agent,5.7.3,true,false,,2012-03-08,auto,auto,https://docs.tibco.com/pub/runtime_agent/tibco-runtime-agent-5-7-3_documentation.zip,auto,false,tibco,general,,,,,
tibco-runtime-agent,5.7.2,true,false,,2011-11-07,auto,auto,https://docs.tibco.com/pub/runtime_agent/tibco-runtime-agent-5-7-2_documentation.zip,auto,false,tibco,general,,,,,
tibco-runtime-agent,5.7.1,true,false,,2011-06-20,auto,auto,https://docs.tibco.com/pub/runtime_agent/tibco-runtime-agent-5-7-1_documentation.zip,auto,false,tibco,general,,,,,
tibco-runtime-agent,5.7.0,true,false,,2014-07-01,auto,auto,https://docs.tibco.com/pub/runtime_agent/tibco-runtime-agent-5-7-0_documentation.zip,auto,false,tibco,general,,,,,
tibco-scribe,Online,false,true,,2018-10-25,auto,auto,https://docs.tibco.com/pub/scribe/Online/doc/zip/tib_scribe_Online_doc.zip,auto,false,tibco,general,,,,,
tibco-service-gateway-for-files,6.0.0,false,true,,2013-02-21,auto,auto,https://docs.tibco.com/pub/service-gateway-for-files/6.0.0-july-2012/doc/zip/tib_service-gateway-for-files_6.0.0-july-2012_doc.zip,auto,false,tibco,general,,,,,
tibco-service-gateway-for-files,5.3.0,false,true,,2011-08-12,auto,auto,https://docs.tibco.com/pub/service-gateway-for-files/5.3.0-august-2011/doc/zip/tib_service-gateway-for-files_5.3.0-august-2011_doc.zip,auto,false,tibco,general,,,,,
tibco-service-gateway-for-files,5.2.0,false,true,,2013-02-21,auto,auto,https://docs.tibco.com/pub/service-gateway-for-files/5.2.0-august-2010/doc/zip/tib_service-gateway-for-files_5.2.0-august-2010_doc.zip,auto,false,tibco,general,,,,,
tibco-service-gateway-for-files,5.1.0,false,true,,2013-02-21,auto,auto,https://docs.tibco.com/pub/service-gateway-for-files/5.1.0-january-2009/doc/zip/tib_service-gateway-for-files_5.1.0-january-2009_doc.zip,auto,false,tibco,general,,,,,
tibco-service-performance-manager,2.3.0,true,false,,2017-06-15,auto,auto,https://docs.tibco.com/pub/spm/tibco-service-performance-manager-2-3-0_documentation.zip,auto,false,tibco,general,,,,,
tibco-service-performance-manager,2.2.1,false,true,,2014-11-20,auto,auto,https://docs.tibco.com/pub/spm/2.2.1/doc/zip/tib_spm_2.2.1_doc.zip,auto,false,tibco,general,,,,,
tibco-service-performance-manager,2.2.0,true,false,,2014-05-30,auto,auto,https://docs.tibco.com/pub/activematrix_service_performance_manager/tibco-service-performance-manager-2-2-0_documentation.zip,auto,false,tibco,general,,,,,
tibco-service-performance-manager,2.0.1,false,true,,2013-10-03,auto,auto,https://docs.tibco.com/pub/activematrix_service_performance_manager/2.0.1_september_2013/doc/zip/tib_activematrix_service_performance_manager_2.0.1_september_2013_doc.zip,auto,false,tibco,general,,,,,
tibco-service-performance-manager,1.3.3,false,true,,2011-06-24,auto,auto,https://docs.tibco.com/pub/activematrix_service_performance_manager/1.3.3_june_2011/doc/zip/tib_activematrix_service_performance_manager_1.3.3_june_2011_doc.zip,auto,false,tibco,general,,,,,
tibco-service-performance-manager,1.3.2,false,true,,2013-03-11,auto,auto,https://docs.tibco.com/pub/activematrix_service_performance_manager/1.3.2_oct_10/doc/zip/tib_activematrix_service_performance_manager_1.3.2_oct_10_doc.zip,auto,false,tibco,general,,,,,
tibco-service-performance-manager,1.3.1,false,true,,2013-03-12,auto,auto,https://docs.tibco.com/pub/activematrix_service_performance_manager/1.3.1_March_2010/doc/zip/tib_activematrix_service_performance_manager_1.3.1_March_2010_doc.zip,auto,false,tibco,general,,,,,
tibco-service-performance-manager,1.3.0,false,true,,2013-02-18,auto,auto,https://docs.tibco.com/pub/activematrix_service_performance_manager/1.3.0_oct_2010/doc/zip/tib_activematrix_service_performance_manager_1.3.0_oct_2010_doc.zip,auto,false,tibco,general,,,,,
tibco-service-performance-manager,1.2.0,false,true,,2013-02-19,auto,auto,https://docs.tibco.com/pub/activematrix_service_performance_manager/1.2.0_july_2009/doc/zip/tib_activematrix_service_performance_manager_1.2.0_july_2009_doc.zip,auto,false,tibco,general,,,,,
tibco-service-performance-manager,1.1.1,false,true,,2013-02-26,auto,auto,https://docs.tibco.com/pub/activematrix_service_performance_manager/1.1.1_dec_2008/doc/zip/tib_activematrix_service_performance_manager_1.1.1_dec_2008_doc.zip,auto,false,tibco,general,,,,,
tibco-silver-fabric,6.0.4,true,false,,2024-08-16,auto,auto,https://docs.tibco.com/pub/silver_fabric/tibco-silver-fabric-6-0-4_documentation.zip,auto,false,tibco,general,,,,,
tibco-silver-fabric,6.0.3,true,false,,2023-01-11,auto,auto,https://docs.tibco.com/pub/silver_fabric/tibco-silver-fabric-6-0-3_documentation.zip,auto,false,tibco,general,,,,,
tibco-silver-fabric,6.0.2,false,true,,2021-11-16,auto,auto,https://docs.tibco.com/pub/silver_fabric/6.0.2/doc/zip/tib_silver_fabric_6.0.2_doc.zip,auto,false,tibco,general,,,,,
tibco-silver-fabric,6.0.1,false,true,,1596412800000,auto,auto,https://docs.tibco.com/pub/silver_fabric/6.0.1/doc/zip/tib_silver_fabric_6.0.1_doc.zip,auto,false,tibco,general,,,,,
tibco-silver-fabric,6.0.0,false,true,,1545004800000,auto,auto,https://docs.tibco.com/pub/silver_fabric/6.0.0/doc/zip/tib_silver_fabric_6.0.0_doc.zip,auto,false,tibco,general,,,,,
tibco-silver-fabric,5.8.1,false,true,,2017-08-25,auto,auto,https://docs.tibco.com/pub/silver_fabric/5.8.1/doc/zip/tib_silver_fabric_5.8.1_doc.zip,auto,false,tibco,general,,,,,
tibco-silver-fabric,5.8.0,true,false,,2016-05-02,auto,auto,https://docs.tibco.com/pub/silver_fabric/tibco-silver-fabric-5-8-0_documentation.zip,auto,false,tibco,general,,,,,
tibco-silver-fabric,5.7.1,true,false,,2015-10-22,auto,auto,https://docs.tibco.com/pub/silver_fabric/tibco-silver-fabric-5-7-1_documentation.zip,auto,false,tibco,general,,,,,
tibco-silver-fabric,5.7.0,true,false,,2014-11-26,auto,auto,https://docs.tibco.com/pub/silver_fabric/tibco-silver-fabric-5-7-0_documentation.zip,auto,false,tibco,general,,,,,
tibco-silver-fabric,5.6.0,true,false,,2014-06-19,auto,auto,https://docs.tibco.com/pub/silver_fabric/tibco-silver-fabric-5-6-0_documentation.zip,auto,false,tibco,general,,,,,
tibco-silver-fabric,5.5.1,true,false,,2013-11-27,auto,auto,https://docs.tibco.com/pub/silver_fabric/tibco-silver-fabric-5-5-1_documentation.zip,auto,false,tibco,general,,,,,
tibco-silver-fabric,5.5.0,true,false,,2013-05-31,auto,auto,https://docs.tibco.com/pub/silver_fabric/tibco-silver-fabric-5-5-0_documentation.zip,auto,false,tibco,general,,,,,
tibco-silver-fabric-asset-manager-for-cloud,1.0.0,false,true,,2017-10-12,auto,auto,https://docs.tibco.com/pub/sfam/1.0.0/doc/zip/tib_sfam_1.0.0_doc.zip,auto,false,tibco,general,,,,,
tibco-silver-fabric-continuity,1.0.0,false,true,,2014-11-26,auto,auto,https://docs.tibco.com/pub/sfct/1.0.0/doc/zip/tib_sfct_1.0.0_doc.zip,auto,false,tibco,general,,,,,
tibco-silver-fabric-enabler-for-activematrix-bpm,1.4.2,true,false,,2019-04-19,auto,auto,https://docs.tibco.com/pub/sfbp/tibco-silver-fabric-enabler-for-activematrix-bpm-1-4-2_documentation.zip,auto,false,tibco,general,,,,,
tibco-silver-fabric-enabler-for-activematrix-bpm,1.4.1,true,false,,2017-11-15,auto,auto,https://docs.tibco.com/pub/sfbp/tibco-silver-fabric-enabler-for-activematrix-bpm-1-4-1_documentation.zip,auto,false,tibco,general,,,,,
tibco-silver-fabric-enabler-for-activematrix-bpm,1.4.0,true,false,,2016-07-27,auto,auto,https://docs.tibco.com/pub/sfbp/tibco-silver-fabric-enabler-for-activematrix-bpm-1-4-0_documentation.zip,auto,false,tibco,general,,,,,
tibco-silver-fabric-enabler-for-activematrix-bpm,1.3.0,true,false,,2015-03-25,auto,auto,https://docs.tibco.com/pub/sfbp/tibco-silver-fabric-enabler-for-activematrix-bpm-1-3-0_documentation.zip,auto,false,tibco,general,,,,,
tibco-silver-fabric-enabler-for-activematrix-bpm,1.2.0,true,false,,2014-08-12,auto,auto,https://docs.tibco.com/pub/sfbp/tibco-silver-fabric-enabler-for-activematrix-bpm-1-2-0_documentation.zip,auto,false,tibco,general,,,,,
tibco-silver-fabric-enabler-for-activematrix-bpm,1.1.0,true,false,,2014-03-07,auto,auto,https://docs.tibco.com/pub/silver_fabric_enabler_activematrix_bpm/tibco-silver-fabric-enabler-for-activematrix-bpm-1-1-0_documentation.zip,auto,false,tibco,general,,,,,
tibco-silver-fabric-enabler-for-activematrix-bpm,1.0.0,true,false,,2013-10-08,auto,auto,https://docs.tibco.com/pub/silver_fabric_enabler_activematrix_bpm/tibco-silver-fabric-enabler-for-activematrix-bpm-1-0-0_documentation.zip,auto,false,tibco,general,,,,,
tibco-silver-fabric-enabler-for-activematrix-service-grid,1.3.2,true,false,,2019-04-19,auto,auto,https://docs.tibco.com/pub/sfsg/tibco-silver-fabric-enabler-for-activematrix-service-grid-1-3-2_documentation.zip,auto,false,tibco,general,,,,,
tibco-silver-fabric-enabler-for-activematrix-service-grid,1.3.1,true,false,,2017-09-29,auto,auto,https://docs.tibco.com/pub/sfsg/tibco-silver-fabric-enabler-for-activematrix-service-grid-1-3-1_documentation.zip,auto,false,tibco,general,,,,,
tibco-silver-fabric-enabler-for-activematrix-service-grid,1.3.0,true,false,,2014-06-19,auto,auto,https://docs.tibco.com/pub/silver-fabric-enabler-amx-servicegrid/tibco-silver-fabric-enabler-for-activematrix-service-grid-1-3-0_documentation.zip,auto,false,tibco,general,,,,,
tibco-silver-fabric-enabler-for-activematrix-service-grid,1.2.1,true,false,,2013-11-28,auto,auto,https://docs.tibco.com/pub/silver-fabric-enabler-amx-servicegrid/tibco-silver-fabric-enabler-for-activematrix-service-grid-1-2-1_documentation.zip,auto,false,tibco,general,,,,,
tibco-silver-fabric-enabler-for-adapter-for-database,3.0.0,true,false,,2015-12-22,auto,auto,https://docs.tibco.com/pub/sfdb/tibco-silver-fabric-enabler-for-adapter-for-database-3-0-0_documentation.zip,auto,false,tibco,general,,,,,
tibco-silver-fabric-enabler-for-adapter-for-database,2.5.0,true,false,,2013-11-28,auto,auto,https://docs.tibco.com/pub/silver-fabric-enabler-for-adapter-for-database/tibco-silver-fabric-enabler-for-adapter-for-database-2-5-0_documentation.zip,auto,false,tibco,general,,,,,
tibco-silver-fabric-enabler-for-adapter-for-database,2.0.0,true,false,,2013-02-28,auto,auto,https://docs.tibco.com/pub/silver-fabric-enabler-for-adapter-for-database/tibco-silver-fabric-enabler-for-adapter-for-database-2-0-0_documentation.zip,auto,false,tibco,general,,,,,
tibco-silver-fabric-enabler-for-adapter-for-files-unix-win,3.0.0,true,false,,2016-06-16,auto,auto,https://docs.tibco.com/pub/silver-fabric-enabler-for-adapter-for-files-unix-win/tibco-silver-fabric-enabler-for-adapter-for-files-unix-win-3-0-0_documentation.zip,auto,false,tibco,general,,,,,
tibco-silver-fabric-enabler-for-adapter-for-files-unix-win,2.5.0,true,false,,2014-02-21,auto,auto,https://docs.tibco.com/pub/silver-fabric-enabler-for-adapter-for-files-unix-win/tibco-silver-fabric-enabler-for-adapter-for-files-unix-win-2-5-0_documentation.zip,auto,false,tibco,general,,,,,
tibco-silver-fabric-enabler-for-adapter-for-files-unix-win,2.0.0,true,false,,2013-02-28,auto,auto,https://docs.tibco.com/pub/silver-fabric-enabler-for-adapter-for-files-unix-win/tibco-silver-fabric-enabler-for-adapter-for-files-unix-win-2-0-0_documentation.zip,auto,false,tibco,general,,,,,
tibco-silver-fabric-enabler-for-adapter-for-ldap,3.0.0,true,false,,2016-04-04,auto,auto,https://docs.tibco.com/pub/sfld/tibco-silver-fabric-enabler-for-adapter-for-ldap-3-0-0_documentation.zip,auto,false,tibco,general,,,,,
tibco-silver-fabric-enabler-for-adapter-for-ldap,2.0.0,true,false,,2014-03-26,auto,auto,https://docs.tibco.com/pub/silver-fabric-enabler-for-adapter-for-LDAP/tibco-silver-fabric-enabler-for-adapter-for-ldap-2-0-0_documentation.zip,auto,false,tibco,general,,,,,
tibco-silver-fabric-enabler-for-adapter-for-sap,3.0.0,true,false,,2016-04-29,auto,auto,https://docs.tibco.com/pub/sfsp/tibco-silver-fabric-enabler-for-adapter-for-sap-3-0-0_documentation.zip,auto,false,tibco,general,,,,,
tibco-silver-fabric-enabler-for-adapter-for-sap,2.0.0,true,false,,2014-05-22,auto,auto,https://docs.tibco.com/pub/sfsp/tibco-silver-fabric-enabler-for-adapter-for-sap-2-0-0_documentation.zip,auto,false,tibco,general,,,,,
tibco-silver-fabric-enabler-for-apache-tomcat,6.0.0,true,false,,2017-12-07,auto,auto,https://docs.tibco.com/pub/sftm/tibco-silver-fabric-enabler-for-apache-tomcat-6-0-0_documentation.zip,auto,false,tibco,general,,,,,
tibco-silver-fabric-enabler-for-apache-tomcat,5.6.0,true,false,,2014-06-19,auto,auto,https://docs.tibco.com/pub/silver_fabric_tomcat/tibco-silver-fabric-enabler-for-apache-tomcat-5-6-0_documentation.zip,auto,false,tibco,general,,,,,
tibco-silver-fabric-enabler-for-bea-weblogic,5.6.0,true,false,,1488931200000,auto,auto,https://docs.tibco.com/pub/silver_fabric_weblogic/tibco-silver-fabric-enabler-for-bea-weblogic-5-6-0_documentation.zip,auto,false,tibco,general,,,,,
tibco-silver-fabric-enabler-for-bea-weblogic,5.5.1,false,true,,2013-10-08,auto,auto,https://docs.tibco.com/pub/silver_fabric_enabler_bea_weblogic/5.5.1_october_2013/doc/zip/tib_silver_fabric_enabler_bea_weblogic_5.5.1_october_2013_doc.zip,auto,false,tibco,general,,,,,
tibco-silver-fabric-enabler-for-businessconnect,1.0.0,true,false,,2014-07-10,auto,auto,https://docs.tibco.com/pub/sfbc/tibco-silver-fabric-enabler-for-businessconnect-1-0-0_documentation.zip,auto,false,tibco,general,,,,,
tibco-silver-fabric-enabler-for-docker,2.0.0,true,false,,1528156800000,auto,auto,https://docs.tibco.com/pub/sfdk/tibco-silver-fabric-enabler-for-docker-2-0-0_documentation.zip,auto,false,tibco,general,,,,,
tibco-silver-fabric-enabler-for-docker,1.0.0,true,false,,2016-05-03,auto,auto,https://docs.tibco.com/pub/silver-fabric-docker/tibco-silver-fabric-enabler-for-docker-1-0-0_documentation.zip,auto,false,tibco,general,,,,,
tibco-silver-fabric-enabler-for-generic-adapter,1.0.0,true,false,,2015-11-18,auto,auto,https://docs.tibco.com/pub/sfga/tibco-silver-fabric-enabler-for-generic-adapter-1-0-0_documentation.zip,auto,false,tibco,general,,,,,
tibco-silver-fabric-enabler-for-ibm-websphere,6.0.0,true,false,,1524614400000,auto,auto,https://docs.tibco.com/pub/sfws/tibco-silver-fabric-enabler-for-ibm-websphere-6-0-0_documentation.zip,auto,false,tibco,general,,,,,
tibco-silver-fabric-enabler-for-ibm-websphere,5.6.0,true,false,,2014-06-19,auto,auto,https://docs.tibco.com/pub/silver_fabric_enabler_ibm_websphere/tibco-silver-fabric-enabler-for-ibm-websphere-5-6-0_documentation.zip,auto,false,tibco,general,,,,,
tibco-silver-fabric-enabler-for-ibm-websphere,5.5.1,true,false,,2013-10-08,auto,auto,https://docs.tibco.com/pub/silver_fabric_enabler_ibm_websphere/tibco-silver-fabric-enabler-for-ibm-websphere-5-5-1_documentation.zip,auto,false,tibco,general,,,,,
tibco-silver-fabric-enabler-for-redhat-jboss,6.0.0,false,true,,2018-02-16,auto,auto,https://docs.tibco.com/pub/sfjb/6.0.0/doc/zip/tib_sfjb_6.0.0_doc.zip,auto,false,tibco,general,,,,,
tibco-silver-fabric-enabler-for-redhat-jboss,5.6.0,true,false,,2014-06-19,auto,auto,https://docs.tibco.com/pub/silver_fabric_enabler_redhat_jboss/tibco-silver-fabric-enabler-for-redhat-jboss-5-6-0_documentation.zip,auto,false,tibco,general,,,,,
tibco-silver-fabric-enabler-for-redhat-jboss,5.5.1,true,false,,2013-10-08,auto,auto,https://docs.tibco.com/pub/silver_fabric_enabler_redhat_jboss/tibco-silver-fabric-enabler-for-redhat-jboss-5-5-1_documentation.zip,auto,false,tibco,general,,,,,
tibco-silver-fabric-enabler-for-tibco-administrator-enterprise-edition,2.9.0,false,true,,2015-09-21,auto,auto,https://docs.tibco.com/pub/sfta/2.9.0/doc/zip/tib_sfta_2.9.0_doc.zip,auto,false,tibco,general,,,,,
tibco-silver-fabric-enabler-for-tibco-administrator-enterprise-edition,2.8.0,false,true,,2014-11-20,auto,auto,https://docs.tibco.com/pub/sfta/2.8.0/doc/zip/tib_sfta_2.8.0_doc.zip,auto,false,tibco,general,,,,,
tibco-silver-fabric-enabler-for-tibco-enterprise-administrator,1.0.0,true,false,,2014-11-19,auto,auto,https://docs.tibco.com/pub/sfte/tibco-silver-fabric-enabler-for-tibco-enterprise-administrator-1-0-0_documentation.zip,auto,false,tibco,general,,,,,
tibco-silver-fabric-enabler-for-tibco-hawk,1.3.0,true,false,,2023-03-27,auto,auto,https://docs.tibco.com/pub/sfhk/tibco-silver-fabric-enabler-for-tibco-hawk-1-3-0_documentation.zip,auto,false,tibco,general,,,,,
tibco-silver-fabric-enabler-for-tibco-hawk,1.2.0,true,false,,2021-03-10,auto,auto,https://docs.tibco.com/pub/sfhk/tibco-silver-fabric-enabler-for-tibco-hawk-1-2-0_documentation.zip,auto,false,tibco,general,,,,,
tibco-silver-fabric-enabler-for-tibco-hawk,1.1.0,true,false,,2015-03-30,auto,auto,https://docs.tibco.com/pub/sfhk/tibco-silver-fabric-enabler-for-tibco-hawk-1-1-0_documentation.zip,auto,false,tibco,general,,,,,
tibco-silver-fabric-enabler-for-tibco-hawk,1.0.0,true,false,,1417039556000,auto,auto,https://docs.tibco.com/pub/sfhk/tibco-silver-fabric-enabler-for-tibco-hawk-1-0-0_documentation.zip,auto,false,tibco,general,,,,,
tibco-silver-mobile-core-for-android,2.1.0,false,true,,2014-02-11,auto,auto,https://docs.tibco.com/pub/silver_mobile_core_for_android/2.1.0-february-2014/doc/zip/tib_silver_mobile_core_for_android_2.1.0-february-2014_doc.zip,auto,false,tibco,general,,,,,
tibco-silver-mobile-core-for-android,2.0.0,false,true,,2013-08-13,auto,auto,https://docs.tibco.com/pub/silver_mobile_core_for_android/2.0.0_aug_2013/doc/zip/tib_silver_mobile_core_for_android_2.0.0_aug_2013_doc.zip,auto,false,tibco,general,,,,,
tibco-silver-mobile-core-for-ios,2.1.0,false,true,,2014-02-10,auto,auto,https://docs.tibco.com/pub/silver_mobile_core_for_iOs/2.1.0-february-2014/doc/zip/tib_silver_mobile_core_for_iOs_2.1.0-february-2014_doc.zip,auto,false,tibco,general,,,,,
tibco-silver-mobile-core-for-ios,2.0.0,false,true,,2013-08-13,auto,auto,https://docs.tibco.com/pub/silver_mobile_core_for_iOs/2.0.0_aug_2013/doc/zip/tib_silver_mobile_core_for_iOs_2.0.0_aug_2013_doc.zip,auto,false,tibco,general,,,,,
tibco-silver-mobile-server,2.1.0,false,true,,2014-02-11,auto,auto,https://docs.tibco.com/pub/silver_mobile_server/2.1.0-february-2014/doc/zip/tib_silver_mobile_server_2.1.0-february-2014_doc.zip,auto,false,tibco,general,,,,,
tibco-silver-mobile-server,2.0.0,false,true,,2013-08-13,auto,auto,https://docs.tibco.com/pub/silver_mobile_server/2.0.0_August_2013/doc/zip/tib_silver_mobile_server_2.0.0_August_2013_doc.zip,auto,false,tibco,general,,,,,
tibco-silver-mobile-server,1.1.0,false,true,,2013-05-09,auto,auto,https://docs.tibco.com/pub/silver_mobile_server/1.1.1_may-2013/doc/zip/tib_silver_mobile_server_1.1.1_may-2013_doc.zip,auto,false,tibco,general,,,,,
tibco-silver-mobile-server,1.0.0,false,true,,2012-08-03,auto,auto,https://docs.tibco.com/pub/silver_mobile_server/1.0.0_may_2012/doc/zip/tib_silver_mobile_server_1.0.0_may_2012_doc.zip,auto,false,tibco,general,,,,,
tibco-slingshot,1.9.4,true,false,,2015-09-29,auto,auto,https://docs.tibco.com/pub/slingshot/tibco-slingshot-1-9-4_documentation.zip,auto,false,tibco,general,,,,,
tibco-slingshot,1.9.3,true,false,,2014-10-29,auto,auto,https://docs.tibco.com/pub/slingshot/tibco-slingshot-1-9-3_documentation.zip,auto,false,tibco,general,,,,,
tibco-slingshot,1.9.2,true,false,,2014-08-29,auto,auto,https://docs.tibco.com/pub/slingshot/tibco-slingshot-1-9-2_documentation.zip,auto,false,tibco,general,,,,,
tibco-slingshot,1.9.1,true,false,,2014-04-10,auto,auto,https://docs.tibco.com/pub/slingshot/1.9.1/tibco-slingshot-1-9-1_documentation.zip,auto,false,tibco,general,,,,,
tibco-slingshot,1.9.0,true,false,,2013-02-21,auto,auto,https://docs.tibco.com/pub/slingshot/tibco-slingshot-1-9-0_documentation.zip,auto,false,tibco,general,,,,,
tibco-slingshot,1.8.1,true,false,,2011-10-11,auto,auto,https://docs.tibco.com/pub/slingshot/tibco-slingshot-1-8-1_documentation.zip,auto,false,tibco,general,,,,,
tibco-slingshot,1.8,true,false,,2011-06-23,auto,auto,https://docs.tibco.com/pub/slingshot/tibco-slingshot-1-8-0_documentation.zip,auto,false,tibco,general,,,,,
tibco-slingshot,1.7.0,true,false,,2013-04-15,auto,auto,https://docs.tibco.com/pub/slingshot/tibco-slingshot-1-7-0_documentation.zip,auto,false,tibco,general,,,,,
tibco-streaming-for-3gpp,1.1.0,false,true,,2025-06-27,auto,auto,https://docs.tibco.com/pub/str-gpp/1.1.0/doc/zip/tib_str-gpp_1.1.0_doc.zip,auto,false,tibco,general,,,,,
tibco-streaming-for-3gpp,1.0.0,true,false,,2019-02-26,auto,auto,https://docs.tibco.com/pub/str-gpp/tibco-streaming-for-3gpp-1-0-0_documentation.zip,auto,false,tibco,general,,,,,
tibco-substation-es,2.14.0,true,false,,1588636800000,auto,auto,https://docs.tibco.com/pub/substation/tibco-substation-es-2-14-0_documentation.zip,auto,false,tibco,general,,,,,
tibco-substation-es,2.13.0,true,false,,2019-08-20,auto,auto,https://docs.tibco.com/pub/substation/tibco-substation-es-2-13-0_documentation.zip,auto,false,tibco,general,,,,,
tibco-substation-es,2.12.1,true,false,,2018-10-22,auto,auto,https://docs.tibco.com/pub/substation/tibco-substation-es-2-12-1_documentation.zip,auto,false,tibco,general,,,,,
tibco-substation-es,2.12.0,true,false,,2018-08-09,auto,auto,https://docs.tibco.com/pub/substation/tibco-substation-es-2-12-0_documentation.zip,auto,false,tibco,general,,,,,
tibco-substation-es,2.11.1,true,false,,2018-04-06,auto,auto,https://docs.tibco.com/pub/substation/tibco-substation-es-2-11-1_documentation.zip,auto,false,tibco,general,,,,,
tibco-substation-es,2.11.0,true,false,,2018-02-23,auto,auto,https://docs.tibco.com/pub/substation/tibco-substation-es-2-11-0_documentation.zip,auto,false,tibco,general,,,,,
tibco-substation-es,2.10.0,true,false,,2016-05-31,auto,auto,https://docs.tibco.com/pub/substation/tibco-substation-es-2-10-0_documentation.zip,auto,false,tibco,general,,,,,
tibco-substation-es,2.9.0,true,false,,2017-06-15,auto,auto,https://docs.tibco.com/pub/substation/tibco-substation-es-2-9-0_documentation.zip,auto,false,tibco,general,,,,,
tibco-substation-es,2.8.1,true,false,,2014-12-05,auto,auto,https://docs.tibco.com/pub/substation_es/tibco-substation-es-2-8-1_documentation.zip,auto,false,tibco,general,,,,,
tibco-substation-es,2.8.0,true,false,,2013-11-26,auto,auto,https://docs.tibco.com/pub/substation_es/tibco-substation-es-2-8-0_documentation.zip,auto,false,tibco,general,,,,,
tibco-substation-es,2.7.0,true,false,,2011-11-30,auto,auto,https://docs.tibco.com/pub/substation_es/tibco-substation-es-2-7-0_documentation.zip,auto,false,tibco,general,,,,,
tibco-substation-es,2.6.0,true,false,,2011-06-21,auto,auto,https://docs.tibco.com/pub/substation_es/tibco-substation-es-2-6-0_documentation.zip,auto,false,tibco,general,,,,,
tibco-trading-partner-management-rest-api,1.1.0,false,true,,2019-11-05,auto,auto,https://docs.tibco.com/pub/tpm-rest/1.1.0/doc/zip/tib_tpm-rest_1.1.0_doc.zip,auto,false,tibco,general,,,,,
tibco-trading-partner-management-rest-api,1.0.1,true,false,,2017-07-27,auto,auto,https://docs.tibco.com/pub/tpm-rest/tibco-trading-partner-management-rest-api-1-0-1_documentation.zip,auto,false,tibco,general,,,,,
tibco-trading-partner-management-rest-api,1.0.0,true,false,,2014-05-21,auto,auto,https://docs.tibco.com/pub/tpm-rest/tibco-trading-partner-management-rest-api-1-0-0_documentation.zip,auto,false,tibco,general,,,,,
tibco-transaction-interface-for-cics,2.14.0,true,false,,2020-05-07,auto,auto,https://docs.tibco.com/pub/substation-cics/tibco-transaction-interface-for-cics-2-14-0_documentation.zip,auto,false,tibco,general,,,,,
tibco-transaction-interface-for-cics,2.13.0,true,false,,2019-08-21,auto,auto,https://docs.tibco.com/pub/substation-cics/tibco-transaction-interface-for-cics-2-13-0_documentation.zip,auto,false,tibco,general,,,,,
tibco-transaction-interface-for-cics,2.12.1,true,false,,2018-10-22,auto,auto,https://docs.tibco.com/pub/substation-cics/tibco-transaction-interface-for-cics-2-12-1_documentation.zip,auto,false,tibco,general,,,,,
tibco-transaction-interface-for-cics,2.12.0,true,false,,1533686400000,auto,auto,https://docs.tibco.com/pub/substation-cics/tibco-transaction-interface-for-cics-2-12-0_documentation.zip,auto,false,tibco,general,,,,,
tibco-transaction-interface-for-cics,2.11.1,true,false,,2018-04-06,auto,auto,https://docs.tibco.com/pub/substation-cics/tibco-transaction-interface-for-cics-2-11-1_documentation.zip,auto,false,tibco,general,,,,,
tibco-transaction-interface-for-cics,2.11.0,true,false,,2018-02-23,auto,auto,https://docs.tibco.com/pub/substation-cics/tibco-transaction-interface-for-cics-2-11-0_documentation.zip,auto,false,tibco,general,,,,,
tibco-transaction-interface-for-cics,2.10.0,true,false,,2016-06-01,auto,auto,https://docs.tibco.com/pub/substation-cics/tibco-transaction-interface-for-cics-2-10-0_documentation.zip,auto,false,tibco,general,,,,,
tibco-transaction-interface-for-cics,2.9.0,true,false,,2015-08-25,auto,auto,https://docs.tibco.com/pub/transaction-interface-for-cics/tibco-transaction-interface-for-cics-2-9-0_documentation.zip,auto,false,tibco,general,,,,,
tibco-transaction-interface-for-ims,2.14.0,false,true,,2020-05-07,auto,auto,https://docs.tibco.com/pub/substation-ims/2.14.0/doc/zip/tib_substation-ims_2.14.0_doc.zip,auto,false,tibco,general,,,,,
tibco-transaction-interface-for-ims,2.13.0,false,true,,2019-08-21,auto,auto,https://docs.tibco.com/pub/substation-ims/2.13.0/doc/zip/tib_substation-ims_2.13.0_doc.zip,auto,false,tibco,general,,,,,
tibco-transaction-interface-for-ims,2.12.0,false,true,,1533686400000,auto,auto,https://docs.tibco.com/pub/substation-ims/2.12.0/doc/zip/tib_substation-ims_2.12.0_doc.zip,auto,false,tibco,general,,,,,
tibco-transaction-interface-for-ims,2.11.0,false,true,,2018-02-23,auto,auto,https://docs.tibco.com/pub/substation-ims/2.11.0/doc/zip/tib_substation-ims_2.11.0_doc.zip,auto,false,tibco,general,,,,,
tibco-transaction-interface-for-ims,2.10.0,false,true,,2016-06-01,auto,auto,https://docs.tibco.com/pub/substation-ims/2.10.0/doc/zip/tib_substation-ims_2.10.0_doc.zip,auto,false,tibco,general,,,,,
tibco-transaction-interface-for-ims,2.9.0,false,true,,2015-08-25,auto,auto,https://docs.tibco.com/pub/transaction-interface-for-ims/2.9.0/doc/zip/tib_transaction-interface-for-ims_2.9.0_doc.zip,auto,false,tibco,general,,,,,
tibco-vault,2.0.1,true,false,,2015-09-29,auto,auto,https://docs.tibco.com/pub/vault/tibco-vault-2-0-1_documentation.zip,auto,false,tibco,general,,,,,
tibco-vault,2.0.0,true,false,,2014-12-04,auto,auto,https://docs.tibco.com/pub/vault/tibco-vault-2-0-0_documentation.zip,auto,false,tibco,general,,,,,
tibco-vault,1.1.1,true,false,,2014-10-29,auto,auto,https://docs.tibco.com/pub/vault/tibco-vault-1-1-1_documentation.zip,auto,false,tibco,general,,,,,
tibco-vault,1.1.0,true,false,,2014-07-25,auto,auto,https://docs.tibco.com/pub/vault/tibco-vault-1-1-0_documentation.zip,auto,false,tibco,general,,,,,
tibco-vault,1.0.1,true,false,,2014-04-25,auto,auto,https://docs.tibco.com/pub/vault/tibco-vault-1-0-1_documentation.zip,auto,false,tibco,general,,,,,
tibco-vault,1.0.0,true,false,,2013-11-26,auto,auto,https://docs.tibco.com/pub/vault/tibco-vault-1-0-0_documentation.zip,auto,false,tibco,general,,,,,
adapter-code-for-tibco-api-exchange-and-joomla,2.3.4,false,true,,1638230400000,auto,auto,https://docs.tibco.com/pub/api-exchange-joomla-adapter/2.3.4/doc/zip/tib_api-exchange-joomla-adapter_2.3.4_doc.zip,auto,false,tibco,integration,,,,,
adapter-code-for-tibco-api-exchange-and-joomla,2.3.3,false,true,,2020-01-23,auto,auto,https://docs.tibco.com/pub/api-exchange-joomla-adapter/2.3.3/doc/zip/tib_api-exchange-joomla-adapter_2.3.3_doc.zip,auto,false,tibco,integration,,,,,
premium-subscription-for-tibco-businessworks-container-edition-and-plug-ins-for-aws-marketplace,2.3.1,false,true,,2017-10-23,auto,auto,https://docs.tibco.com/pub/bwce-aws-premsub/2.3.1/doc/zip/tib_bwce-aws-premsub_2.3.1_doc.zip,auto,false,tibco,integration,,,,,
tibco-activematrix-businessworks-activeaspects-plug-in,1.2,false,true,,2011-11-01,auto,auto,https://docs.tibco.com/pub/activematrix_businessworks_activeaspects_plugin/1.2.0_october_2011/doc/zip/tib_activematrix_businessworks_activeaspects_plugin_1.2.0_october_2011_doc.zip,auto,false,tibco,integration,,,,,
tibco-activematrix-businessworks-activeaspects-plug-in,1.1,false,true,,2011-06-21,auto,auto,https://docs.tibco.com/pub/activematrix_businessworks_activeaspects_plugin/1.1.0/doc/zip/tib_activematrix_businessworks_activeaspects_plugin_1.1.0_doc.zip,auto,false,tibco,integration,,,,,
tibco-activematrix-businessworks-activeaspects-plug-in,1.0,false,true,,2010-11-01,auto,auto,https://docs.tibco.com/pub/activematrix_businessworks_activeaspects_plugin/1.0.0_november_2010/doc/zip/tib_activematrix_businessworks_activeaspects_plugin_1.0.0_november_2010_doc.zip,auto,false,tibco,integration,,,,,
tibco-activematrix-businessworks-bpel-extension,5.9,false,true,,2011-06-21,auto,auto,https://docs.tibco.com/pub/activematrix_businessworks_bpel_extension/5.9.0_november_2010/doc/zip/tib_activematrix_businessworks_bpel_extension_5.9.0_november_2010_doc.zip,auto,false,tibco,integration,,,,,
tibco-activematrix-businessworks-bpel-extension,5.8.0,false,true,,2010-02-01,auto,auto,https://docs.tibco.com/pub/activematrix_businessworks_bpel_extension/5.8.0_february_2010/doc/zip/tib_activematrix_businessworks_bpel_extension_5.8.0_february_2010_doc.zip,auto,false,tibco,integration,,,,,
tibco-activematrix-businessworks-bpel-extension,5.7.1,false,true,,2009-09-01,auto,auto,https://docs.tibco.com/pub/activematrix_businessworks_bpel_extension/5.7.1_september_2009/doc/zip/tib_activematrix_businessworks_bpel_extension_5.7.1_september_2009_doc.zip,auto,false,tibco,integration,,,,,
tibco-activematrix-businessworks-bpel-extension,5.7.0,false,true,,2008-12-01,auto,auto,https://docs.tibco.com/pub/activematrix_businessworks_bpel_extension/5.7.0_december_2008/doc/zip/tib_activematrix_businessworks_bpel_extension_5.7.0_december_2008_doc.zip,auto,false,tibco,integration,,,,,
tibco-activematrix-businessworks-plug-in-component-for-aws-common-services,6.1.1,false,true,,2022-11-10,auto,auto,https://docs.tibco.com/pub/bwplugin-cawscs/6.1.1/doc/zip/tib_bwplugin-cawscs_6.1.1_doc.zip,auto,false,tibco,integration,,,,,
tibco-activematrix-businessworks-plug-in-component-for-aws-common-services,6.1.0,false,true,,2021-05-07,auto,auto,https://docs.tibco.com/pub/bwplugin-cawscs/6.1.0/doc/zip/tib_bwplugin-cawscs_6.1.0_doc.zip,auto,false,tibco,integration,,,,,
tibco-activematrix-businessworks-plug-in-component-for-aws-common-services,6.0.2,false,true,,2019-08-28,auto,auto,https://docs.tibco.com/pub/bwplugin-cawscs/6.0.2/doc/zip/tib_bwplugin-cawscs_6.0.2_doc.zip,auto,false,tibco,integration,,,,,
tibco-activematrix-businessworks-plug-in-component-for-aws-common-services,6.0.1,false,true,,2019-05-14,auto,auto,https://docs.tibco.com/pub/bwplugin-cawscs/6.0.1/doc/zip/tib_bwplugin-cawscs_6.0.1_doc.zip,auto,false,tibco,integration,,,,,
tibco-activematrix-businessworks-plug-in-component-for-aws-common-services,6.0.0,false,true,,1552262400000,auto,auto,https://docs.tibco.com/pub/bwplugin-cawscs/6.0.0/doc/zip/tib_bwplugin-cawscs_6.0.0_doc.zip,auto,false,tibco,integration,,,,,
tibco-activematrix-businessworks-plug-in-development-kit,6.3.1,false,true,,1655251200000,auto,auto,https://docs.tibco.com/pub/bwpdk/6.3.1/doc/zip/tib_bwpdk_6.3.1_doc.zip,auto,false,tibco,integration,,,,,
tibco-activematrix-businessworks-plug-in-development-kit,6.3.0,false,true,,2022-02-01,auto,auto,https://docs.tibco.com/pub/bwpdk/6.3.0/doc/zip/tib_bwpdk_6.3.0_doc.zip,auto,false,tibco,integration,,,,,
tibco-activematrix-businessworks-plug-in-development-kit,6.2.1,false,true,,2019-04-03,auto,auto,https://docs.tibco.com/pub/bwpdk/6.2.1/doc/zip/tib_bwpdk_6.2.1_doc.zip,auto,false,tibco,integration,,,,,
tibco-activematrix-businessworks-plug-in-development-kit,6.2.0,true,false,,2017-11-28,auto,auto,https://docs.tibco.com/pub/bwpdk/tibco-activematrix-businessworks-plug-in-development-kit-6-2-0_documentation.zip,auto,false,tibco,integration,,,,,
tibco-activematrix-businessworks-plug-in-development-kit,6.1.2,true,false,,2016-05-26,auto,auto,https://docs.tibco.com/pub/bwpdk/tibco-activematrix-businessworks-plug-in-development-kit-6-1-2_documentation.zip,auto,false,tibco,integration,,,,,
tibco-activematrix-businessworks-plug-in-development-kit,6.1.1,true,false,,2016-02-03,auto,auto,https://docs.tibco.com/pub/bwpdk/tibco-activematrix-businessworks-plug-in-development-kit-6-1-1_documentation.zip,auto,false,tibco,integration,,,,,
tibco-activematrix-businessworks-plug-in-development-kit,6.1.0,true,false,,2015-11-19,auto,auto,https://docs.tibco.com/pub/bwpdk/tibco-activematrix-businessworks-plug-in-development-kit-6-1-0_documentation.zip,auto,false,tibco,integration,,,,,
tibco-activematrix-businessworks-plug-in-development-kit,6.0.0,true,false,,2014-11-25,auto,auto,https://docs.tibco.com/pub/bwpdk/tibco-activematrix-businessworks-plug-in-development-kit-6-0-0_documentation.zip,auto,false,tibco,integration,,,,,
tibco-activematrix-businessworks-plug-in-for-amazon-redshift,6.1.0,false,true,,2023-12-18,auto,auto,https://docs.tibco.com/pub/bwpluginawsredshift/6.1.0/doc/zip/tib_bwpluginawsredshift_6.1.0_doc.zip,auto,false,tibco,integration,,,,,
tibco-activematrix-businessworks-plug-in-for-amazon-redshift,6.0.0,true,false,,2022-08-19,auto,auto,https://docs.tibco.com/pub/bwpluginawsredshift/tibco-activematrix-businessworks-plug-in-for-amazon-redshift-6-0-0_documentation.zip,auto,false,tibco,integration,,,,,
tibco-activematrix-businessworks-plug-in-for-amazon-s3,6.7.0,false,true,,2024-05-09,auto,auto,https://docs.tibco.com/pub/bwpluginawss3/6.7.0/doc/zip/tib_bwpluginawss3_6.7.0_doc.zip,auto,false,tibco,integration,,,,,
tibco-activematrix-businessworks-plug-in-for-amazon-s3,6.6.0,false,true,,2023-07-24,auto,auto,https://docs.tibco.com/pub/bwpluginawss3/6.6.0/doc/zip/tib_bwpluginawss3_6.6.0_doc.zip,auto,false,tibco,integration,,,,,
tibco-activematrix-businessworks-plug-in-for-amazon-s3,6.5.1,false,true,,2021-12-17,auto,auto,https://docs.tibco.com/pub/bwpluginawss3/6.5.1/doc/zip/tib_bwpluginawss3_6.5.1_doc.zip,auto,false,tibco,integration,,,,,
tibco-activematrix-businessworks-plug-in-for-amazon-s3,6.5.0,true,false,,2021-05-06,auto,auto,https://docs.tibco.com/pub/bwpluginawss3/tibco-activematrix-businessworks-plug-in-for-amazon-s3-6-5-0_documentation.zip,auto,false,tibco,integration,,,,,
tibco-activematrix-businessworks-plug-in-for-amazon-s3,6.4.0,true,false,,2019-08-28,auto,auto,https://docs.tibco.com/pub/bwpluginawss3/tibco-activematrix-businessworks-plug-in-for-amazon-s3-6-4-0_documentation.zip,auto,false,tibco,integration,,,,,
tibco-activematrix-businessworks-plug-in-for-amazon-s3,6.3.1,true,false,,2019-05-13,auto,auto,https://docs.tibco.com/pub/bwpluginawss3/tibco-activematrix-businessworks-plug-in-for-amazon-s3-6-3-1_documentation.zip,auto,false,tibco,integration,,,,,
tibco-activematrix-businessworks-plug-in-for-amazon-s3,6.3.0,true,false,,1552262400000,auto,auto,https://docs.tibco.com/pub/bwpluginawss3/tibco-activematrix-businessworks-plug-in-for-amazon-s3-6-3-0_documentation.zip,auto,false,tibco,integration,,,,,
tibco-activematrix-businessworks-plug-in-for-amazon-s3,6.2.0,true,false,,1534464000000,auto,auto,https://docs.tibco.com/pub/bwpluginawss3/tibco-activematrix-businessworks-plug-in-for-amazon-s3-6-2-0_documentation.zip,auto,false,tibco,integration,,,,,
tibco-activematrix-businessworks-plug-in-for-amazon-s3,6.1.1,true,false,,2017-09-22,auto,auto,https://docs.tibco.com/pub/bwpluginawss3/tibco-activematrix-businessworks-plug-in-for-amazon-s3-6-1-1_documentation.zip,auto,false,tibco,integration,,,,,
tibco-activematrix-businessworks-plug-in-for-amazon-s3,6.0.0,true,false,,2017-04-27,auto,auto,https://docs.tibco.com/pub/bwpluginawss3/tibco-activematrix-businessworks-plug-in-for-amazon-s3-6-0-0_documentation.zip,auto,false,tibco,integration,,,,,
tibco-activematrix-businessworks-plug-in-for-amazon-sqs-and-sns,6.6.0,false,true,,2023-07-25,auto,auto,https://docs.tibco.com/pub/bwpluginawsm/6.6.0/doc/zip/tib_bwpluginawsm_6.6.0_doc.zip,auto,false,tibco,integration,,,,,
tibco-activematrix-businessworks-plug-in-for-amazon-sqs-and-sns,6.5.2,false,true,,2022-02-01,auto,auto,https://docs.tibco.com/pub/bwpluginawsm/6.5.2/doc/zip/tib_bwpluginawsm_6.5.2_doc.zip,auto,false,tibco,integration,,,,,
tibco-activematrix-businessworks-plug-in-for-amazon-sqs-and-sns,6.5.1,false,true,,2021-10-28,auto,auto,https://docs.tibco.com/pub/bwpluginawsm/6.5.1/doc/zip/tib_bwpluginawsm_6.5.1_doc.zip,auto,false,tibco,integration,,,,,
tibco-activematrix-businessworks-plug-in-for-amazon-sqs-and-sns,6.5.0,false,true,,2021-05-07,auto,auto,https://docs.tibco.com/pub/bwpluginawsm/6.5.0/doc/zip/tib_bwpluginawsm_6.5.0_doc.zip,auto,false,tibco,integration,,,,,
tibco-activematrix-businessworks-plug-in-for-amazon-sqs-and-sns,6.4.2,true,false,,2020-10-05,auto,auto,https://docs.tibco.com/pub/bwpluginawsm/tibco-activematrix-businessworks-plug-in-for-amazon-sqs-and-sns-6-4-2_documentation.zip,auto,false,tibco,integration,,,,,
tibco-activematrix-businessworks-plug-in-for-amazon-sqs-and-sns,6.4.1,true,false,,2019-08-28,auto,auto,https://docs.tibco.com/pub/bwpluginawsm/tibco-activematrix-businessworks-plug-in-for-amazon-sqs-and-sns-6-4-1_documentation.zip,auto,false,tibco,integration,,,,,
tibco-activematrix-businessworks-plug-in-for-amazon-sqs-and-sns,6.4.0,true,false,,1552262400000,auto,auto,https://docs.tibco.com/pub/bwpluginawsm/tibco-activematrix-businessworks-plug-in-for-amazon-sqs-and-sns-6-4-0_documentation.zip,auto,false,tibco,integration,,,,,
tibco-activematrix-businessworks-plug-in-for-amazon-sqs-and-sns,6.3.0,true,false,,1534464000000,auto,auto,https://docs.tibco.com/pub/bwpluginawsm/tibco-activematrix-businessworks-plug-in-for-amazon-sqs-and-sns-6-3-0_documentation.zip,auto,false,tibco,integration,,,,,
tibco-activematrix-businessworks-plug-in-for-amazon-sqs-and-sns,6.2.0,true,false,,1525478400000,auto,auto,https://docs.tibco.com/pub/bwpluginawsm/tibco-activematrix-businessworks-plug-in-for-amazon-sqs-and-sns-6-2-0_documentation.zip,auto,false,tibco,integration,,,,,
tibco-activematrix-businessworks-plug-in-for-amazon-sqs-and-sns,6.1.0,true,false,,2017-11-13,auto,auto,https://docs.tibco.com/pub/bwpluginawsm/tibco-activematrix-businessworks-plug-in-for-amazon-sqs-and-sns-6-1-0_documentation.zip,auto,false,tibco,integration,,,,,
tibco-activematrix-businessworks-plug-in-for-amqp,6.5.3,false,true,,2026-05-20,auto,auto,https://docs.tibco.com/pub/bwpluginamqp/6.5.3/doc/zip/tib_bwpluginamqp_6.5.3_doc.zip,auto,false,tibco,integration,,,,,
tibco-activematrix-businessworks-plug-in-for-amqp,6.5.2,false,true,,2025-09-22,auto,auto,https://docs.tibco.com/pub/bwpluginamqp/6.5.2/doc/zip/tib_bwpluginamqp_6.5.2_doc.zip,auto,false,tibco,integration,,,,,
tibco-activematrix-businessworks-plug-in-for-amqp,6.5.1,false,true,,2025-01-28,auto,auto,https://docs.tibco.com/pub/bwpluginamqp/6.5.1/doc/zip/tib_bwpluginamqp_6.5.1_doc.zip,auto,false,tibco,integration,,,,,
tibco-activematrix-businessworks-plug-in-for-amqp,6.5.0,false,true,,2023-08-18,auto,auto,https://docs.tibco.com/pub/bwpluginamqp/6.5.0/doc/zip/tib_bwpluginamqp_6.5.0_doc.zip,auto,false,tibco,integration,,,,,
tibco-activematrix-businessworks-plug-in-for-amqp,6.4.0,false,true,,2023-05-08,auto,auto,https://docs.tibco.com/pub/bwpluginamqp/6.4.0/doc/zip/tib_bwpluginamqp_6.4.0_doc.zip,auto,false,tibco,integration,,,,,
tibco-activematrix-businessworks-plug-in-for-amqp,6.3.1,false,true,,1667865600000,auto,auto,https://docs.tibco.com/pub/bwpluginamqp/6.3.1/doc/zip/tib_bwpluginamqp_6.3.1_doc.zip,auto,false,tibco,integration,,,,,
tibco-activematrix-businessworks-plug-in-for-amqp,6.3.0,false,true,,1654646400000,auto,auto,https://docs.tibco.com/pub/bwpluginamqp/6.3.0/doc/zip/tib_bwpluginamqp_6.3.0_doc.zip,auto,false,tibco,integration,,,,,
tibco-activematrix-businessworks-plug-in-for-amqp,6.2.1,true,false,,2021-11-24,auto,auto,https://docs.tibco.com/pub/bwpluginamqp/tibco-activematrix-businessworks-plug-in-for-amqp-6-2-1_documentation.zip,auto,false,tibco,integration,,,,,
tibco-activematrix-businessworks-plug-in-for-amqp,6.2.0,true,false,,2020-06-09,auto,auto,https://docs.tibco.com/pub/bwpluginamqp/tibco-activematrix-businessworks-plug-in-for-amqp-6-2-0_documentation.zip,auto,false,tibco,integration,,,,,
tibco-activematrix-businessworks-plug-in-for-amqp,6.1.0,true,false,,2019-09-19,auto,auto,https://docs.tibco.com/pub/bwpluginamqp/tibco-activematrix-businessworks-plug-in-for-amqp-6-1-0_documentation.zip,auto,false,tibco,integration,,,,,
tibco-activematrix-businessworks-plug-in-for-amqp,6.0.2,true,false,,1549497600000,auto,auto,https://docs.tibco.com/pub/bwpluginamqp/tibco-activematrix-businessworks-plug-in-for-amqp-6-0-2_documentation.zip,auto,false,tibco,integration,,,,,
tibco-activematrix-businessworks-plug-in-for-amqp,6.0.1,true,false,,2016-12-24,auto,auto,https://docs.tibco.com/pub/bwpluginamqp/tibco-activematrix-businessworks-plug-in-for-amqp-6-0-1_documentation.zip,auto,false,tibco,integration,,,,,
tibco-activematrix-businessworks-plug-in-for-amqp,6.0.0,true,false,,2016-08-25,auto,auto,https://docs.tibco.com/pub/bwpluginamqp/tibco-activematrix-businessworks-plug-in-for-amqp-6-0-0_documentation.zip,auto,false,tibco,integration,,,,,
tibco-activematrix-businessworks-plug-in-for-apache-cassandra,6.3.3,false,true,,2025-04-18,auto,auto,https://docs.tibco.com/pub/bwplugincassandra/6.3.3/doc/zip/tib_bwplugincassandra_6.3.3_doc.zip,auto,false,tibco,integration,,,,,
tibco-activematrix-businessworks-plug-in-for-apache-cassandra,6.3.2,false,true,,2022-07-18,auto,auto,https://docs.tibco.com/pub/bwplugincassandra/6.3.2/doc/zip/tib_bwplugincassandra_6.3.2_doc.zip,auto,false,tibco,integration,,,,,
tibco-activematrix-businessworks-plug-in-for-apache-cassandra,6.3.1,true,false,,2020-11-10,auto,auto,https://docs.tibco.com/pub/bwplugincassandra/tibco-activematrix-businessworks-plug-in-for-apache-cassandra-6-3-1_documentation.zip,auto,false,tibco,integration,,,,,
tibco-activematrix-businessworks-plug-in-for-apache-cassandra,6.3.0,true,false,,2017-07-28,auto,auto,https://docs.tibco.com/pub/bwplugincassandra/tibco-activematrix-businessworks-plug-in-for-apache-cassandra-6-3-0_documentation.zip,auto,false,tibco,integration,,,,,
tibco-activematrix-businessworks-plug-in-for-apache-kafka,6.8.2,false,true,,2025-02-10,auto,auto,https://docs.tibco.com/pub/bwpluginkafka/6.8.2/doc/zip/tib_bwpluginkafka_6.8.2_doc.zip,auto,false,tibco,integration,,,,,
tibco-activematrix-businessworks-plug-in-for-apache-kafka,6.8.1,false,true,,2024-07-31,auto,auto,https://docs.tibco.com/pub/bwpluginkafka/6.8.1/doc/zip/tib_bwpluginkafka_6.8.1_doc.zip,auto,false,tibco,integration,,,,,
tibco-activematrix-businessworks-plug-in-for-apache-kafka,6.8.0,false,true,,2023-11-11,auto,auto,https://docs.tibco.com/pub/bwpluginkafka/6.8.0/doc/zip/tib_bwpluginkafka_6.8.0_doc.zip,auto,false,tibco,integration,,,,,
tibco-activematrix-businessworks-plug-in-for-apache-kafka,6.7.0,false,true,,2023-05-08,auto,auto,https://docs.tibco.com/pub/bwpluginkafka/6.7.0/doc/zip/tib_bwpluginkafka_6.7.0_doc.zip,auto,false,tibco,integration,,,,,
tibco-activematrix-businessworks-plug-in-for-apache-kafka,6.6.0,true,false,,2022-11-03,auto,auto,https://docs.tibco.com/pub/bwpluginkafka/tibco-activematrix-businessworks-plug-in-for-apache-kafka-6-6-0_documentation.zip,auto,false,tibco,integration,,,,,
tibco-activematrix-businessworks-plug-in-for-apache-kafka,6.5.2,true,false,,2022-01-27,auto,auto,https://docs.tibco.com/pub/bwpluginkafka/tibco-activematrix-businessworks-plug-in-for-apache-kafka-6-5-2_documentation.zip,auto,false,tibco,integration,,,,,
tibco-activematrix-businessworks-plug-in-for-apache-kafka,6.5.1,true,false,,2021-11-08,auto,auto,https://docs.tibco.com/pub/bwpluginkafka/tibco-activematrix-businessworks-plug-in-for-apache-kafka-6-5-1_documentation.zip,auto,false,tibco,integration,,,,,
tibco-activematrix-businessworks-plug-in-for-apache-kafka,6.5.0,true,false,,2021-02-10,auto,auto,https://docs.tibco.com/pub/bwpluginkafka/tibco-activematrix-businessworks-plug-in-for-apache-kafka-6-5-0_documentation.zip,auto,false,tibco,integration,,,,,
tibco-activematrix-businessworks-plug-in-for-apache-kafka,6.4.1,true,false,,2020-09-25,auto,auto,https://docs.tibco.com/pub/bwpluginkafka/tibco-activematrix-businessworks-plug-in-for-apache-kafka-6-4-1_documentation.zip,auto,false,tibco,integration,,,,,
tibco-activematrix-businessworks-plug-in-for-apache-kafka,6.4.0,true,false,,1594080000000,auto,auto,https://docs.tibco.com/pub/bwpluginkafka/tibco-activematrix-businessworks-plug-in-for-apache-kafka-6-4-0_documentation.zip,auto,false,tibco,integration,,,,,
tibco-activematrix-businessworks-plug-in-for-apache-kafka,6.3.1,true,false,,2020-05-04,auto,auto,https://docs.tibco.com/pub/bwpluginkafka/tibco-activematrix-businessworks-plug-in-for-apache-kafka-6-3-1_documentation.zip,auto,false,tibco,integration,,,,,
tibco-activematrix-businessworks-plug-in-for-apache-kafka,6.3.0,true,false,,1579737600000,auto,auto,https://docs.tibco.com/pub/bwpluginkafka/tibco-activematrix-businessworks-plug-in-for-apache-kafka-6-3-0_documentation.zip,auto,false,tibco,integration,,,,,
tibco-activematrix-businessworks-plug-in-for-apache-kafka,6.2.0,true,false,,2019-07-24,auto,auto,https://docs.tibco.com/pub/bwpluginkafka/tibco-activematrix-businessworks-plug-in-for-apache-kafka-6-2-0_documentation.zip,auto,false,tibco,integration,,,,,
tibco-activematrix-businessworks-plug-in-for-apache-kafka,6.1.1,true,false,,1540425600000,auto,auto,https://docs.tibco.com/pub/bwpluginkafka/tibco-activematrix-businessworks-plug-in-for-apache-kafka-6-1-1_documentation.zip,auto,false,tibco,integration,,,,,
tibco-activematrix-businessworks-plug-in-for-apache-kafka,6.1.0,true,false,,1532217600000,auto,auto,https://docs.tibco.com/pub/bwpluginkafka/tibco-activematrix-businessworks-plug-in-for-apache-kafka-6-1-0_documentation.zip,auto,false,tibco,integration,,,,,
tibco-activematrix-businessworks-plug-in-for-apache-kafka,6.0.0,true,false,,2017-04-27,auto,auto,https://docs.tibco.com/pub/bwpluginkafka/tibco-activematrix-businessworks-plug-in-for-apache-kafka-6-0-0_documentation.zip,auto,false,tibco,integration,,,,,
tibco-activematrix-businessworks-plug-in-for-apache-kafka,5.0.1,false,true,,1748390400000,auto,auto,https://docs.tibco.com/pub/bwpluginkafka/5.0.1/doc/zip/tib_bwpluginkafka_5.0.1_doc.zip,auto,false,tibco,integration,,,,,
tibco-activematrix-businessworks-plug-in-for-apache-kafka,5.0.0,false,true,,2024-11-13,auto,auto,https://docs.tibco.com/pub/bwpluginkafka/5.0.0/doc/zip/tib_bwpluginkafka_5.0.0_doc.zip,auto,false,tibco,integration,,,,,
tibco-activematrix-businessworks-plug-in-for-apache-pulsar,6.2.1,false,true,,2025-05-19,auto,auto,https://docs.tibco.com/pub/bwpluginap/6.2.1/doc/zip/tib_bwpluginap_6.2.1_doc.zip,auto,false,tibco,integration,,,,,
tibco-activematrix-businessworks-plug-in-for-apache-pulsar,6.2.0,false,true,,2024-05-09,auto,auto,https://docs.tibco.com/pub/bwpluginap/6.2.0/doc/zip/tib_bwpluginap_6.2.0_doc.zip,auto,false,tibco,integration,,,,,
tibco-activematrix-businessworks-plug-in-for-apache-pulsar,6.1.0,false,true,,1706659200000,auto,auto,https://docs.tibco.com/pub/bwpluginap/6.1.0/doc/zip/tib_bwpluginap_6.1.0_doc.zip,auto,false,tibco,integration,,,,,
tibco-activematrix-businessworks-plug-in-for-apache-pulsar,6.0.0,false,true,,2023-05-16,auto,auto,https://docs.tibco.com/pub/bwpluginap/6.0.0/doc/zip/tib_bwpluginap_6.0.0_doc.zip,auto,false,tibco,integration,,,,,
tibco-activematrix-businessworks-plug-in-for-apache-pulsar,5.0.0,false,true,,2024-07-11,auto,auto,https://docs.tibco.com/pub/bwpluginap/5.0.0/doc/zip/tib_bwpluginap_5.0.0_doc.zip,auto,false,tibco,integration,,,,,
tibco-activematrix-businessworks-plug-in-for-applicability-statement-2-as2-protocol,6.0.0,false,true,,2026-01-20,auto,auto,https://docs.tibco.com/pub/bwpluginas2/6.0.0/doc/zip/tib_bwpluginas2_6.0.0_doc.zip,auto,false,tibco,integration,,,,,
tibco-activematrix-businessworks-plug-in-for-azure-cloud-services-azure-data-lake-storage-gen2,6.0.0,false,true,,2023-02-07,auto,auto,https://docs.tibco.com/pub/bwpluginacs/6.0.0/doc/zip/tib_bwpluginacs_6.0.0_doc.zip,auto,false,tibco,integration,,,,,
tibco-activematrix-businessworks-plug-in-for-b2b,1.1.0,false,true,,2019-02-06,auto,auto,https://docs.tibco.com/pub/activematrix-businessworks-plug-in-for-b2b/1.1.0/doc/zip/tib_activematrix-businessworks-plug-in-for-b2b_1.1.0_doc.zip,auto,false,tibco,integration,,,,,
tibco-activematrix-businessworks-plug-in-for-big-data,6.6.1,false,true,,2021-11-09,auto,auto,https://docs.tibco.com/pub/bwpluginbigdata/6.6.1/doc/zip/tib_bwpluginbigdata_6.6.1_doc.zip,auto,false,tibco,integration,,,,,
tibco-activematrix-businessworks-plug-in-for-big-data,6.6.0,false,true,,1575936000000,auto,auto,https://docs.tibco.com/pub/bwpluginbigdata/6.6.0/doc/zip/tib_bwpluginbigdata_6.6.0_doc.zip,auto,false,tibco,integration,,,,,
tibco-activematrix-businessworks-plug-in-for-big-data,6.5.0,false,true,,1541396892000,auto,auto,https://docs.tibco.com/pub/bwpluginbigdata/6.5.0/doc/zip/tib_bwpluginbigdata_6.5.0_doc.zip,auto,false,tibco,integration,,,,,
tibco-activematrix-businessworks-plug-in-for-big-data,6.4.0,true,false,,1531353600000,auto,auto,https://docs.tibco.com/pub/bwpluginbigdata/tibco-activematrix-businessworks-plug-in-for-big-data-6-4-0_documentation.zip,auto,false,tibco,integration,,,,,
tibco-activematrix-businessworks-plug-in-for-big-data,6.3.1,true,false,,2018-02-14,auto,auto,https://docs.tibco.com/pub/bwpluginbigdata/tibco-activematrix-businessworks-plug-in-for-big-data-6-3-1_documentation.zip,auto,false,tibco,integration,,,,,
tibco-activematrix-businessworks-plug-in-for-big-data,6.3.0,true,false,,2016-12-02,auto,auto,https://docs.tibco.com/pub/bwpluginbigdata/tibco-activematrix-businessworks-plug-in-for-big-data-6-3-0_documentation.zip,auto,false,tibco,integration,,,,,
tibco-activematrix-businessworks-plug-in-for-big-data,6.2.0,true,false,,2016-02-10,auto,auto,https://docs.tibco.com/pub/activematrix-businessworks-plugin-for-bigdata/tibco-activematrix-businessworks-plug-in-for-big-data-6-2-0_documentation.zip,auto,false,tibco,integration,,,,,
tibco-activematrix-businessworks-plug-in-for-big-data,6.1.0,true,false,,1440028800000,auto,auto,https://docs.tibco.com/pub/activematrix-businessworks-plugin-for-bigdata/tibco-activematrix-businessworks-plug-in-for-big-data-6-1-0_documentation.zip,auto,false,tibco,integration,,,,,
tibco-activematrix-businessworks-plug-in-for-big-data,6.0.0,true,false,,2014-05-23,auto,auto,https://docs.tibco.com/pub/activematrix-businessworks-plugin-for-bigdata/tibco-activematrix-businessworks-plug-in-for-big-data-6-0-0_documentation.zip,auto,false,tibco,integration,,,,,
tibco-activematrix-businessworks-plug-in-for-big-data,1.0.0,true,false,,2013-11-26,auto,auto,https://docs.tibco.com/pub/activematrix-businessworks-plugin-for-bigdata/tibco-activematrix-businessworks-plug-in-for-big-data-1-0-0_documentation.zip,auto,false,tibco,integration,,,,,
tibco-activematrix-businessworks-plug-in-for-businessconnect,6.4.0,false,true,,2026-02-02,auto,auto,https://docs.tibco.com/pub/bwpluginbc/6.4.0/doc/zip/tib_bwpluginbc_6.4.0_doc.zip,auto,false,tibco,integration,,,,,
tibco-activematrix-businessworks-plug-in-for-businessconnect,6.3.3,false,true,,2025-08-29,auto,auto,https://docs.tibco.com/pub/bwpluginbc/6.3.3/doc/zip/tib_bwpluginbc_6.3.3_doc.zip,auto,false,tibco,integration,,,,,
tibco-activematrix-businessworks-plug-in-for-businessconnect,6.3.2,false,true,,2024-04-11,auto,auto,https://docs.tibco.com/pub/bwpluginbc/6.3.2/doc/zip/tib_bwpluginbc_6.3.2_doc.zip,auto,false,tibco,integration,,,,,
tibco-activematrix-businessworks-plug-in-for-businessconnect,6.3.1,false,true,,2022-12-21,auto,auto,https://docs.tibco.com/pub/bwpluginbc/6.3.1/doc/zip/tib_bwpluginbc_6.3.1_doc.zip,auto,false,tibco,integration,,,,,
tibco-activematrix-businessworks-plug-in-for-businessconnect,6.3.0,false,true,,2022-04-25,auto,auto,https://docs.tibco.com/pub/bwpluginbc/6.3.0/doc/zip/tib_bwpluginbc_6.3.0_doc.zip,auto,false,tibco,integration,,,,,
tibco-activematrix-businessworks-plug-in-for-businessconnect,6.2.0,true,false,,2019-11-05,auto,auto,https://docs.tibco.com/pub/bwpluginbc/tibco-activematrix-businessworks-plug-in-for-businessconnect-6-2-0_documentation.zip,auto,false,tibco,integration,,,,,
tibco-activematrix-businessworks-plug-in-for-businessconnect,6.1.2,true,false,,2018-12-21,auto,auto,https://docs.tibco.com/pub/bwpluginbc/tibco-activematrix-businessworks-plug-in-for-businessconnect-6-1-2_documentation.zip,auto,false,tibco,integration,,,,,
tibco-activematrix-businessworks-plug-in-for-businessconnect,6.1.1,true,false,,2016-04-13,auto,auto,https://docs.tibco.com/pub/bwpluginbc/tibco-activematrix-businessworks-plug-in-for-businessconnect-6-1-1_documentation.zip,auto,false,tibco,integration,,,,,
tibco-activematrix-businessworks-plug-in-for-businessconnect,6.1.0,true,false,,2017-06-15,auto,auto,https://docs.tibco.com/pub/bwpluginbc/tibco-activematrix-businessworks-plug-in-for-businessconnect-6-1-0_documentation.zip,auto,false,tibco,integration,,,,,
tibco-activematrix-businessworks-plug-in-for-businessconnect,6.0.1,true,false,,2014-12-05,auto,auto,https://docs.tibco.com/pub/bwpluginbc/tibco-activematrix-businessworks-plug-in-for-businessconnect-6-0-1_documentation.zip,auto,false,tibco,integration,,,,,
tibco-activematrix-businessworks-plug-in-for-businessconnect,6.0.0,false,true,,2014-10-02,auto,auto,https://docs.tibco.com/pub/bwpluginbc/6.0.0/doc/zip/tib_bwpluginbc_6.0.0_doc.zip,auto,false,tibco,integration,,,,,
tibco-activematrix-businessworks-plug-in-for-change-data-capture,6.2.0,false,true,,2025-04-29,auto,auto,https://docs.tibco.com/pub/bwplugincdc/6.2.0/doc/zip/tib_bwplugincdc_6.2.0_doc.zip,auto,false,tibco,integration,,,,,
tibco-activematrix-businessworks-plug-in-for-change-data-capture,6.1.0,false,true,,2023-09-13,auto,auto,https://docs.tibco.com/pub/bwplugincdc/6.1.0/doc/zip/tib_bwplugincdc_6.1.0_doc.zip,auto,false,tibco,integration,,,,,
tibco-activematrix-businessworks-plug-in-for-change-data-capture,6.0.0,false,true,,2023-06-07,auto,auto,https://docs.tibco.com/pub/bwplugincdc/6.0.0/doc/zip/tib_bwplugincdc_6.0.0_doc.zip,auto,false,tibco,integration,,,,,
tibco-activematrix-businessworks-plug-in-for-cics,2.5.0,false,true,,2023-08-29,auto,auto,https://docs.tibco.com/pub/bwcp/2.5.0/doc/zip/tib_bwcp_2.5.0_doc.zip,auto,false,tibco,integration,,,,,
tibco-activematrix-businessworks-plug-in-for-cics,2.4.1,false,true,,2020-08-17,auto,auto,https://docs.tibco.com/pub/bwcp/2.4.1/doc/zip/tib_bwcp_2.4.1_doc.zip,auto,false,tibco,integration,,,,,
tibco-activematrix-businessworks-plug-in-for-cics,2.4.0,true,false,,2018-11-14,auto,auto,https://docs.tibco.com/pub/bwcp/tibco-activematrix-businessworks-plug-in-for-cics-2-4-0_documentation.zip,auto,false,tibco,integration,,,,,
tibco-activematrix-businessworks-plug-in-for-cics,2.3.0,true,false,,2018-10-30,auto,auto,https://docs.tibco.com/pub/bwcp/tibco-activematrix-businessworks-plug-in-for-cics-2-3-0_documentation.zip,auto,false,tibco,integration,,,,,
tibco-activematrix-businessworks-plug-in-for-cics,2.2.0,true,false,,2017-06-15,auto,auto,https://docs.tibco.com/pub/bwcp/tibco-activematrix-businessworks-plug-in-for-cics-2-2-0_documentation.zip,auto,false,tibco,integration,,,,,
tibco-activematrix-businessworks-plug-in-for-cics,1.5.0,false,true,,2023-09-28,auto,auto,https://docs.tibco.com/pub/bwcp/1.5.0/doc/zip/tib_bwcp_1.5.0_doc.zip,auto,false,tibco,integration,,,,,
tibco-activematrix-businessworks-plug-in-for-cics,1.3.0,false,true,,2022-08-17,auto,auto,https://docs.tibco.com/pub/bwcp/1.3.0/doc/zip/tib_bwcp_1.3.0_doc.zip,auto,false,tibco,integration,,,,,
tibco-activematrix-businessworks-plug-in-for-cics,1.2.2,false,true,,2025-09-23,auto,auto,https://docs.tibco.com/pub/bwcp/1.2.2/doc/zip/tib_bwcp_1.2.2_doc.zip,auto,false,tibco,integration,,,,,
tibco-activematrix-businessworks-plug-in-for-cics,1.2.1,false,true,,2020-08-17,auto,auto,https://docs.tibco.com/pub/bwcp/1.2.1/doc/zip/tib_bwcp_1.2.1_doc.zip,auto,false,tibco,integration,,,,,
tibco-activematrix-businessworks-plug-in-for-cics,1.2.0,true,false,,2018-08-31,auto,auto,https://docs.tibco.com/pub/activematrix_businessworks_plugin_for_cics/tibco-activematrix-businessworks-plug-in-for-cics-1-2-0_documentation.zip,auto,false,tibco,integration,,,,,
tibco-activematrix-businessworks-plug-in-for-confidentiality,6.1.1,false,true,,1632355200000,auto,auto,https://docs.tibco.com/pub/bwpluginconfidentiality/6.1.1/doc/zip/tib_bwpluginconfidentiality_6.1.1_doc.zip,auto,false,tibco,integration,,,,,
tibco-activematrix-businessworks-plug-in-for-confidentiality,6.1.0,false,true,,2021-03-01,auto,auto,https://docs.tibco.com/pub/bwpluginconfidentiality/6.1.0/doc/zip/tib_bwpluginconfidentiality_6.1.0_doc.zip,auto,false,tibco,integration,,,,,
tibco-activematrix-businessworks-plug-in-for-confidentiality,6.0.0,false,true,,2019-07-18,auto,auto,https://docs.tibco.com/pub/bwpluginconfidentiality/6.0.0/doc/zip/tib_bwpluginconfidentiality_6.0.0_doc.zip,auto,false,tibco,integration,,,,,
tibco-activematrix-businessworks-plug-in-for-data-conversion,4.8.1,false,true,,2025-08-22,auto,auto,https://docs.tibco.com/pub/bwdcp/4.8.1/doc/zip/tib_bwdcp_4.8.1_doc.zip,auto,false,tibco,integration,,,,,
tibco-activematrix-businessworks-plug-in-for-data-conversion,4.8.0,false,true,,2025-03-25,auto,auto,https://docs.tibco.com/pub/bwdcp/4.8.0/doc/zip/tib_bwdcp_4.8.0_doc.zip,auto,false,tibco,integration,,,,,
tibco-activematrix-businessworks-plug-in-for-data-conversion,4.7.0,false,true,,2021-12-22,auto,auto,https://docs.tibco.com/pub/bwdcp/4.7.0/doc/zip/tib_bwdcp_4.7.0_doc.zip,auto,false,tibco,integration,,,,,
tibco-activematrix-businessworks-plug-in-for-data-conversion,4.6.0,false,true,,2019-02-19,auto,auto,https://docs.tibco.com/pub/bwdcp/4.6.0/doc/zip/tib_bwdcp_4.6.0_doc.zip,auto,false,tibco,integration,,,,,
tibco-activematrix-businessworks-plug-in-for-data-conversion,4.5.1,true,false,,2018-11-01,auto,auto,https://docs.tibco.com/pub/bwdcp/tibco-activematrix-businessworks-plug-in-for-data-conversion-4-5-1_documentation.zip,auto,false,tibco,integration,,,,,
tibco-activematrix-businessworks-plug-in-for-data-conversion,4.5.0,true,false,,2018-10-30,auto,auto,https://docs.tibco.com/pub/activematrix_businessworks_plugin_for_data_conversion/tibco-activematrix-businessworks-plug-in-for-data-conversion-4-5-0_documentation.zip,auto,false,tibco,integration,,,,,
tibco-activematrix-businessworks-plug-in-for-data-conversion,4.4.0,true,false,,2017-06-15,auto,auto,https://docs.tibco.com/pub/activematrix_businessworks_plugin_for_data_conversion/tibco-activematrix-businessworks-plug-in-for-data-conversion-4-4-0_documentation.zip,auto,false,tibco,integration,,,,,
tibco-activematrix-businessworks-plug-in-for-data-conversion,4.3.0,true,false,,2017-06-15,auto,auto,https://docs.tibco.com/pub/activematrix_businessworks_plugin_for_data_conversion/tibco-activematrix-businessworks-plug-in-for-data-conversion-4-3-0_documentation.zip,auto,false,tibco,integration,,,,,
tibco-activematrix-businessworks-plug-in-for-data-conversion,4.2.0,true,false,,2014-11-14,auto,auto,https://docs.tibco.com/pub/activematrix_businessworks_plugin_for_data_conversion/tibco-activematrix-businessworks-plug-in-for-data-conversion-4-2-0_documentation.zip,auto,false,tibco,integration,,,,,
tibco-activematrix-businessworks-plug-in-for-data-conversion,4.1.0,true,false,,2014-05-30,auto,auto,https://docs.tibco.com/pub/activematrix_businessworks_plugin_for_data_conversion/tibco-activematrix-businessworks-plug-in-for-data-conversion-4-1-0_documentation.zip,auto,false,tibco,integration,,,,,
tibco-activematrix-businessworks-plug-in-for-data-conversion,3.6.0,false,true,,2021-11-11,auto,auto,https://docs.tibco.com/pub/bwplugincopybook/3.6.0/doc/zip/tib_bwplugincopybook_3.6.0_doc.zip,auto,false,tibco,integration,,,,,
tibco-activematrix-businessworks-plug-in-for-data-conversion,3.5.1,false,true,,2021-10-19,auto,auto,https://docs.tibco.com/pub/bwplugincopybook/3.5.1/doc/zip/tib_bwplugincopybook_3.5.1_doc.zip,auto,false,tibco,integration,,,,,
tibco-activematrix-businessworks-plug-in-for-data-conversion,3.5.0,true,false,,2018-10-01,auto,auto,https://docs.tibco.com/pub/bwplugincopybook/tibco-activematrix-businessworks-plug-in-for-data-conversion-3-5-0_documentation.zip,auto,false,tibco,integration,,,,,
tibco-activematrix-businessworks-plug-in-for-data-conversion,3.4.0,true,false,,2018-08-31,auto,auto,https://docs.tibco.com/pub/activematrix_businessworks_plugin_for_data_conversion/tibco-activematrix-businessworks-plug-in-for-data-conversion-3-4-0_documentation.zip,auto,false,tibco,integration,,,,,
tibco-activematrix-businessworks-plug-in-for-data-conversion,3.3.0,true,false,,2013-02-15,auto,auto,https://docs.tibco.com/pub/activematrix_businessworks_plugin_for_data_conversion/tibco-activematrix-businessworks-plug-in-for-data-conversion-3-3-0_documentation.zip,auto,false,tibco,integration,,,,,
tibco-activematrix-businessworks-plug-in-for-data-conversion,3.2.0,true,false,,2011-11-16,auto,auto,https://docs.tibco.com/pub/activematrix_businessworks_plugin_for_data_conversion/tibco-activematrix-businessworks-plug-in-for-data-conversion-3-2-0_documentation.zip,auto,false,tibco,integration,,,,,
tibco-activematrix-businessworks-plug-in-for-data-conversion,3.1.0,true,false,,2011-06-21,auto,auto,https://docs.tibco.com/pub/activematrix_businessworks_plugin_for_data_conversion/tibco-activematrix-businessworks-plug-in-for-data-conversion-3-1-0_documentation.zip,auto,false,tibco,integration,,,,,
tibco-activematrix-businessworks-plug-in-for-data-conversion,3.0.0,true,false,,2013-02-20,auto,auto,https://docs.tibco.com/pub/activematrix_businessworks_plugin_for_data_conversion/tibco-activematrix-businessworks-plug-in-for-data-conversion-3-0-0_documentation.zip,auto,false,tibco,integration,,,,,
tibco-activematrix-businessworks-plug-in-for-database,8.6.0,false,true,,1679011200000,auto,auto,https://docs.tibco.com/pub/bwpluginadb/8.6.0/doc/zip/tib_bwpluginadb_8.6.0_doc.zip,auto,false,tibco,integration,,,,,
tibco-activematrix-businessworks-plug-in-for-database,8.5.0,false,true,,2022-02-02,auto,auto,https://docs.tibco.com/pub/bwpluginadb/8.5.0/doc/zip/tib_bwpluginadb_8.5.0_doc.zip,auto,false,tibco,integration,,,,,
tibco-activematrix-businessworks-plug-in-for-database,8.4.0,false,true,,2020-12-08,auto,auto,https://docs.tibco.com/pub/bwpluginadb/8.4.0/doc/zip/tib_bwpluginadb_8.4.0_doc.zip,auto,false,tibco,integration,,,,,
tibco-activematrix-businessworks-plug-in-for-database,8.3.2,true,false,,2020-01-14,auto,auto,https://docs.tibco.com/pub/bwpluginadb/tibco-activematrix-businessworks-plug-in-for-database-8-3-2_documentation.zip,auto,false,tibco,integration,,,,,
tibco-activematrix-businessworks-plug-in-for-database,8.3.1,true,false,,2019-03-26,auto,auto,https://docs.tibco.com/pub/bwpluginadb/tibco-activematrix-businessworks-plug-in-for-database-8-3-1_documentation.zip,auto,false,tibco,integration,,,,,
tibco-activematrix-businessworks-plug-in-for-database,8.3.0,true,false,,2019-01-24,auto,auto,https://docs.tibco.com/pub/bwpluginadb/tibco-activematrix-businessworks-plug-in-for-database-8-3-0_documentation.zip,auto,false,tibco,integration,,,,,
tibco-activematrix-businessworks-plug-in-for-database,8.2.0,true,false,,2018-11-08,auto,auto,https://docs.tibco.com/pub/bwpluginadb/tibco-activematrix-businessworks-plug-in-for-database-8-2-0_documentation.zip,auto,false,tibco,integration,,,,,
tibco-activematrix-businessworks-plug-in-for-database,8.1.0,true,false,,2018-06-12,auto,auto,https://docs.tibco.com/pub/bwpluginadb/tibco-activematrix-businessworks-plug-in-for-database-8-1-0_documentation.zip,auto,false,tibco,integration,,,,,
tibco-activematrix-businessworks-plug-in-for-database,8.0.1,true,false,,2018-11-28,auto,auto,https://docs.tibco.com/pub/bwpluginadb/tibco-activematrix-businessworks-plug-in-for-database-8-0-1_documentation.zip,auto,false,tibco,integration,,,,,
tibco-activematrix-businessworks-plug-in-for-database,8.0.0,true,false,,2017-12-13,auto,auto,https://docs.tibco.com/pub/bwpluginadb/tibco-activematrix-businessworks-plug-in-for-database-8-0-0_documentation.zip,auto,false,tibco,integration,,,,,
tibco-activematrix-businessworks-plug-in-for-database,7.3.2,false,true,,2023-10-30,auto,auto,https://docs.tibco.com/pub/adadb/7.3.2/doc/zip/tib_adadb_7.3.2_doc.zip,auto,false,tibco,integration,,,,,
tibco-activematrix-businessworks-plug-in-for-database,7.3.1,false,true,,2022-05-09,auto,auto,https://docs.tibco.com/pub/adadb/7.3.1/doc/zip/tib_adadb_7.3.1_doc.zip,auto,false,tibco,integration,,,,,
tibco-activematrix-businessworks-plug-in-for-database,7.3.0,true,false,,1635292800000,auto,auto,https://docs.tibco.com/pub/adadb/tibco-activematrix-adapter-for-database-7-3-0_documentation.zip,auto,false,tibco,integration,,,,,
tibco-activematrix-businessworks-plug-in-for-database,7.2.1,false,true,,2023-10-30,auto,auto,https://docs.tibco.com/pub/adadb/7.2.1/doc/zip/tib_adadb_7.2.1_doc.zip,auto,false,tibco,integration,,,,,
tibco-activematrix-businessworks-plug-in-for-database,7.2.0,false,true,,2021-04-30,auto,auto,https://docs.tibco.com/pub/adadb/7.2.0/doc/zip/tib_adadb_7.2.0_doc.zip,auto,false,tibco,integration,,,,,
tibco-activematrix-businessworks-plug-in-for-database,7.1.0,true,false,,2014-11-26,auto,auto,https://docs.tibco.com/pub/adadb/tibco-activematrix-adapter-for-database-7-1-0_documentation.zip,auto,false,tibco,integration,,,,,
tibco-activematrix-businessworks-plug-in-for-database,7.0.0,true,false,,2013-07-30,auto,auto,https://docs.tibco.com/pub/activematrix-adapter-for-database/tibco-activematrix-adapter-for-database-7-0-0_documentation.zip,auto,false,tibco,integration,,,,,
tibco-activematrix-businessworks-plug-in-for-database,6.3.0,true,false,,2012-11-15,auto,auto,https://docs.tibco.com/pub/activematrix-adapter-for-database/tibco-activematrix-adapter-for-database-6-3-0_documentation.zip,auto,false,tibco,integration,,,,,
tibco-activematrix-businessworks-plug-in-for-database,6.2.0,true,false,,2012-02-09,auto,auto,https://docs.tibco.com/pub/activematrix-adapter-for-database/tibco-activematrix-adapter-for-database-6-2-0_documentation.zip,auto,false,tibco,integration,,,,,
tibco-activematrix-businessworks-plug-in-for-database,6.1.0,true,false,,2011-06-27,auto,auto,https://docs.tibco.com/pub/activematrix-adapter-for-database/tibco-activematrix-adapter-for-database-6-1-0_documentation.zip,auto,false,tibco,integration,,,,,
tibco-activematrix-businessworks-plug-in-for-database,6.0.0,true,false,,2009-04-01,auto,auto,https://docs.tibco.com/pub/activematrix-adapter-for-database/tibco-activematrix-adapter-for-database-6-0-0_documentation.zip,auto,false,tibco,integration,,,,,
tibco-activematrix-businessworks-plug-in-for-database,5.5.1,true,false,,2011-08-05,auto,auto,https://docs.tibco.com/pub/activematrix-adapter-for-database/tibco-activematrix-adapter-for-database-5-5-1_documentation.zip,auto,false,tibco,integration,,,,,
tibco-activematrix-businessworks-plug-in-for-edi,6.3.0,false,true,,1458172800000,auto,auto,https://docs.tibco.com/pub/bwpluginedi_healthcare/6.3.0/doc/zip/tib_bwpluginedi_healthcare_6.3.0_doc.zip,auto,false,tibco,integration,,,,,
tibco-activematrix-businessworks-plug-in-for-edi,6.0.0,true,false,,1444867200000,auto,auto,https://docs.tibco.com/pub/bwpluginedi_healthcare/tibco-activematrix-businessworks-plug-in-for-edi-6-0-0_documentation.zip,auto,false,tibco,integration,,,,,
tibco-activematrix-businessworks-plug-in-for-edi-healthcare-edition,6.3.1,false,true,,2019-02-12,auto,auto,https://docs.tibco.com/pub/bwpluginedi-healthcare/6.3.1/doc/zip/tib_bwpluginedi-healthcare_6.3.1_doc.zip,auto,false,tibco,integration,,,,,
tibco-activematrix-businessworks-plug-in-for-edi-standard-edition,6.3.1,false,true,,2019-02-12,auto,auto,https://docs.tibco.com/pub/bwpluginedi-standard/6.3.1/doc/zip/tib_bwpluginedi-standard_6.3.1_doc.zip,auto,false,tibco,integration,,,,,
tibco-activematrix-businessworks-plug-in-for-ejb,6.1.1,false,true,,2020-04-22,auto,auto,https://docs.tibco.com/pub/bwpluginejb/6.1.1/doc/zip/tib_bwpluginejb_6.1.1_doc.zip,auto,false,tibco,integration,,,,,
tibco-activematrix-businessworks-plug-in-for-ejb,6.1.0,false,true,,2016-06-06,auto,auto,https://docs.tibco.com/pub/bwpluginejb/6.1.0/doc/zip/tib_bwpluginejb_6.1.0_doc.zip,auto,false,tibco,integration,,,,,
tibco-activematrix-businessworks-plug-in-for-ejb,6.0.0,true,false,,2014-11-19,auto,auto,https://docs.tibco.com/pub/bwpluginejb/tibco-activematrix-businessworks-plug-in-for-ejb-6-0-0_documentation.zip,auto,false,tibco,integration,,,,,
tibco-activematrix-businessworks-plug-in-for-ejb,5.4.0,false,true,,2024-08-21,auto,auto,https://docs.tibco.com/pub/bwpluginejb/5.4.0/doc/zip/tib_bwpluginejb_5.4.0_doc.zip,auto,false,tibco,integration,,,,,
tibco-activematrix-businessworks-plug-in-for-ejb,5.3.0,true,false,,2011-06-25,auto,auto,https://docs.tibco.com/pub/businessworks_ejb_plugin/tibco-businessworks-ejb-plug-in-5-3-0_documentation.zip,auto,false,tibco,integration,,,,,
tibco-activematrix-businessworks-plug-in-for-facebook,6.5.0,false,true,,2022-08-29,auto,auto,https://docs.tibco.com/pub/bwpluginfacebook/6.5.0/doc/zip/tib_bwpluginfacebook_6.5.0_doc.zip,auto,false,tibco,integration,,,,,
tibco-activematrix-businessworks-plug-in-for-facebook,6.4.0,false,true,,2021-04-07,auto,auto,https://docs.tibco.com/pub/bwpluginfacebook/6.4.0/doc/zip/tib_bwpluginfacebook_6.4.0_doc.zip,auto,false,tibco,integration,,,,,
tibco-activematrix-businessworks-plug-in-for-facebook,6.3.0,true,false,,2019-03-13,auto,auto,https://docs.tibco.com/pub/bwpluginfacebook/tibco-activematrix-businessworks-plug-in-for-facebook-6-3-0_documentation.zip,auto,false,tibco,integration,,,,,
tibco-activematrix-businessworks-plug-in-for-facebook,6.2.0,true,false,,2018-08-29,auto,auto,https://docs.tibco.com/pub/bwpluginfacebook/tibco-activematrix-businessworks-plug-in-for-facebook-6-2-0_documentation.zip,auto,false,tibco,integration,,,,,
tibco-activematrix-businessworks-plug-in-for-facebook,6.1.0,true,false,,2017-06-15,auto,auto,https://docs.tibco.com/pub/activematrix_businessworks_plugin_for_facebook/tibco-activematrix-businessworks-plug-in-for-facebook-6-1-0_documentation.zip,auto,false,tibco,integration,,,,,
tibco-activematrix-businessworks-plug-in-for-facebook,6.0.2,true,false,,2017-06-15,auto,auto,https://docs.tibco.com/pub/activematrix_businessworks_plugin_for_facebook/tibco-activematrix-businessworks-plug-in-for-facebook-6-0-2_documentation.zip,auto,false,tibco,integration,,,,,
tibco-activematrix-businessworks-plug-in-for-facebook,6.0.1,true,false,,2014-11-21,auto,auto,https://docs.tibco.com/pub/activematrix_businessworks_plugin_for_facebook/tibco-activematrix-businessworks-plug-in-for-facebook-6-0-1_documentation.zip,auto,false,tibco,integration,,,,,
tibco-activematrix-businessworks-plug-in-for-facebook,6.0.0,true,false,,2014-05-30,auto,auto,https://docs.tibco.com/pub/activematrix_businessworks_plugin_for_facebook/tibco-activematrix-businessworks-plug-in-for-facebook-6-0-0_documentation.zip,auto,false,tibco,integration,,,,,
tibco-activematrix-businessworks-plug-in-for-facebook,1.4.0,false,true,,2022-12-28,auto,auto,https://docs.tibco.com/pub/bwpluginfacebook/1.4.0/doc/zip/tib_bwpluginfacebook_1.4.0_doc.zip,auto,false,tibco,integration,,,,,
tibco-activematrix-businessworks-plug-in-for-facebook,1.3.0,false,true,,1624579200000,auto,auto,https://docs.tibco.com/pub/bwpluginfacebook/1.3.0/doc/zip/tib_bwpluginfacebook_1.3.0_doc.zip,auto,false,tibco,integration,,,,,
tibco-activematrix-businessworks-plug-in-for-facebook,1.2.0,false,true,,2019-10-14,auto,auto,https://docs.tibco.com/pub/bwpluginfacebook/1.2.0/doc/zip/tib_bwpluginfacebook_1.2.0_doc.zip,auto,false,tibco,integration,,,,,
tibco-activematrix-businessworks-plug-in-for-facebook,1.1.0,true,false,,2018-08-29,auto,auto,https://docs.tibco.com/pub/bwpluginfacebook/tibco-activematrix-businessworks-plug-in-for-facebook-1-1-0_documentation.zip,auto,false,tibco,integration,,,,,
tibco-activematrix-businessworks-plug-in-for-facebook,1.0.1,true,false,,2015-04-02,auto,auto,https://docs.tibco.com/pub/activematrix_businessworks_plugin_for_facebook/tibco-activematrix-businessworks-plug-in-for-facebook-1-0-1_documentation.zip,auto,false,tibco,integration,,,,,
tibco-activematrix-businessworks-plug-in-for-facebook,1.0.0,true,false,,2012-06-05,auto,auto,https://docs.tibco.com/pub/activematrix_businessworks_plugin_for_facebook/tibco-activematrix-businessworks-plug-in-for-facebook-1-0-0_documentation.zip,auto,false,tibco,integration,,,,,
tibco-activematrix-businessworks-plug-in-for-files-for-unix-and-windows,8.3.0,false,true,,1646784000000,auto,auto,https://docs.tibco.com/pub/bwpluginfiles/8.3.0/doc/zip/tib_bwpluginfiles_8.3.0_doc.zip,auto,false,tibco,integration,,,,,
tibco-activematrix-businessworks-plug-in-for-files-for-unix-and-windows,8.2.0,false,true,,2021-04-08,auto,auto,https://docs.tibco.com/pub/bwpluginfiles/8.2.0/doc/zip/tib_bwpluginfiles_8.2.0_doc.zip,auto,false,tibco,integration,,,,,
tibco-activematrix-businessworks-plug-in-for-files-for-unix-and-windows,8.1.0,false,true,,,auto,auto,https://docs.tibco.com/pub/bwpluginfiles/8.1.0/doc/zip/tib_bwpluginfiles_8.1.0_doc.zip,auto,false,tibco,integration,,,,,
tibco-activematrix-businessworks-plug-in-for-files-for-unix-and-windows,8.0.0,true,false,,2017-08-31,auto,auto,https://docs.tibco.com/pub/bwpluginfiles/tibco-activematrix-businessworks-plug-in-for-files-for-unix-and-windows-8-0-0_documentation.zip,auto,false,tibco,integration,,,,,
tibco-activematrix-businessworks-plug-in-for-files-for-unix-and-windows,7.1.1,true,false,,2022-05-16,auto,auto,https://docs.tibco.com/pub/adfiles/tibco-activematrix-adapter-for-files-for-unix-win-7-1-1_documentation.zip,auto,false,tibco,integration,,,,,
tibco-activematrix-businessworks-plug-in-for-files-for-unix-and-windows,7.1.0,true,false,,1634860800000,auto,auto,https://docs.tibco.com/pub/adfiles/tibco-activematrix-adapter-for-files-for-unix-win-7-1-0_documentation.zip,auto,false,tibco,integration,,,,,
tibco-activematrix-businessworks-plug-in-for-files-for-unix-and-windows,7.0.0,true,false,,2023-03-06,auto,auto,https://docs.tibco.com/pub/adfiles/tibco-activematrix-adapter-for-files-7-0-0_documentation.zip,auto,false,tibco,integration,,,,,
tibco-activematrix-businessworks-plug-in-for-files-for-unix-and-windows,6.2.1,true,false,,2021-12-17,auto,auto,https://docs.tibco.com/pub/activematrix-adapter-for-files/tibco-activematrix-adapter-for-files-6-2-1_documentation.zip,auto,false,tibco,integration,,,,,
tibco-activematrix-businessworks-plug-in-for-files-for-unix-and-windows,6.2.0,true,false,,2021-12-17,auto,auto,https://docs.tibco.com/pub/activematrix-adapter-for-files/tibco-activematrix-adapter-for-files-6-2-0_documentation.zip,auto,false,tibco,integration,,,,,
tibco-activematrix-businessworks-plug-in-for-files-for-unix-and-windows,6.1.0,true,false,,2021-12-17,auto,auto,https://docs.tibco.com/pub/activematrix-adapter-for-files/tibco-activematrix-adapter-for-files-6-1-0_documentation.zip,auto,false,tibco,integration,,,,,
tibco-activematrix-businessworks-plug-in-for-files-for-unix-and-windows,6.0.0,true,false,,2021-12-17,auto,auto,https://docs.tibco.com/pub/activematrix-adapter-for-files/tibco-activematrix-adapter-for-files-6-0-0_documentation.zip,auto,false,tibco,integration,,,,,
tibco-activematrix-businessworks-plug-in-for-formvine,1.0.0,true,false,,2012-12-04,auto,auto,https://docs.tibco.com/pub/activematrix-businessworks-plugin-for-formvine/tibco-activematrix-businessworks-plug-in-for-formvine-1-0-0_documentation.zip,auto,false,tibco,integration,,,,,
tibco-activematrix-businessworks-plug-in-for-google-bigquery,6.1.0,false,true,,2023-01-11,auto,auto,https://docs.tibco.com/pub/bwpluginbigquery/6.1.0/doc/zip/tib_bwpluginbigquery_6.1.0_doc.zip,auto,false,tibco,integration,,,,,
tibco-activematrix-businessworks-plug-in-for-google-bigquery,6.0.0,true,false,,1586908800000,auto,auto,https://docs.tibco.com/pub/bwpluginbigquery/tibco-activematrix-businessworks-plug-in-for-google-bigquery-6-0-0_documentation.zip,auto,false,tibco,integration,,,,,
tibco-activematrix-businessworks-plug-in-for-google-cloud-pub-sub,6.0.2,false,true,,1674518400000,auto,auto,https://docs.tibco.com/pub/bwplugingooglecps/6.0.2/doc/zip/tib_bwplugingooglecps_6.0.2_doc.zip,auto,false,tibco,integration,,,,,
tibco-activematrix-businessworks-plug-in-for-google-cloud-pub-sub,6.0.1,true,false,,2020-07-02,auto,auto,https://docs.tibco.com/pub/bwplugingooglecps/tibco-activematrix-businessworks-plug-in-for-google-cloud-pub-sub-6-0-1_documentation.zip,auto,false,tibco,integration,,,,,
tibco-activematrix-businessworks-plug-in-for-google-cloud-pub-sub,6.0.0,true,false,,1582502400000,auto,auto,https://docs.tibco.com/pub/bwplugingooglecps/tibco-activematrix-businessworks-plug-in-for-google-cloud-pub-sub-6-0-0_documentation.zip,auto,false,tibco,integration,,,,,
tibco-activematrix-businessworks-plug-in-for-google-cloud-storage,6.0.0,false,true,,2021-06-04,auto,auto,https://docs.tibco.com/pub/bwplugingooglecs/6.0.0/doc/zip/tib_bwplugingooglecs_6.0.0_doc.zip,auto,false,tibco,integration,,,,,
tibco-activematrix-businessworks-plug-in-for-hl7-with-fhir,8.6.0,false,true,,2023-12-21,auto,auto,https://docs.tibco.com/pub/bwpluginhl7/8.6.0/doc/zip/tib_bwpluginhl7_8.6.0_doc.zip,auto,false,tibco,integration,,,,,
tibco-activematrix-businessworks-plug-in-for-hl7-with-fhir,8.5.0,false,true,,1662422400000,auto,auto,https://docs.tibco.com/pub/bwpluginhl7/8.5.0/doc/zip/tib_bwpluginhl7_8.5.0_doc.zip,auto,false,tibco,integration,,,,,
tibco-activematrix-businessworks-plug-in-for-hl7-with-fhir,8.4.0,false,true,,2021-07-07,auto,auto,https://docs.tibco.com/pub/bwpluginhl7/8.4.0/doc/zip/tib_bwpluginhl7_8.4.0_doc.zip,auto,false,tibco,integration,,,,,
tibco-activematrix-businessworks-plug-in-for-hl7-with-fhir,8.3.0,false,true,,2020-09-29,auto,auto,https://docs.tibco.com/pub/bwpluginhl7/8.3.0/doc/zip/tib_bwpluginhl7_8.3.0_doc.zip,auto,false,tibco,integration,,,,,
tibco-activematrix-businessworks-plug-in-for-hl7-with-fhir,8.2.1,false,true,,2020-07-28,auto,auto,https://docs.tibco.com/pub/bwpluginhl7/8.2.1/doc/zip/tib_bwpluginhl7_8.2.1_doc.zip,auto,false,tibco,integration,,,,,
tibco-activematrix-businessworks-plug-in-for-hl7-with-fhir,8.2.0,false,true,,2020-05-27,auto,auto,https://docs.tibco.com/pub/bwpluginhl7/8.2.0/doc/zip/tib_bwpluginhl7_8.2.0_doc.zip,auto,false,tibco,integration,,,,,
tibco-activematrix-businessworks-plug-in-for-hl7-with-fhir,8.1.0,true,false,,2019-07-05,auto,auto,https://docs.tibco.com/pub/bwpluginhl7/tibco-activematrix-businessworks-plug-in-for-hl7-with-fhir-8-1-0_documentation.zip,auto,false,tibco,integration,,,,,
tibco-activematrix-businessworks-plug-in-for-hl7-with-fhir,8.0.0,true,false,,1535932800000,auto,auto,https://docs.tibco.com/pub/bwpluginhl7/tibco-activematrix-businessworks-plug-in-for-hl7-with-fhir-8-0-0_documentation.zip,auto,false,tibco,integration,,,,,
tibco-activematrix-businessworks-plug-in-for-hl7-with-fhir,7.3.1,true,false,,1528329600000,auto,auto,https://docs.tibco.com/pub/bwpluginhl7/tibco-activematrix-businessworks-plug-in-for-hl7-7-3-1_documentation.zip,auto,false,tibco,integration,,,,,
tibco-activematrix-businessworks-plug-in-for-hl7-with-fhir,7.3.0,false,true,,2016-03-11,auto,auto,https://docs.tibco.com/pub/bwpluginhl7/7.3.0/doc/zip/tib_bwpluginhl7_7.3.0_doc.zip,auto,false,tibco,integration,,,,,
tibco-activematrix-businessworks-plug-in-for-hl7-with-fhir,7.0.0,false,true,,2015-04-01,auto,auto,https://docs.tibco.com/pub/bwpluginhl7/7.0.0/doc/zip/tib_bwpluginhl7_7.0.0_doc.zip,auto,false,tibco,integration,,,,,
tibco-activematrix-businessworks-plug-in-for-hl7-with-fhir,6.0.0,false,true,,2012-08-31,auto,auto,https://docs.tibco.com/pub/activematrix_businessworks_plugin_for_HL7/6.0.0_august_2012/doc/zip/tib_activematrix_businessworks_plugin_for_HL7_6.0.0_august_2012_doc.zip,auto,false,tibco,integration,,,,,
tibco-activematrix-businessworks-plug-in-for-ibm-i,7.3.0,false,true,,1646611200000,auto,auto,https://docs.tibco.com/pub/bwpluginibmi/7.3.0/doc/zip/tib_bwpluginibmi_7.3.0_doc.zip,auto,false,tibco,integration,,,,,
tibco-activematrix-businessworks-plug-in-for-ibm-i,7.2.2,true,false,,2020-11-18,auto,auto,https://docs.tibco.com/pub/bwpluginibmi/tibco-activematrix-businessworks-plug-in-for-ibm-i-7-2-2_documentation.zip,auto,false,tibco,integration,,,,,
tibco-activematrix-businessworks-plug-in-for-ibm-i,7.2.1,true,false,,2019-10-30,auto,auto,https://docs.tibco.com/pub/bwpluginibmi/tibco-activematrix-businessworks-plug-in-for-ibm-i-7-2-1_documentation.zip,auto,false,tibco,integration,,,,,
tibco-activematrix-businessworks-plug-in-for-ibm-i,7.2.0,true,false,,2019-07-02,auto,auto,https://docs.tibco.com/pub/bwpluginibmi/tibco-activematrix-businessworks-plug-in-for-ibm-i-7-2-0_documentation.zip,auto,false,tibco,integration,,,,,
tibco-activematrix-businessworks-plug-in-for-ibm-i,7.1.1,true,false,,2020-06-24,auto,auto,https://docs.tibco.com/pub/bwpluginibmi/tibco-activematrix-businessworks-plug-in-for-ibm-i-7-1-1_documentation.zip,auto,false,tibco,integration,,,,,
tibco-activematrix-businessworks-plug-in-for-ibm-i,7.1.0,true,false,,2016-11-18,auto,auto,https://docs.tibco.com/pub/bwpluginibmi/tibco-activematrix-businessworks-plug-in-for-ibm-i-7-1-0_documentation.zip,auto,false,tibco,integration,,,,,
tibco-activematrix-businessworks-plug-in-for-ibm-i,7.0.2,true,false,,2016-02-06,auto,auto,https://docs.tibco.com/pub/bwpluginibmi/tibco-activematrix-businessworks-plug-in-for-ibm-i-7-0-2_documentation.zip,auto,false,tibco,integration,,,,,
tibco-activematrix-businessworks-plug-in-for-ibm-i,7.0.1,true,false,,2017-06-15,auto,auto,https://docs.tibco.com/pub/bwpluginibmi/tibco-activematrix-businessworks-plug-in-for-ibm-i-7-0-1_documentation.zip,auto,false,tibco,integration,,,,,
tibco-activematrix-businessworks-plug-in-for-ibm-i,7.0.0,true,false,,2017-06-15,auto,auto,https://docs.tibco.com/pub/activematrix-businessworks-plugin-for-ibmi/tibco-activematrix-businessworks-plug-in-for-ibm-i-7-0-0_documentation.zip,auto,false,tibco,integration,,,,,
tibco-activematrix-businessworks-plug-in-for-ibm-mq,8.8.2,false,true,,2022-12-22,auto,auto,https://docs.tibco.com/pub/bwmq/8.8.2/doc/zip/tib_bwmq_8.8.2_doc.zip,auto,false,tibco,integration,,,,,
tibco-activematrix-businessworks-plug-in-for-ibm-mq,8.8.1,false,true,,2022-07-07,auto,auto,https://docs.tibco.com/pub/bwmq/8.8.1/doc/zip/tib_bwmq_8.8.1_doc.zip,auto,false,tibco,integration,,,,,
tibco-activematrix-businessworks-plug-in-for-ibm-mq,8.8.0,false,true,,2022-01-27,auto,auto,https://docs.tibco.com/pub/bwmq/8.8.0/doc/zip/tib_bwmq_8.8.0_doc.zip,auto,false,tibco,integration,,,,,
tibco-activematrix-businessworks-plug-in-for-ibm-mq,8.7.0,false,true,,2020-07-02,auto,auto,https://docs.tibco.com/pub/bwmq/8.7.0/doc/zip/tib_bwmq_8.7.0_doc.zip,auto,false,tibco,integration,,,,,
tibco-activematrix-businessworks-plug-in-for-ibm-mq,8.6.0,true,false,,1542067200000,auto,auto,https://docs.tibco.com/pub/bwmq/tibco-activematrix-businessworks-plug-in-for-websphere-mq-8-6-0_documentation.zip,auto,false,tibco,integration,,,,,
tibco-activematrix-businessworks-plug-in-for-ibm-mq,8.5.1,true,false,,2017-08-29,auto,auto,https://docs.tibco.com/pub/bwmq/tibco-activematrix-businessworks-plug-in-for-websphere-mq-8-5-1_documentation.zip,auto,false,tibco,integration,,,,,
tibco-activematrix-businessworks-plug-in-for-ibm-mq,8.5.0,true,false,,2016-08-25,auto,auto,https://docs.tibco.com/pub/activematrix-businessworks-plugin-for-websphere-mq/tibco-activematrix-businessworks-plug-in-for-websphere-mq-8-5-0_documentation.zip,auto,false,tibco,integration,,,,,
tibco-activematrix-businessworks-plug-in-for-ibm-mq,8.4.0,true,false,,2016-03-02,auto,auto,https://docs.tibco.com/pub/activematrix-businessworks-plugin-for-websphere-mq/tibco-activematrix-businessworks-plug-in-for-websphere-mq-8-4-0_documentation.zip,auto,false,tibco,integration,,,,,
tibco-activematrix-businessworks-plug-in-for-ibm-mq,8.3.1,true,false,,2015-08-18,auto,auto,https://docs.tibco.com/pub/activematrix-businessworks-plugin-for-websphere-mq/tibco-activematrix-businessworks-plug-in-for-websphere-mq-8-3-1_documentation.zip,auto,false,tibco,integration,,,,,
tibco-activematrix-businessworks-plug-in-for-ibm-mq,8.3.0,true,false,,2015-05-04,auto,auto,https://docs.tibco.com/pub/activematrix-businessworks-plugin-for-websphere-mq/tibco-activematrix-businessworks-plug-in-for-websphere-mq-8-3-0_documentation.zip,auto,false,tibco,integration,,,,,
tibco-activematrix-businessworks-plug-in-for-ibm-mq,8.2.0,true,false,,2014-11-21,auto,auto,https://docs.tibco.com/pub/activematrix-businessworks-plugin-for-websphere-mq/tibco-activematrix-businessworks-plug-in-for-websphere-mq-8-2-0_documentation.zip,auto,false,tibco,integration,,,,,
tibco-activematrix-businessworks-plug-in-for-ibm-mq,8.1.0,true,false,,2014-05-28,auto,auto,https://docs.tibco.com/pub/activematrix-businessworks-plugin-for-websphere-mq/tibco-activematrix-businessworks-plug-in-for-websphere-mq-8-1-0_documentation.zip,auto,false,tibco,integration,,,,,
tibco-activematrix-businessworks-plug-in-for-ibm-mq,7.8.0,false,true,,2021-11-17,auto,auto,https://docs.tibco.com/pub/bwpluginmq/7.8.0/doc/zip/tib_bwpluginmq_7.8.0_doc.zip,auto,false,tibco,integration,,,,,
tibco-activematrix-businessworks-plug-in-for-ibm-mq,7.7.3,false,true,,2021-03-16,auto,auto,https://docs.tibco.com/pub/bwpluginmq/7.7.3/doc/zip/tib_bwpluginmq_7.7.3_doc.zip,auto,false,tibco,integration,,,,,
tibco-activematrix-businessworks-plug-in-for-ibm-mq,7.7.2,true,false,,2020-11-04,auto,auto,https://docs.tibco.com/pub/bwpluginmq/tibco-activematrix-businessworks-plug-in-for-ibm-mq-7-7-2_documentation.zip,auto,false,tibco,integration,,,,,
tibco-activematrix-businessworks-plug-in-for-ibm-mq,7.7.1,true,false,,2020-07-08,auto,auto,https://docs.tibco.com/pub/bwpluginmq/tibco-activematrix-businessworks-plug-in-for-ibm-mq-7-7-1_documentation.zip,auto,false,tibco,integration,,,,,
tibco-activematrix-businessworks-plug-in-for-ibm-mq,7.7.0,true,false,,2018-02-27,auto,auto,https://docs.tibco.com/pub/bwpluginmq/tibco-activematrix-businessworks-plug-in-for-websphere-mq-7-7-0_documentation.zip,auto,false,tibco,integration,,,,,
tibco-activematrix-businessworks-plug-in-for-ibm-mq,7.6.0,true,false,,2015-11-13,auto,auto,https://docs.tibco.com/pub/activematrix-businessworks-plugin-for-websphere-mq/tibco-activematrix-businessworks-plug-in-for-websphere-mq-7-6-0_documentation.zip,auto,false,tibco,integration,,,,,
tibco-activematrix-businessworks-plug-in-for-ibm-mq,7.5.0,true,false,,2015-01-23,auto,auto,https://docs.tibco.com/pub/activematrix-businessworks-plugin-for-websphere-mq/tibco-activematrix-businessworks-plug-in-for-websphere-mq-7-5-0_documentation.zip,auto,false,tibco,integration,,,,,
tibco-activematrix-businessworks-plug-in-for-ibm-mq,7.4.0,true,false,,2014-03-28,auto,auto,https://docs.tibco.com/pub/activematrix-businessworks-plugin-for-websphere-mq/tibco-activematrix-businessworks-plug-in-for-websphere-mq-7-4-0_documentation.zip,auto,false,tibco,integration,,,,,
tibco-activematrix-businessworks-plug-in-for-ibm-mq,7.3.0,true,false,,2014-02-24,auto,auto,https://docs.tibco.com/pub/activematrix-businessworks-plugin-for-websphere-mq/tibco-activematrix-businessworks-plug-in-for-websphere-mq-7-3-0_documentation.zip,auto,false,tibco,integration,,,,,
tibco-activematrix-businessworks-plug-in-for-ibm-mq,7.2.0,true,false,,2013-05-14,auto,auto,https://docs.tibco.com/pub/activematrix-businessworks-plugin-for-websphere-mq/tibco-activematrix-businessworks-plug-in-for-websphere-mq-7-2-0_documentation.zip,auto,false,tibco,integration,,,,,
tibco-activematrix-businessworks-plug-in-for-jd-edwards-enterpriseone,7.1.0,false,true,,2022-05-18,auto,auto,https://docs.tibco.com/pub/bwpluginjde/7.1.0/doc/zip/tib_bwpluginjde_7.1.0_doc.zip,auto,false,tibco,integration,,,,,
tibco-activematrix-businessworks-plug-in-for-jd-edwards-enterpriseone,7.0.1,false,true,,1545004800000,auto,auto,https://docs.tibco.com/pub/bwpluginjde/7.0.1/doc/zip/tib_bwpluginjde_7.0.1_doc.zip,auto,false,tibco,integration,,,,,
tibco-activematrix-businessworks-plug-in-for-jd-edwards-enterpriseone,7.0.0,true,false,,2016-02-12,auto,auto,https://docs.tibco.com/pub/bwpluginjde/tibco-activematrix-businessworks-plug-in-for-jd-edwards-enterpriseone-7-0-0_documentation.zip,auto,false,tibco,integration,,,,,
tibco-activematrix-businessworks-plug-in-for-large-xml,6.1.4,false,true,,2021-10-25,auto,auto,https://docs.tibco.com/pub/bwlx/6.1.4/doc/zip/tib_bwlx_6.1.4_doc.zip,auto,false,tibco,integration,,,,,
tibco-activematrix-businessworks-plug-in-for-large-xml,6.1.3,false,true,,2019-06-13,auto,auto,https://docs.tibco.com/pub/bwlx/6.1.3/doc/zip/tib_bwlx_6.1.3_doc.zip,auto,false,tibco,integration,,,,,
tibco-activematrix-businessworks-plug-in-for-large-xml,6.1.2,false,true,,2018-12-14,auto,auto,https://docs.tibco.com/pub/bwlx/6.1.2/doc/zip/tib_bwlx_6.1.2_doc.zip,auto,false,tibco,integration,,,,,
tibco-activematrix-businessworks-plug-in-for-large-xml,6.1.1,true,false,,2019-07-16,auto,auto,https://docs.tibco.com/pub/bwlx/tibco-activematrix-businessworks-plug-in-for-large-xml-6-1-1_documentation.zip,auto,false,tibco,integration,,,,,
tibco-activematrix-businessworks-plug-in-for-large-xml,6.1.0,true,false,,2016-02-06,auto,auto,https://docs.tibco.com/pub/bwlx/tibco-activematrix-businessworks-plug-in-for-large-xml-6-1-0_documentation.zip,auto,false,tibco,integration,,,,,
tibco-activematrix-businessworks-plug-in-for-large-xml,6.0.0,true,false,,2014-11-21,auto,auto,https://docs.tibco.com/pub/bwlx/tibco-activematrix-businessworks-plug-in-for-large-xml-6-0-0_documentation.zip,auto,false,tibco,integration,,,,,
tibco-activematrix-businessworks-plug-in-for-large-xml,1.1.0,false,true,,2014-08-13,auto,auto,https://docs.tibco.com/pub/bwlx/1.1.0/doc/zip/tib_bwlx_1.1.0_doc.zip,auto,false,tibco,integration,,,,,
tibco-activematrix-businessworks-plug-in-for-large-xml,1.0.0,true,false,,2013-11-26,auto,auto,https://docs.tibco.com/pub/activematrix-businessworks-plugin-for-large-XML/tibco-activematrix-businessworks-plug-in-for-large-xml-1-0-0_documentation.zip,auto,false,tibco,integration,,,,,
tibco-activematrix-businessworks-plug-in-for-ldap,7.3.0,false,true,,2022-07-21,auto,auto,https://docs.tibco.com/pub/bwpluginldap/7.3.0/doc/zip/tib_bwpluginldap_7.3.0_doc.zip,auto,false,tibco,integration,,,,,
tibco-activematrix-businessworks-plug-in-for-ldap,7.2.0,false,true,,1540944000000,auto,auto,https://docs.tibco.com/pub/bwpluginldap/7.2.0/doc/zip/tib_bwpluginldap_7.2.0_doc.zip,auto,false,tibco,integration,,,,,
tibco-activematrix-businessworks-plug-in-for-ldap,7.1.1,true,false,,2020-08-05,auto,auto,https://docs.tibco.com/pub/bwpluginldap/tibco-activematrix-businessworks-plug-in-for-ldap-7-1-1_documentation.zip,auto,false,tibco,integration,,,,,
tibco-activematrix-businessworks-plug-in-for-ldap,7.1.0,true,false,,2017-06-15,auto,auto,https://docs.tibco.com/pub/bwpluginldap/tibco-activematrix-businessworks-plug-in-for-ldap-7-1-0_documentation.zip,auto,false,tibco,integration,,,,,
tibco-activematrix-businessworks-plug-in-for-ldap,7.0.0,true,false,,2017-06-15,auto,auto,https://docs.tibco.com/pub/bwpluginldap/tibco-activematrix-businessworks-plug-in-for-ldap-7-0-0_documentation.zip,auto,false,tibco,integration,,,,,
tibco-activematrix-businessworks-plug-in-for-ldap,6.1.2,false,true,,1633046400000,auto,auto,https://docs.tibco.com/pub/adldap/6.1.2/doc/zip/tib_adldap_6.1.2_doc.zip,auto,false,tibco,integration,,,,,
tibco-activematrix-businessworks-plug-in-for-ldap,6.1.1,true,false,,2021-12-17,auto,auto,https://docs.tibco.com/pub/adldap-zlinux/tibco-activematrix-adapter-for-ldap-6-1-1_documentation.zip,auto,false,tibco,integration,,,,,
tibco-activematrix-businessworks-plug-in-for-ldap,6.1.0,true,false,,2021-12-17,auto,auto,https://docs.tibco.com/pub/activematrix-adapter-for-ldap/tibco-activematrix-adapter-for-ldap-6-1-0_documentation.zip,auto,false,tibco,integration,,,,,
tibco-activematrix-businessworks-plug-in-for-ldap,6.0.0,true,false,,2021-12-17,auto,auto,https://docs.tibco.com/pub/activematrix-adapter-for-ldap/tibco-activematrix-adapter-for-ldap-6-0-0_documentation.zip,auto,false,tibco,integration,,,,,
tibco-activematrix-businessworks-plug-in-for-marketo,7.2.2,false,true,,2021-12-14,auto,auto,https://docs.tibco.com/pub/bwpluginmarketo/7.2.2/doc/zip/tib_bwpluginmarketo_7.2.2_doc.zip,auto,false,tibco,integration,,,,,
tibco-activematrix-businessworks-plug-in-for-marketo,7.2.1,false,true,,2017-11-16,auto,auto,https://docs.tibco.com/pub/bwpluginmarketo/7.2.1/doc/zip/tib_bwpluginmarketo_7.2.1_doc.zip,auto,false,tibco,integration,,,,,
tibco-activematrix-businessworks-plug-in-for-marketo,7.2.0,false,true,,2016-07-15,auto,auto,https://docs.tibco.com/pub/activematrix-businessworks-plugin-for-marketo/7.2.0/doc/zip/tib_activematrix-businessworks-plugin-for-marketo_7.2.0_doc.zip,auto,false,tibco,integration,,,,,
tibco-activematrix-businessworks-plug-in-for-marketo,7.1.0,false,true,,2016-05-25,auto,auto,https://docs.tibco.com/pub/activematrix-businessworks-plugin-for-marketo/7.1.0/doc/zip/tib_activematrix-businessworks-plugin-for-marketo_7.1.0_doc.zip,auto,false,tibco,integration,,,,,
tibco-activematrix-businessworks-plug-in-for-marketo,7.0.0,true,false,,2015-08-20,auto,auto,https://docs.tibco.com/pub/activematrix-businessworks-plugin-for-marketo/tibco-activematrix-businessworks-plug-in-for-marketo-7-0-0_documentation.zip,auto,false,tibco,integration,,,,,
tibco-activematrix-businessworks-plug-in-for-marketo,6.0.1,true,false,,2014-11-18,auto,auto,https://docs.tibco.com/pub/activematrix-businessworks-plugin-for-marketo/tibco-activematrix-businessworks-plug-in-for-marketo-6-0-1_documentation.zip,auto,false,tibco,integration,,,,,
tibco-activematrix-businessworks-plug-in-for-marketo,6.0.0,true,false,,2014-05-22,auto,auto,https://docs.tibco.com/pub/activematrix-businessworks-plugin-for-marketo/tibco-activematrix-businessworks-plug-in-for-marketo-6-0-0_documentation.zip,auto,false,tibco,integration,,,,,
tibco-activematrix-businessworks-plug-in-for-mdm,7.0.2,false,true,,2026-03-25,auto,auto,https://docs.tibco.com/pub/bwpluginmdm/7.0.2/doc/zip/tib_bwpluginmdm_7.0.2_doc.zip,auto,false,tibco,integration,,,,,
tibco-activematrix-businessworks-plug-in-for-mdm,7.0.1,false,true,,2024-06-25,auto,auto,https://docs.tibco.com/pub/bwpluginmdm/7.0.1/doc/zip/tib_bwpluginmdm_7.0.1_doc.zip,auto,false,tibco,integration,,,,,
tibco-activematrix-businessworks-plug-in-for-mdm,7.0.0,false,true,,2022-12-20,auto,auto,https://docs.tibco.com/pub/bwpluginmdm/7.0.0/doc/zip/tib_bwpluginmdm_7.0.0_doc.zip,auto,false,tibco,integration,,,,,
tibco-activematrix-businessworks-plug-in-for-mdm,6.5.0,true,false,,2020-07-31,auto,auto,https://docs.tibco.com/pub/bwpluginmdm/tibco-activematrix-businessworks-plug-in-for-mdm-6-5-0_documentation.zip,auto,false,tibco,integration,,,,,
tibco-activematrix-businessworks-plug-in-for-mdm,6.4.0,true,false,,2017-12-11,auto,auto,https://docs.tibco.com/pub/bwpluginmdm/tibco-activematrix-businessworks-plug-in-for-mdm-6-4-0_documentation.zip,auto,false,tibco,integration,,,,,
tibco-activematrix-businessworks-plug-in-for-mdm,6.3.1,false,true,,2017-03-16,auto,auto,https://docs.tibco.com/pub/bwpluginmdm/6.3.1/doc/zip/tib_bwpluginmdm_6.3.1_doc.zip,auto,false,tibco,integration,,,,,
tibco-activematrix-businessworks-plug-in-for-mdm,6.3.0,true,false,,2021-12-17,auto,auto,https://docs.tibco.com/pub/activematrix_businessworks_plugin_for_mdm/tibco-activematrix-businessworks-plug-in-for-mdm-6-3-0_documentation.zip,auto,false,tibco,integration,,,,,
tibco-activematrix-businessworks-plug-in-for-mdm,6.0.1,true,false,,2021-12-17,auto,auto,https://docs.tibco.com/pub/activematrix_businessworks_plugin_for_mdm/tibco-activematrix-businessworks-plug-in-for-mdm-6-0-1_documentation.zip,auto,false,tibco,integration,,,,,
tibco-activematrix-businessworks-plug-in-for-mdm,6.0.0,true,false,,2021-12-17,auto,auto,https://docs.tibco.com/pub/activematrix_businessworks_plugin _for_mdm/tibco-activematrix-businessworks-plug-in-for-mdm-6-0-0_documentation.zip,auto,false,tibco,integration,,,,,
tibco-activematrix-businessworks-plug-in-for-mdm,2.0.0,true,false,,2016-03-11,auto,auto,https://docs.tibco.com/pub/activematrix_businessworks_plugin_for_mdm/tibco-activematrix-businessworks-plug-in-for-mdm-2-0-0_documentation.zip,auto,false,tibco,integration,,,,,
tibco-activematrix-businessworks-plug-in-for-mdm,1.0.1,true,false,,2021-12-17,auto,auto,https://docs.tibco.com/pub/activematrix_businessworks_plugin _for_mdm/tibco-activematrix-businessworks-plug-in-for-mdm-1-0-1_documentation.zip,auto,false,tibco,integration,,,,,
tibco-activematrix-businessworks-plug-in-for-mdm,1.0.0,true,false,,2021-12-17,auto,auto,https://docs.tibco.com/pub/activematrix_businessworks_plugin _for_mdm/tibco-activematrix-businessworks-plug-in-for-mdm-1-0-0_documentation.zip,auto,false,tibco,integration,,,,,
tibco-activematrix-businessworks-plug-in-for-microsoft-dynamics-crm,6.10.1,false,true,,2025-10-28,auto,auto,https://docs.tibco.com/pub/bwplugindynamicscrm/6.10.1/doc/zip/tib_bwplugindynamicscrm_6.10.1_doc.zip,auto,false,tibco,integration,,,,,
tibco-activematrix-businessworks-plug-in-for-microsoft-dynamics-crm,6.10.0,false,true,,2023-04-25,auto,auto,https://docs.tibco.com/pub/bwplugindynamicscrm/6.10.0/doc/zip/tib_bwplugindynamicscrm_6.10.0_doc.zip,auto,false,tibco,integration,,,,,
tibco-activematrix-businessworks-plug-in-for-microsoft-dynamics-crm,6.9.4,false,true,,2022-11-10,auto,auto,https://docs.tibco.com/pub/bwplugindynamicscrm/6.9.4/doc/zip/tib_bwplugindynamicscrm_6.9.4_doc.zip,auto,false,tibco,integration,,,,,
tibco-activematrix-businessworks-plug-in-for-microsoft-dynamics-crm,6.9.3,false,true,,2022-07-20,auto,auto,https://docs.tibco.com/pub/bwplugindynamicscrm/6.9.3/doc/zip/tib_bwplugindynamicscrm_6.9.3_doc.zip,auto,false,tibco,integration,,,,,
tibco-activematrix-businessworks-plug-in-for-microsoft-dynamics-crm,6.9.2,true,false,,2021-11-09,auto,auto,https://docs.tibco.com/pub/bwplugindynamicscrm/tibco-activematrix-businessworks-plug-in-for-microsoft-dynamics-crm-6-9-2_documentation.zip,auto,false,tibco,integration,,,,,
tibco-activematrix-businessworks-plug-in-for-microsoft-dynamics-crm,6.9.1,true,false,,2020-11-12,auto,auto,https://docs.tibco.com/pub/bwplugindynamicscrm/tibco-activematrix-businessworks-plug-in-for-microsoft-dynamics-crm-6-9-1_documentation.zip,auto,false,tibco,integration,,,,,
tibco-activematrix-businessworks-plug-in-for-microsoft-dynamics-crm,6.9.0,true,false,,2020-01-29,auto,auto,https://docs.tibco.com/pub/bwplugindynamicscrm/tibco-activematrix-businessworks-plug-in-for-microsoft-dynamics-crm-6-9-0_documentation.zip,auto,false,tibco,integration,,,,,
tibco-activematrix-businessworks-plug-in-for-microsoft-dynamics-crm,6.8.1,true,false,,2019-09-19,auto,auto,https://docs.tibco.com/pub/bwplugindynamicscrm/tibco-activematrix-businessworks-plug-in-for-microsoft-dynamics-crm-6-8-1_documentation.zip,auto,false,tibco,integration,,,,,
tibco-activematrix-businessworks-plug-in-for-microsoft-dynamics-crm,6.8.0,true,false,,2019-05-03,auto,auto,https://docs.tibco.com/pub/bwplugindynamicscrm/tibco-activematrix-businessworks-plug-in-for-microsoft-dynamics-crm-6-8-0_documentation.zip,auto,false,tibco,integration,,,,,
tibco-activematrix-businessworks-plug-in-for-microsoft-dynamics-crm,6.7.0,false,true,,1549411200000,auto,auto,https://docs.tibco.com/pub/bwplugindynamicscrm/6.7.0/doc/zip/tib_bwplugindynamicscrm_6.7.0_doc.zip,auto,false,tibco,integration,,,,,
tibco-activematrix-businessworks-plug-in-for-microsoft-dynamics-crm,6.6.0,true,false,,1541030400000,auto,auto,https://docs.tibco.com/pub/bwplugindynamicscrm/tibco-activematrix-businessworks-plug-in-for-microsoft-dynamics-crm-6-6-0_documentation.zip,auto,false,tibco,integration,,,,,
tibco-activematrix-businessworks-plug-in-for-microsoft-dynamics-crm,6.5.0,true,false,,2018-02-23,auto,auto,https://docs.tibco.com/pub/bwplugindynamicscrm/tibco-activematrix-businessworks-plug-in-for-microsoft-dynamics-crm-6-5-0_documentation.zip,auto,false,tibco,integration,,,,,
tibco-activematrix-businessworks-plug-in-for-microsoft-dynamics-crm,6.4.0,true,false,,2017-08-23,auto,auto,https://docs.tibco.com/pub/bwplugindynamicscrm/tibco-activematrix-businessworks-plug-in-for-microsoft-dynamics-crm-6-4-0_documentation.zip,auto,false,tibco,integration,,,,,
tibco-activematrix-businessworks-plug-in-for-microsoft-dynamics-crm,6.3.1,true,false,,2017-01-14,auto,auto,https://docs.tibco.com/pub/bwplugindynamicscrm/tibco-activematrix-businessworks-plug-in-for-microsoft-dynamics-crm-6-3-1_documentation.zip,auto,false,tibco,integration,,,,,
tibco-activematrix-businessworks-plug-in-for-microsoft-dynamics-crm,6.3.0,true,false,,2017-06-15,auto,auto,https://docs.tibco.com/pub/activematrix_businessworks_plugin_for_dynamicscrm/tibco-activematrix-businessworks-plug-in-for-microsoft-dynamics-crm-6-3-0_documentation.zip,auto,false,tibco,integration,,,,,
tibco-activematrix-businessworks-plug-in-for-microsoft-dynamics-crm,6.2.0,true,false,,2017-06-15,auto,auto,https://docs.tibco.com/pub/activematrix_businessworks_plugin_for_dynamicscrm/tibco-activematrix-businessworks-plug-in-for-microsoft-dynamics-crm-6-2-0_documentation.zip,auto,false,tibco,integration,,,,,
tibco-activematrix-businessworks-plug-in-for-microsoft-dynamics-crm,6.1.0,true,false,,2017-06-15,auto,auto,https://docs.tibco.com/pub/activematrix_businessworks_plugin_for_dynamicscrm/tibco-activematrix-businessworks-plug-in-for-microsoft-dynamics-crm-6-1-0_documentation.zip,auto,false,tibco,integration,,,,,
tibco-activematrix-businessworks-plug-in-for-microsoft-dynamics-crm,6.0.1,true,false,,2014-11-19,auto,auto,https://docs.tibco.com/pub/activematrix_businessworks_plugin_for_dynamicscrm/tibco-activematrix-businessworks-plug-in-for-microsoft-dynamics-crm-6-0-1_documentation.zip,auto,false,tibco,integration,,,,,
tibco-activematrix-businessworks-plug-in-for-microsoft-dynamics-crm,6.0.0,true,false,,2014-08-25,auto,auto,https://docs.tibco.com/pub/activematrix-businessworks-plugin-for-dynamicscrm/tibco-activematrix-businessworks-plug-in-for-microsoft-dynamics-crm-6-0-0_documentation.zip,auto,false,tibco,integration,,,,,
tibco-activematrix-businessworks-plug-in-for-microsoft-excel,6.1.1,false,true,,2019-10-23,auto,auto,https://docs.tibco.com/pub/bwpluginexcel/6.1.1/doc/zip/tib_bwpluginexcel_6.1.1_doc.zip,auto,false,tibco,integration,,,,,
tibco-activematrix-businessworks-plug-in-for-microsoft-excel,6.1.0,false,true,,,auto,auto,https://docs.tibco.com/pub/bwpluginexcel/6.1.0/doc/zip/tib_bwpluginexcel_6.1.0_doc.zip,auto,false,tibco,integration,,,,,
tibco-activematrix-businessworks-plug-in-for-microsoft-excel,6.0.0,true,false,,2017-06-15,auto,auto,https://docs.tibco.com/pub/bwpluginexcel/tibco-activematrix-businessworks-plug-in-for-microsoft-excel-6-0-0_documentation.zip,auto,false,tibco,integration,,,,,
tibco-activematrix-businessworks-plug-in-for-microsoft-sharepoint,6.4.0,false,true,,2023-01-20,auto,auto,https://docs.tibco.com/pub/bwpluginsharepoint/6.4.0/doc/zip/tib_bwpluginsharepoint_6.4.0_doc.zip,auto,false,tibco,integration,,,,,
tibco-activematrix-businessworks-plug-in-for-microsoft-sharepoint,6.3.1,false,true,,2022-11-10,auto,auto,https://docs.tibco.com/pub/bwpluginsharepoint/6.3.1/doc/zip/tib_bwpluginsharepoint_6.3.1_doc.zip,auto,false,tibco,integration,,,,,
tibco-activematrix-businessworks-plug-in-for-microsoft-sharepoint,6.3.0,false,true,,2022-04-25,auto,auto,https://docs.tibco.com/pub/bwpluginsharepoint/6.3.0/doc/zip/tib_bwpluginsharepoint_6.3.0_doc.zip,auto,false,tibco,integration,,,,,
tibco-activematrix-businessworks-plug-in-for-microsoft-sharepoint,6.2.2,true,false,,2021-11-09,auto,auto,https://docs.tibco.com/pub/bwpluginsharepoint/tibco-activematrix-businessworks-plug-in-for-microsoft-sharepoint-6-2-2_documentation.zip,auto,false,tibco,integration,,,,,
tibco-activematrix-businessworks-plug-in-for-microsoft-sharepoint,6.2.1,true,false,,1531353600000,auto,auto,https://docs.tibco.com/pub/bwpluginsharepoint/tibco-activematrix-businessworks-plug-in-for-microsoft-sharepoint-6-2-1_documentation.zip,auto,false,tibco,integration,,,,,
tibco-activematrix-businessworks-plug-in-for-microsoft-sharepoint,6.2.0,true,false,,2017-11-20,auto,auto,https://docs.tibco.com/pub/bwpluginsharepoint/tibco-activematrix-businessworks-plug-in-for-microsoft-sharepoint-6-2-0_documentation.zip,auto,false,tibco,integration,,,,,
tibco-activematrix-businessworks-plug-in-for-microsoft-sharepoint,6.1.1,true,false,,2017-06-15,auto,auto,https://docs.tibco.com/pub/bwpluginsharepoint/tibco-activematrix-businessworks-plug-in-for-microsoft-sharepoint-6-1-1_documentation.zip,auto,false,tibco,integration,,,,,
tibco-activematrix-businessworks-plug-in-for-microsoft-sharepoint,6.1.0,true,false,,2017-06-15,auto,auto,https://docs.tibco.com/pub/activematrix_businessworks_plugin_for_microsoft_sharepoint/tibco-activematrix-businessworks-plug-in-for-microsoft-sharepoint-6-1-0_documentation.zip,auto,false,tibco,integration,,,,,
tibco-activematrix-businessworks-plug-in-for-microsoft-sharepoint,6.0.1,true,false,,2014-11-21,auto,auto,https://docs.tibco.com/pub/activematrix_businessworks_plugin_for_microsoft_sharepoint/tibco-activematrix-businessworks-plug-in-for-microsoft-sharepoint-6-0-1_documentation.zip,auto,false,tibco,integration,,,,,
tibco-activematrix-businessworks-plug-in-for-microsoft-sharepoint,6.0.0,true,false,,2014-05-30,auto,auto,https://docs.tibco.com/pub/activematrix_businessworks_plugin_for_microsoft_sharepoint/tibco-activematrix-businessworks-plug-in-for-microsoft-sharepoint-6-0-0_documentation.zip,auto,false,tibco,integration,,,,,
tibco-activematrix-businessworks-plug-in-for-microsoft-sharepoint,1.1.0,true,false,,2013-07-23,auto,auto,https://docs.tibco.com/pub/activematrix_businessworks_plugin_for_microsoft_sharepoint/tibco-activematrix-businessworks-plug-in-for-microsoft-sharepoint-1-1-0_documentation.zip,auto,false,tibco,integration,,,,,
tibco-activematrix-businessworks-plug-in-for-microsoft-sharepoint,1.0.0,true,false,,2013-03-01,auto,auto,https://docs.tibco.com/pub/activematrix_businessworks_plugin_for_microsoft_sharepoint/tibco-activematrix-businessworks-plug-in-for-microsoft-sharepoint-1-0-0_documentation.zip,auto,false,tibco,integration,,,,,
tibco-activematrix-businessworks-plug-in-for-mobile-integration,6.4.0,false,true,,2024-04-15,auto,auto,https://docs.tibco.com/pub/bwmi/6.4.0/doc/zip/tib_bwmi_6.4.0_doc.zip,auto,false,tibco,integration,,,,,
tibco-activematrix-businessworks-plug-in-for-mobile-integration,6.3.0,false,true,,1602028800000,auto,auto,https://docs.tibco.com/pub/bwmi/6.3.0/doc/zip/tib_bwmi_6.3.0_doc.zip,auto,false,tibco,integration,,,,,
tibco-activematrix-businessworks-plug-in-for-mobile-integration,6.2.0,false,true,,2016-12-16,auto,auto,https://docs.tibco.com/pub/bwmi/6.2.0/doc/zip/tib_bwmi_6.2.0_doc.zip,auto,false,tibco,integration,,,,,
tibco-activematrix-businessworks-plug-in-for-mobile-integration,6.1.0,true,false,,2014-11-22,auto,auto,https://docs.tibco.com/pub/businessworks_plugin_mobile_integration/tibco-activematrix-businessworks-plug-in-for-mobile-integration-6-1-0_documentation.zip,auto,false,tibco,integration,,,,,
tibco-activematrix-businessworks-plug-in-for-mobile-integration,2.0.0,false,true,,2013-11-23,auto,auto,https://docs.tibco.com/pub/businessworks_plugin_mobile_integration/2.0.0-november-2013/doc/zip/tib_businessworks_plugin_mobile_integration_2.0.0-november-2013_doc.zip,auto,false,tibco,integration,,,,,
tibco-activematrix-businessworks-plug-in-for-mobile-integration,1.4.0,false,true,,2024-03-26,auto,auto,https://docs.tibco.com/pub/bwmi/1.4.0/doc/zip/tib_bwmi_1.4.0_doc.zip,auto,false,tibco,integration,,,,,
tibco-activematrix-businessworks-plug-in-for-mobile-integration,1.3.0,false,true,,2023-07-19,auto,auto,https://docs.tibco.com/pub/bwmi/1.3.0/doc/zip/tib_bwmi_1.3.0_doc.zip,auto,false,tibco,integration,,,,,
tibco-activematrix-businessworks-plug-in-for-mobile-integration,1.2.2,true,false,,2022-06-29,auto,auto,https://docs.tibco.com/pub/bwmi/tibco-activematrix-businessworks-plug-in-for-mobile-integration-1-2-2_documentation.zip,auto,false,tibco,integration,,,,,
tibco-activematrix-businessworks-plug-in-for-mobile-integration,1.2.1,true,false,,2020-11-30,auto,auto,https://docs.tibco.com/pub/bwmi/tibco-activematrix-businessworks-plug-in-for-mobile-integration-1-2-1_documentation.zip,auto,false,tibco,integration,,,,,
tibco-activematrix-businessworks-plug-in-for-mobile-integration,1.2.0,false,true,,2018-08-16,auto,auto,https://docs.tibco.com/pub/bwmi/1.2.0/doc/zip/tib_bwmi_1.2.0_doc.zip,auto,false,tibco,integration,,,,,
tibco-activematrix-businessworks-plug-in-for-mobile-integration,1.1.1,true,false,,2017-04-24,auto,auto,https://docs.tibco.com/pub/bwmi/tibco-activematrix-businessworks-plug-in-for-mobile-integration-1-1-1_documentation.zip,auto,false,tibco,integration,,,,,
tibco-activematrix-businessworks-plug-in-for-mobile-integration,1.1.0,true,false,,2013-09-05,auto,auto,https://docs.tibco.com/pub/businessworks_plugin_mobile_integration/tibco-activematrix-businessworks-plug-in-for-mobile-integration-1-1-0_documentation.zip,auto,false,tibco,integration,,,,,
tibco-activematrix-businessworks-plug-in-for-mobile-integration,1.0.0,false,true,,2013-05-23,auto,auto,https://docs.tibco.com/pub/businessworks_plugin_mobile_integration/1.0.0_may_2013/doc/zip/tib_businessworks_plugin_mobile_integration_1.0.0_may_2013_doc.zip,auto,false,tibco,integration,,,,,
tibco-activematrix-businessworks-plug-in-for-mongodb,6.5.0,false,true,,2026-01-19,auto,auto,https://docs.tibco.com/pub/bwpluginmongodb/6.5.0/doc/zip/tib_bwpluginmongodb_6.5.0_doc.zip,auto,false,tibco,integration,,,,,
tibco-activematrix-businessworks-plug-in-for-mongodb,6.4.2,false,true,,2021-07-07,auto,auto,https://docs.tibco.com/pub/bwpluginmongodb/6.4.2/doc/zip/tib_bwpluginmongodb_6.4.2_doc.zip,auto,false,tibco,integration,,,,,
tibco-activematrix-businessworks-plug-in-for-mongodb,6.4.1,false,true,,2020-11-13,auto,auto,https://docs.tibco.com/pub/bwpluginmongodb/6.4.1/doc/zip/tib_bwpluginmongodb_6.4.1_doc.zip,auto,false,tibco,integration,,,,,
tibco-activematrix-businessworks-plug-in-for-mongodb,6.4.0,true,false,,2020-08-18,auto,auto,https://docs.tibco.com/pub/bwpluginmongodb/tibco-activematrix-businessworks-plug-in-for-mongodb-6-4-0_documentation.zip,auto,false,tibco,integration,,,,,
tibco-activematrix-businessworks-plug-in-for-mongodb,6.3.1,true,false,,2019-04-22,auto,auto,https://docs.tibco.com/pub/bwpluginmongodb/tibco-activematrix-businessworks-plug-in-for-mongodb-6-3-1_documentation.zip,auto,false,tibco,integration,,,,,
tibco-activematrix-businessworks-plug-in-for-mongodb,6.3.0,true,false,,2018-11-02,auto,auto,https://docs.tibco.com/pub/bwpluginmongodb/tibco-activematrix-businessworks-plug-in-for-mongodb-6-3-0_documentation.zip,auto,false,tibco,integration,,,,,
tibco-activematrix-businessworks-plug-in-for-mongodb,6.2.1,true,false,,2018-03-28,auto,auto,https://docs.tibco.com/pub/bwpluginmongodb/tibco-activematrix-businessworks-plug-in-for-mongodb-6-2-1_documentation.zip,auto,false,tibco,integration,,,,,
tibco-activematrix-businessworks-plug-in-for-mongodb,6.2.0,true,false,,2017-11-03,auto,auto,https://docs.tibco.com/pub/bwpluginmongodb/tibco-activematrix-businessworks-plug-in-for-mongodb-6-2-0_documentation.zip,auto,false,tibco,integration,,,,,
tibco-activematrix-businessworks-plug-in-for-mongodb,6.1.1,true,false,,2016-10-31,auto,auto,https://docs.tibco.com/pub/bwpluginmongodb/tibco-activematrix-businessworks-plug-in-for-mongodb-6-1-1_documentation.zip,auto,false,tibco,integration,,,,,
tibco-activematrix-businessworks-plug-in-for-mongodb,6.1.0,true,false,,2016-05-02,auto,auto,https://docs.tibco.com/pub/bwpluginmongodb/tibco-activematrix-businessworks-plug-in-for-mongodb-6-1-0_documentation.zip,auto,false,tibco,integration,,,,,
tibco-activematrix-businessworks-plug-in-for-mongodb,6.0.0,true,false,,2015-09-17,auto,auto,https://docs.tibco.com/pub/bwpluginmongodb/tibco-activematrix-businessworks-plug-in-for-mongodb-6-0-0_documentation.zip,auto,false,tibco,integration,,,,,
tibco-activematrix-businessworks-plug-in-for-mongodb,1.2.0,false,true,,2025-12-09,auto,auto,https://docs.tibco.com/pub/bwpluginmongodb/1.2.0/doc/zip/tib_bwpluginmongodb_1.2.0_doc.zip,auto,false,tibco,integration,,,,,
tibco-activematrix-businessworks-plug-in-for-mongodb,1.1.1,true,false,,2020-05-20,auto,auto,https://docs.tibco.com/pub/bwpluginmongodb/tibco-activematrix-businessworks-plug-in-for-mongodb-1-1-1_documentation.zip,auto,false,tibco,integration,,,,,
tibco-activematrix-businessworks-plug-in-for-mongodb,1.1.0,true,false,,2017-08-03,auto,auto,https://docs.tibco.com/pub/bwpluginmongodb/tibco-activematrix-businessworks-plug-in-for-mongodb-1-1-0_documentation.zip,auto,false,tibco,integration,,,,,
tibco-activematrix-businessworks-plug-in-for-mongodb,1.0.0,true,false,,2014-12-17,auto,auto,https://docs.tibco.com/pub/bwpluginmongodb/tibco-activematrix-businessworks-plug-in-for-mongodb-1-0-0_documentation.zip,auto,false,tibco,integration,,,,,
tibco-activematrix-businessworks-plug-in-for-mqtt,6.0.0,false,true,,2025-10-09,auto,auto,https://docs.tibco.com/pub/bwpluginmqtt/6.0.0/doc/zip/tib_bwpluginmqtt_6.0.0_doc.zip,auto,false,tibco,integration,,,,,
tibco-activematrix-businessworks-plug-in-for-netsuite,6.4.0,false,true,,2023-09-15,auto,auto,https://docs.tibco.com/pub/bwpluginnetsuite/6.4.0/doc/zip/tib_bwpluginnetsuite_6.4.0_doc.zip,auto,false,tibco,integration,,,,,
tibco-activematrix-businessworks-plug-in-for-netsuite,6.3.6,false,true,,2022-11-10,auto,auto,https://docs.tibco.com/pub/bwpluginnetsuite/6.3.6/doc/zip/tib_bwpluginnetsuite_6.3.6_doc.zip,auto,false,tibco,integration,,,,,
tibco-activematrix-businessworks-plug-in-for-netsuite,6.3.5,false,true,,1652400000000,auto,auto,https://docs.tibco.com/pub/bwpluginnetsuite/6.3.5/doc/zip/tib_bwpluginnetsuite_6.3.5_doc.zip,auto,false,tibco,integration,,,,,
tibco-activematrix-businessworks-plug-in-for-netsuite,6.3.4,true,false,,2021-11-09,auto,auto,https://docs.tibco.com/pub/bwpluginnetsuite/tibco-activematrix-businessworks-plug-in-for-netsuite-6-3-4_documentation.zip,auto,false,tibco,integration,,,,,
tibco-activematrix-businessworks-plug-in-for-netsuite,6.3.3,true,false,,1572393600000,auto,auto,https://docs.tibco.com/pub/bwpluginnetsuite/tibco-activematrix-businessworks-plug-in-for-netsuite-6-3-3_documentation.zip,auto,false,tibco,integration,,,,,
tibco-activematrix-businessworks-plug-in-for-netsuite,6.3.2,true,false,,2018-10-11,auto,auto,https://docs.tibco.com/pub/bwpluginnetsuite/tibco-activematrix-businessworks-plug-in-for-netsuite-6-3-2_documentation.zip,auto,false,tibco,integration,,,,,
tibco-activematrix-businessworks-plug-in-for-netsuite,6.3.1,true,false,,2018-02-22,auto,auto,https://docs.tibco.com/pub/bwpluginnetsuite/tibco-activematrix-businessworks-plug-in-for-netsuite-6-3-1_documentation.zip,auto,false,tibco,integration,,,,,
tibco-activematrix-businessworks-plug-in-for-netsuite,6.3.0,true,false,,2017-11-10,auto,auto,https://docs.tibco.com/pub/bwpluginnetsuite/tibco-activematrix-businessworks-plug-in-for-netsuite-6-3-0_documentation.zip,auto,false,tibco,integration,,,,,
tibco-activematrix-businessworks-plug-in-for-netsuite,6.2.0,true,false,,2017-06-15,auto,auto,https://docs.tibco.com/pub/bwpluginnetsuite/tibco-activematrix-businessworks-plug-in-for-netsuite-6-2-0_documentation.zip,auto,false,tibco,integration,,,,,
tibco-activematrix-businessworks-plug-in-for-netsuite,6.1.0,true,false,,2017-06-15,auto,auto,https://docs.tibco.com/pub/bwpluginnetsuite/tibco-activematrix-businessworks-plug-in-for-netsuite-6-1-0_documentation.zip,auto,false,tibco,integration,,,,,
tibco-activematrix-businessworks-plug-in-for-netsuite,6.0.1,true,false,,2014-11-19,auto,auto,https://docs.tibco.com/pub/bwpluginnetsuite/tibco-activematrix-businessworks-plug-in-for-netsuite-6-0-1_documentation.zip,auto,false,tibco,integration,,,,,
tibco-activematrix-businessworks-plug-in-for-netsuite,6.0.0,true,false,,2014-05-30,auto,auto,https://docs.tibco.com/pub/activematrix_businessworks_plugin_for_netsuite/tibco-activematrix-businessworks-plug-in-for-netsuite-6-0-0_documentation.zip,auto,false,tibco,integration,,,,,
tibco-activematrix-businessworks-plug-in-for-netsuite,1.3.0,false,true,,2023-03-21,auto,auto,https://docs.tibco.com/pub/bwnetsuite/1.3.0/doc/zip/tib_bwnetsuite_1.3.0_doc.zip,auto,false,tibco,integration,,,,,
tibco-activematrix-businessworks-plug-in-for-netsuite,1.2.0,false,true,,2021-08-11,auto,auto,https://docs.tibco.com/pub/bwnetsuite/1.2.0/doc/zip/tib_bwnetsuite_1.2.0_doc.zip,auto,false,tibco,integration,,,,,
tibco-activematrix-businessworks-plug-in-for-netsuite,1.1.0,true,false,,2018-04-19,auto,auto,https://docs.tibco.com/pub/bwnetsuite/tibco-activematrix-businessworks-plug-in-for-netsuite-1-1-0_documentation.zip,auto,false,tibco,integration,,,,,
tibco-activematrix-businessworks-plug-in-for-netsuite,1.0.0,true,false,,2013-09-20,auto,auto,https://docs.tibco.com/pub/activematrix_businessworks_plugin_for_netsuite/tibco-activematrix-businessworks-plug-in-for-netsuite-1-0-0_documentation.zip,auto,false,tibco,integration,,,,,
tibco-activematrix-businessworks-plug-in-for-odata,6.8.0,false,true,,2024-03-20,auto,auto,https://docs.tibco.com/pub/bwpluginodata/6.8.0/doc/zip/tib_bwpluginodata_6.8.0_doc.zip,auto,false,tibco,integration,,,,,
tibco-activematrix-businessworks-plug-in-for-odata,6.7.0,false,true,,1698624000000,auto,auto,https://docs.tibco.com/pub/bwpluginodata/6.7.0/doc/zip/tib_bwpluginodata_6.7.0_doc.zip,auto,false,tibco,integration,,,,,
tibco-activematrix-businessworks-plug-in-for-odata,6.6.0,false,true,,2023-05-10,auto,auto,https://docs.tibco.com/pub/bwpluginodata/6.6.0/doc/zip/tib_bwpluginodata_6.6.0_doc.zip,auto,false,tibco,integration,,,,,
tibco-activematrix-businessworks-plug-in-for-odata,6.5.0,false,true,,2023-02-08,auto,auto,https://docs.tibco.com/pub/bwpluginodata/6.5.0/doc/zip/tib_bwpluginodata_6.5.0_doc.zip,auto,false,tibco,integration,,,,,
tibco-activematrix-businessworks-plug-in-for-odata,6.4.0,false,true,,1667952000000,auto,auto,https://docs.tibco.com/pub/bwpluginodata/6.4.0/doc/zip/tib_bwpluginodata_6.4.0_doc.zip,auto,false,tibco,integration,,,,,
tibco-activematrix-businessworks-plug-in-for-odata,6.3.1,true,false,,2021-11-12,auto,auto,https://docs.tibco.com/pub/bwpluginodata/tibco-activematrix-businessworks-plug-in-for-odata-6-3-1_documentation.zip,auto,false,tibco,integration,,,,,
tibco-activematrix-businessworks-plug-in-for-odata,6.3.0,true,false,,2020-09-29,auto,auto,https://docs.tibco.com/pub/bwpluginodata/tibco-activematrix-businessworks-plug-in-for-odata-6-3-0_documentation.zip,auto,false,tibco,integration,,,,,
tibco-activematrix-businessworks-plug-in-for-odata,6.2.2,true,false,,2020-03-11,auto,auto,https://docs.tibco.com/pub/bwpluginodata/tibco-activematrix-businessworks-plug-in-for-odata-6-2-2_documentation.zip,auto,false,tibco,integration,,,,,
tibco-activematrix-businessworks-plug-in-for-odata,6.2.1,true,false,,2019-01-22,auto,auto,https://docs.tibco.com/pub/bwpluginodata/tibco-activematrix-businessworks-plug-in-for-odata-6-2-1_documentation.zip,auto,false,tibco,integration,,,,,
tibco-activematrix-businessworks-plug-in-for-odata,6.2.0,true,false,,1542067200000,auto,auto,https://docs.tibco.com/pub/bwpluginodata/tibco-activematrix-businessworks-plug-in-for-odata-6-2-0_documentation.zip,auto,false,tibco,integration,,,,,
tibco-activematrix-businessworks-plug-in-for-odata,6.1.0,true,false,,1527206400000,auto,auto,https://docs.tibco.com/pub/bwpluginodata/tibco-activematrix-businessworks-plug-in-for-odata-6-1-0_documentation.zip,auto,false,tibco,integration,,,,,
tibco-activematrix-businessworks-plug-in-for-odata,6.0.1,true,false,,2016-11-10,auto,auto,https://docs.tibco.com/pub/bwpluginodata/tibco-activematrix-businessworks-plug-in-for-odata-6-0-1_documentation.zip,auto,false,tibco,integration,,,,,
tibco-activematrix-businessworks-plug-in-for-odata,6.0.0,true,false,,2016-05-19,auto,auto,https://docs.tibco.com/pub/bwpluginodata/tibco-activematrix-businessworks-plug-in-for-odata-6-0-0_documentation.zip,auto,false,tibco,integration,,,,,
tibco-activematrix-businessworks-plug-in-for-odata-services-for-sap-s-4hana,6.4.0,false,true,,2023-07-19,auto,auto,https://docs.tibco.com/pub/bwplugins4hana/6.4.0/doc/zip/tib_bwplugins4hana_6.4.0_doc.zip,auto,false,tibco,integration,,,,,
tibco-activematrix-businessworks-plug-in-for-odata-services-for-sap-s-4hana,6.3.0,false,true,,1658361600000,auto,auto,https://docs.tibco.com/pub/bwplugins4hana/6.3.0/doc/zip/tib_bwplugins4hana_6.3.0_doc.zip,auto,false,tibco,integration,,,,,
tibco-activematrix-businessworks-plug-in-for-odata-services-for-sap-s-4hana,6.2.1,false,true,,2020-10-06,auto,auto,https://docs.tibco.com/pub/bwplugins4hana/6.2.1/doc/zip/tib_bwplugins4hana_6.2.1_doc.zip,auto,false,tibco,integration,,,,,
tibco-activematrix-businessworks-plug-in-for-odata-services-for-sap-s-4hana,6.2.0,true,false,,2026-06-17,auto,auto,https://docs.tibco.com/pub/bwplugins4hana/tibco-activematrix-businessworks-plug-in-for-odata-services-for-sap-s-4hana-6-2-0_documentation.zip,auto,false,tibco,integration,,,,,
tibco-activematrix-businessworks-plug-in-for-odata-services-for-sap-s-4hana,6.1.0,true,false,,2019-05-24,auto,auto,https://docs.tibco.com/pub/bwplugins4hana/tibco-activematrix-businessworks-plug-in-for-sap-s-4hana-cloud-6-1-0_documentation.zip,auto,false,tibco,integration,,,,,
tibco-activematrix-businessworks-plug-in-for-odata-services-for-sap-s-4hana,6.0.0,true,false,,1534636800000,auto,auto,https://docs.tibco.com/pub/bwplugins4hana/tibco-activematrix-businessworks-plug-in-for-sap-s-4hana-cloud-6-0-0_documentation.zip,auto,false,tibco,integration,,,,,
tibco-activematrix-businessworks-plug-in-for-openspirit,2.0.0,true,false,,2017-08-11,auto,auto,https://docs.tibco.com/pub/bwpluginopenspirit/tibco-activematrix-businessworks-plug-in-for-openspirit-2-0-0_documentation.zip,auto,false,tibco,integration,,,,,
tibco-activematrix-businessworks-plug-in-for-openspirit,1.5.0,true,false,,2016-09-16,auto,auto,https://docs.tibco.com/pub/bwpluginopenspirit/tibco-activematrix-businessworks-plug-in-for-openspirit-1-5-0_documentation.zip,auto,false,tibco,integration,,,,,
tibco-activematrix-businessworks-plug-in-for-openspirit,1.4.0,true,false,,2014-10-23,auto,auto,https://docs.tibco.com/pub/businessworks-openspirit-plugin/tibco-activematrix-businessworks-plug-in-for-openspirit-1-4-0_documentation.zip,auto,false,tibco,integration,,,,,
tibco-activematrix-businessworks-plug-in-for-openspirit,1.3.0,true,false,,1390435200000,auto,auto,https://docs.tibco.com/pub/businessworks-openspirit-plugin/tibco-activematrix-businessworks-plug-in-for-openspirit-1-3-0_documentation.zip,auto,false,tibco,integration,,,,,
tibco-activematrix-businessworks-plug-in-for-openspirit,1.2.0,true,false,,2013-02-25,auto,auto,https://docs.tibco.com/pub/businessworks-openspirit-plugin/tibco-activematrix-businessworks-plug-in-for-openspirit-1-2-0_documentation.zip,auto,false,tibco,integration,,,,,
tibco-activematrix-businessworks-plug-in-for-openspirit,1.1.0,true,false,,2012-08-15,auto,auto,https://docs.tibco.com/pub/businessworks-openspirit-plugin/tibco-activematrix-businessworks-plug-in-for-openspirit-1-1-0_documentation.zip,auto,false,tibco,integration,,,,,
tibco-activematrix-businessworks-plug-in-for-openspirit,1.0.0,true,false,,2012-06-12,auto,auto,https://docs.tibco.com/pub/businessworks-openspirit-plugin/tibco-activematrix-businessworks-plug-in-for-openspirit-1-0-0_documentation.zip,auto,false,tibco,integration,,,,,
tibco-activematrix-businessworks-plug-in-for-oracle-e-business-suite,6.1.2,false,true,,2018-11-28,auto,auto,https://docs.tibco.com/pub/bwpluginoracleebs/6.1.2/doc/zip/tib_bwpluginoracleebs_6.1.2_doc.zip,auto,false,tibco,integration,,,,,
tibco-activematrix-businessworks-plug-in-for-oracle-e-business-suite,6.1.1,false,true,,,auto,auto,https://docs.tibco.com/pub/bwpluginoracleebs/6.1.1/doc/zip/tib_bwpluginoracleebs_6.1.1_doc.zip,auto,false,tibco,integration,,,,,
tibco-activematrix-businessworks-plug-in-for-oracle-e-business-suite,6.1.0,false,true,,,auto,auto,https://docs.tibco.com/pub/bwpluginoracleebs/6.1.0/doc/zip/tib_bwpluginoracleebs_6.1.0_doc.zip,auto,false,tibco,integration,,,,,
tibco-activematrix-businessworks-plug-in-for-oracle-e-business-suite,6.0.0,false,true,,,auto,auto,https://docs.tibco.com/pub/bwpluginoracleebs/6.0.0/doc/zip/tib_bwpluginoracleebs_6.0.0_doc.zip,auto,false,tibco,integration,,,,,
tibco-activematrix-businessworks-plug-in-for-oracle-e-business-suite,1.3.0,false,true,,1426628386000,auto,auto,https://docs.tibco.com/pub/activematrix_businessworks_plugin_for_oracle_e-business_suite/1.3.0/doc/zip/tib_activematrix_businessworks_plugin_for_oracle_e-business_suite_1.3.0_doc.zip,auto,false,tibco,integration,,,,,
tibco-activematrix-businessworks-plug-in-for-oracle-e-business-suite,1.2.0,true,false,,2013-05-17,auto,auto,https://docs.tibco.com/pub/activematrix_businessworks_plugin_for_oracle_e-business_suite/tibco-activematrix-businessworks-plug-in-for-oracle-e-business-suite-1-2-0_documentation.zip,auto,false,tibco,integration,,,,,
tibco-activematrix-businessworks-plug-in-for-oracle-e-business-suite,1.1.0,true,false,,2011-06-24,auto,auto,https://docs.tibco.com/pub/activematrix_businessworks_plugin_for_oracle_e-business_suite/tibco-activematrix-businessworks-plug-in-for-oracle-e-business-suite-1-1-0_documentation.zip,auto,false,tibco,integration,,,,,
tibco-activematrix-businessworks-plug-in-for-oracle-e-business-suite,1.0.0,true,false,,2012-08-06,auto,auto,https://docs.tibco.com/pub/activematrix_businessworks_plugin_for_oracle_e-business_suite/tibco-activematrix-businessworks-plug-in-for-oracle-e-business-suite-1-0-0_documentation.zip,auto,false,tibco,integration,,,,,
tibco-activematrix-businessworks-plug-in-for-oracle-fusion-cloud-applications-suite,6.0.0,false,true,,2023-01-04,auto,auto,https://docs.tibco.com/pub/bwpluginoracleclouderp/6.0.0/doc/zip/tib_bwpluginoracleclouderp_6.0.0_doc.zip,auto,false,tibco,integration,,,,,
tibco-activematrix-businessworks-plug-in-for-oracle-tuxedo,8.3.0,false,true,,2023-02-15,auto,auto,https://docs.tibco.com/pub/bwplugintuxedo/8.3.0/doc/zip/tib_bwplugintuxedo_8.3.0_doc.zip,auto,false,tibco,integration,,,,,
tibco-activematrix-businessworks-plug-in-for-oracle-tuxedo,8.2.0,false,true,,2021-11-16,auto,auto,https://docs.tibco.com/pub/bwplugintuxedo/8.2.0/doc/zip/tib_bwplugintuxedo_8.2.0_doc.zip,auto,false,tibco,integration,,,,,
tibco-activematrix-businessworks-plug-in-for-oracle-tuxedo,8.1.0,false,true,,2021-08-30,auto,auto,https://docs.tibco.com/pub/bwplugintuxedo/8.1.0/doc/zip/tib_bwplugintuxedo_8.1.0_doc.zip,auto,false,tibco,integration,,,,,
tibco-activematrix-businessworks-plug-in-for-oracle-tuxedo,8.0.1,true,false,,2019-10-23,auto,auto,https://docs.tibco.com/pub/bwplugintuxedo/tibco-activematrix-businessworks-plug-in-for-oracle-tuxedo-8-0-1_documentation.zip,auto,false,tibco,integration,,,,,
tibco-activematrix-businessworks-plug-in-for-oracle-tuxedo,8.0.0,true,false,,2018-06-12,auto,auto,https://docs.tibco.com/pub/bwplugintuxedo/tibco-activematrix-businessworks-plug-in-for-oracle-tuxedo-8-0-0_documentation.zip,auto,false,tibco,integration,,,,,
tibco-activematrix-businessworks-plug-in-for-oracle-tuxedo,7.0.2,true,false,,2017-11-30,auto,auto,https://docs.tibco.com/pub/bwplugintuxedo/tibco-activematrix-businessworks-plug-in-for-oracle-tuxedo-7-0-2_documentation.zip,auto,false,tibco,integration,,,,,
tibco-activematrix-businessworks-plug-in-for-oracle-tuxedo,7.0.1,true,false,,2017-07-31,auto,auto,https://docs.tibco.com/pub/bwplugintuxedo/tibco-activematrix-businessworks-plug-in-for-oracle-tuxedo-7-0-1_documentation.zip,auto,false,tibco,integration,,,,,
tibco-activematrix-businessworks-plug-in-for-oracle-tuxedo,7.0.0,true,false,,2017-06-15,auto,auto,https://docs.tibco.com/pub/bwplugintuxedo/tibco-activematrix-businessworks-plug-in-for-oracle-tuxedo-7-0-0_documentation.zip,auto,false,tibco,integration,,,,,
tibco-activematrix-businessworks-plug-in-for-oracle-tuxedo,6.1.1,false,true,,2023-02-15,auto,auto,https://docs.tibco.com/pub/adtuxedo/6.1.1/doc/zip/tib_adtuxedo_6.1.1_doc.zip,auto,false,tibco,integration,,,,,
tibco-activematrix-businessworks-plug-in-for-oracle-tuxedo,6.1.0,false,true,,2019-08-22,auto,auto,https://docs.tibco.com/pub/adtuxedo/6.1.0/doc/zip/tib_adtuxedo_6.1.0_doc.zip,auto,false,tibco,integration,,,,,
tibco-activematrix-businessworks-plug-in-for-oracle-tuxedo,6.0.0,false,true,,2011-07-05,auto,auto,https://docs.tibco.com/pub/activematrix-adapter-for-tuxedo/6.0.0-march-2010/doc/zip/tib_activematrix-adapter-for-tuxedo_6.0.0-march-2010_doc.zip,auto,false,tibco,integration,,,,,
tibco-activematrix-businessworks-plug-in-for-osb,6.0.0,false,true,,2012-08-03,auto,auto,https://docs.tibco.com/pub/businessworks_osb_plugin/6.0.0_july_2012/doc/zip/tib_businessworks_osb_plugin_6.0.0_july_2012_doc.zip,auto,false,tibco,integration,,,,,
tibco-activematrix-businessworks-plug-in-for-osb,5.0.0,false,true,,2011-06-21,auto,auto,https://docs.tibco.com/pub/businessworks_osb_plugin/5.0.0_july_2007/doc/zip/tib_businessworks_osb_plugin_5.0.0_july_2007_doc.zip,auto,false,tibco,integration,,,,,
tibco-activematrix-businessworks-plug-in-for-osisoft-pi-system,6.5.0,false,true,,2022-06-15,auto,auto,https://docs.tibco.com/pub/bwpluginpi/6.5.0/doc/zip/tib_bwpluginpi_6.5.0_doc.zip,auto,false,tibco,integration,,,,,
tibco-activematrix-businessworks-plug-in-for-osisoft-pi-system,6.4.0,false,true,,2021-04-09,auto,auto,https://docs.tibco.com/pub/bwpluginpi/6.4.0/doc/zip/tib_bwpluginpi_6.4.0_doc.zip,auto,false,tibco,integration,,,,,
tibco-activematrix-businessworks-plug-in-for-osisoft-pi-system,6.3.0,true,false,,1590883200000,auto,auto,https://docs.tibco.com/pub/bwpluginpi/tibco-activematrix-businessworks-plug-in-for-osisoft-pi-system-6-3-0_documentation.zip,auto,false,tibco,integration,,,,,
tibco-activematrix-businessworks-plug-in-for-osisoft-pi-system,6.2.0,true,false,,2018-03-09,auto,auto,https://docs.tibco.com/pub/bwpluginpi/tibco-activematrix-businessworks-plug-in-for-osisoft-pi-system-6-2-0_documentation.zip,auto,false,tibco,integration,,,,,
tibco-activematrix-businessworks-plug-in-for-osisoft-pi-system,6.1.0,true,false,,2016-08-08,auto,auto,https://docs.tibco.com/pub/bwpluginpi/tibco-activematrix-businessworks-plug-in-for-osisoft-pi-system-6-1-0_documentation.zip,auto,false,tibco,integration,,,,,
tibco-activematrix-businessworks-plug-in-for-osisoft-pi-system,6.0.0,true,false,,2015-08-12,auto,auto,https://docs.tibco.com/pub/bwpluginpi/tibco-activematrix-businessworks-plug-in-for-osisoft-pi-system-6-0-0_documentation.zip,auto,false,tibco,integration,,,,,
tibco-activematrix-businessworks-plug-in-for-osisoft-pi-system,1.1.0,false,true,,2013-05-14,auto,auto,https://docs.tibco.com/pub/activematrix-adapter-for-osisoft-pi/1.1.0_may_2013/doc/zip/tib_activematrix-adapter-for-osisoft-pi_1.1.0_may_2013_doc.zip,auto,false,tibco,integration,,,,,
tibco-activematrix-businessworks-plug-in-for-osisoft-pi-system,1.0.0,false,true,,2012-11-30,auto,auto,https://docs.tibco.com/pub/activematrix-adapter-for-osisoft-pi/1.0.0-november-2012/doc/zip/tib_activematrix-adapter-for-osisoft-pi_1.0.0-november-2012_doc.zip,auto,false,tibco,integration,,,,,
tibco-activematrix-businessworks-plug-in-for-pdf,6.2.3,false,true,,2025-11-18,auto,auto,https://docs.tibco.com/pub/bwpluginpdf/6.2.3/doc/zip/tib_bwpluginpdf_6.2.3_doc.zip,auto,false,tibco,integration,,,,,
tibco-activematrix-businessworks-plug-in-for-pdf,6.2.2,false,true,,2019-10-10,auto,auto,https://docs.tibco.com/pub/bwpluginpdf/6.2.2/doc/zip/tib_bwpluginpdf_6.2.2_doc.zip,auto,false,tibco,integration,,,,,
tibco-activematrix-businessworks-plug-in-for-pdf,6.2.1,true,false,,,auto,auto,,auto,false,tibco,integration,,,,,
tibco-activematrix-businessworks-plug-in-for-pdf,6.2.0,true,false,,,auto,auto,,auto,false,tibco,integration,,,,,
tibco-activematrix-businessworks-plug-in-for-pdf,6.1.0,true,false,,,auto,auto,,auto,false,tibco,integration,,,,,
tibco-activematrix-businessworks-plug-in-for-pdf,6.0.0,true,false,,,auto,auto,,auto,false,tibco,integration,,,,,
tibco-activematrix-businessworks-plug-in-for-pdf,1.0.0,true,false,,2014-11-20,auto,auto,,auto,false,tibco,integration,,,,,
tibco-activematrix-businessworks-plug-in-for-peoplesoft,7.4.0,false,true,,2024-03-26,auto,auto,https://docs.tibco.com/pub/bwpluginpeoplesoft/7.4.0/doc/zip/tib_bwpluginpeoplesoft_7.4.0_doc.zip,auto,false,tibco,integration,,,,,
tibco-activematrix-businessworks-plug-in-for-peoplesoft,7.3.0,false,true,,2023-04-25,auto,auto,https://docs.tibco.com/pub/bwpluginpeoplesoft/7.3.0/doc/zip/tib_bwpluginpeoplesoft_7.3.0_doc.zip,auto,false,tibco,integration,,,,,
tibco-activematrix-businessworks-plug-in-for-peoplesoft,7.2.0,false,true,,2022-01-27,auto,auto,https://docs.tibco.com/pub/bwpluginpeoplesoft/7.2.0/doc/zip/tib_bwpluginpeoplesoft_7.2.0_doc.zip,auto,false,tibco,integration,,,,,
tibco-activematrix-businessworks-plug-in-for-peoplesoft,7.1.0,true,false,,2021-10-13,auto,auto,https://docs.tibco.com/pub/bwpluginpeoplesoft/tibco-activematrix-businessworks-plug-in-for-peoplesoft-7-1-0_documentation.zip,auto,false,tibco,integration,,,,,
tibco-activematrix-businessworks-plug-in-for-peoplesoft,7.0.1,true,false,,2019-11-05,auto,auto,https://docs.tibco.com/pub/bwpluginpeoplesoft/tibco-activematrix-businessworks-plug-in-for-peoplesoft-7-0-1_documentation.zip,auto,false,tibco,integration,,,,,
tibco-activematrix-businessworks-plug-in-for-peoplesoft,7.0.0,true,false,,2018-06-12,auto,auto,https://docs.tibco.com/pub/bwpluginpeoplesoft/tibco-activematrix-businessworks-plug-in-for-peoplesoft-7-0-0_documentation.zip,auto,false,tibco,integration,,,,,
tibco-activematrix-businessworks-plug-in-for-peoplesoft,6.1.0,false,true,,2012-11-15,auto,auto,https://docs.tibco.com/pub/activematrix-adapter-for-peoplesoft/6.1.0_october_2012/doc/zip/tib_activematrix-adapter-for-peoplesoft_6.1.0_october_2012_doc.zip,auto,false,tibco,integration,,,,,
tibco-activematrix-businessworks-plug-in-for-peoplesoft,6.0.0,true,false,,2011-07-05,auto,auto,https://docs.tibco.com/pub/activematrix-adapter-for-peoplesoft/tibco-activematrix-adapter-for-peoplesoft-6-0-0_documentation.zip,auto,false,tibco,integration,,,,,
tibco-activematrix-businessworks-plug-in-for-redis,6.1.0,false,true,,2024-02-07,auto,auto,https://docs.tibco.com/pub/bwpluginredis/6.1.0/doc/zip/tib_bwpluginredis_6.1.0_doc.zip,auto,false,tibco,integration,,,,,
tibco-activematrix-businessworks-plug-in-for-redis,6.0.0,false,true,,2023-11-10,auto,auto,https://docs.tibco.com/pub/bwpluginredis/6.0.0/doc/zip/tib_bwpluginredis_6.0.0_doc.zip,auto,false,tibco,integration,,,,,
tibco-activematrix-businessworks-plug-in-for-rest-and-json,2.1.0,false,true,,2017-10-05,auto,auto,https://docs.tibco.com/pub/bwpluginrestjson/2.1.0/doc/zip/tib_bwpluginrestjson_2.1.0_doc.zip,auto,false,tibco,integration,,,,,
tibco-activematrix-businessworks-plug-in-for-rest-and-json,2.0.1,false,true,,2017-08-17,auto,auto,https://docs.tibco.com/pub/bwpluginrestjson/2.0.1/doc/zip/tib_bwpluginrestjson_2.0.1_doc.zip,auto,false,tibco,integration,,,,,
tibco-activematrix-businessworks-plug-in-for-rest-and-json,2.0.0,false,true,,,auto,auto,https://docs.tibco.com/pub/bwpluginrestjson/2.0.0/doc/zip/tib_bwpluginrestjson_2.0.0_doc.zip,auto,false,tibco,integration,,,,,
tibco-activematrix-businessworks-plug-in-for-rest-and-json,1.1.1,false,true,,,auto,auto,https://docs.tibco.com/pub/bwpluginrestjson/1.1.1/doc/zip/tib_bwpluginrestjson_1.1.1_doc.zip,auto,false,tibco,integration,,,,,
tibco-activematrix-businessworks-plug-in-for-rest-and-json,1.1.0,false,true,,,auto,auto,https://docs.tibco.com/pub/bwpluginrestjson/1.1.0/doc/zip/tib_bwpluginrestjson_1.1.0_doc.zip,auto,false,tibco,integration,,,,,
tibco-activematrix-businessworks-plug-in-for-rest-and-json,1.0.0,true,false,,2012-12-04,auto,auto,https://docs.tibco.com/pub/activematrix-businessworks-plugin-for-rest-and-json/tibco-activematrix-businessworks-plug-in-for-rest-and-json-1-0-0_documentation.zip,auto,false,tibco,integration,,,,,
tibco-activematrix-businessworks-plug-in-for-salesforce-com,6.11.0,false,true,,2024-08-14,auto,auto,https://docs.tibco.com/pub/bwpluginsalesforce/6.11.0/doc/zip/tib_bwpluginsalesforce_6.11.0_doc.zip,auto,false,tibco,integration,,,,,
tibco-activematrix-businessworks-plug-in-for-salesforce-com,6.10.0,false,true,,2022-05-17,auto,auto,https://docs.tibco.com/pub/bwpluginsalesforce/6.10.0/doc/zip/tib_bwpluginsalesforce_6.10.0_doc.zip,auto,false,tibco,integration,,,,,
tibco-activematrix-businessworks-plug-in-for-salesforce-com,6.9.3,false,true,,2022-02-11,auto,auto,https://docs.tibco.com/pub/bwpluginsalesforce/6.9.3/doc/zip/tib_bwpluginsalesforce_6.9.3_doc.zip,auto,false,tibco,integration,,,,,
tibco-activematrix-businessworks-plug-in-for-salesforce-com,6.9.2,false,true,,2021-10-20,auto,auto,https://docs.tibco.com/pub/bwpluginsalesforce/6.9.2/doc/zip/tib_bwpluginsalesforce_6.9.2_doc.zip,auto,false,tibco,integration,,,,,
tibco-activematrix-businessworks-plug-in-for-salesforce-com,6.9.1,false,true,,2021-04-22,auto,auto,https://docs.tibco.com/pub/bwpluginsalesforce/6.9.1/doc/zip/tib_bwpluginsalesforce_6.9.1_doc.zip,auto,false,tibco,integration,,,,,
tibco-activematrix-businessworks-plug-in-for-salesforce-com,6.9.0,false,true,,2020-09-03,auto,auto,https://docs.tibco.com/pub/bwpluginsalesforce/6.9.0/doc/zip/tib_bwpluginsalesforce_6.9.0_doc.zip,auto,false,tibco,integration,,,,,
tibco-activematrix-businessworks-plug-in-for-salesforce-com,6.8.0,true,false,,2020-03-20,auto,auto,https://docs.tibco.com/pub/bwpluginsalesforce/tibco-activematrix-businessworks-plug-in-for-salesforce-com-6-8-0_documentation.zip,auto,false,tibco,integration,,,,,
tibco-activematrix-businessworks-plug-in-for-salesforce-com,6.7.0,true,false,,2019-11-08,auto,auto,https://docs.tibco.com/pub/bwpluginsalesforce/tibco-activematrix-businessworks-plug-in-for-salesforce-com-6-7-0_documentation.zip,auto,false,tibco,integration,,,,,
tibco-activematrix-businessworks-plug-in-for-salesforce-com,6.6.0,true,false,,2019-04-18,auto,auto,https://docs.tibco.com/pub/bwpluginsalesforce/tibco-activematrix-businessworks-plug-in-for-salesforce-com-6-6-0_documentation.zip,auto,false,tibco,integration,,,,,
tibco-activematrix-businessworks-plug-in-for-salesforce-com,6.5.2,true,false,,1550534400000,auto,auto,https://docs.tibco.com/pub/bwpluginsalesforce/tibco-activematrix-businessworks-plug-in-for-salesforce-com-6-5-2_documentation.zip,auto,false,tibco,integration,,,,,
tibco-activematrix-businessworks-plug-in-for-salesforce-com,6.5.1,true,false,,2018-10-25,auto,auto,https://docs.tibco.com/pub/bwpluginsalesforce/tibco-activematrix-businessworks-plug-in-for-salesforce-com-6-5-1_documentation.zip,auto,false,tibco,integration,,,,,
tibco-activematrix-businessworks-plug-in-for-salesforce-com,6.5.0,true,false,,2018-07-30,auto,auto,https://docs.tibco.com/pub/bwpluginsalesforce/tibco-activematrix-businessworks-plug-in-for-salesforce-com-6-5-0_documentation.zip,auto,false,tibco,integration,,,,,
tibco-activematrix-businessworks-plug-in-for-salesforce-com,6.4.0,true,false,,2018-05-24,auto,auto,https://docs.tibco.com/pub/bwpluginsalesforce/tibco-activematrix-businessworks-plug-in-for-salesforce-com-6-4-0_documentation.zip,auto,false,tibco,integration,,,,,
tibco-activematrix-businessworks-plug-in-for-salesforce-com,6.3.0,true,false,,2018-02-22,auto,auto,https://docs.tibco.com/pub/bwpluginsalesforce/tibco-activematrix-businessworks-plug-in-for-salesforce-com-6-3-0_documentation.zip,auto,false,tibco,integration,,,,,
tibco-activematrix-businessworks-plug-in-for-salesforce-com,6.2.1,true,false,,2017-08-24,auto,auto,https://docs.tibco.com/pub/bwpluginsalesforce/tibco-activematrix-businessworks-plug-in-for-salesforce-com-6-2-1_documentation.zip,auto,false,tibco,integration,,,,,
tibco-activematrix-businessworks-plug-in-for-salesforce-com,6.2.0,true,false,,2017-06-15,auto,auto,https://docs.tibco.com/pub/bwpluginsalesforce/tibco-activematrix-businessworks-plug-in-for-salesforce-com-6-2-0_documentation.zip,auto,false,tibco,integration,,,,,
tibco-activematrix-businessworks-plug-in-for-salesforce-com,6.1.1,true,false,,2016-08-19,auto,auto,https://docs.tibco.com/pub/bwpluginsalesforce/tibco-activematrix-businessworks-plug-in-for-salesforce-com-6-1-1_documentation.zip,auto,false,tibco,integration,,,,,
tibco-activematrix-businessworks-plug-in-for-salesforce-com,6.1.0,true,false,,2016-02-24,auto,auto,https://docs.tibco.com/pub/bwpluginsalesforce/tibco-activematrix-businessworks-plug-in-for-salesforce-com-6-1-0_documentation.zip,auto,false,tibco,integration,,,,,
tibco-activematrix-businessworks-plug-in-for-salesforce-com,6.0.1,true,false,,2014-11-17,auto,auto,https://docs.tibco.com/pub/businessworks_salesforce_plugin/tibco-activematrix-businessworks-plug-in-for-salesforce-com-6-0-1_documentation.zip,auto,false,tibco,integration,,,,,
tibco-activematrix-businessworks-plug-in-for-salesforce-com,6.0.0,true,false,,2014-10-13,auto,auto,https://docs.tibco.com/pub/businessworks_salesforce_plugin/tibco-activematrix-businessworks-plug-in-for-salesforce-com-6-0-0_documentation.zip,auto,false,tibco,integration,,,,,
tibco-activematrix-businessworks-plug-in-for-salesforce-com,2.6.0,true,false,,2022-10-04,auto,auto,https://docs.tibco.com/pub/bwpluginsalesforce/tibco-activematrix-businessworks-plug-in-for-salesforce-com-2-6-0_documentation.zip,auto,false,tibco,integration,,,,,
tibco-activematrix-businessworks-plug-in-for-salesforce-com,2.5.0,true,false,,2016-09-26,auto,auto,https://docs.tibco.com/pub/bwpluginsalesforce/tibco-activematrix-businessworks-plug-in-for-salesforce-com-2-5-0_documentation.zip,auto,false,tibco,integration,,,,,
tibco-activematrix-businessworks-plug-in-for-salesforce-com,2.4.1,true,false,,2014-07-23,auto,auto,https://docs.tibco.com/pub/businessworks_salesforce_plugin/tibco-activematrix-businessworks-plug-in-for-salesforce-com-2-4-1_documentation.zip,auto,false,tibco,integration,,,,,
tibco-activematrix-businessworks-plug-in-for-salesforce-com,2.4.0,true,false,,2013-05-14,auto,auto,https://docs.tibco.com/pub/businessworks_salesforce_plugin/tibco-businessworks-salesforce-com-plug-in-2-4-0_documentation.zip,auto,false,tibco,integration,,,,,
tibco-activematrix-businessworks-plug-in-for-salesforce-com,2.3.0,true,false,,2011-06-23,auto,auto,https://docs.tibco.com/pub/businessworks_salesforce_plugin/tibco-businessworks-salesforce-com-plug-in-2-3-0_documentation.zip,auto,false,tibco,integration,,,,,
tibco-activematrix-businessworks-plug-in-for-sap-ariba,6.0.0,false,true,,1610582400000,auto,auto,https://docs.tibco.com/pub/bwpluginariba/6.0.0/doc/zip/tib_bwpluginariba_6.0.0_doc.zip,auto,false,tibco,integration,,,,,
tibco-activematrix-businessworks-plug-in-for-sap-business-technology-platform,6.0.0,false,true,,2023-06-13,auto,auto,https://docs.tibco.com/pub/bwpluginsapcp/6.0.0/doc/zip/tib_bwpluginsapcp_6.0.0_doc.zip,auto,false,tibco,integration,,,,,
tibco-activematrix-businessworks-plug-in-for-sap-hana-database,6.1.0,false,true,,2024-03-29,auto,auto,https://docs.tibco.com/pub/bwpluginsaphanadatabase/6.1.0/doc/zip/tib_bwpluginsaphanadatabase_6.1.0_doc.zip,auto,false,tibco,integration,,,,,
tibco-activematrix-businessworks-plug-in-for-sap-hana-database,6.0.0,true,false,,1581033600000,auto,auto,https://docs.tibco.com/pub/bwpluginsaphanadatabase/tibco-activematrix-businessworks-plug-in-for-sap-hana-database-6-0-0_documentation.zip,auto,false,tibco,integration,,,,,
tibco-activematrix-businessworks-plug-in-for-sap-solutions,8.8.0,false,true,,2024-02-23,auto,auto,https://docs.tibco.com/pub/bwpluginsap/8.8.0/doc/zip/tib_bwpluginsap_8.8.0_doc.zip,auto,false,tibco,integration,,,,,
tibco-activematrix-businessworks-plug-in-for-sap-solutions,8.7.0,false,true,,2023-08-01,auto,auto,https://docs.tibco.com/pub/bwpluginsap/8.7.0/doc/zip/tib_bwpluginsap_8.7.0_doc.zip,auto,false,tibco,integration,,,,,
tibco-activematrix-businessworks-plug-in-for-sap-solutions,8.6.0,false,true,,1643587200000,auto,auto,https://docs.tibco.com/pub/bwpluginsap/8.6.0/doc/zip/tib_bwpluginsap_8.6.0_doc.zip,auto,false,tibco,integration,,,,,
tibco-activematrix-businessworks-plug-in-for-sap-solutions,8.5.0,true,false,,2021-02-25,auto,auto,https://docs.tibco.com/pub/bwpluginsap/tibco-activematrix-businessworks-plug-in-for-sap-solutions-8-5-0_documentation.zip,auto,false,tibco,integration,,,,,
tibco-activematrix-businessworks-plug-in-for-sap-solutions,8.4.0,true,false,,1592352000000,auto,auto,https://docs.tibco.com/pub/bwpluginsap/tibco-activematrix-businessworks-plug-in-for-sap-solutions-8-4-0_documentation.zip,auto,false,tibco,integration,,,,,
tibco-activematrix-businessworks-plug-in-for-sap-solutions,8.3.0,true,false,,2020-02-29,auto,auto,https://docs.tibco.com/pub/bwpluginsap/tibco-activematrix-businessworks-plug-in-for-sap-solutions-8-3-0_documentation.zip,auto,false,tibco,integration,,,,,
tibco-activematrix-businessworks-plug-in-for-sap-solutions,8.2.2,true,false,,2018-11-21,auto,auto,https://docs.tibco.com/pub/bwpluginsap/tibco-activematrix-businessworks-plug-in-for-sap-solutions-8-2-2_documentation.zip,auto,false,tibco,integration,,,,,
tibco-activematrix-businessworks-plug-in-for-sap-solutions,8.2.1,true,false,,2018-05-29,auto,auto,https://docs.tibco.com/pub/bwpluginsap/tibco-activematrix-businessworks-plug-in-for-sap-solutions-8-2-1_documentation.zip,auto,false,tibco,integration,,,,,
tibco-activematrix-businessworks-plug-in-for-sap-solutions,8.2.0,true,false,,2018-05-17,auto,auto,https://docs.tibco.com/pub/bwpluginsap/tibco-activematrix-businessworks-plug-in-for-sap-solutions-8-2-0_documentation.zip,auto,false,tibco,integration,,,,,
tibco-activematrix-businessworks-plug-in-for-sap-solutions,8.1.1,true,false,,2017-06-15,auto,auto,https://docs.tibco.com/pub/bwpluginsap/tibco-activematrix-businessworks-plug-in-for-sap-solutions-8-1-1_documentation.zip,auto,false,tibco,integration,,,,,
tibco-activematrix-businessworks-plug-in-for-sap-solutions,8.1.0,true,false,,2016-05-23,auto,auto,https://docs.tibco.com/pub/bwpluginsap/tibco-activematrix-businessworks-plug-in-for-sap-8-1-0_documentation.zip,auto,false,tibco,integration,,,,,
tibco-activematrix-businessworks-plug-in-for-sap-solutions,8.0.0,true,false,,2015-11-18,auto,auto,https://docs.tibco.com/pub/bwpluginsap/tibco-activematrix-businessworks-plug-in-for-sap-8-0-0_documentation.zip,auto,false,tibco,integration,,,,,
tibco-activematrix-businessworks-plug-in-for-sap-solutions,7.3.2,false,true,,2024-05-21,auto,auto,https://docs.tibco.com/pub/adr3/7.3.2/doc/zip/tib_adr3_7.3.2_doc.zip,auto,false,tibco,integration,,,,,
tibco-activematrix-businessworks-plug-in-for-sap-solutions,7.3.1,false,true,,1652832000000,auto,auto,https://docs.tibco.com/pub/adr3/7.3.1/doc/zip/tib_adr3_7.3.1_doc.zip,auto,false,tibco,integration,,,,,
tibco-activematrix-businessworks-plug-in-for-sap-solutions,7.3.0,false,true,,1634774400000,auto,auto,https://docs.tibco.com/pub/adr3/7.3.0/doc/zip/tib_adr3_7.3.0_doc.zip,auto,false,tibco,integration,,,,,
tibco-activematrix-businessworks-plug-in-for-sap-solutions,7.2.1,false,true,,2021-04-30,auto,auto,https://docs.tibco.com/pub/adr3/7.2.1/doc/zip/tib_adr3_7.2.1_doc.zip,auto,false,tibco,integration,,,,,
tibco-activematrix-businessworks-plug-in-for-sap-solutions,7.2.0,false,true,,2016-02-24,auto,auto,https://docs.tibco.com/pub/adr3/7.2.0/doc/zip/tib_adr3_7.2.0_doc.zip,auto,false,tibco,integration,,,,,
tibco-activematrix-businessworks-plug-in-for-sap-solutions,7.1.0,true,false,,2021-12-17,auto,auto,https://docs.tibco.com/pub/adr3/tibco-activematrix-adapter-for-sap-7-1-0_documentation.zip,auto,false,tibco,integration,,,,,
tibco-activematrix-businessworks-plug-in-for-sap-solutions,7.0.0,true,false,,2021-12-17,auto,auto,https://docs.tibco.com/pub/activematrix-adapter-for-sap/tibco-activematrix-adapter-for-sap-7-0-0_documentation.zip,auto,false,tibco,integration,,,,,
tibco-activematrix-businessworks-plug-in-for-sap-solutions,6.2.1,true,false,,2021-12-17,auto,auto,https://docs.tibco.com/pub/activematrix-adapter-for-sap/tibco-activematrix-adapter-for-sap-6-2-1_documentation.zip,auto,false,tibco,integration,,,,,
tibco-activematrix-businessworks-plug-in-for-sap-solutions,6.2.0,true,false,,2021-12-17,auto,auto,https://docs.tibco.com/pub/activematrix-adapter-for-sap/tibco-activematrix-adapter-for-sap-6-2-0_documentation.zip,auto,false,tibco,integration,,,,,
tibco-activematrix-businessworks-plug-in-for-sap-solutions,6.1.0,true,false,,2021-12-17,auto,auto,https://docs.tibco.com/pub/activematrix-adapter-for-sap/tibco-activematrix-adapter-for-sap-6-1-0_documentation.zip,auto,false,tibco,integration,,,,,
tibco-activematrix-businessworks-plug-in-for-sap-solutions,6.0.0,true,false,,2021-12-17,auto,auto,https://docs.tibco.com/pub/activematrix-adapter-for-sap/tibco-activematrix-adapter-for-sap-6-0-0_documentation.zip,auto,false,tibco,integration,,,,,
tibco-activematrix-businessworks-plug-in-for-sap-successfactors,6.1.0,false,true,,2022-11-02,auto,auto,https://docs.tibco.com/pub/bwpluginsapsuccessfactors/6.1.0/doc/zip/tib_bwpluginsapsuccessfactors_6.1.0_doc.zip,auto,false,tibco,integration,,,,,
tibco-activematrix-businessworks-plug-in-for-sap-successfactors,6.0.0,false,true,,2019-10-11,auto,auto,https://docs.tibco.com/pub/bwpluginsapsuccessfactors/6.0.0/doc/zip/tib_bwpluginsapsuccessfactors_6.0.0_doc.zip,auto,false,tibco,integration,,,,,
tibco-activematrix-businessworks-plug-in-for-servicenow,6.1.0,false,true,,2019-07-12,auto,auto,https://docs.tibco.com/pub/bwpluginservicenow/6.1.0/doc/zip/tib_bwpluginservicenow_6.1.0_doc.zip,auto,false,tibco,integration,,,,,
tibco-activematrix-businessworks-plug-in-for-servicenow,6.0.0,false,true,,,auto,auto,https://docs.tibco.com/pub/bwpluginservicenow/6.0.0/doc/zip/tib_bwpluginservicenow_6.0.0_doc.zip,auto,false,tibco,integration,,,,,
tibco-activematrix-businessworks-plug-in-for-sftp,6.2.0,false,true,,2024-01-23,auto,auto,https://docs.tibco.com/pub/bwsp/6.2.0/doc/zip/tib_bwsp_6.2.0_doc.zip,auto,false,tibco,integration,,,,,
tibco-activematrix-businessworks-plug-in-for-sftp,6.1.4,false,true,,2022-03-23,auto,auto,https://docs.tibco.com/pub/bwsp/6.1.4/doc/zip/tib_bwsp_6.1.4_doc.zip,auto,false,tibco,integration,,,,,
tibco-activematrix-businessworks-plug-in-for-sftp,6.1.3,true,false,,2019-05-18,auto,auto,https://docs.tibco.com/pub/bwsp/tibco-activematrix-businessworks-plug-in-for-sftp-6-1-3_documentation.zip,auto,false,tibco,integration,,,,,
tibco-activematrix-businessworks-plug-in-for-sftp,6.1.2,true,false,,2018-08-29,auto,auto,https://docs.tibco.com/pub/bwsp/tibco-activematrix-businessworks-plug-in-for-sftp-6-1-2_documentation.zip,auto,false,tibco,integration,,,,,
tibco-activematrix-businessworks-plug-in-for-sftp,6.1.1,true,false,,2016-08-19,auto,auto,https://docs.tibco.com/pub/bwsp/tibco-activematrix-businessworks-plug-in-for-sftp-6-1-1_documentation.zip,auto,false,tibco,integration,,,,,
tibco-activematrix-businessworks-plug-in-for-sftp,6.1.0,true,false,,2016-02-10,auto,auto,https://docs.tibco.com/pub/bwsp/tibco-activematrix-businessworks-plug-in-for-sftp-6-1-0_documentation.zip,auto,false,tibco,integration,,,,,
tibco-activematrix-businessworks-plug-in-for-sftp,6.0.0,true,false,,2014-11-22,auto,auto,https://docs.tibco.com/pub/bwsp/tibco-activematrix-businessworks-plug-in-for-sftp-6-0-0_documentation.zip,auto,false,tibco,integration,,,,,
tibco-activematrix-businessworks-plug-in-for-sftp,1.1.1,false,true,,2024-01-11,auto,auto,https://docs.tibco.com/pub/bwsp/1.1.1/doc/zip/tib_bwsp_1.1.1_doc.zip,auto,false,tibco,integration,,,,,
tibco-activematrix-businessworks-plug-in-for-sftp,1.1.0,false,true,,2015-02-09,auto,auto,https://docs.tibco.com/pub/bwsp/1.1.0/doc/zip/tib_bwsp_1.1.0_doc.zip,auto,false,tibco,integration,,,,,
tibco-activematrix-businessworks-plug-in-for-sftp,1.0.0,true,false,,2013-07-30,auto,auto,https://docs.tibco.com/pub/activematrix_businessworks_plug-in for sFTP/tibco-activematrix-businessworks-plug-in-for-sftp-1-0-0_documentation.zip,auto,false,tibco,integration,,,,,
tibco-activematrix-businessworks-plug-in-for-siebel,7.3.0,false,true,,2022-03-30,auto,auto,https://docs.tibco.com/pub/bwpluginsiebel/7.3.0/doc/zip/tib_bwpluginsiebel_7.3.0_doc.zip,auto,false,tibco,integration,,,,,
tibco-activematrix-businessworks-plug-in-for-siebel,7.2.0,false,true,,2021-10-13,auto,auto,https://docs.tibco.com/pub/bwpluginsiebel/7.2.0/doc/zip/tib_bwpluginsiebel_7.2.0_doc.zip,auto,false,tibco,integration,,,,,
tibco-activematrix-businessworks-plug-in-for-siebel,7.1.0,true,false,,2020-01-27,auto,auto,https://docs.tibco.com/pub/bwpluginsiebel/tibco-activematrix-businessworks-plug-in-for-siebel-7-1-0_documentation.zip,auto,false,tibco,integration,,,,,
tibco-activematrix-businessworks-plug-in-for-siebel,7.0.0,true,false,,2018-06-12,auto,auto,https://docs.tibco.com/pub/bwpluginsiebel/tibco-activematrix-businessworks-plug-in-for-siebel-7-0-0_documentation.zip,auto,false,tibco,integration,,,,,
tibco-activematrix-businessworks-plug-in-for-siebel,6.1.0,false,true,,2020-09-07,auto,auto,https://docs.tibco.com/pub/bwpluginsiebel/6.1.0/doc/zip/tib_bwpluginsiebel_6.1.0_doc.zip,auto,false,tibco,integration,,,,,
tibco-activematrix-businessworks-plug-in-for-siebel,6.0.1,false,true,,2011-07-05,auto,auto,https://docs.tibco.com/pub/activematrix-adapter-for-siebel/6.0.1-march-2011/doc/zip/tib_activematrix-adapter-for-siebel_6.0.1-march-2011_doc.zip,auto,false,tibco,integration,,,,,
tibco-activematrix-businessworks-plug-in-for-siebel,6.0.0,false,true,,2010-04-01,auto,auto,https://docs.tibco.com/pub/activematrix-adapter-for-siebel/6.0.0_april_2010/doc/zip/tib_activematrix-adapter-for-siebel_6.0.0_april_2010_doc.zip,auto,false,tibco,integration,,,,,
tibco-activematrix-businessworks-plug-in-for-siebel,5.3.2,false,true,,1309986409000,auto,auto,https://docs.tibco.com/pub/adapter-for-siebel/5.3.2-june-2011/doc/zip/tib_adapter-for-siebel_5.3.2-june-2011_doc.zip,auto,false,tibco,integration,,,,,
tibco-activematrix-businessworks-plug-in-for-smartmapper,7.1.3,false,true,,2023-03-13,auto,auto,https://docs.tibco.com/pub/adsmartmapper/7.1.3/doc/zip/tib_adsmartmapper_7.1.3_doc.zip,auto,false,tibco,integration,,,,,
tibco-activematrix-businessworks-plug-in-for-smartmapper,7.1.2,false,true,,1581897600000,auto,auto,https://docs.tibco.com/pub/adsmartmapper/7.1.2/doc/zip/tib_adsmartmapper_7.1.2_doc.zip,auto,false,tibco,integration,,,,,
tibco-activematrix-businessworks-plug-in-for-smartmapper,7.1.1,true,false,,1510876800000,auto,auto,https://docs.tibco.com/pub/adsmartmapper/tibco-activematrix-businessworks-plug-in-for-smartmapper-7-1-1_documentation.zip,auto,false,tibco,integration,,,,,
tibco-activematrix-businessworks-plug-in-for-smartmapper,7.1.0,true,false,,2016-05-13,auto,auto,https://docs.tibco.com/pub/adsmartmapper/tibco-activematrix-businessworks-plug-in-for-smartmapper-7-1-0_documentation.zip,auto,false,tibco,integration,,,,,
tibco-activematrix-businessworks-plug-in-for-smartmapper,7.0.1,true,false,,2014-11-18,auto,auto,https://docs.tibco.com/pub/adsmartmapper/tibco-activematrix-businessworks-plug-in-for-smartmapper-7-0-1_documentation.zip,auto,false,tibco,integration,,,,,
tibco-activematrix-businessworks-plug-in-for-smartmapper,7.0.0,true,false,,2014-08-28,auto,auto,https://docs.tibco.com/pub/activematrix-businessworks-smartmapper-plugin/tibco-activematrix-businessworks-plug-in-for-smartmapper-7-0-0_documentation.zip,auto,false,tibco,integration,,,,,
tibco-activematrix-businessworks-plug-in-for-smartmapper,6.0.0,false,true,,1538006400000,auto,auto,https://docs.tibco.com/pub/adsmartmapper/6.0.0/doc/zip/tib_adsmartmapper_6.0.0_doc.zip,auto,false,tibco,integration,,,,,
tibco-activematrix-businessworks-plug-in-for-smpp,6.0.3,true,false,,1673222400000,auto,auto,https://docs.tibco.com/pub/bwsmpp/tibco-activematrix-businessworks-plug-in-for-smpp-6-0-3_documentation.zip,auto,false,tibco,integration,,,,,
tibco-activematrix-businessworks-plug-in-for-smpp,6.0.2,true,false,,2020-03-06,auto,auto,https://docs.tibco.com/pub/bwsmpp/tibco-activematrix-businessworks-plug-in-for-smpp-6-0-2_documentation.zip,auto,false,tibco,integration,,,,,
tibco-activematrix-businessworks-plug-in-for-smpp,6.0.1,true,false,,2019-09-30,auto,auto,https://docs.tibco.com/pub/bwsmpp/tibco-activematrix-businessworks-plug-in-for-smpp-6-0-1_documentation.zip,auto,false,tibco,integration,,,,,
tibco-activematrix-businessworks-plug-in-for-smpp,6.0.0,true,false,,1547596800000,auto,auto,https://docs.tibco.com/pub/bwsmpp/tibco-activematrix-businessworks-plug-in-for-smpp-6-0-0_documentation.zip,auto,false,tibco,integration,,,,,
tibco-activematrix-businessworks-plug-in-for-snowflake,6.3.1,false,true,,2025-09-17,auto,auto,https://docs.tibco.com/pub/bwpluginsnowflake/6.3.1/doc/zip/tib_bwpluginsnowflake_6.3.1_doc.zip,auto,false,tibco,integration,,,,,
tibco-activematrix-businessworks-plug-in-for-snowflake,6.3.0,false,true,,1711670400000,auto,auto,https://docs.tibco.com/pub/bwpluginsnowflake/6.3.0/doc/zip/tib_bwpluginsnowflake_6.3.0_doc.zip,auto,false,tibco,integration,,,,,
tibco-activematrix-businessworks-plug-in-for-snowflake,6.2.0,true,false,,2022-05-11,auto,auto,https://docs.tibco.com/pub/bwpluginsnowflake/tibco-activematrix-businessworks-plug-in-for-snowflake-6-2-0_documentation.zip,auto,false,tibco,integration,,,,,
tibco-activematrix-businessworks-plug-in-for-snowflake,6.1.0,true,false,,2021-07-05,auto,auto,https://docs.tibco.com/pub/bwpluginsnowflake/tibco-activematrix-businessworks-plug-in-for-snowflake-6-1-0_documentation.zip,auto,false,tibco,integration,,,,,
tibco-activematrix-businessworks-plug-in-for-snowflake,6.0.1,true,false,,2021-02-18,auto,auto,https://docs.tibco.com/pub/bwpluginsnowflake/tibco-activematrix-businessworks-plug-in-for-snowflake-6-0-1_documentation.zip,auto,false,tibco,integration,,,,,
tibco-activematrix-businessworks-plug-in-for-snowflake,6.0.0,true,false,,2020-05-21,auto,auto,https://docs.tibco.com/pub/bwpluginsnowflake/tibco-activematrix-businessworks-plug-in-for-snowflake-6-0-0_documentation.zip,auto,false,tibco,integration,,,,,
tibco-activematrix-businessworks-plug-in-for-swift,6.11.0,false,true,,2025-10-28,auto,auto,https://docs.tibco.com/pub/bwpluginswift/6.11.0/doc/zip/tib_bwpluginswift_6.11.0_doc.zip,auto,false,tibco,integration,,,,,
tibco-activematrix-businessworks-plug-in-for-swift,6.10.0,false,true,,2024-08-19,auto,auto,https://docs.tibco.com/pub/bwpluginswift/6.10.0/doc/zip/tib_bwpluginswift_6.10.0_doc.zip,auto,false,tibco,integration,,,,,
tibco-activematrix-businessworks-plug-in-for-swift,6.9.0,false,true,,2023-06-28,auto,auto,https://docs.tibco.com/pub/bwpluginswift/6.9.0/doc/zip/tib_bwpluginswift_6.9.0_doc.zip,auto,false,tibco,integration,,,,,
tibco-activematrix-businessworks-plug-in-for-swift,6.8.0,false,true,,2022-08-23,auto,auto,https://docs.tibco.com/pub/bwpluginswift/6.8.0/doc/zip/tib_bwpluginswift_6.8.0_doc.zip,auto,false,tibco,integration,,,,,
tibco-activematrix-businessworks-plug-in-for-swift,6.7.0,true,false,,1626825600000,auto,auto,https://docs.tibco.com/pub/bwpluginswift/tibco-activematrix-businessworks-plug-in-for-swift-6-7-0_documentation.zip,auto,false,tibco,integration,,,,,
tibco-activematrix-businessworks-plug-in-for-swift,6.6.0,true,false,,1594944000000,auto,auto,https://docs.tibco.com/pub/bwpluginswift/tibco-activematrix-businessworks-plug-in-for-swift-6-6-0_documentation.zip,auto,false,tibco,integration,,,,,
tibco-activematrix-businessworks-plug-in-for-swift,6.5.0,true,false,,2019-07-08,auto,auto,https://docs.tibco.com/pub/bwpluginswift/tibco-activematrix-businessworks-plug-in-for-swift-6-5-0_documentation.zip,auto,false,tibco,integration,,,,,
tibco-activematrix-businessworks-plug-in-for-swift,6.4.0,true,false,,1531785600000,auto,auto,https://docs.tibco.com/pub/bwpluginswift/tibco-activematrix-businessworks-plug-in-for-swift-6-4-0_documentation.zip,auto,false,tibco,integration,,,,,
tibco-activematrix-businessworks-plug-in-for-swift,6.3.0,true,false,,2018-07-02,auto,auto,https://docs.tibco.com/pub/bwpluginswift/tibco-activematrix-businessworks-plug-in-for-swift-6-3-0_documentation.zip,auto,false,tibco,integration,,,,,
tibco-activematrix-businessworks-plug-in-for-swift,6.2.0,true,false,,2017-06-15,auto,auto,https://docs.tibco.com/pub/bwpluginswift/tibco-activematrix-businessworks-plug-in-for-swift-6-2-0_documentation.zip,auto,false,tibco,integration,,,,,
tibco-activematrix-businessworks-plug-in-for-swift,6.1.0,true,false,,2017-06-15,auto,auto,https://docs.tibco.com/pub/bwpluginswift/tibco-activematrix-businessworks-plug-in-for-swift-6-1-0_documentation.zip,auto,false,tibco,integration,,,,,
tibco-activematrix-businessworks-plug-in-for-swift,6.0.0,true,false,,2017-06-15,auto,auto,https://docs.tibco.com/pub/bwpluginswift/tibco-activematrix-businessworks-plug-in-for-swift-6-0-0_documentation.zip,auto,false,tibco,integration,,,,,
tibco-activematrix-businessworks-plug-in-for-swift,5.25.0,false,true,,1782691200000,auto,auto,https://docs.tibco.com/pub/adswift/5.25.0/doc/zip/tib_adswift_5.25.0_doc.zip,auto,false,tibco,integration,,,,,
tibco-activematrix-businessworks-plug-in-for-swift,5.24.0,false,true,,2025-07-24,auto,auto,https://docs.tibco.com/pub/adswift/5.24.0/doc/zip/tib_adswift_5.24.0_doc.zip,auto,false,tibco,integration,,,,,
tibco-activematrix-businessworks-plug-in-for-swift,5.23.0,false,true,,2024-06-25,auto,auto,https://docs.tibco.com/pub/adswift/5.23.0/doc/zip/tib_adswift_5.23.0_doc.zip,auto,false,tibco,integration,,,,,
tibco-activematrix-businessworks-plug-in-for-swift,5.22.0,false,true,,2023-04-18,auto,auto,https://docs.tibco.com/pub/adswift/5.22.0/doc/zip/tib_adswift_5.22.0_doc.zip,auto,false,tibco,integration,,,,,
tibco-activematrix-businessworks-plug-in-for-swift,5.21.0,true,false,,2022-04-26,auto,auto,https://docs.tibco.com/pub/adswift/tibco-activematrix-businessworks-plug-in-for-swift-5-21-0_documentation.zip,auto,false,tibco,integration,,,,,
tibco-activematrix-businessworks-plug-in-for-swift,5.20.0,true,false,,1623888000000,auto,auto,https://docs.tibco.com/pub/adswift/tibco-activematrix-businessworks-plug-in-for-swift-5-20-0_documentation.zip,auto,false,tibco,integration,,,,,
tibco-activematrix-businessworks-plug-in-for-swift,5.19.0,true,false,,2020-07-02,auto,auto,https://docs.tibco.com/pub/adswift/tibco-activematrix-businessworks-plug-in-for-swift-5-19-0_documentation.zip,auto,false,tibco,integration,,,,,
tibco-activematrix-businessworks-plug-in-for-swift,5.18.0,true,false,,2019-06-04,auto,auto,https://docs.tibco.com/pub/adswift/tibco-activematrix-businessworks-plug-in-for-swift-5-18-0_documentation.zip,auto,false,tibco,integration,,,,,
tibco-activematrix-businessworks-plug-in-for-swift,5.17.0,true,false,,1530144000000,auto,auto,https://docs.tibco.com/pub/adswift/tibco-activematrix-businessworks-plug-in-for-swift-5-17-0_documentation.zip,auto,false,tibco,integration,,,,,
tibco-activematrix-businessworks-plug-in-for-swift,5.16.0,true,false,,2017-06-13,auto,auto,https://docs.tibco.com/pub/adswift/tibco-activematrix-businessworks-plug-in-for-swift-5-16-0_documentation.zip,auto,false,tibco,integration,,,,,
tibco-activematrix-businessworks-plug-in-for-swift,5.15.0,true,false,,2016-06-24,auto,auto,https://docs.tibco.com/pub/adswift/tibco-activematrix-businessworks-plug-in-for-swift-5-15-0_documentation.zip,auto,false,tibco,integration,,,,,
tibco-activematrix-businessworks-plug-in-for-swift,5.14.0,true,false,,2015-07-29,auto,auto,https://docs.tibco.com/pub/adswift/tibco-activematrix-businessworks-plug-in-for-swift-5-14-0_documentation.zip,auto,false,tibco,integration,,,,,
tibco-activematrix-businessworks-plug-in-for-swift,5.13.0,true,false,,2014-11-22,auto,auto,https://docs.tibco.com/pub/adswift/tibco-activematrix-businessworks-plug-in-for-swift-5-13-0_documentation.zip,auto,false,tibco,integration,,,,,
tibco-activematrix-businessworks-plug-in-for-swift,5.12.0,true,false,,2014-09-10,auto,auto,https://docs.tibco.com/pub/adswift/tibco-activematrix-businessworks-plug-in-for-swift-5-12-0_documentation.zip,auto,false,tibco,integration,,,,,
tibco-activematrix-businessworks-plug-in-for-swift,5.11.0,false,true,,2013-08-27,auto,auto,https://docs.tibco.com/pub/adapter-for-swift/5.11.0_august_2013/doc/zip/tib_adapter-for-swift_5.11.0_august_2013_doc.zip,auto,false,tibco,integration,,,,,
tibco-activematrix-businessworks-plug-in-for-swift,5.10.0,false,true,,2012-08-24,auto,auto,https://docs.tibco.com/pub/adapter-for-swift/5.10.0-august-2012/doc/zip/tib_adapter-for-swift_5.10.0-august-2012_doc.zip,auto,false,tibco,integration,,,,,
tibco-activematrix-businessworks-plug-in-for-tibco-auditsafe,6.4.2,false,true,,2025-08-29,auto,auto,https://docs.tibco.com/pub/bwpluginauditsafe/6.4.2/doc/zip/tib_bwpluginauditsafe_6.4.2_doc.zip,auto,false,tibco,integration,,,,,
tibco-activematrix-businessworks-plug-in-for-tibco-auditsafe,6.4.1,false,true,,2024-07-15,auto,auto,https://docs.tibco.com/pub/bwpluginauditsafe/6.4.1/doc/zip/tib_bwpluginauditsafe_6.4.1_doc.zip,auto,false,tibco,integration,,,,,
tibco-activematrix-businessworks-plug-in-for-tibco-auditsafe,6.4.0,false,true,,2023-11-09,auto,auto,https://docs.tibco.com/pub/bwpluginauditsafe/6.4.0/doc/zip/tib_bwpluginauditsafe_6.4.0_doc.zip,auto,false,tibco,integration,,,,,
tibco-activematrix-businessworks-plug-in-for-tibco-auditsafe,6.3.2,false,true,,2023-02-20,auto,auto,https://docs.tibco.com/pub/bwpluginauditsafe/6.3.2/doc/zip/tib_bwpluginauditsafe_6.3.2_doc.zip,auto,false,tibco,integration,,,,,
tibco-activematrix-businessworks-plug-in-for-tibco-auditsafe,6.3.1,false,true,,2021-10-06,auto,auto,https://docs.tibco.com/pub/bwpluginauditsafe/6.3.1/doc/zip/tib_bwpluginauditsafe_6.3.1_doc.zip,auto,false,tibco,integration,,,,,
tibco-activematrix-businessworks-plug-in-for-tibco-auditsafe,6.3.0,false,true,,2021-01-13,auto,auto,https://docs.tibco.com/pub/bwpluginauditsafe/6.3.0/doc/zip/tib_bwpluginauditsafe_6.3.0_doc.zip,auto,false,tibco,integration,,,,,
tibco-activematrix-businessworks-plug-in-for-tibco-auditsafe,6.2.0,false,true,,2020-06-18,auto,auto,https://docs.tibco.com/pub/bwpluginauditsafe/6.2.0/doc/zip/tib_bwpluginauditsafe_6.2.0_doc.zip,auto,false,tibco,integration,,,,,
tibco-activematrix-businessworks-plug-in-for-tibco-auditsafe,6.1.0,false,true,,2019-03-14,auto,auto,https://docs.tibco.com/pub/bwpluginauditsafe/6.1.0/doc/zip/tib_bwpluginauditsafe_6.1.0_doc.zip,auto,false,tibco,integration,,,,,
tibco-activematrix-businessworks-plug-in-for-tibco-auditsafe,6.0.0,true,false,,2018-11-13,auto,auto,https://docs.tibco.com/pub/bwpluginauditsafe/tibco-activematrix-businessworks-plug-in-for-tibco-cloud-auditsafe-6-0-0_documentation.zip,auto,false,tibco,integration,,,,,
tibco-activematrix-businessworks-plug-in-for-tibco-clarity,6.1.1,true,false,,2022-03-05,auto,auto,https://docs.tibco.com/pub/bwpluginclarity/tibco-activematrix-businessworks-plug-in-for-tibco-clarity-6-1-1_documentation.zip,auto,false,tibco,integration,,,,,
tibco-activematrix-businessworks-plug-in-for-tibco-clarity,6.1.0,true,false,,1539129600000,auto,auto,https://docs.tibco.com/pub/bwpluginclarity/tibco-activematrix-businessworks-plug-in-for-tibco-clarity-6-1-0_documentation.zip,auto,false,tibco,integration,,,,,
tibco-activematrix-businessworks-plug-in-for-tibco-clarity,6.0.0,true,false,,2018-01-16,auto,auto,https://docs.tibco.com/pub/bwpluginclarity/tibco-activematrix-businessworks-plug-in-for-tibco-clarity-6-0-0_documentation.zip,auto,false,tibco,integration,,,,,
tibco-activematrix-businessworks-plug-in-for-tibco-managed-file-transfer,6.3.1,false,true,,1653868800000,auto,auto,https://docs.tibco.com/pub/bwpluginmft/6.3.1/doc/zip/tib_bwpluginmft_6.3.1_doc.zip,auto,false,tibco,integration,,,,,
tibco-activematrix-businessworks-plug-in-for-tibco-managed-file-transfer,6.3.0,false,true,,2016-01-28,auto,auto,https://docs.tibco.com/pub/activematrix-businessworks-plugin-for-managed-file-transfer/6.3.0/doc/zip/tib_activematrix-businessworks-plugin-for-managed-file-transfer_6.3.0_doc.zip,auto,false,tibco,integration,,,,,
tibco-activematrix-businessworks-plug-in-for-tibco-managed-file-transfer,6.0.1,false,true,,2015-11-10,auto,auto,https://docs.tibco.com/pub/activematrix-businessworks-plugin-for-managed-file-transfer/6.0.1/doc/zip/tib_activematrix-businessworks-plugin-for-managed-file-transfer_6.0.1_doc.zip,auto,false,tibco,integration,,,,,
tibco-activematrix-businessworks-plug-in-for-tibco-managed-file-transfer,6.0.0,false,true,,2014-11-18,auto,auto,https://docs.tibco.com/pub/activematrix-businessworks-plugin-for-managed-file-transfer/6.0.0/doc/zip/tib_activematrix-businessworks-plugin-for-managed-file-transfer_6.0.0_doc.zip,auto,false,tibco,integration,,,,,
tibco-activematrix-businessworks-plug-in-for-tibco-managed-file-transfer,1.0.0,false,true,,2012-06-11,auto,auto,https://docs.tibco.com/pub/businessworks-mft-plugin/1.0.0-may-2012/doc/zip/tib_businessworks-mft-plugin_1.0.0-may-2012_doc.zip,auto,false,tibco,integration,,,,,
tibco-activematrix-businessworks-plug-in-for-tibco-patterns,6.2.0,false,true,,1774310400000,auto,auto,https://docs.tibco.com/pub/bwpluginpatterns/6.2.0/doc/zip/tib_bwpluginpatterns_6.2.0_doc.zip,auto,false,tibco,integration,,,,,
tibco-activematrix-businessworks-plug-in-for-tibco-patterns,6.1.2,false,true,,1717718400000,auto,auto,https://docs.tibco.com/pub/bwpluginpatterns/6.1.2/doc/zip/tib_bwpluginpatterns_6.1.2_doc.zip,auto,false,tibco,integration,,,,,
tibco-activematrix-businessworks-plug-in-for-tibco-patterns,6.1.0,false,true,,2023-04-14,auto,auto,https://docs.tibco.com/pub/bwpluginpatterns/6.1.0/doc/zip/tib_bwpluginpatterns_6.1.0_doc.zip,auto,false,tibco,integration,,,,,
tibco-activematrix-businessworks-plug-in-for-tibco-patterns,6.0.0,false,true,,2022-12-05,auto,auto,https://docs.tibco.com/pub/bwpluginpatterns/6.0.0/doc/zip/tib_bwpluginpatterns_6.0.0_doc.zip,auto,false,tibco,integration,,,,,
tibco-activematrix-businessworks-plug-in-for-tibco-patterns,5.7.0,false,true,,2021-09-16,auto,auto,https://docs.tibco.com/pub/bwpluginpatterns/5.7.0/doc/zip/tib_bwpluginpatterns_5.7.0_doc.zip,auto,false,tibco,integration,,,,,
tibco-activematrix-businessworks-plug-in-for-tibco-patterns,5.6.1,false,true,,2021-07-22,auto,auto,https://docs.tibco.com/pub/bwpluginpatterns/5.6.1/doc/zip/tib_bwpluginpatterns_5.6.1_doc.zip,auto,false,tibco,integration,,,,,
tibco-activematrix-businessworks-plug-in-for-tibco-patterns,5.6.0,true,false,,2020-07-08,auto,auto,https://docs.tibco.com/pub/bwpluginpatterns/tibco-activematrix-businessworks-plug-in-for-patterns-search-5-6-0_documentation.zip,auto,false,tibco,integration,,,,,
tibco-activematrix-businessworks-plug-in-for-tibco-patterns,5.5.0,true,false,,1545091200000,auto,auto,https://docs.tibco.com/pub/bwpluginpatterns/tibco-activematrix-businessworks-plug-in-for-patterns-search-5-5-0_documentation.zip,auto,false,tibco,integration,,,,,
tibco-activematrix-businessworks-plug-in-for-tibco-patterns,5.4.0,false,true,,2017-03-08,auto,auto,https://docs.tibco.com/pub/bwpluginpatterns/5.4.0/doc/zip/tib_bwpluginpatterns_5.4.0_doc.zip,auto,false,tibco,integration,,,,,
tibco-activematrix-businessworks-plug-in-for-tibco-patterns,2.1.2,false,true,,2024-06-06,auto,auto,https://docs.tibco.com/pub/bwpluginpatterns/2.1.2/doc/zip/tib_bwpluginpatterns_2.1.2_doc.zip,auto,false,tibco,integration,,,,,
tibco-activematrix-businessworks-plug-in-for-tibco-patterns,2.1.0,false,true,,2023-04-07,auto,auto,https://docs.tibco.com/pub/bwpluginpatterns/2.1.0/doc/zip/tib_bwpluginpatterns_2.1.0_doc.zip,auto,false,tibco,integration,,,,,
tibco-activematrix-businessworks-plug-in-for-tibco-patterns,2.0.0,false,true,,2022-12-05,auto,auto,https://docs.tibco.com/pub/bwpluginpatterns/2.0.0/doc/zip/tib_bwpluginpatterns_2.0.0_doc.zip,auto,false,tibco,integration,,,,,
tibco-activematrix-businessworks-plug-in-for-tibco-patterns,1.5.0,false,true,,2021-09-16,auto,auto,https://docs.tibco.com/pub/bwpluginpatterns/1.5.0/doc/zip/tib_bwpluginpatterns_1.5.0_doc.zip,auto,false,tibco,integration,,,,,
tibco-activematrix-businessworks-plug-in-for-tibco-patterns,1.4.0,true,false,,2020-07-21,auto,auto,https://docs.tibco.com/pub/bwpluginpatterns/tibco-activematrix-businessworks-plug-in-for-patterns-search-1-4-0_documentation.zip,auto,false,tibco,integration,,,,,
tibco-activematrix-businessworks-plug-in-for-tibco-patterns,1.3.0,true,false,,1578614400000,auto,auto,https://docs.tibco.com/pub/bwpluginpatterns/tibco-activematrix-businessworks-plug-in-for-patterns-search-1-3-0_documentation.zip,auto,false,tibco,integration,,,,,
tibco-activematrix-businessworks-plug-in-for-tibco-patterns,1.2.0,false,true,,2016-05-11,auto,auto,https://docs.tibco.com/pub/bwpluginpatterns/1.2.0/doc/zip/tib_bwpluginpatterns_1.2.0_doc.zip,auto,false,tibco,integration,,,,,
tibco-activematrix-businessworks-plug-in-for-tibco-patterns,1.1.0,false,true,,2014-12-01,auto,auto,https://docs.tibco.com/pub/activematrix_businessworks_plugin_for_patterns/1.1.0/doc/zip/tib_activematrix_businessworks_plugin_for_patterns_1.1.0_doc.zip,auto,false,tibco,integration,,,,,
tibco-activematrix-businessworks-plug-in-for-tibco-patterns,1.0.0,false,true,,2013-07-02,auto,auto,https://docs.tibco.com/pub/activematrix_businessworks_plugin_for_patterns/1.0.0_June_2013/doc/zip/tib_activematrix_businessworks_plugin_for_patterns_1.0.0_June_2013_doc.zip,auto,false,tibco,integration,,,,,
tibco-activematrix-businessworks-plug-in-for-transaction-insight,6.0.1,false,true,,2022-08-22,auto,auto,https://docs.tibco.com/pub/bwpluginti/6.0.1/doc/zip/tib_bwpluginti_6.0.1_doc.zip,auto,false,tibco,integration,,,,,
tibco-activematrix-businessworks-plug-in-for-transaction-insight,6.0.0,false,true,,1585094400000,auto,auto,https://docs.tibco.com/pub/bwpluginti/6.0.0/doc/zip/tib_bwpluginti_6.0.0_doc.zip,auto,false,tibco,integration,,,,,
tibco-activematrix-businessworks-plug-in-for-trillium,6.0.0,false,true,,1420416000000,auto,auto,https://docs.tibco.com/pub/bwplugintrillium/6.0.0/doc/zip/tib_bwplugintrillium_6.0.0_doc.zip,auto,false,tibco,integration,,,,,
tibco-activematrix-businessworks-plug-in-for-twitter,6.1.2,true,false,,1647302400000,auto,auto,https://docs.tibco.com/pub/bwplugintwitter/tibco-activematrix-businessworks-plug-in-for-twitter-6-1-2_documentation.zip,auto,false,tibco,integration,,,,,
tibco-activematrix-businessworks-plug-in-for-twitter,6.1.1,true,false,,2019-05-09,auto,auto,https://docs.tibco.com/pub/bwplugintwitter/tibco-activematrix-businessworks-plug-in-for-twitter-6-1-1_documentation.zip,auto,false,tibco,integration,,,,,
tibco-activematrix-businessworks-plug-in-for-twitter,6.1.0,false,true,,2016-05-13,auto,auto,https://docs.tibco.com/pub/activematrix_businessworks_plugin_for_twitter/6.1.0/doc/zip/tib_activematrix_businessworks_plugin_for_twitter_6.1.0_doc.zip,auto,false,tibco,integration,,,,,
tibco-activematrix-businessworks-plug-in-for-twitter,6.0.1,true,false,,2014-11-18,auto,auto,https://docs.tibco.com/pub/activematrix_businessworks_plugin_for_twitter/tibco-activematrix-businessworks-plug-in-for-twitter-6-0-1_documentation.zip,auto,false,tibco,integration,,,,,
tibco-activematrix-businessworks-plug-in-for-twitter,6.0.0,true,false,,2014-05-30,auto,auto,https://docs.tibco.com/pub/activematrix_businessworks_plugin_for_twitter/tibco-activematrix-businessworks-plug-in-for-twitter-6-0-0_documentation.zip,auto,false,tibco,integration,,,,,
tibco-activematrix-businessworks-plug-in-for-twitter,1.0.0,true,false,,2013-03-07,auto,auto,https://docs.tibco.com/pub/activematrix_businessworks_plugin_for_twitter/1.0.0_Feb_2013/tibco-activematrix-businessworks-plug-in-for-twitter-1-0-0_documentation.zip,auto,false,tibco,integration,,,,,
tibco-activematrix-businessworks-plug-in-for-workday,6.0.1,false,true,,1464033379000,auto,auto,https://docs.tibco.com/pub/bwpluginworkday/6.0.1/doc/zip/tib_bwpluginworkday_6.0.1_doc.zip,auto,false,tibco,integration,,,,,
tibco-activematrix-businessworks-plug-in-for-workday,6.0.0,false,true,,2016-02-18,auto,auto,https://docs.tibco.com/pub/bwpluginworkday/6.0.0/doc/zip/tib_bwpluginworkday_6.0.0_doc.zip,auto,false,tibco,integration,,,,,
tibco-activematrix-businessworks-plug-in-for-workday,1.0.0,false,true,,2014-08-27,auto,auto,https://docs.tibco.com/pub/bwpluginworkday/1.0.0/doc/zip/tib_bwpluginworkday_1.0.0_doc.zip,auto,false,tibco,integration,,,,,
tibco-activematrix-businessworks-service-engine-plug-in-for-oracle-e-business-suite,1.1,true,false,,2011-10-11,auto,auto,https://docs.tibco.com/pub/activematrix-businessworks-service-engine-plugin-for-oracle-e-business-suite/tibco-activematrix-businessworks-service-engine-plug-in-for-oracle-e-business-suite-1-1_documentation.zip,auto,false,tibco,integration,,,,,
tibco-activematrix-businessworks-service-engine-plug-in-for-smartmapper,5.5,true,false,,2011-07-06,auto,auto,https://docs.tibco.com/pub/activematrix-businessworks-service-engine-plug-in-for-smartmapper/tibco-activematrix-businessworks-service-engine-plug-in-for-smartmapper-5-5_documentation.zip,auto,false,tibco,integration,,,,,
tibco-activematrix-businessworks-smartmapper-enterprise-server,6.0.1,true,false,,2021-07-20,auto,auto,https://docs.tibco.com/pub/adsmartmappereps/tibco-activematrix-businessworks-smartmapper-enterprise-server-6-0-1_documentation.zip,auto,false,tibco,integration,,,,,
tibco-activematrix-businessworks-smartmapper-enterprise-server,6.0.0,false,true,,2013-11-23,auto,auto,https://docs.tibco.com/pub/businessworks_smartmapper/6.0.0-november-2013/doc/zip/tib_businessworks_smartmapper_6.0.0-november-2013_doc.zip,auto,false,tibco,integration,,,,,
tibco-activematrix-businessworks-smartmapper-enterprise-server,5.5.0,true,false,,2011-06-24,auto,auto,https://docs.tibco.com/pub/businessworks_smartmapper/tibco-activematrix-businessworks-smartmapper-5-5-0_documentation.zip,auto,false,tibco,integration,,,,,
tibco-api-exchange-gateway,2.5.1,false,true,,2024-09-11,auto,auto,https://docs.tibco.com/pub/api-exchange-gateway/2.5.1/doc/zip/tib_api-exchange-gateway_2.5.1_doc.zip,auto,false,tibco,integration,,,,,
tibco-api-exchange-gateway,2.5.0,false,true,,2022-05-17,auto,auto,https://docs.tibco.com/pub/api-exchange-gateway/2.5.0/doc/zip/tib_api-exchange-gateway_2.5.0_doc.zip,auto,false,tibco,integration,,,,,
tibco-api-exchange-gateway,2.4.1,false,true,,2021-07-15,auto,auto,https://docs.tibco.com/pub/api-exchange-gateway/2.4.1/doc/zip/tib_api-exchange-gateway_2.4.1_doc.zip,auto,false,tibco,integration,,,,,
tibco-api-exchange-gateway,2.4.0,false,true,,2021-01-20,auto,auto,https://docs.tibco.com/pub/api-exchange-gateway/2.4.0/doc/zip/tib_api-exchange-gateway_2.4.0_doc.zip,auto,false,tibco,integration,,,,,
tibco-api-exchange-gateway,2.3.3,false,true,,2020-01-22,auto,auto,https://docs.tibco.com/pub/api-exchange-gateway/2.3.3/doc/zip/tib_api-exchange-gateway_2.3.3_doc.zip,auto,false,tibco,integration,,,,,
tibco-api-exchange-gateway,2.3.2,false,true,,2019-07-22,auto,auto,https://docs.tibco.com/pub/api-exchange-gateway/2.3.2/doc/zip/tib_api-exchange-gateway_2.3.2_doc.zip,auto,false,tibco,integration,,,,,
tibco-api-exchange-gateway,2.3.1,false,true,,2018-12-20,auto,auto,https://docs.tibco.com/pub/api-exchange-gateway/2.3.1/doc/zip/tib_api-exchange-gateway_2.3.1_doc.zip,auto,false,tibco,integration,,,,,
tibco-api-exchange-gateway,2.3.0,false,true,,2016-10-04,auto,auto,https://docs.tibco.com/pub/api-exchange-gateway/2.3.0/doc/zip/tib_api-exchange-gateway_2.3.0_doc.zip,auto,false,tibco,integration,,,,,
tibco-api-exchange-gateway,2.2.1,false,true,,2015-12-24,auto,auto,https://docs.tibco.com/pub/api-exchange-gateway/2.2.1/doc/zip/tib_api-exchange-gateway_2.2.1_doc.zip,auto,false,tibco,integration,,,,,
tibco-api-exchange-gateway,2.2.0,false,true,,2015-10-27,auto,auto,https://docs.tibco.com/pub/api-exchange-gateway/2.2.0/doc/zip/tib_api-exchange-gateway_2.2.0_doc.zip,auto,false,tibco,integration,,,,,
tibco-api-exchange-gateway,2.1.1,false,true,,2014-11-20,auto,auto,https://docs.tibco.com/pub/api-exchange-gateway/2.1.1/doc/zip/tib_api-exchange-gateway_2.1.1_doc.zip,auto,false,tibco,integration,,,,,
tibco-api-exchange-gateway,2.1.0,false,true,,2014-03-11,auto,auto,https://docs.tibco.com/pub/api-exchange-gateway/2.1.0/doc/zip/tib_api-exchange-gateway_2.1.0_doc.zip,auto,false,tibco,integration,,,,,
tibco-api-exchange-gateway,2.0.0,false,true,,2013-11-29,auto,auto,https://docs.tibco.com/pub/api-exchange-gateway/2.0.0-november-2013/doc/zip/tib_api-exchange-gateway_2.0.0-november-2013_doc.zip,auto,false,tibco,integration,,,,,
tibco-api-exchange-manager,2.3.3,false,true,,2020-01-22,auto,auto,https://docs.tibco.com/pub/api-exchange-manager/2.3.3/doc/zip/tib_api-exchange-manager_2.3.3_doc.zip,auto,false,tibco,integration,,,,,
tibco-api-exchange-manager,2.3.2,false,true,,2019-07-22,auto,auto,https://docs.tibco.com/pub/api-exchange-manager/2.3.2/doc/zip/tib_api-exchange-manager_2.3.2_doc.zip,auto,false,tibco,integration,,,,,
tibco-api-exchange-manager,2.3.1,false,true,,2018-12-20,auto,auto,https://docs.tibco.com/pub/api-exchange-manager/2.3.1/doc/zip/tib_api-exchange-manager_2.3.1_doc.zip,auto,false,tibco,integration,,,,,
tibco-api-exchange-manager,2.3.0,false,true,,2016-10-03,auto,auto,https://docs.tibco.com/pub/api-exchange-manager/2.3.0/doc/zip/tib_api-exchange-manager_2.3.0_doc.zip,auto,false,tibco,integration,,,,,
tibco-api-exchange-manager,2.2.1,true,false,,2015-12-24,auto,auto,https://docs.tibco.com/pub/api-exchange-manager/tibco-api-exchange-2-2-1_documentation.zip,auto,false,tibco,integration,,,,,
tibco-api-exchange-manager,2.2.0,true,false,,2015-10-26,auto,auto,https://docs.tibco.com/pub/api-exchange-manager/tibco-api-exchange-2-2-0_documentation.zip,auto,false,tibco,integration,,,,,
tibco-api-exchange-manager,2.1.1,true,false,,2017-06-15,auto,auto,https://docs.tibco.com/pub/api-exchange-manager/tibco-api-exchange-2-1-1_documentation.zip,auto,false,tibco,integration,,,,,
tibco-api-exchange-manager,2.1.0,true,false,,2017-06-15,auto,auto,https://docs.tibco.com/pub/api-exchange-manager/tibco-api-exchange-2-1-0_documentation.zip,auto,false,tibco,integration,,,,,
tibco-businessevents-data-modeling,5.4.1,true,false,,2017-06-13,auto,auto,https://docs.tibco.com/pub/businessevents-datamodeling/tibco-businessevents-data-modeling-5-4-1_documentation.zip,auto,false,tibco,integration,,,,,
tibco-businessevents-data-modeling,5.4.0,true,false,,2017-02-02,auto,auto,https://docs.tibco.com/pub/businessevents-datamodeling/tibco-businessevents-data-modeling-5-4-0_documentation.zip,auto,false,tibco,integration,,,,,
tibco-businessevents-data-modeling,5.3.0,true,false,,2016-05-17,auto,auto,https://docs.tibco.com/pub/businessevents-datamodeling/tibco-businessevents-data-modeling-5-3-0_documentation.zip,auto,false,tibco,integration,,,,,
tibco-businessevents-data-modeling,5.2.2,true,false,,2015-11-17,auto,auto,https://docs.tibco.com/pub/businessevents-datamodeling/tibco-businessevents-data-modeling-5-2-2_documentation.zip,auto,false,tibco,integration,,,,,
tibco-businessevents-data-modeling,5.2.1,true,false,,2015-08-17,auto,auto,https://docs.tibco.com/pub/businessevents-datamodeling/tibco-businessevents-data-modeling-5-2-1_documentation.zip,auto,false,tibco,integration,,,,,
tibco-businessevents-data-modeling,5.2.0,true,false,,2015-04-17,auto,auto,https://docs.tibco.com/pub/businessevents-datamodeling/tibco-businessevents-data-modeling-5-2-0_documentation.zip,auto,false,tibco,integration,,,,,
tibco-businessevents-data-modeling,5.1.4,true,false,,1415145600000,auto,auto,https://docs.tibco.com/pub/businessevents_data_modeling/tibco-businessevents-data-modeling-5-1-4_documentation.zip,auto,false,tibco,integration,,,,,
tibco-businessevents-data-modeling,5.1.3,true,false,,2014-05-28,auto,auto,https://docs.tibco.com/pub/businessevents_data_modeling/5.1.3/tibco-businessevents-data-modeling-5-1-3_documentation.zip,auto,false,tibco,integration,,,,,
tibco-businessevents-data-modeling,5.1.2,true,false,,2014-02-21,auto,auto,https://docs.tibco.com/pub/businessevents_data_modeling/tibco-businessevents-data-modeling-5-1-2_documentation.zip,auto,false,tibco,integration,,,,,
tibco-businessevents-data-modeling,5.1.1,true,false,,2012-12-21,auto,auto,https://docs.tibco.com/pub/businessevents_data_modeling/tibco-businessevents-data-modeling-5-1-1_documentation.zip,auto,false,tibco,integration,,,,,
tibco-businessevents-data-modeling,5.1.0,true,false,,2012-08-01,auto,auto,https://docs.tibco.com/pub/businessevents_data_modeling/tibco-businessevents-data-modeling-5-1-0_documentation.zip,auto,false,tibco,integration,,,,,
tibco-businessevents-data-modeling,5.0.1,true,false,,2012-03-14,auto,auto,https://docs.tibco.com/pub/businessevents_data_modeling/tibco-businessevents-data-modeling-5-0-1_documentation.zip,auto,false,tibco,integration,,,,,
tibco-businessevents-data-modeling,5.0,false,true,,2011-06-14,auto,auto,https://docs.tibco.com/pub/businessevents_data_modeling/5.0.0_april_2011/doc/zip/tib_businessevents_data_modeling_5.0.0_april_2011_doc.zip,auto,false,tibco,integration,,,,,
tibco-businessevents-data-modeling,4.0.2,true,false,,2012-03-14,auto,auto,https://docs.tibco.com/pub/businessevents_data_modeling/tibco-businessevents-data-modeling-4-0-2_documentation.zip,auto,false,tibco,integration,,,,,
tibco-businessevents-data-modeling,4.0.1,true,false,,2011-07-20,auto,auto,https://docs.tibco.com/pub/businessevents_data_modeling/tibco-businessevents-data-modeling-4-0-1_documentation.zip,auto,false,tibco,integration,,,,,
tibco-businessevents-data-modeling,4.0.0,true,false,,2013-01-08,auto,auto,https://docs.tibco.com/pub/businessevents_data_modeling/tibco-businessevents-data-modeling-4-0-0_documentation.zip,auto,false,tibco,integration,,,,,
tibco-businessevents-decision-manager,5.4.1,true,false,,2017-06-13,auto,auto,https://docs.tibco.com/pub/businessevents-decisionmanager/tibco-businessevents-decision-manager-5-4-1_documentation.zip,auto,false,tibco,integration,,,,,
tibco-businessevents-decision-manager,5.4.0,true,false,,2017-02-02,auto,auto,https://docs.tibco.com/pub/businessevents-decisionmanager/tibco-businessevents-decision-manager-5-4-0_documentation.zip,auto,false,tibco,integration,,,,,
tibco-businessevents-decision-manager,5.3.0,true,false,,2016-05-17,auto,auto,https://docs.tibco.com/pub/businessevents-decisionmanager/tibco-businessevents-decision-manager-5-3-0_documentation.zip,auto,false,tibco,integration,,,,,
tibco-businessevents-decision-manager,5.2.2,true,false,,2015-11-17,auto,auto,https://docs.tibco.com/pub/businessevents-decisionmanager/tibco-businessevents-decision-manager-5-2-2_documentation.zip,auto,false,tibco,integration,,,,,
tibco-businessevents-decision-manager,5.2.1,true,false,,2015-08-17,auto,auto,https://docs.tibco.com/pub/businessevents-decisionmanager/tibco-businessevents-decision-manager-5-2-1_documentation.zip,auto,false,tibco,integration,,,,,
tibco-businessevents-decision-manager,5.2.0,true,false,,2015-04-17,auto,auto,https://docs.tibco.com/pub/businessevents-decisionmanager/tibco-businessevents-decision-manager-5-2-0_documentation.zip,auto,false,tibco,integration,,,,,
tibco-businessevents-decision-manager,5.1.4,true,false,,1415145600000,auto,auto,https://docs.tibco.com/pub/businessevents_decision_manager/tibco-businessevents-decision-manager-5-1-4_documentation.zip,auto,false,tibco,integration,,,,,
tibco-businessevents-decision-manager,5.1.3,true,false,,2014-05-28,auto,auto,https://docs.tibco.com/pub/businessevents_decision_manager/5.1.3/tibco-businessevents-decision-manager-5-1-3_documentation.zip,auto,false,tibco,integration,,,,,
tibco-businessevents-decision-manager,5.1.2,true,false,,2014-02-21,auto,auto,https://docs.tibco.com/pub/businessevents_decision_manager/tibco-businessevents-decision-manager-5-1-2_documentation.zip,auto,false,tibco,integration,,,,,
tibco-businessevents-decision-manager,5.1.1,true,false,,2012-12-21,auto,auto,https://docs.tibco.com/pub/businessevents_decision_manager/tibco-businessevents-decision-manager-5-1-1_documentation.zip,auto,false,tibco,integration,,,,,
tibco-businessevents-decision-manager,5.1.0,true,false,,2012-08-01,auto,auto,https://docs.tibco.com/pub/businessevents_decision_manager/tibco-businessevents-decision-manager-5-1-0_documentation.zip,auto,false,tibco,integration,,,,,
tibco-businessevents-decision-manager,5.0.1,true,false,,2012-03-14,auto,auto,https://docs.tibco.com/pub/businessevents_decision_manager/tibco-businessevents-decision-manager-5-0-1_documentation.zip,auto,false,tibco,integration,,,,,
tibco-businessevents-decision-manager,5.0.0,true,false,,2011-06-18,auto,auto,https://docs.tibco.com/pub/businessevents_decision_manager/tibco-businessevents-decision-manager-5-0-0_documentation.zip,auto,false,tibco,integration,,,,,
tibco-businessevents-decision-manager,4.0.2,true,false,,2012-03-15,auto,auto,https://docs.tibco.com/pub/businessevents_decision_manager/tibco-businessevents-decision-manager-4-0-2_documentation.zip,auto,false,tibco,integration,,,,,
tibco-businessevents-decision-manager,4.0.1,true,false,,2011-07-20,auto,auto,https://docs.tibco.com/pub/businessevents_decision_manager/tibco-businessevents-decision-manager-4-0-1_documentation.zip,auto,false,tibco,integration,,,,,
tibco-businessevents-decision-manager,4.0.0,true,false,,2013-01-08,auto,auto,https://docs.tibco.com/pub/businessevents_decision_manager/tibco-businessevents-decision-manager-4-0-0_documentation.zip,auto,false,tibco,integration,,,,,
tibco-businessevents-event-stream-processing,5.4.1,true,false,,2017-06-13,auto,auto,https://docs.tibco.com/pub/businessevents-eventstreamprocessing/tibco-businessevents-event-stream-processing-5-4-1_documentation.zip,auto,false,tibco,integration,,,,,
tibco-businessevents-event-stream-processing,5.4.0,true,false,,2017-01-30,auto,auto,https://docs.tibco.com/pub/businessevents-eventstreamprocessing/tibco-businessevents-event-stream-processing-5-4-0_documentation.zip,auto,false,tibco,integration,,,,,
tibco-businessevents-event-stream-processing,5.3.0,true,false,,2016-05-17,auto,auto,https://docs.tibco.com/pub/businessevents-eventstreamprocessing/tibco-businessevents-event-stream-processing-5-3-0_documentation.zip,auto,false,tibco,integration,,,,,
tibco-businessevents-event-stream-processing,5.2.2,true,false,,1447632000000,auto,auto,https://docs.tibco.com/pub/businessevents-eventstreamprocessing/tibco-businessevents-event-stream-processing-5-2-2_documentation.zip,auto,false,tibco,integration,,,,,
tibco-businessevents-event-stream-processing,5.2.1,true,false,,2015-08-17,auto,auto,https://docs.tibco.com/pub/businessevents-eventstreamprocessing/tibco-businessevents-event-stream-processing-5-2-1_documentation.zip,auto,false,tibco,integration,,,,,
tibco-businessevents-event-stream-processing,5.2.0,true,false,,1429228800000,auto,auto,https://docs.tibco.com/pub/businessevents-eventstreamprocessing/tibco-businessevents-event-stream-processing-5-2-0_documentation.zip,auto,false,tibco,integration,,,,,
tibco-businessevents-event-stream-processing,5.1.4,true,false,,1415145600000,auto,auto,https://docs.tibco.com/pub/businessevents_event_stream_processing/tibco-businessevents-event-stream-processing-5-1-4_documentation.zip,auto,false,tibco,integration,,,,,
tibco-businessevents-event-stream-processing,5.1.3,true,false,,2014-05-28,auto,auto,https://docs.tibco.com/pub/businessevents_event_stream_processing/tibco-businessevents-event-stream-processing-5-1-3_documentation.zip,auto,false,tibco,integration,,,,,
tibco-businessevents-event-stream-processing,5.1.2,true,false,,2014-02-21,auto,auto,https://docs.tibco.com/pub/businessevents_event_stream_processing/tibco-businessevents-event-stream-processing-5-1-2_documentation.zip,auto,false,tibco,integration,,,,,
tibco-businessevents-event-stream-processing,5.1.1,true,false,,2012-12-21,auto,auto,https://docs.tibco.com/pub/businessevents_event_stream_processing/tibco-businessevents-event-stream-processing-5-1-1_documentation.zip,auto,false,tibco,integration,,,,,
tibco-businessevents-event-stream-processing,5.1.0,true,false,,2012-08-01,auto,auto,https://docs.tibco.com/pub/businessevents_event_stream_processing/tibco-businessevents-event-stream-processing-5-1-0_documentation.zip,auto,false,tibco,integration,,,,,
tibco-businessevents-event-stream-processing,5.0.1,true,false,,2012-03-13,auto,auto,https://docs.tibco.com/pub/businessevents_event_stream_processing/tibco-businessevents-event-stream-processing-5-0-1_documentation.zip,auto,false,tibco,integration,,,,,
tibco-businessevents-event-stream-processing,5.0,false,true,,2011-06-18,auto,auto,https://docs.tibco.com/pub/businessevents_event_stream_processing/5.0.0_april_2011/doc/zip/tib_businessevents_event_stream_processing_5.0.0_april_2011_doc.zip,auto,false,tibco,integration,,,,,
tibco-businessevents-event-stream-processing,4.0.2,true,false,,2012-03-14,auto,auto,https://docs.tibco.com/pub/businessevents_event_stream_processing/tibco-businessevents-event-stream-processing-4-0-2_documentation.zip,auto,false,tibco,integration,,,,,
tibco-businessevents-event-stream-processing,4.0.1,true,false,,2011-07-20,auto,auto,https://docs.tibco.com/pub/businessevents_event_stream_processing/tibco-businessevents-event-stream-processing-4-0-1_documentation.zip,auto,false,tibco,integration,,,,,
tibco-businessevents-event-stream-processing,4.0.0,true,false,,2013-01-08,auto,auto,https://docs.tibco.com/pub/businessevents_event_stream_processing/tibco-businessevents-event-stream-processing-4-0-0_documentation.zip,auto,false,tibco,integration,,,,,
tibco-businessevents-extreme,1.3.6,true,false,,1553040000000,auto,auto,https://docs.tibco.com/pub/bex/tibco-businessevents-extreme-1-3-6_documentation.zip,auto,false,tibco,integration,,,,,
tibco-businessevents-extreme,1.3.5,true,false,,1536624000000,auto,auto,https://docs.tibco.com/pub/bex/tibco-businessevents-extreme-1-3-5_documentation.zip,auto,false,tibco,integration,,,,,
tibco-businessevents-extreme,1.3.4,true,false,,2017-08-09,auto,auto,https://docs.tibco.com/pub/bex/tibco-businessevents-extreme-1-3-4_documentation.zip,auto,false,tibco,integration,,,,,
tibco-businessevents-extreme,1.3.3,true,false,,2017-02-23,auto,auto,https://docs.tibco.com/pub/bex/tibco-businessevents-extreme-1-3-3_documentation.zip,auto,false,tibco,integration,,,,,
tibco-businessevents-extreme,1.3.2,true,false,,2015-08-18,auto,auto,https://docs.tibco.com/pub/bex/tibco-businessevents-extreme-1-3-2_documentation.zip,auto,false,tibco,integration,,,,,
tibco-businessevents-extreme,1.3.1,true,false,,2015-07-06,auto,auto,https://docs.tibco.com/pub/bex/tibco-businessevents-extreme-1-3-1_documentation.zip,auto,false,tibco,integration,,,,,
tibco-businessevents-extreme,1.3.0,true,false,,2015-05-29,auto,auto,https://docs.tibco.com/pub/bex/tibco-businessevents-extreme-1-3-0_documentation.zip,auto,false,tibco,integration,,,,,
tibco-businessevents-extreme,1.2.1,true,false,,2015-03-02,auto,auto,https://docs.tibco.com/pub/bex/tibco-businessevents-extreme-1-2-1_documentation.zip,auto,false,tibco,integration,,,,,
tibco-businessevents-extreme,1.2.0,true,false,,2014-09-27,auto,auto,https://docs.tibco.com/pub/businessevents-extreme/tibco-businessevents-extreme-1-2-0_documentation.zip,auto,false,tibco,integration,,,,,
tibco-businessevents-extreme,1.1.4,true,false,,2014-12-29,auto,auto,https://docs.tibco.com/pub/bex/tibco-businessevents-extreme-1-1-4_documentation.zip,auto,false,tibco,integration,,,,,
tibco-businessevents-extreme,1.1.3,true,false,,2014-09-18,auto,auto,https://docs.tibco.com/pub/businessevents-extreme/tibco-businessevents-extreme-1-1-3_documentation.zip,auto,false,tibco,integration,,,,,
tibco-businessevents-extreme,1.1.2,true,false,,2014-04-24,auto,auto,https://docs.tibco.com/pub/businessevents-extreme/tibco-businessevents-extreme-1-1-2_documentation.zip,auto,false,tibco,integration,,,,,
tibco-businessevents-extreme,1.1.1,true,false,,2014-02-14,auto,auto,https://docs.tibco.com/pub/businessevents-extreme/tibco-businessevents-extreme-1-1-1_documentation.zip,auto,false,tibco,integration,,,,,
tibco-businessevents-extreme,1.1.0,true,false,,2013-11-19,auto,auto,https://docs.tibco.com/pub/businessevents-extreme/tibco-businessevents-extreme-1-1-0_documentation.zip,auto,false,tibco,integration,,,,,
tibco-businessevents-extreme,1.0.5,true,false,,2013-10-07,auto,auto,https://docs.tibco.com/pub/businessevents-extreme/tibco-businessevents-extreme-1-0-5_documentation.zip,auto,false,tibco,integration,,,,,
tibco-businessevents-extreme,1.0.4,true,false,,2013-08-13,auto,auto,https://docs.tibco.com/pub/businessevents-extreme/tibco-businessevents-extreme-1-0-4_documentation.zip,auto,false,tibco,integration,,,,,
tibco-businessevents-extreme,1.0.3,true,false,,2013-06-19,auto,auto,https://docs.tibco.com/pub/businessevents-extreme/tibco-businessevents-extreme-1-0-3_documentation.zip,auto,false,tibco,integration,,,,,
tibco-businessevents-extreme,1.0.2,true,false,,2013-03-15,auto,auto,https://docs.tibco.com/pub/businessevents-extreme/tibco-businessevents-extreme-1-0-2_documentation.zip,auto,false,tibco,integration,,,,,
tibco-businessevents-extreme,1.0.1,true,false,,2012-10-14,auto,auto,https://docs.tibco.com/pub/businessevents-extreme/tibco-businessevents-extreme-1-0-1_documentation.zip,auto,false,tibco,integration,,,,,
tibco-businessevents-extreme,1.0.0,true,false,,2012-06-06,auto,auto,https://docs.tibco.com/pub/businessevents-extreme/tibco-businessevents-extreme-1-0-0_documentation.zip,auto,false,tibco,integration,,,,,
tibco-businessevents-plug-in-for-edi-healthcare-edition,2.0.0,true,false,,2012-11-30,auto,auto,https://docs.tibco.com/pub/businessevents_plug-in_for_edi_healthcare/tibco-businessevents-plug-in-for-edi-healthcare-edition-2-0-0_documentation.zip,auto,false,tibco,integration,,,,,
tibco-businessevents-plug-in-for-edi-standard-edition,2.0.0,true,false,,2012-11-30,auto,auto,https://docs.tibco.com/pub/businessevents_plug-in_for_edi_standard/tibco-businessevents-plug-in-for-edi-standard-edition-2-0-0_documentation.zip,auto,false,tibco,integration,,,,,
tibco-businessevents-process-orchestration,6.2.2,true,false,,2022-06-02,auto,auto,https://docs.tibco.com/pub/businessevents-process/tibco-businessevents-process-orchestration-6-2-2_documentation.zip,auto,false,tibco,integration,,,,,
tibco-businessevents-process-orchestration,6.2.1,true,false,,2021-12-16,auto,auto,https://docs.tibco.com/pub/businessevents-process/tibco-businessevents-process-orchestration-6-2-1_documentation.zip,auto,false,tibco,integration,,,,,
tibco-businessevents-process-orchestration,6.2.0,true,false,,2021-10-27,auto,auto,https://docs.tibco.com/pub/businessevents-process/tibco-businessevents-process-orchestration-6-2-0_documentation.zip,auto,false,tibco,integration,,,,,
tibco-businessevents-process-orchestration,6.1.2,true,false,,2021-12-23,auto,auto,https://docs.tibco.com/pub/businessevents-process/tibco-businessevents-process-orchestration-6-1-2_documentation.zip,auto,false,tibco,integration,,,,,
tibco-businessevents-process-orchestration,6.1.1,true,false,,2021-05-04,auto,auto,https://docs.tibco.com/pub/businessevents-process/tibco-businessevents-process-orchestration-6-1-1_documentation.zip,auto,false,tibco,integration,,,,,
tibco-businessevents-process-orchestration,6.1.0,true,false,,1607990400000,auto,auto,https://docs.tibco.com/pub/businessevents-process/tibco-businessevents-process-orchestration-6-1-0_documentation.zip,auto,false,tibco,integration,,,,,
tibco-businessevents-process-orchestration,6.0.0,true,false,,2020-08-01,auto,auto,https://docs.tibco.com/pub/businessevents-process/tibco-businessevents-process-orchestration-6-0-0_documentation.zip,auto,false,tibco,integration,,,,,
tibco-businessevents-process-orchestration,5.6.1,true,false,,2019-11-14,auto,auto,https://docs.tibco.com/pub/businessevents-process/tibco-businessevents-process-orchestration-5-6-1_documentation.zip,auto,false,tibco,integration,,,,,
tibco-businessevents-process-orchestration,5.6.0,true,false,,2019-08-06,auto,auto,https://docs.tibco.com/pub/businessevents-process/tibco-businessevents-process-orchestration-5-6-0_documentation.zip,auto,false,tibco,integration,,,,,
tibco-businessevents-process-orchestration,5.5.0,true,false,,2018-02-21,auto,auto,https://docs.tibco.com/pub/businessevents-process/tibco-businessevents-process-orchestration-5-5-0_documentation.zip,auto,false,tibco,integration,,,,,
tibco-businessevents-process-orchestration,5.4.1,true,false,,2017-06-14,auto,auto,https://docs.tibco.com/pub/businessevents-process/tibco-businessevents-process-orchestration-5-4-1_documentation.zip,auto,false,tibco,integration,,,,,
tibco-businessevents-process-orchestration,5.4.0,true,false,,2017-01-30,auto,auto,https://docs.tibco.com/pub/businessevents-process/tibco-businessevents-process-orchestration-5-4-0_documentation.zip,auto,false,tibco,integration,,,,,
tibco-businessevents-process-orchestration,5.3.0,true,false,,2016-05-17,auto,auto,https://docs.tibco.com/pub/businessevents-process/tibco-businessevents-process-orchestration-5-3-0_documentation.zip,auto,false,tibco,integration,,,,,
tibco-businessevents-process-orchestration,1.2.2,true,false,,2015-11-17,auto,auto,https://docs.tibco.com/pub/businessevents-process/tibco-businessevents-process-orchestration-1-2-2_documentation.zip,auto,false,tibco,integration,,,,,
tibco-businessevents-process-orchestration,1.2.1,true,false,,2015-08-18,auto,auto,https://docs.tibco.com/pub/businessevents-process/tibco-businessevents-process-orchestration-1-2-1_documentation.zip,auto,false,tibco,integration,,,,,
tibco-businessevents-process-orchestration,1.2.0,true,false,,2015-04-17,auto,auto,https://docs.tibco.com/pub/businessevents-process/tibco-businessevents-process-orchestration-1-2-0_documentation.zip,auto,false,tibco,integration,,,,,
tibco-businessevents-process-orchestration,1.1.2,true,false,,2014-11-06,auto,auto,https://docs.tibco.com/pub/businessevents_process_orchestration/tibco-businessevents-process-orchestration-1-1-2_documentation.zip,auto,false,tibco,integration,,,,,
tibco-businessevents-process-orchestration,1.1.0,true,false,,2014-02-27,auto,auto,https://docs.tibco.com/pub/businessevents_process_orchestration/tibco-businessevents-process-orchestration-1-1-0_documentation.zip,auto,false,tibco,integration,,,,,
tibco-businessevents-process-orchestration,1.0.1,true,false,,2012-12-21,auto,auto,https://docs.tibco.com/pub/businessevents_process_orchestration/tibco-businessevents-process-orchestration-1-0-1_documentation.zip,auto,false,tibco,integration,,,,,
tibco-businessevents-process-orchestration,1.0.0,true,false,,2012-08-30,auto,auto,https://docs.tibco.com/pub/businessevents_process_orchestration/tibco-businessevents-process-orchestration-1-0-0_documentation.zip,auto,false,tibco,integration,,,,,
tibco-businessevents-views,5.6.1,true,false,,2019-11-14,auto,auto,https://docs.tibco.com/pub/businessevents-views/tibco-businessevents-views-5-6-1_documentation.zip,auto,false,tibco,integration,,,,,
tibco-businessevents-views,5.6.0,true,false,,1565049600000,auto,auto,https://docs.tibco.com/pub/businessevents-views/tibco-businessevents-views-5-6-0_documentation.zip,auto,false,tibco,integration,,,,,
tibco-businessevents-views,5.5.0,true,false,,2018-02-21,auto,auto,https://docs.tibco.com/pub/businessevents-views/tibco-businessevents-views-5-5-0_documentation.zip,auto,false,tibco,integration,,,,,
tibco-businessevents-views,5.4.1,true,false,,2017-06-14,auto,auto,https://docs.tibco.com/pub/businessevents-views/tibco-businessevents-views-5-4-1_documentation.zip,auto,false,tibco,integration,,,,,
tibco-businessevents-views,5.4.0,true,false,,2017-02-03,auto,auto,https://docs.tibco.com/pub/businessevents-views/tibco-businessevents-views-5-4-0_documentation.zip,auto,false,tibco,integration,,,,,
tibco-businessevents-views,5.3.0,true,false,,2016-05-17,auto,auto,https://docs.tibco.com/pub/businessevents-views/tibco-businessevents-views-5-3-0_documentation.zip,auto,false,tibco,integration,,,,,
tibco-businessevents-views,5.2.2,true,false,,2015-11-17,auto,auto,https://docs.tibco.com/pub/businessevents-views/tibco-businessevents-views-5-2-2_documentation.zip,auto,false,tibco,integration,,,,,
tibco-businessevents-views,5.2.1,true,false,,2015-08-18,auto,auto,https://docs.tibco.com/pub/businessevents-views/tibco-businessevents-views-5-2-1_documentation.zip,auto,false,tibco,integration,,,,,
tibco-businessevents-views,5.2.0,true,false,,2015-04-17,auto,auto,https://docs.tibco.com/pub/businessevents-views/tibco-businessevents-views-5-2-0_documentation.zip,auto,false,tibco,integration,,,,,
tibco-businessevents-views,5.1.4,true,false,,2014-11-05,auto,auto,https://docs.tibco.com/pub/businessevents_views/tibco-businessevents-views-5-1-4_documentation.zip,auto,false,tibco,integration,,,,,
tibco-businessevents-views,5.1.3,true,false,,2014-05-31,auto,auto,https://docs.tibco.com/pub/businessevents_views/tibco-businessevents-views-5-1-3_documentation.zip,auto,false,tibco,integration,,,,,
tibco-businessevents-views,5.1.2,true,false,,2014-02-27,auto,auto,https://docs.tibco.com/pub/businessevents_views/tibco-businessevents-views-5-1-2_documentation.zip,auto,false,tibco,integration,,,,,
tibco-businessevents-views,5.1.1,true,false,,2012-12-21,auto,auto,https://docs.tibco.com/pub/businessevents_views/tibco-businessevents-views-5-1-1_documentation.zip,auto,false,tibco,integration,,,,,
tibco-businessevents-views,5.1.0,true,false,,2012-08-30,auto,auto,https://docs.tibco.com/pub/businessevents_views/tibco-businessevents-views-5-1-0_documentation.zip,auto,false,tibco,integration,,,,,
tibco-businessevents-views,5.0.1,true,false,,2012-03-13,auto,auto,https://docs.tibco.com/pub/businessevents_views/tibco-businessevents-views-5-0-1_documentation.zip,auto,false,tibco,integration,,,,,
tibco-businessevents-views,5.0.0,true,false,,2011-06-18,auto,auto,https://docs.tibco.com/pub/businessevents_views/tibco-businessevents-views-5-0-0_documentation.zip,auto,false,tibco,integration,,,,,
tibco-businessevents-views,4.0.2,true,false,,2012-03-13,auto,auto,https://docs.tibco.com/pub/businessevents_views/tibco-businessevents-views-4-0-2_documentation.zip,auto,false,tibco,integration,,,,,
tibco-businessevents-views,4.0.1,true,false,,2011-07-20,auto,auto,https://docs.tibco.com/pub/businessevents_views/tibco-businessevents-views-4-0-1_documentation.zip,auto,false,tibco,integration,,,,,
tibco-businessevents-views,4.0.0,true,false,,2013-01-08,auto,auto,https://docs.tibco.com/pub/businessevents_views/tibco-businessevents-views-4-0-0_documentation.zip,auto,false,tibco,integration,,,,,
tibco-businessworks-cobol-copybook-plug-in,2.5.0,false,true,,2011-06-24,auto,auto,https://docs.tibco.com/pub/businessworks_cobol_copybook_plugin/2.5.0_october_2008/doc/zip/tib_businessworks_cobol_copybook_plugin_2.5.0_october_2008_doc.zip,auto,false,tibco,integration,,,,,
tibco-businessworks-collaborator,5.6.3,true,false,,2017-09-26,auto,auto,https://docs.tibco.com/pub/bwc/tibco-businessworks-collaborator-5-6-3_documentation.zip,auto,false,tibco,integration,,,,,
tibco-businessworks-collaborator,5.6.2,true,false,,2015-05-13,auto,auto,https://docs.tibco.com/pub/bwc/tibco-businessworks-collaborator-5-6-2_documentation.zip,auto,false,tibco,integration,,,,,
tibco-businessworks-collaborator,5.6.1,true,false,,2013-03-04,auto,auto,https://docs.tibco.com/pub/businessworks_collaborator/tibco-businessworks-collaborator-5-6-1_documentation.zip,auto,false,tibco,integration,,,,,
tibco-businessworks-collaborator,5.6.0,false,true,,2012-06-19,auto,auto,https://docs.tibco.com/pub/businessworks_collaborator/5.6.0_june_2012/doc/zip/tib_businessworks_collaborator_5.6.0_june_2012_doc.zip,auto,false,tibco,integration,,,,,
tibco-businessworks-collaborator,5.5.1,true,false,,2011-06-23,auto,auto,https://docs.tibco.com/pub/businessworks_collaborator/tibco-businessworks-collaborator-5-5-1_documentation.zip,auto,false,tibco,integration,,,,,
tibco-businessworks-container-edition,2.10.0,false,true,,2024-12-12,auto,auto,https://docs.tibco.com/pub/bwce/2.10.0/doc/zip/tib_bwce_2.10.0_doc.zip,auto,false,tibco,integration,,,,,
tibco-businessworks-container-edition,2.9.2,false,true,,2024-08-12,auto,auto,https://docs.tibco.com/pub/bwce/2.9.2/doc/zip/tib_bwce_2.9.2_doc.zip,auto,false,tibco,integration,,,,,
tibco-businessworks-container-edition,2.9.1,false,true,,2024-02-19,auto,auto,https://docs.tibco.com/pub/bwce/2.9.1/doc/zip/tib_bwce_2.9.1_doc.zip,auto,false,tibco,integration,,,,,
tibco-businessworks-container-edition,2.9.0,false,true,,2023-11-06,auto,auto,https://docs.tibco.com/pub/bwce/2.9.0/doc/zip/tib_bwce_2.9.0_doc.zip,auto,false,tibco,integration,,,,,
tibco-businessworks-container-edition,2.8.3,false,true,,2023-08-10,auto,auto,https://docs.tibco.com/pub/bwce/2.8.3/doc/zip/tib_bwce_2.8.3_doc.zip,auto,false,tibco,integration,,,,,
tibco-businessworks-container-edition,2.8.2,false,true,,2023-05-19,auto,auto,https://docs.tibco.com/pub/bwce/2.8.2/doc/zip/tib_bwce_2.8.2_doc.zip,auto,false,tibco,integration,,,,,
tibco-businessworks-container-edition,2.8.1,false,true,,2023-02-14,auto,auto,https://docs.tibco.com/pub/bwce/2.8.1/doc/zip/tib_bwce_2.8.1_doc.zip,auto,false,tibco,integration,,,,,
tibco-businessworks-container-edition,2.8.0,true,false,,2022-11-14,auto,auto,https://docs.tibco.com/pub/bwce/tibco-businessworks-container-edition-2-8-0_documentation.zip,auto,false,tibco,integration,,,,,
tibco-businessworks-container-edition,2.7.3,true,false,,2022-08-12,auto,auto,https://docs.tibco.com/pub/bwce/tibco-businessworks-container-edition-2-7-3_documentation.zip,auto,false,tibco,integration,,,,,
tibco-businessworks-container-edition,2.7.2,true,false,,1652659200000,auto,auto,https://docs.tibco.com/pub/bwce/tibco-businessworks-container-edition-2-7-2_documentation.zip,auto,false,tibco,integration,,,,,
tibco-businessworks-container-edition,2.7.1,true,false,,1644451200000,auto,auto,https://docs.tibco.com/pub/bwce/tibco-businessworks-container-edition-2-7-1_documentation.zip,auto,false,tibco,integration,,,,,
tibco-businessworks-container-edition,2.7.0,true,false,,1635724800000,auto,auto,https://docs.tibco.com/pub/bwce/tibco-businessworks-container-edition-2-7-0_documentation.zip,auto,false,tibco,integration,,,,,
tibco-businessworks-container-edition,2.6.3,true,false,,1628208000000,auto,auto,https://docs.tibco.com/pub/bwce/tibco-businessworks-container-edition-2-6-3_documentation.zip,auto,false,tibco,integration,,,,,
tibco-businessworks-container-edition,2.6.2,true,false,,2021-05-21,auto,auto,https://docs.tibco.com/pub/bwce/tibco-businessworks-container-edition-2-6-2_documentation.zip,auto,false,tibco,integration,,,,,
tibco-businessworks-container-edition,2.6.1,true,false,,2021-02-12,auto,auto,https://docs.tibco.com/pub/bwce/tibco-businessworks-container-edition-2-6-1_documentation.zip,auto,false,tibco,integration,,,,,
tibco-businessworks-container-edition,2.6.0,true,false,,1604448000000,auto,auto,https://docs.tibco.com/pub/bwce/tibco-businessworks-container-edition-2-6-0_documentation.zip,auto,false,tibco,integration,,,,,
tibco-businessworks-container-edition,2.5.4,true,false,,2020-08-18,auto,auto,https://docs.tibco.com/pub/bwce/tibco-businessworks-container-edition-2-5-4_documentation.zip,auto,false,tibco,integration,,,,,
tibco-businessworks-container-edition,2.5.3,true,false,,2020-05-13,auto,auto,https://docs.tibco.com/pub/bwce/tibco-businessworks-container-edition-2-5-3_documentation.zip,auto,false,tibco,integration,,,,,
tibco-businessworks-container-edition,2.5.2,true,false,,1583712000000,auto,auto,https://docs.tibco.com/pub/bwce/tibco-businessworks-container-edition-2-5-2_documentation.zip,auto,false,tibco,integration,,,,,
tibco-businessworks-container-edition,2.5.1,true,false,,2020-01-20,auto,auto,https://docs.tibco.com/pub/bwce/tibco-businessworks-container-edition-2-5-1_documentation.zip,auto,false,tibco,integration,,,,,
tibco-businessworks-container-edition,2.5.0,true,false,,1568851200000,auto,auto,https://docs.tibco.com/pub/bwce/tibco-businessworks-container-edition-2-5-0_documentation.zip,auto,false,tibco,integration,,,,,
tibco-businessworks-container-edition,2.4.5,true,false,,2019-07-25,auto,auto,https://docs.tibco.com/pub/bwce/tibco-businessworks-container-edition-2-4-5_documentation.zip,auto,false,tibco,integration,,,,,
tibco-businessworks-container-edition,2.4.4,true,false,,2019-05-30,auto,auto,https://docs.tibco.com/pub/bwce/tibco-businessworks-container-edition-2-4-4_documentation.zip,auto,false,tibco,integration,,,,,
tibco-businessworks-container-edition,2.4.3,true,false,,2019-02-28,auto,auto,https://docs.tibco.com/pub/bwce/tibco-businessworks-container-edition-2-4-3_documentation.zip,auto,false,tibco,integration,,,,,
tibco-businessworks-container-edition,2.4.2,true,false,,2018-11-29,auto,auto,https://docs.tibco.com/pub/bwce/tibco-businessworks-container-edition-2-4-2_documentation.zip,auto,false,tibco,integration,,,,,
tibco-businessworks-container-edition,2.4.1,true,false,,2018-10-30,auto,auto,https://docs.tibco.com/pub/bwce/tibco-businessworks-container-edition-2-4-1_documentation.zip,auto,false,tibco,integration,,,,,
tibco-businessworks-container-edition,2.4.0,true,false,,2018-08-16,auto,auto,https://docs.tibco.com/pub/bwce/tibco-businessworks-container-edition-2-4-0_documentation.zip,auto,false,tibco,integration,,,,,
tibco-businessworks-container-edition,2.3.4,true,false,,2022-01-11,auto,auto,https://docs.tibco.com/pub/bwce/tibco-businessworks-container-edition-2-3-4_documentation.zip,auto,false,tibco,integration,,,,,
tibco-businessworks-container-edition,2.3.3,true,false,,2022-01-11,auto,auto,https://docs.tibco.com/pub/bwce/tibco-businessworks-container-edition-2-3-3_documentation.zip,auto,false,tibco,integration,,,,,
tibco-businessworks-container-edition,2.3.2,true,false,,2022-01-11,auto,auto,https://docs.tibco.com/pub/bwce/tibco-businessworks-container-edition-2-3-2_documentation.zip,auto,false,tibco,integration,,,,,
tibco-businessworks-container-edition,2.3.1,true,false,,2022-01-11,auto,auto,https://docs.tibco.com/pub/bwce/tibco-businessworks-container-edition-2-3-1_documentation.zip,auto,false,tibco,integration,,,,,
tibco-businessworks-container-edition,2.3.0,true,false,,2022-01-11,auto,auto,https://docs.tibco.com/pub/bwce/tibco-businessworks-container-edition-2-3-0_documentation.zip,auto,false,tibco,integration,,,,,
tibco-businessworks-container-edition,2.2.1,true,false,,2022-01-11,auto,auto,https://docs.tibco.com/pub/bwce/tibco-businessworks-container-edition-2-2-1_documentation.zip,auto,false,tibco,integration,,,,,
tibco-businessworks-container-edition,2.2.0,true,false,,2022-01-11,auto,auto,https://docs.tibco.com/pub/bwce/tibco-businessworks-container-edition-2-2-0_documentation.zip,auto,false,tibco,integration,,,,,
tibco-businessworks-container-edition,2.1.1,true,false,,2022-01-11,auto,auto,https://docs.tibco.com/pub/bwce/tibco-businessworks-container-edition-2-1-1_documentation.zip,auto,false,tibco,integration,,,,,
tibco-businessworks-container-edition,2.1.0,true,false,,2022-01-11,auto,auto,https://docs.tibco.com/pub/bwce/tibco-businessworks-container-edition-2-1-0_documentation.zip,auto,false,tibco,integration,,,,,
tibco-businessworks-container-edition,2.0.0,true,false,,2022-01-11,auto,auto,https://docs.tibco.com/pub/bwce/tibco-businessworks-container-edition-2-0-0_documentation.zip,auto,false,tibco,integration,,,,,
tibco-businessworks-container-edition,1.0.1,true,false,,2022-01-11,auto,auto,https://docs.tibco.com/pub/bwcf/tibco-businessworks-container-edition-1-0-1_documentation.zip,auto,false,tibco,integration,,,,,
tibco-businessworks-container-edition,1.0.0,true,false,,2022-01-11,auto,auto,https://docs.tibco.com/pub/bwcf/tibco-businessworks-container-edition-1-0-0_documentation.zip,auto,false,tibco,integration,,,,,
tibco-businessworks-container-edition-buildpack-for-pcf,2.2.1,false,true,,2017-02-22,auto,auto,https://docs.tibco.com/pub/bwce-pcf/2.2.1/doc/zip/tib_bwce-pcf_2.2.1_doc.zip,auto,false,tibco,integration,,,,,
tibco-businessworks-enterprise,3.12.0,false,true,,2025-08-28,auto,auto,https://docs.tibco.com/pub/bwent/3.12.0/doc/zip/tib_bwent_3.12.0_doc.zip,auto,false,tibco,integration,,,,,
tibco-businessworks-enterprise,3.11.0,false,true,,1743638400000,auto,auto,https://docs.tibco.com/pub/bwent/3.11.0/doc/zip/tib_bwent_3.11.0_doc.zip,auto,false,tibco,integration,,,,,
tibco-businessworks-enterprise,3.10.0,false,true,,1738713600000,auto,auto,https://docs.tibco.com/pub/bwent/3.10.0/doc/zip/tib_bwent_3.10.0_doc.zip,auto,false,tibco,integration,,,,,
tibco-businessworks-enterprise,3.9.0,false,true,,1734480000000,auto,auto,https://docs.tibco.com/pub/bwent/3.9.0/doc/zip/tib_bwent_3.9.0_doc.zip,auto,false,tibco,integration,,,,,
tibco-businessworks-enterprise,3.8.0,false,true,,1724198400000,auto,auto,https://docs.tibco.com/pub/bwent/3.8.0/doc/zip/tib_bwent_3.8.0_doc.zip,auto,false,tibco,integration,,,,,
tibco-businessworks-enterprise,3.7.0,false,true,,2024-02-22,auto,auto,https://docs.tibco.com/pub/bwent/3.7.0/doc/zip/tib_bwent_3.7.0_doc.zip,auto,false,tibco,integration,,,,,
tibco-businessworks-enterprise,3.6.0,false,true,,1701648000000,auto,auto,https://docs.tibco.com/pub/bwent/3.6.0/doc/zip/tib_bwent_3.6.0_doc.zip,auto,false,tibco,integration,,,,,
tibco-businessworks-enterprise,3.4.0,false,true,,1684800000000,auto,auto,https://docs.tibco.com/pub/bwent/3.4.0/doc/zip/tib_bwent_3.4.0_doc.zip,auto,false,tibco,integration,,,,,
tibco-businessworks-enterprise,3.3.0,false,true,,2023-02-22,auto,auto,https://docs.tibco.com/pub/bwent/3.3.0/doc/zip/tib_bwent_3.3.0_doc.zip,auto,false,tibco,integration,,,,,
tibco-businessworks-enterprise,3.1.0,false,true,,1668556800000,auto,auto,https://docs.tibco.com/pub/bwent/3.1.0/doc/zip/tib_bwent_3.1.0_doc.zip,auto,false,tibco,integration,,,,,
tibco-businessworks-enterprise,3.0.0,false,true,,1660694400000,auto,auto,https://docs.tibco.com/pub/bwent/3.0.0/doc/zip/tib_bwent_3.0.0_doc.zip,auto,false,tibco,integration,,,,,
tibco-businessworks-enterprise,2.9.0,false,true,,2022-05-19,auto,auto,https://docs.tibco.com/pub/bwent/2.9.0/doc/zip/tib_bwent_2.9.0_doc.zip,auto,false,tibco,integration,,,,,
tibco-businessworks-enterprise,2.8.0,false,true,,1644796800000,auto,auto,https://docs.tibco.com/pub/bwent/2.8.0/doc/zip/tib_bwent_2.8.0_doc.zip,auto,false,tibco,integration,,,,,
tibco-businessworks-enterprise,2.7.0,false,true,,1637020800000,auto,auto,https://docs.tibco.com/pub/bwent/2.7.0/doc/zip/tib_bwent_2.7.0_doc.zip,auto,false,tibco,integration,,,,,
tibco-businessworks-enterprise,2.6.0,false,true,,1632182400000,auto,auto,https://docs.tibco.com/pub/bwent/2.6.0/doc/zip/tib_bwent_2.6.0_doc.zip,auto,false,tibco,integration,,,,,
tibco-businessworks-enterprise,2.5.0,false,true,,1629158400000,auto,auto,https://docs.tibco.com/pub/bwent/2.5.0/doc/zip/tib_bwent_2.5.0_doc.zip,auto,false,tibco,integration,,,,,
tibco-businessworks-enterprise,2.4.0,false,true,,1621468800000,auto,auto,https://docs.tibco.com/pub/bwent/2.4.0/doc/zip/tib_bwent_2.4.0_doc.zip,auto,false,tibco,integration,,,,,
tibco-businessworks-enterprise,2.3.0,false,true,,1613520000000,auto,auto,https://docs.tibco.com/pub/bwent/2.3.0/doc/zip/tib_bwent_2.3.0_doc.zip,auto,false,tibco,integration,,,,,
tibco-businessworks-enterprise,2.2.0,false,true,,1606694400000,auto,auto,https://docs.tibco.com/pub/bwent/2.2.0/doc/zip/tib_bwent_2.2.0_doc.zip,auto,false,tibco,integration,,,,,
tibco-businessworks-enterprise,2.1.0,false,true,,1605657600000,auto,auto,https://docs.tibco.com/pub/bwent/2.1.0/doc/zip/tib_bwent_2.1.0_doc.zip,auto,false,tibco,integration,,,,,
tibco-businessworks-enterprise,2.0.0,false,true,,1591228800000,auto,auto,https://docs.tibco.com/pub/bwent/2.0.0/doc/zip/tib_bwent_2.0.0_doc.zip,auto,false,tibco,integration,,,,,
tibco-businessworks-enterprise,1.9.0,false,true,,1588118400000,auto,auto,https://docs.tibco.com/pub/bwent/1.9.0/doc/zip/tib_bwent_1.9.0_doc.zip,auto,false,tibco,integration,,,,,
tibco-businessworks-enterprise,1.8.0,false,true,,2019-11-19,auto,auto,https://docs.tibco.com/pub/bwent/1.8.0/doc/zip/tib_bwent_1.8.0_doc.zip,auto,false,tibco,integration,,,,,
tibco-businessworks-enterprise,1.7.0,false,true,,2019-07-15,auto,auto,https://docs.tibco.com/pub/bwent/1.7.0/doc/zip/tib_bwent_1.7.0_doc.zip,auto,false,tibco,integration,,,,,
tibco-businessworks-enterprise,1.6.0,false,true,,2019-02-28,auto,auto,https://docs.tibco.com/pub/bwent/1.6.0/doc/zip/tib_bwent_1.6.0_doc.zip,auto,false,tibco,integration,,,,,
tibco-businessworks-enterprise,1.5.0,false,true,,2018-12-07,auto,auto,https://docs.tibco.com/pub/bwent/1.5.0/doc/zip/tib_bwent_1.5.0_doc.zip,auto,false,tibco,integration,,,,,
tibco-businessworks-enterprise,1.4.0,false,true,,2018-10-17,auto,auto,https://docs.tibco.com/pub/bwent/1.4.0/doc/zip/tib_bwent_1.4.0_doc.zip,auto,false,tibco,integration,,,,,
tibco-businessworks-enterprise,1.3.0,true,false,,2022-01-11,auto,auto,https://docs.tibco.com/pub/bwent/tibco-businessworks-enterprise-1-3-0_documentation.zip,auto,false,tibco,integration,,,,,
tibco-businessworks-enterprise,1.2.0,true,false,,2022-01-11,auto,auto,https://docs.tibco.com/pub/bwent/tibco-businessworks-enterprise-1-2-0_documentation.zip,auto,false,tibco,integration,,,,,
tibco-businessworks-enterprise,1.1.0,true,false,,2022-01-11,auto,auto,https://docs.tibco.com/pub/bwent/tibco-businessworks-enterprise-1-1-0_documentation.zip,auto,false,tibco,integration,,,,,
tibco-businessworks-formbuilder,5.3.2,false,true,,2017-09-07,auto,auto,https://docs.tibco.com/pub/formbuilder/5.3.2/doc/zip/tib_formbuilder_5.3.2_doc.zip,auto,false,tibco,integration,,,,,
tibco-businessworks-formbuilder,5.3.1,false,true,,2015-05-13,auto,auto,https://docs.tibco.com/pub/formbuilder/5.3.1/doc/zip/tib_formbuilder_5.3.1_doc.zip,auto,false,tibco,integration,,,,,
tibco-businessworks-formbuilder,5.3,false,true,,2011-06-25,auto,auto,https://docs.tibco.com/pub/formbuilder/5.3.0_march_2007/doc/zip/tib_formbuilder_5.3.0_march_2007_doc.zip,auto,false,tibco,integration,,,,,
tibco-businessworks-integrationmanager-plug-in,1.0,false,true,,2011-06-23,auto,auto,https://docs.tibco.com/pub/businessworks_integrationmanager_plugin/1.0.0_october_2004/doc/zip/tib_businessworks_integrationmanager_plugin_1.0.0_october_2004_doc.zip,auto,false,tibco,integration,,,,,
tibco-businessworks-plug-in-for-ai,6.0.1,false,true,,2026-05-21,auto,auto,https://docs.tibco.com/pub/bwpluginai/6.0.1/doc/zip/tib_bwpluginai_6.0.1_doc.zip,auto,false,tibco,integration,,,,,
tibco-businessworks-plug-in-for-ai,6.0.0,false,true,,2026-01-13,auto,auto,https://docs.tibco.com/pub/bwpluginai/6.0.0/doc/zip/tib_bwpluginai_6.0.0_doc.zip,auto,false,tibco,integration,,,,,
tibco-businessworks-processmonitor,3.2.0,true,false,,2016-06-27,auto,auto,https://docs.tibco.com/pub/bwpm/tibco-businessworks-processmonitor-3-2-0_documentation.zip,auto,false,tibco,integration,,,,,
tibco-businessworks-processmonitor,3.1.0,false,true,,1444867200000,auto,auto,https://docs.tibco.com/pub/bwpm/3.1.0/doc/zip/tib_bwpm_3.1.0_doc.zip,auto,false,tibco,integration,,,,,
tibco-businessworks-processmonitor,3.0.2,false,true,,2015-06-22,auto,auto,https://docs.tibco.com/pub/bwpm/3.0.2/doc/zip/tib_bwpm_3.0.2_doc.zip,auto,false,tibco,integration,,,,,
tibco-businessworks-processmonitor,3.0.1,false,true,,2015-11-10,auto,auto,https://docs.tibco.com/pub/bwpm/3.0.1/doc/zip/tib_bwpm_3.0.1_doc.zip,auto,false,tibco,integration,,,,,
tibco-businessworks-processmonitor,3.0.0,false,true,,2014-07-18,auto,auto,https://docs.tibco.com/pub/bwpm/3.0.0/doc/zip/tib_bwpm_3.0.0_doc.zip,auto,false,tibco,integration,,,,,
tibco-businessworks-processmonitor,2.2.1,false,true,,2014-02-26,auto,auto,https://docs.tibco.com/pub/businesswork_process_monitor/2.2.1-mar-2014/doc/zip/tib_businesswork_process_monitor_2.2.1-mar-2014_doc.zip,auto,false,tibco,integration,,,,,
tibco-businessworks-processmonitor,2.2.0,false,true,,2013-11-04,auto,auto,https://docs.tibco.com/pub/businesswork_process_monitor/2.2.0_November_2013/doc/zip/tib_businesswork_process_monitor_2.2.0_November_2013_doc.zip,auto,false,tibco,integration,,,,,
tibco-businessworks-processmonitor,2.1.2,false,true,,2013-05-27,auto,auto,https://docs.tibco.com/pub/businesswork_process_monitor/2.1.2_may-2013/doc/zip/tib_businesswork_process_monitor_2.1.2_may-2013_doc.zip,auto,false,tibco,integration,,,,,
tibco-businessworks-processmonitor,2.1.0,false,true,,1362528000000,auto,auto,https://docs.tibco.com/pub/businesswork_process_monitor/2.1.0-february-2013/doc/zip/tib_businesswork_process_monitor_2.1.0-february-2013_doc.zip,auto,false,tibco,integration,,,,,
tibco-businessworks-processmonitor,2.0.0,false,true,,2012-12-06,auto,auto,https://docs.tibco.com/pub/businesswork_process_monitor/2.0.0_november_2012/doc/zip/tib_businesswork_process_monitor_2.0.0_november_2012_doc.zip,auto,false,tibco,integration,,,,,
tibco-businessworks-xa-transaction-manager,1.1.2,true,false,,2015-03-30,auto,auto,https://docs.tibco.com/pub/bwtm/tibco-businessworks-xa-transaction-manager-1-1-2_documentation.zip,auto,false,tibco,integration,,,,,
tibco-businessworks-xa-transaction-manager,1.1.1,false,true,,2013-12-03,auto,auto,https://docs.tibco.com/pub/businessworks-xa-transaction-manager/1.1.1-november-2013/doc/zip/tib_businessworks-xa-transaction-manager_1.1.1-november-2013_doc.zip,auto,false,tibco,integration,,,,,
tibco-cloud-integration-businessworks-payg,2.8.0,false,true,,2023-03-02,auto,auto,https://docs.tibco.com/pub/bwce-aws/2.8.0/doc/zip/tib_bwce-aws_2.8.0_doc.zip,auto,false,tibco,integration,,,,,
tibco-cloud-integration-businessworks-payg,2.6.1,false,true,,2021-04-26,auto,auto,https://docs.tibco.com/pub/bwce-aws/2.6.1/doc/zip/tib_bwce-aws_2.6.1_doc.zip,auto,false,tibco,integration,,,,,
tibco-cloud-integration-businessworks-payg,2.6.0,false,true,,1611792000000,auto,auto,https://docs.tibco.com/pub/bwce-aws/2.6.0/doc/zip/tib_bwce-aws_2.6.0_doc.zip,auto,false,tibco,integration,,,,,
tibco-cloud-integration-businessworks-payg,2.5.4,false,true,,2020-10-27,auto,auto,https://docs.tibco.com/pub/bwce-aws/2.5.4/doc/zip/tib_bwce-aws_2.5.4_doc.zip,auto,false,tibco,integration,,,,,
tibco-cloud-integration-businessworks-payg,2.5.3,false,true,,2020-08-18,auto,auto,https://docs.tibco.com/pub/bwce-aws/2.5.3/doc/zip/tib_bwce-aws_2.5.3_doc.zip,auto,false,tibco,integration,,,,,
tibco-cloud-integration-businessworks-payg,2.5.0,false,true,,2020-02-05,auto,auto,https://docs.tibco.com/pub/bwce-aws/2.5.0/doc/zip/tib_bwce-aws_2.5.0_doc.zip,auto,false,tibco,integration,,,,,
tibco-cloud-integration-businessworks-payg,2.4.5,false,true,,2019-09-10,auto,auto,https://docs.tibco.com/pub/bwce-aws/2.4.5/doc/zip/tib_bwce-aws_2.4.5_doc.zip,auto,false,tibco,integration,,,,,
tibco-cloud-integration-businessworks-payg,2.4.3,false,true,,2019-04-08,auto,auto,https://docs.tibco.com/pub/bwce-aws/2.4.3/doc/zip/tib_bwce-aws_2.4.3_doc.zip,auto,false,tibco,integration,,,,,
tibco-cloud-integration-businessworks-payg,2.4.2,false,true,,2019-01-22,auto,auto,https://docs.tibco.com/pub/bwce-aws/2.4.2/doc/zip/tib_bwce-aws_2.4.2_doc.zip,auto,false,tibco,integration,,,,,
tibco-cloud-integration-businessworks-payg,2.4.0,false,true,,2018-11-01,auto,auto,https://docs.tibco.com/pub/bwce-aws/2.4.0/doc/zip/tib_bwce-aws_2.4.0_doc.zip,auto,false,tibco,integration,,,,,
tibco-cloud-integration-businessworks-payg,2.3.4,false,true,,1530144000000,auto,auto,https://docs.tibco.com/pub/bwce-aws/2.3.4/doc/zip/tib_bwce-aws_2.3.4_doc.zip,auto,false,tibco,integration,,,,,
tibco-cloud-integration-businessworks-payg,2.3.3,false,true,,2018-02-28,auto,auto,https://docs.tibco.com/pub/bwce-aws/2.3.3/doc/zip/tib_bwce-aws_2.3.3_doc.zip,auto,false,tibco,integration,,,,,
tibco-cloud-integration-businessworks-payg,2.3.1,false,true,,2017-09-29,auto,auto,https://docs.tibco.com/pub/bwce-aws/2.3.1/doc/zip/tib_bwce-aws_2.3.1_doc.zip,auto,false,tibco,integration,,,,,
tibco-cloud-integration-flogo-payg,2.11.0,false,true,,2021-02-01,auto,auto,https://docs.tibco.com/pub/tci-flogo-payg/2.11.0/doc/zip/tib_tci-flogo-payg_2.11.0_doc.zip,auto,false,tibco,integration,,,,,
tibco-cloud-integration-flogo-payg,2.9.0,false,true,,1593648000000,auto,auto,https://docs.tibco.com/pub/tci-flogo-payg/2.9.0/doc/zip/tib_tci-flogo-payg_2.9.0_doc.zip,auto,false,tibco,integration,,,,,
tibco-cloud-integration-flogo-payg,2.8.0,false,true,,1580169600000,auto,auto,https://docs.tibco.com/pub/tci-flogo-payg/2.8.0/doc/zip/tib_tci-flogo-payg_2.8.0_doc.zip,auto,false,tibco,integration,,,,,
tibco-cloud-integration-flogo-payg,2.7.0,false,true,,1569196800000,auto,auto,https://docs.tibco.com/pub/tci-flogo-payg/2.7.0/doc/zip/tib_tci-flogo-payg_2.7.0_doc.zip,auto,false,tibco,integration,,,,,
tibco-cloud-integration-flogo-payg,2.6.1,false,true,,1566172800000,auto,auto,https://docs.tibco.com/pub/tci-flogo-payg/2.6.1/doc/zip/tib_tci-flogo-payg_2.6.1_doc.zip,auto,false,tibco,integration,,,,,
tibco-cloud-integration-flogo-payg,2.4.0,false,true,,2019-03-01,auto,auto,https://docs.tibco.com/pub/tci-flogo-payg/2.4.0/doc/zip/tib_tci-flogo-payg_2.4.0_doc.zip,auto,false,tibco,integration,,,,,
tibco-flogo-connection-for-microsoft-azure,1.0.0,true,false,,1542844800000,auto,auto,https://docs.tibco.com/pub/flogo-azconnection/tibco-flogo-connection-for-microsoft-azure-1-0-0_documentation.zip,auto,false,tibco,integration,,,,,
tibco-flogo-connection-for-sap,1.0.0,false,true,,1540425600000,auto,auto,https://docs.tibco.com/pub/flogo-sap/1.0.0/doc/zip/tib_flogo-sap_1.0.0_doc.zip,auto,false,tibco,integration,,,,,
tibco-flogo-connector-db-service,2.2.0,false,true,,2019-11-13,auto,auto,https://docs.tibco.com/pub/flogo-dbservice/2.2.0/doc/zip/tib_flogo-dbservice_2.2.0_doc.zip,auto,false,tibco,integration,,,,,
tibco-flogo-connector-db-service,2.1.1,false,true,,2019-08-27,auto,auto,https://docs.tibco.com/pub/flogo-dbservice/2.1.1/doc/zip/tib_flogo-dbservice_2.1.1_doc.zip,auto,false,tibco,integration,,,,,
tibco-flogo-connector-db-service,2.1.0,false,true,,2019-05-21,auto,auto,https://docs.tibco.com/pub/flogo-dbservice/2.1.0/doc/zip/tib_flogo-dbservice_2.1.0_doc.zip,auto,false,tibco,integration,,,,,
tibco-flogo-connector-db-service,2.0.1,false,true,,2019-02-14,auto,auto,https://docs.tibco.com/pub/flogo-dbservice/2.0.1/doc/zip/tib_flogo-dbservice_2.0.1_doc.zip,auto,false,tibco,integration,,,,,
tibco-flogo-connector-db-service,2.0.0,false,true,,1542672000000,auto,auto,https://docs.tibco.com/pub/flogo-dbservice/2.0.0/doc/zip/tib_flogo-dbservice_2.0.0_doc.zip,auto,false,tibco,integration,,,,,
tibco-flogo-connector-for-amazon-dynamodb,1.1.0,false,true,,2020-07-22,auto,auto,https://docs.tibco.com/pub/flogo-amazondynamodb/1.1.0/doc/zip/tib_flogo-amazondynamodb_1.1.0_doc.zip,auto,false,tibco,integration,,,,,
tibco-flogo-connector-for-amazon-dynamodb,1.0.1,false,true,,2019-11-18,auto,auto,https://docs.tibco.com/pub/flogo-amazondynamodb/1.0.1/doc/zip/tib_flogo-amazondynamodb_1.0.1_doc.zip,auto,false,tibco,integration,,,,,
tibco-flogo-connector-for-amazon-dynamodb,1.0.0,false,true,,2018-10-12,auto,auto,https://docs.tibco.com/pub/flogo-amazondynamodb/1.0.0/doc/zip/tib_flogo-amazondynamodb_1.0.0_doc.zip,auto,false,tibco,integration,,,,,
tibco-flogo-connector-for-amazon-elastic-file-system,1.0.0,false,true,,1534464000000,auto,auto,https://docs.tibco.com/pub/flogo-amazonelasticfile/1.0.0/doc/zip/tib_flogo-amazonelasticfile_1.0.0_doc.zip,auto,false,tibco,integration,,,,,
tibco-flogo-connector-for-amazon-glacier,1.0.0,false,true,,1534464000000,auto,auto,https://docs.tibco.com/pub/flogo-amazonglacier/1.0.0/doc/zip/tib_flogo-amazonglacier_1.0.0_doc.zip,auto,false,tibco,integration,,,,,
tibco-flogo-connector-for-amazon-kinesis,1.1.1,false,true,,2024-05-17,auto,auto,https://docs.tibco.com/pub/flogo-amazonkinesis/1.1.1/doc/zip/tib_flogo-amazonkinesis_1.1.1_doc.zip,auto,false,tibco,integration,,,,,
tibco-flogo-connector-for-amazon-kinesis,1.1.0,true,false,,2020-11-10,auto,auto,https://docs.tibco.com/pub/flogo-amazonkinesis/tibco-flogo-connector-for-amazon-kinesis-1-1-0_documentation.zip,auto,false,tibco,integration,,,,,
tibco-flogo-connector-for-amazon-redshift,2.1.0,false,true,,2022-03-25,auto,auto,https://docs.tibco.com/pub/flogo-redshift/2.1.0/doc/zip/tib_flogo-redshift_2.1.0_doc.zip,auto,false,tibco,integration,,,,,
tibco-flogo-connector-for-amazon-redshift,2.0.1,true,false,,2019-02-21,auto,auto,,auto,false,tibco,integration,,,,,
tibco-flogo-connector-for-amazon-redshift,2.0.0,true,false,,1543276800000,auto,auto,,auto,false,tibco,integration,,,,,
tibco-flogo-connector-for-amazon-s3,1.3.1,false,true,,2023-11-24,auto,auto,https://docs.tibco.com/pub/flogo-amazons3/1.3.1/doc/zip/tib_flogo-amazons3_1.3.1_doc.zip,auto,false,tibco,integration,,,,,
tibco-flogo-connector-for-amazon-s3,1.2.0,true,false,,2020-02-14,auto,auto,https://docs.tibco.com/pub/flogo-amazons3/tibco-flogo-connector-for-amazon-s3-1-2-0_documentation.zip,auto,false,tibco,integration,,,,,
tibco-flogo-connector-for-amazon-s3,1.1.0,true,false,,2019-05-30,auto,auto,https://docs.tibco.com/pub/flogo-amazons3/tibco-flogo-connector-for-amazon-s3-1-1-0_documentation.zip,auto,false,tibco,integration,,,,,
tibco-flogo-connector-for-amazon-s3,1.0.0,true,false,,2019-01-15,auto,auto,https://docs.tibco.com/pub/flogo-amazons3/tibco-flogo-connector-for-amazon-s3-1-0-0_documentation.zip,auto,false,tibco,integration,,,,,
tibco-flogo-connector-for-amazon-sns,1.0.1,false,true,,2023-11-21,auto,auto,https://docs.tibco.com/pub/flogo-sns/1.0.1/doc/zip/tib_flogo-sns_1.0.1_doc.zip,auto,false,tibco,integration,,,,,
tibco-flogo-connector-for-amazon-sns,1.0.0,true,false,,2020-04-30,auto,auto,https://docs.tibco.com/pub/flogo-sns/tibco-flogo-connector-for-amazon-sns-1-0-0_documentation.zip,auto,false,tibco,integration,,,,,
tibco-flogo-connector-for-amazon-sqs,1.0.1,false,true,,2023-11-24,auto,auto,https://docs.tibco.com/pub/flogo-sqs/1.0.1/doc/zip/tib_flogo-sqs_1.0.1_doc.zip,auto,false,tibco,integration,,,,,
tibco-flogo-connector-for-amazon-sqs,1.0.0,true,false,,2020-04-14,auto,auto,https://docs.tibco.com/pub/flogo-sqs/tibco-flogo-connector-for-amazon-sqs-1-0-0_documentation.zip,auto,false,tibco,integration,,,,,
tibco-flogo-connector-for-apache-avro,1.1.1,false,true,,2019-07-12,auto,auto,https://docs.tibco.com/pub/flogo-avro/1.1.1/doc/zip/tib_flogo-avro_1.1.1_doc.zip,auto,false,tibco,integration,,,,,
tibco-flogo-connector-for-apache-avro,1.1.0,false,true,,2018-11-21,auto,auto,https://docs.tibco.com/pub/flogo-avro/1.1.0/doc/zip/tib_flogo-avro_1.1.0_doc.zip,auto,false,tibco,integration,,,,,
tibco-flogo-connector-for-apache-avro,1.0.0,false,true,,1527206400000,auto,auto,https://docs.tibco.com/pub/flogo-avro/1.0.0/doc/zip/tib_flogo-avro_1.0.0_doc.zip,auto,false,tibco,integration,,,,,
tibco-flogo-connector-for-apache-couchdb,1.0.0,false,true,,1543276800000,auto,auto,https://docs.tibco.com/pub/flogo-couchdb/1.0.0/doc/zip/tib_flogo-couchdb_1.0.0_doc.zip,auto,false,tibco,integration,,,,,
tibco-flogo-connector-for-apache-kafka,1.3.3,false,true,,2025-02-04,auto,auto,https://docs.tibco.com/pub/flogo-kafka/1.3.3/doc/zip/tib_flogo-kafka_1.3.3_doc.zip,auto,false,tibco,integration,,,,,
tibco-flogo-connector-for-apache-kafka,1.3.2,false,true,,2024-02-15,auto,auto,https://docs.tibco.com/pub/flogo-kafka/1.3.2/doc/zip/tib_flogo-kafka_1.3.2_doc.zip,auto,false,tibco,integration,,,,,
tibco-flogo-connector-for-apache-kafka,1.3.1,false,true,,2023-11-21,auto,auto,https://docs.tibco.com/pub/flogo-kafka/1.3.1/doc/zip/tib_flogo-kafka_1.3.1_doc.zip,auto,false,tibco,integration,,,,,
tibco-flogo-connector-for-apache-kafka,1.1.1,true,false,,1550707200000,auto,auto,https://docs.tibco.com/pub/flogo-kafka/tibco-flogo-connector-for-apache-kafka-1-1-1_documentation.zip,auto,false,tibco,integration,,,,,
tibco-flogo-connector-for-apache-kafka,1.1.0,true,false,,2018-12-12,auto,auto,https://docs.tibco.com/pub/flogo-kafka/tibco-flogo-connector-for-apache-kafka-1-1-0_documentation.zip,auto,false,tibco,integration,,,,,
tibco-flogo-connector-for-apache-kafka,1.0.0,true,false,,1537833600000,auto,auto,https://docs.tibco.com/pub/flogo-kafka/tibco-flogo-connector-for-apache-kafka-1-0-0_documentation.zip,auto,false,tibco,integration,,,,,
tibco-flogo-connector-for-apache-pulsar,1.3.4,false,true,,2025-02-04,auto,auto,https://docs.tibco.com/pub/flogo-pulsar/1.3.4/doc/zip/tib_flogo-pulsar_1.3.4_doc.zip,auto,false,tibco,integration,,,,,
tibco-flogo-connector-for-apache-pulsar,1.3.3,false,true,,2024-09-02,auto,auto,https://docs.tibco.com/pub/flogo-pulsar/1.3.3/doc/zip/tib_flogo-pulsar_1.3.3_doc.zip,auto,false,tibco,integration,,,,,
tibco-flogo-connector-for-apache-pulsar,1.3.2,false,true,,2023-11-22,auto,auto,https://docs.tibco.com/pub/flogo-pulsar/1.3.2/doc/zip/tib_flogo-pulsar_1.3.2_doc.zip,auto,false,tibco,integration,,,,,
tibco-flogo-connector-for-apache-pulsar,1.3.1,false,true,,2023-11-24,auto,auto,https://docs.tibco.com/pub/flogo-pulsar/1.3.1/doc/zip/tib_flogo-pulsar_1.3.1_doc.zip,auto,false,tibco,integration,,,,,
tibco-flogo-connector-for-apache-solr,1.1.0,false,true,,2018-11-21,auto,auto,https://docs.tibco.com/pub/flogo-solr/1.1.0/doc/zip/tib_flogo-solr_1.1.0_doc.zip,auto,false,tibco,integration,,,,,
tibco-flogo-connector-for-apache-solr,1.0.0,false,true,,1527206400000,auto,auto,https://docs.tibco.com/pub/flogo-solr/1.0.0/doc/zip/tib_flogo-solr_1.0.0_doc.zip,auto,false,tibco,integration,,,,,
tibco-flogo-connector-for-data-conversion,1.0.0,false,true,,2020-08-11,auto,auto,https://docs.tibco.com/pub/flogo-data-conversion/1.0.0/doc/zip/tib_flogo-data-conversion_1.0.0_doc.zip,auto,false,tibco,integration,,,,,
tibco-flogo-connector-for-docusign,3.0.1,false,true,,2024-05-16,auto,auto,https://docs.tibco.com/pub/flogo-docusign/3.0.1/doc/zip/tib_flogo-docusign_3.0.1_doc.zip,auto,false,tibco,integration,,,,,
tibco-flogo-connector-for-github,1.0.0,false,true,,1540684800000,auto,auto,https://docs.tibco.com/pub/flogo-github/1.0.0/doc/zip/tib_flogo-github_1.0.0_doc.zip,auto,false,tibco,integration,,,,,
tibco-flogo-connector-for-google-cloud-pub-sub,1.0.1,false,true,,2024-08-27,auto,auto,https://docs.tibco.com/pub/flogo-gcps/1.0.1/doc/zip/tib_flogo-gcps_1.0.1_doc.zip,auto,false,tibco,integration,,,,,
tibco-flogo-connector-for-google-cloud-pub-sub,1.0.0,true,false,,1616457600000,auto,auto,https://docs.tibco.com/pub/flogo-gcps/tibco-flogo-connector-for-google-cloud-pub-sub-1-0-0_documentation.zip,auto,false,tibco,integration,,,,,
tibco-flogo-connector-for-google-cloud-sql,1.0.0,false,true,,2019-03-07,auto,auto,https://docs.tibco.com/pub/flogo-googlecloudsql/1.0.0/doc/zip/tib_flogo-googlecloudsql_1.0.0_doc.zip,auto,false,tibco,integration,,,,,
tibco-flogo-connector-for-google-cloud-storage,1.0.0,false,true,,1534464000000,auto,auto,https://docs.tibco.com/pub/flogo-googlecloudstorage/1.0.0/doc/zip/tib_flogo-googlecloudstorage_1.0.0_doc.zip,auto,false,tibco,integration,,,,,
tibco-flogo-connector-for-google-docs,1.1.0,false,true,,2022-03-25,auto,auto,https://docs.tibco.com/pub/flogo-gdocs/1.1.0/doc/zip/tib_flogo-gdocs_1.1.0_doc.zip,auto,false,tibco,integration,,,,,
tibco-flogo-connector-for-google-docs,1.0.0,false,true,,1539734400000,auto,auto,https://docs.tibco.com/pub/flogo-gdocs/1.0.0/doc/zip/tib_flogo-gdocs_1.0.0_doc.zip,auto,false,tibco,integration,,,,,
tibco-flogo-connector-for-google-sheets,1.0.0,false,true,,1534723200000,auto,auto,https://docs.tibco.com/pub/flogo-gsheets/1.0.0/doc/zip/tib_flogo-gsheets_1.0.0_doc.zip,auto,false,tibco,integration,,,,,
tibco-flogo-connector-for-greenplum-database,2.1.0,false,true,,2022-03-25,auto,auto,https://docs.tibco.com/pub/flogo-greenplumdb/2.1.0/doc/zip/tib_flogo-greenplumdb_2.1.0_doc.zip,auto,false,tibco,integration,,,,,
tibco-flogo-connector-for-greenplum-database,2.0.0,true,false,,2019-02-21,auto,auto,,auto,false,tibco,integration,,,,,
tibco-flogo-connector-for-http,1.1.1,false,true,,2023-11-22,auto,auto,https://docs.tibco.com/pub/flogo-http/1.1.1/doc/zip/tib_flogo-http_1.1.1_doc.zip,auto,false,tibco,integration,,,,,
tibco-flogo-connector-for-hubspot,2.1.0,false,true,,1603152000000,auto,auto,https://docs.tibco.com/pub/flogo-hubspot/2.1.0/doc/zip/tib_flogo-hubspot_2.1.0_doc.zip,auto,false,tibco,integration,,,,,
tibco-flogo-connector-for-ibm-mq,2.2.0,false,true,,2025-02-28,auto,auto,https://docs.tibco.com/pub/flogo-ibmmq/2.2.0/doc/zip/tib_flogo-ibmmq_2.2.0_doc.zip,auto,false,tibco,integration,,,,,
tibco-flogo-connector-for-ibm-mq,1.0.0,false,true,,2019-05-15,auto,auto,https://docs.tibco.com/pub/flogo-ibmmq/1.0.0/doc/zip/tib_flogo-ibmmq_1.0.0_doc.zip,auto,false,tibco,integration,,,,,
tibco-flogo-connector-for-jira,1.0.1,false,true,,2019-01-30,auto,auto,https://docs.tibco.com/pub/flogo-jira/1.0.1/doc/zip/tib_flogo-jira_1.0.1_doc.zip,auto,false,tibco,integration,,,,,
tibco-flogo-connector-for-jira,1.0.0,false,true,,1534464000000,auto,auto,https://docs.tibco.com/pub/flogo-jira/1.0.0/doc/zip/tib_flogo-jira_1.0.0_doc.zip,auto,false,tibco,integration,,,,,
tibco-flogo-connector-for-magento,2.0.0,false,true,,2019-06-05,auto,auto,https://docs.tibco.com/pub/flogo-magento/2.0.0/doc/zip/tib_flogo-magento_2.0.0_doc.zip,auto,false,tibco,integration,,,,,
tibco-flogo-connector-for-mailchimp,1.0.1,false,true,,2025-05-15,auto,auto,https://docs.tibco.com/pub/flogo-mailchimp/1.0.1/doc/zip/tib_flogo-mailchimp_1.0.1_doc.zip,auto,false,tibco,integration,,,,,
tibco-flogo-connector-for-mailchimp,1.0.0,false,true,,1534896000000,auto,auto,https://docs.tibco.com/pub/flogo-mailchimp/1.0.0/doc/zip/tib_flogo-mailchimp_1.0.0_doc.zip,auto,false,tibco,integration,,,,,
tibco-flogo-connector-for-marketo,1.2.1,false,true,,2021-08-11,auto,auto,https://docs.tibco.com/pub/flogo-marketo/1.2.1/doc/zip/tib_flogo-marketo_1.2.1_doc.zip,auto,false,tibco,integration,,,,,
tibco-flogo-connector-for-marketo,1.2.0,false,true,,2021-01-25,auto,auto,https://docs.tibco.com/pub/flogo-marketo/1.2.0/doc/zip/tib_flogo-marketo_1.2.0_doc.zip,auto,false,tibco,integration,,,,,
tibco-flogo-connector-for-marketo,1.1.1,false,true,,2019-05-22,auto,auto,https://docs.tibco.com/pub/flogo-marketo/1.1.1/doc/zip/tib_flogo-marketo_1.1.1_doc.zip,auto,false,tibco,integration,,,,,
tibco-flogo-connector-for-marketo,1.1.0,false,true,,2018-12-12,auto,auto,https://docs.tibco.com/pub/flogo-marketo/1.1.0/doc/zip/tib_flogo-marketo_1.1.0_doc.zip,auto,false,tibco,integration,,,,,
tibco-flogo-connector-for-marketo,1.0.0,false,true,,1534723200000,auto,auto,https://docs.tibco.com/pub/flogo-marketo/1.0.0/doc/zip/tib_flogo-marketo_1.0.0_doc.zip,auto,false,tibco,integration,,,,,
tibco-flogo-connector-for-microsoft-azure-data-factory,1.1.1,false,true,,2024-06-21,auto,auto,https://docs.tibco.com/pub/flogo-azdatafactory/1.1.1/doc/zip/tib_flogo-azdatafactory_1.1.1_doc.zip,auto,false,tibco,integration,,,,,
tibco-flogo-connector-for-microsoft-azure-data-factory,1.0.1,true,false,,2019-08-28,auto,auto,,auto,false,tibco,integration,,,,,
tibco-flogo-connector-for-microsoft-azure-data-factory,1.0.0,true,false,,1542844800000,auto,auto,,auto,false,tibco,integration,,,,,
tibco-flogo-connector-for-microsoft-azure-service-bus,1.4.3,false,true,,2025-01-23,auto,auto,https://docs.tibco.com/pub/flogo-azservicebus/1.4.3/doc/zip/tib_flogo-azservicebus_1.4.3_doc.zip,auto,false,tibco,integration,,,,,
tibco-flogo-connector-for-microsoft-azure-service-bus,1.4.1,false,true,,2023-11-21,auto,auto,https://docs.tibco.com/pub/flogo-azservicebus/1.4.1/doc/zip/tib_flogo-azservicebus_1.4.1_doc.zip,auto,false,tibco,integration,,,,,
tibco-flogo-connector-for-microsoft-azure-service-bus,1.2.1,true,false,,2022-04-07,auto,auto,,auto,false,tibco,integration,,,,,
tibco-flogo-connector-for-microsoft-azure-service-bus,1.2.0,true,false,,2021-07-27,auto,auto,https://docs.tibco.com/pub/flogo-azservicebus/tibco-flogo-connector-for-microsoft-azure-service-bus-1-2-0_documentation.zip,auto,false,tibco,integration,,,,,
tibco-flogo-connector-for-microsoft-azure-service-bus,1.1.0,true,false,,2019-05-16,auto,auto,https://docs.tibco.com/pub/flogo-azservicebus/tibco-flogo-connector-for-microsoft-azure-service-bus-1-1-0_documentation.zip,auto,false,tibco,integration,,,,,
tibco-flogo-connector-for-microsoft-azure-service-bus,1.0.0,true,false,,2018-08-31,auto,auto,https://docs.tibco.com/pub/flogo-azservicebus/tibco-flogo-connector-for-microsoft-azure-service-bus-1-0-0_documentation.zip,auto,false,tibco,integration,,,,,
tibco-flogo-connector-for-microsoft-azure-storage,1.2.0,false,true,,2025-02-25,auto,auto,https://docs.tibco.com/pub/flogo-azstorage/1.2.0/doc/zip/tib_flogo-azstorage_1.2.0_doc.zip,auto,false,tibco,integration,,,,,
tibco-flogo-connector-for-microsoft-azure-storage,1.1.3,false,true,,2024-05-16,auto,auto,https://docs.tibco.com/pub/flogo-azstorage/1.1.3/doc/zip/tib_flogo-azstorage_1.1.3_doc.zip,auto,false,tibco,integration,,,,,
tibco-flogo-connector-for-microsoft-azure-storage,1.1.1,true,false,,2020-05-12,auto,auto,https://docs.tibco.com/pub/flogo-azstorage/tibco-flogo-connector-for-microsoft-azure-storage-1-1-1_documentation.zip,auto,false,tibco,integration,,,,,
tibco-flogo-connector-for-microsoft-azure-storage,1.1.0,true,false,,2019-11-15,auto,auto,https://docs.tibco.com/pub/flogo-azstorage/tibco-flogo-connector-for-microsoft-azure-storage-1-1-0_documentation.zip,auto,false,tibco,integration,,,,,
tibco-flogo-connector-for-microsoft-azure-storage,1.0.0,true,false,,2018-08-20,auto,auto,https://docs.tibco.com/pub/flogo-azstorage/tibco-flogo-connector-for-microsoft-azure-storage-1-0-0_documentation.zip,auto,false,tibco,integration,,,,,
tibco-flogo-connector-for-microsoft-sql-server,2.6.1,false,true,,2024-02-16,auto,auto,https://docs.tibco.com/pub/flogo-mssql/2.6.1/doc/zip/tib_flogo-mssql_2.6.1_doc.zip,auto,false,tibco,integration,,,,,
tibco-flogo-connector-for-microsoft-sql-server,2.1.0,true,false,,2019-08-27,auto,auto,https://docs.tibco.com/pub/flogo-mssql/tibco-flogo-connector-for-microsoft-sql-server-2-1-0_documentation.zip,auto,false,tibco,integration,,,,,
tibco-flogo-connector-for-microsoft-sql-server,2.0.0,true,false,,2019-02-21,auto,auto,https://docs.tibco.com/pub/flogo-mssql/tibco-flogo-connector-for-microsoft-sql-server-2-0-0_documentation.zip,auto,false,tibco,integration,,,,,
tibco-flogo-connector-for-mongodb,1.1.1,false,true,,2024-05-14,auto,auto,https://docs.tibco.com/pub/flogo-mongodb/1.1.1/doc/zip/tib_flogo-mongodb_1.1.1_doc.zip,auto,false,tibco,integration,,,,,
tibco-flogo-connector-for-mongodb,1.0.0,true,false,,2019-11-19,auto,auto,https://docs.tibco.com/pub/flogo-mongodb/tibco-flogo-connector-for-mongodb-1-0-0_documentation.zip,auto,false,tibco,integration,,,,,
tibco-flogo-connector-for-mqtt,1.3.1,false,true,,2023-11-21,auto,auto,https://docs.tibco.com/pub/flogo-mqtt/1.3.1/doc/zip/tib_flogo-mqtt_1.3.1_doc.zip,auto,false,tibco,integration,,,,,
tibco-flogo-connector-for-mqtt,1.1.0,true,false,,2019-11-05,auto,auto,https://docs.tibco.com/pub/flogo-mqtt/tibco-flogo-connector-for-mqtt-1-1-0_documentation.zip,auto,false,tibco,integration,,,,,
tibco-flogo-connector-for-mqtt,1.0.0,true,false,,2018-11-26,auto,auto,https://docs.tibco.com/pub/flogo-mqtt/tibco-flogo-connector-for-mqtt-1-0-0_documentation.zip,auto,false,tibco,integration,,,,,
tibco-flogo-connector-for-odata,1.0.0,false,true,,2024-09-03,auto,auto,https://docs.tibco.com/pub/flogo-odata/1.0.0/doc/zip/tib_flogo-odata_1.0.0_doc.zip,auto,false,tibco,integration,,,,,
tibco-flogo-connector-for-oracle-database,1.2.2,false,true,,2025-02-06,auto,auto,https://docs.tibco.com/pub/flogo-oracledb/1.2.2/doc/zip/tib_flogo-oracledb_1.2.2_doc.zip,auto,false,tibco,integration,,,,,
tibco-flogo-connector-for-oracle-database,1.2.1,false,true,,2024-05-27,auto,auto,https://docs.tibco.com/pub/flogo-oracledb/1.2.1/doc/zip/tib_flogo-oracledb_1.2.1_doc.zip,auto,false,tibco,integration,,,,,
tibco-flogo-connector-for-oracle-database,1.0.1,true,false,,2020-11-12,auto,auto,https://docs.tibco.com/pub/flogo-oracledb/tibco-flogo-connector-for-oracle-database-1-0-1_documentation.zip,auto,false,tibco,integration,,,,,
tibco-flogo-connector-for-oracle-database,1.0.0,true,false,,2020-02-18,auto,auto,https://docs.tibco.com/pub/flogo-oracledb/tibco-flogo-connector-for-oracle-database-1-0-0_documentation.zip,auto,false,tibco,integration,,,,,
tibco-flogo-connector-for-oracle-mysql,2.4.5,false,true,,2024-02-15,auto,auto,https://docs.tibco.com/pub/flogo-mysql/2.4.5/doc/zip/tib_flogo-mysql_2.4.5_doc.zip,auto,false,tibco,integration,,,,,
tibco-flogo-connector-for-oracle-mysql,2.2.0,true,false,,2019-11-08,auto,auto,https://docs.tibco.com/pub/flogo-mysql/tibco-flogo-connector-for-oracle-mysql-2-2-0_documentation.zip,auto,false,tibco,integration,,,,,
tibco-flogo-connector-for-oracle-mysql,2.1.0,true,false,,2019-08-27,auto,auto,https://docs.tibco.com/pub/flogo-mysql/tibco-flogo-connector-for-oracle-mysql-2-1-0_documentation.zip,auto,false,tibco,integration,,,,,
tibco-flogo-connector-for-oracle-mysql,2.0.0,true,false,,2019-05-29,auto,auto,https://docs.tibco.com/pub/flogo-mysql/tibco-flogo-connector-for-oracle-mysql-2-0-0_documentation.zip,auto,false,tibco,integration,,,,,
tibco-flogo-connector-for-postgresql,2.7.1,false,true,,2024-02-16,auto,auto,https://docs.tibco.com/pub/flogo-postgres/2.7.1/doc/zip/tib_flogo-postgres_2.7.1_doc.zip,auto,false,tibco,integration,,,,,
tibco-flogo-connector-for-postgresql,2.1.0,true,false,,2019-08-27,auto,auto,https://docs.tibco.com/pub/flogo-postgres/tibco-flogo-connector-for-postgresql-2-1-0_documentation.zip,auto,false,tibco,integration,,,,,
tibco-flogo-connector-for-postgresql,2.0.1,true,false,,2019-02-21,auto,auto,https://docs.tibco.com/pub/flogo-postgres/tibco-flogo-connector-for-postgresql-2-0-1_documentation.zip,auto,false,tibco,integration,,,,,
tibco-flogo-connector-for-postgresql,2.0.0,true,false,,1543276800000,auto,auto,https://docs.tibco.com/pub/flogo-postgres/tibco-flogo-connector-for-postgresql-2-0-0_documentation.zip,auto,false,tibco,integration,,,,,
tibco-flogo-connector-for-redis,1.3.0,false,true,,2024-05-27,auto,auto,https://docs.tibco.com/pub/flogo-redis/1.3.0/doc/zip/tib_flogo-redis_1.3.0_doc.zip,auto,false,tibco,integration,,,,,
tibco-flogo-connector-for-redis,1.1.0,true,false,,2021-08-05,auto,auto,https://docs.tibco.com/pub/flogo-redis/tibco-flogo-connector-for-redis-1-1-0_documentation.zip,auto,false,tibco,integration,,,,,
tibco-flogo-connector-for-redis,1.0.0,true,false,,2018-10-03,auto,auto,https://docs.tibco.com/pub/flogo-redis/tibco-flogo-connector-for-redis-1-0-0_documentation.zip,auto,false,tibco,integration,,,,,
tibco-flogo-connector-for-riak,1.0.0,false,true,,1543190400000,auto,auto,https://docs.tibco.com/pub/flogo-riak/1.0.0/doc/zip/tib_flogo-riak_1.0.0_doc.zip,auto,false,tibco,integration,,,,,
tibco-flogo-connector-for-salesforce-com,1.3.7,false,true,,2024-09-02,auto,auto,https://docs.tibco.com/pub/flogo-salesforce/1.3.7/doc/zip/tib_flogo-salesforce_1.3.7_doc.zip,auto,false,tibco,integration,,,,,
tibco-flogo-connector-for-salesforce-com,1.3.5,false,true,,2023-11-21,auto,auto,https://docs.tibco.com/pub/flogo-salesforce/1.3.5/doc/zip/tib_flogo-salesforce_1.3.5_doc.zip,auto,false,tibco,integration,,,,,
tibco-flogo-connector-for-salesforce-com,1.3.3,false,true,,2022-03-25,auto,auto,https://docs.tibco.com/pub/flogo-salesforce/1.3.3/doc/zip/tib_flogo-salesforce_1.3.3_doc.zip,auto,false,tibco,integration,,,,,
tibco-flogo-connector-for-salesforce-com,1.3.2,false,true,,2021-08-10,auto,auto,https://docs.tibco.com/pub/flogo-salesforce/1.3.2/doc/zip/tib_flogo-salesforce_1.3.2_doc.zip,auto,false,tibco,integration,,,,,
tibco-flogo-connector-for-salesforce-com,1.3.1,false,true,,2021-02-02,auto,auto,https://docs.tibco.com/pub/flogo-salesforce/1.3.1/doc/zip/tib_flogo-salesforce_1.3.1_doc.zip,auto,false,tibco,integration,,,,,
tibco-flogo-connector-for-salesforce-com,1.3.0,false,true,,2020-08-12,auto,auto,https://docs.tibco.com/pub/flogo-salesforce/1.3.0/doc/zip/tib_flogo-salesforce_1.3.0_doc.zip,auto,false,tibco,integration,,,,,
tibco-flogo-connector-for-salesforce-com,1.2.0,false,true,,2020-05-12,auto,auto,https://docs.tibco.com/pub/flogo-salesforce/1.2.0/doc/zip/tib_flogo-salesforce_1.2.0_doc.zip,auto,false,tibco,integration,,,,,
tibco-flogo-connector-for-salesforce-com,1.1.1,false,true,,2019-05-22,auto,auto,https://docs.tibco.com/pub/flogo-salesforce/1.1.1/doc/zip/tib_flogo-salesforce_1.1.1_doc.zip,auto,false,tibco,integration,,,,,
tibco-flogo-connector-for-salesforce-com,1.1.0,false,true,,2018-12-12,auto,auto,https://docs.tibco.com/pub/flogo-salesforce/1.1.0/doc/zip/tib_flogo-salesforce_1.1.0_doc.zip,auto,false,tibco,integration,,,,,
tibco-flogo-connector-for-salesforce-com,1.0.0,false,true,,1534723200000,auto,auto,https://docs.tibco.com/pub/flogo-salesforce/1.0.0/doc/zip/tib_flogo-salesforce_1.0.0_doc.zip,auto,false,tibco,integration,,,,,
tibco-flogo-connector-for-salesforce-com-einstein-analytics,1.0.1,false,true,,2020-09-30,auto,auto,https://docs.tibco.com/pub/flogo-einstein/1.0.1/doc/zip/tib_flogo-einstein_1.0.1_doc.zip,auto,false,tibco,integration,,,,,
tibco-flogo-connector-for-salesforce-com-einstein-analytics,1.0.0,false,true,,1538438400000,auto,auto,https://docs.tibco.com/pub/flogo-einstein/1.0.0/doc/zip/tib_flogo-einstein_1.0.0_doc.zip,auto,false,tibco,integration,,,,,
tibco-flogo-connector-for-salesforce-pardot,2.0.0,false,true,,2021-03-26,auto,auto,https://docs.tibco.com/pub/flogo-sfpardot/2.0.0/doc/zip/tib_flogo-sfpardot_2.0.0_doc.zip,auto,false,tibco,integration,,,,,
tibco-flogo-connector-for-salesforce-pardot,1.0.2,false,true,,2019-08-08,auto,auto,https://docs.tibco.com/pub/flogo-sfpardot/1.0.2/doc/zip/tib_flogo-sfpardot_1.0.2_doc.zip,auto,false,tibco,integration,,,,,
tibco-flogo-connector-for-salesforce-pardot,1.0.1,false,true,,2018-11-26,auto,auto,https://docs.tibco.com/pub/flogo-sfpardot/1.0.1/doc/zip/tib_flogo-sfpardot_1.0.1_doc.zip,auto,false,tibco,integration,,,,,
tibco-flogo-connector-for-salesforce-pardot,1.0.0,false,true,,1534723200000,auto,auto,https://docs.tibco.com/pub/flogo-sfpardot/1.0.0/doc/zip/tib_flogo-sfpardot_1.0.0_doc.zip,auto,false,tibco,integration,,,,,
tibco-flogo-connector-for-sap-cloud-for-customer,1.0.0,false,true,,2018-11-21,auto,auto,https://docs.tibco.com/pub/flogo-sapc4c/1.0.0/doc/zip/tib_flogo-sapc4c_1.0.0_doc.zip,auto,false,tibco,integration,,,,,
tibco-flogo-connector-for-sap-hana-database,1.0.0,false,true,,2019-03-11,auto,auto,https://docs.tibco.com/pub/flogo-saphanadb/1.0.0/doc/zip/tib_flogo-saphanadb_1.0.0_doc.zip,auto,false,tibco,integration,,,,,
tibco-flogo-connector-for-sap-s-4hana-cloud,1.1.0,false,true,,2021-05-04,auto,auto,https://docs.tibco.com/pub/flogo-saps4hana/1.1.0/doc/zip/tib_flogo-saps4hana_1.1.0_doc.zip,auto,false,tibco,integration,,,,,
tibco-flogo-connector-for-sap-s-4hana-cloud,1.0.0,false,true,,2018-11-21,auto,auto,https://docs.tibco.com/pub/flogo-saps4hana/1.0.0/doc/zip/tib_flogo-saps4hana_1.0.0_doc.zip,auto,false,tibco,integration,,,,,
tibco-flogo-connector-for-sap-successfactors,1.0.0,false,true,,1542758400000,auto,auto,https://docs.tibco.com/pub/flogo-sapsuccessfactors/1.0.0/doc/zip/tib_flogo-sapsuccessfactors_1.0.0_doc.zip,auto,false,tibco,integration,,,,,
tibco-flogo-connector-for-sftp,1.0.0,false,true,,2024-05-27,auto,auto,https://docs.tibco.com/pub/flogo-sftp/1.0.0/doc/zip/tib_flogo-sftp_1.0.0_doc.zip,auto,false,tibco,integration,,,,,
tibco-flogo-connector-for-slack,1.0.2,false,true,,2021-02-08,auto,auto,https://docs.tibco.com/pub/flogo-slack/1.0.2/doc/zip/tib_flogo-slack_1.0.2_doc.zip,auto,false,tibco,integration,,,,,
tibco-flogo-connector-for-slack,1.0.1,false,true,,2019-05-29,auto,auto,https://docs.tibco.com/pub/flogo-slack/1.0.1/doc/zip/tib_flogo-slack_1.0.1_doc.zip,auto,false,tibco,integration,,,,,
tibco-flogo-connector-for-slack,1.0.0,false,true,,1534723200000,auto,auto,https://docs.tibco.com/pub/flogo-slack/1.0.0/doc/zip/tib_flogo-slack_1.0.0_doc.zip,auto,false,tibco,integration,,,,,
tibco-flogo-connector-for-snowflake,1.2.0,false,true,,2024-05-09,auto,auto,https://docs.tibco.com/pub/flogo-snowflake/1.2.0/doc/zip/tib_flogo-snowflake_1.2.0_doc.zip,auto,false,tibco,integration,,,,,
tibco-flogo-connector-for-snowflake,1.0.0,true,false,,2019-11-15,auto,auto,https://docs.tibco.com/pub/flogo-snowflake/tibco-flogo-connector-for-snowflake-1-0-0_documentation.zip,auto,false,tibco,integration,,,,,
tibco-flogo-connector-for-stripe,3.0.1,false,true,,2021-02-04,auto,auto,https://docs.tibco.com/pub/flogo-stripe/3.0.1/doc/zip/tib_flogo-stripe_3.0.1_doc.zip,auto,false,tibco,integration,,,,,
tibco-flogo-connector-for-stripe,3.0.0,false,true,,2020-03-05,auto,auto,https://docs.tibco.com/pub/flogo-stripe/3.0.0/doc/zip/tib_flogo-stripe_3.0.0_doc.zip,auto,false,tibco,integration,,,,,
tibco-flogo-connector-for-sugarcrm,1.3.2,false,true,,1582156800000,auto,auto,https://docs.tibco.com/pub/flogo-sugarcrm/1.3.2/doc/zip/tib_flogo-sugarcrm_1.3.2_doc.zip,auto,false,tibco,integration,,,,,
tibco-flogo-connector-for-sugarcrm,1.3.1,false,true,,2019-05-24,auto,auto,https://docs.tibco.com/pub/flogo-sugarcrm/1.3.1/doc/zip/tib_flogo-sugarcrm_1.3.1_doc.zip,auto,false,tibco,integration,,,,,
tibco-flogo-connector-for-sugarcrm,1.3.0,false,true,,2018-11-21,auto,auto,https://docs.tibco.com/pub/flogo-sugarcrm/1.3.0/doc/zip/tib_flogo-sugarcrm_1.3.0_doc.zip,auto,false,tibco,integration,,,,,
tibco-flogo-connector-for-sugarcrm,1.0.0,false,true,,1527206400000,auto,auto,https://docs.tibco.com/pub/flogo-sugarcrm/1.0.0/doc/zip/tib_flogo-sugarcrm_1.0.0_doc.zip,auto,false,tibco,integration,,,,,
tibco-flogo-connector-for-tibco-cloud-auditsafe,1.3.0,false,true,,2021-05-24,auto,auto,https://docs.tibco.com/pub/flogo-auditsafe/1.3.0/doc/zip/tib_flogo-auditsafe_1.3.0_doc.zip,auto,false,tibco,integration,,,,,
tibco-flogo-connector-for-tibco-cloud-messaging,1.3.3,false,true,,2024-05-27,auto,auto,https://docs.tibco.com/pub/flogo-tcm/1.3.3/doc/zip/tib_flogo-tcm_1.3.3_doc.zip,auto,false,tibco,integration,,,,,
tibco-flogo-connector-for-tibco-cloud-messaging,1.3.2,false,true,,2023-11-21,auto,auto,https://docs.tibco.com/pub/flogo-tcm/1.3.2/doc/zip/tib_flogo-tcm_1.3.2_doc.zip,auto,false,tibco,integration,,,,,
tibco-flogo-connector-for-tibco-cloud-messaging,1.1.0,false,true,,2018-11-27,auto,auto,https://docs.tibco.com/pub/flogo-tcm/1.1.0/doc/zip/tib_flogo-tcm_1.1.0_doc.zip,auto,false,tibco,integration,,,,,
tibco-flogo-connector-for-tibco-cloud-messaging,1.0.0,false,true,,1534723200000,auto,auto,https://docs.tibco.com/pub/flogo-tcm/1.0.0/doc/zip/tib_flogo-tcm_1.0.0_doc.zip,auto,false,tibco,integration,,,,,
tibco-flogo-connector-for-tibco-data-virtualization,1.1.2,false,true,,2024-05-14,auto,auto,https://docs.tibco.com/pub/flogo-tdv/1.1.2/doc/zip/tib_flogo-tdv_1.1.2_doc.zip,auto,false,tibco,integration,,,,,
tibco-flogo-connector-for-twilio,2.1.0,false,true,,2021-04-28,auto,auto,https://docs.tibco.com/pub/flogo-twilio/2.1.0/doc/zip/tib_flogo-twilio_2.1.0_doc.zip,auto,false,tibco,integration,,,,,
tibco-flogo-connector-for-websockets,1.0.1,false,true,,2024-05-17,auto,auto,https://docs.tibco.com/pub/flogo-websockets/1.0.1/doc/zip/tib_flogo-websockets_1.0.1_doc.zip,auto,false,tibco,integration,,,,,
tibco-flogo-connector-for-zoho-crm,1.1.0,false,true,,2019-06-18,auto,auto,https://docs.tibco.com/pub/flogo-zoho/1.1.0/doc/zip/tib_flogo-zoho_1.1.0_doc.zip,auto,false,tibco,integration,,,,,
tibco-flogo-connector-for-zoho-crm,1.0.1,false,true,,2019-02-05,auto,auto,https://docs.tibco.com/pub/flogo-zoho/1.0.1/doc/zip/tib_flogo-zoho_1.0.1_doc.zip,auto,false,tibco,integration,,,,,
tibco-flogo-connector-for-zoho-crm,1.0.0,false,true,,1534723200000,auto,auto,https://docs.tibco.com/pub/flogo-zoho/1.0.0/doc/zip/tib_flogo-zoho_1.0.0_doc.zip,auto,false,tibco,integration,,,,,
tibco-flogo-connector-for-zuora,2.0.0,false,true,,2019-08-26,auto,auto,https://docs.tibco.com/pub/flogo-zuora/2.0.0/doc/zip/tib_flogo-zuora_2.0.0_doc.zip,auto,false,tibco,integration,,,,,
tibco-flogo-extension-for-visual-studio-code,1.3.5,false,true,,2025-10-27,auto,auto,https://docs.tibco.com/pub/flogo-vscode/1.3.5/doc/zip/tib_flogo-vscode_1.3.5_doc.zip,auto,false,tibco,integration,,,,,
tibco-flogo-extension-for-visual-studio-code,1.3.4,false,true,,2025-09-18,auto,auto,https://docs.tibco.com/pub/flogo-vscode/1.3.4/doc/zip/tib_flogo-vscode_1.3.4_doc.zip,auto,false,tibco,integration,,,,,
tibco-flogo-extension-for-visual-studio-code,1.3.3,false,true,,2025-08-20,auto,auto,https://docs.tibco.com/pub/flogo-vscode/1.3.3/doc/zip/tib_flogo-vscode_1.3.3_doc.zip,auto,false,tibco,integration,,,,,
tibco-flogo-extension-for-visual-studio-code,1.3.2,false,true,,2025-07-22,auto,auto,https://docs.tibco.com/pub/flogo-vscode/1.3.2/doc/zip/tib_flogo-vscode_1.3.2_doc.zip,auto,false,tibco,integration,,,,,
tibco-flogo-extension-for-visual-studio-code,1.3.1,false,true,,2025-06-12,auto,auto,https://docs.tibco.com/pub/flogo-vscode/1.3.1/doc/zip/tib_flogo-vscode_1.3.1_doc.zip,auto,false,tibco,integration,,,,,
tibco-flogo-extension-for-visual-studio-code,1.3.0,false,true,,2025-05-16,auto,auto,https://docs.tibco.com/pub/flogo-vscode/1.3.0/doc/zip/tib_flogo-vscode_1.3.0_doc.zip,auto,false,tibco,integration,,,,,
tibco-flogo-extension-for-visual-studio-code,1.2.1,false,true,,2025-04-23,auto,auto,https://docs.tibco.com/pub/flogo-vscode/1.2.1/doc/zip/tib_flogo-vscode_1.2.1_doc.zip,auto,false,tibco,integration,,,,,
tibco-flogo-extension-for-visual-studio-code,1.2.0,false,true,,2025-02-27,auto,auto,https://docs.tibco.com/pub/flogo-vscode/1.2.0/doc/zip/tib_flogo-vscode_1.2.0_doc.zip,auto,false,tibco,integration,,,,,
tibco-flogo-extension-for-visual-studio-code,1.1.1,false,true,,2025-01-20,auto,auto,https://docs.tibco.com/pub/flogo-vscode/1.1.1/doc/zip/tib_flogo-vscode_1.1.1_doc.zip,auto,false,tibco,integration,,,,,
tibco-flogo-extension-for-visual-studio-code,1.1.0,false,true,,2024-09-24,auto,auto,https://docs.tibco.com/pub/flogo-vscode/1.1.0/doc/zip/tib_flogo-vscode_1.1.0_doc.zip,auto,false,tibco,integration,,,,,
tibco-flogo-extension-for-visual-studio-code,1.0.0,false,true,,2024-05-27,auto,auto,https://docs.tibco.com/pub/flogo-vscode/1.0.0/doc/zip/tib_flogo-vscode_1.0.0_doc.zip,auto,false,tibco,integration,,,,,
tibco-hawk-microagent-for-tibco-activematrix-businessworks-6,6.8.0,false,true,,2026-03-17,auto,auto,https://docs.tibco.com/pub/hkbw6/6.8.0/doc/zip/tib_hkbw6_6.8.0_doc.zip,auto,false,tibco,integration,,,,,
tibco-hawk-microagent-for-tibco-activematrix-businessworks-6,6.7.2,false,true,,2022-03-22,auto,auto,https://docs.tibco.com/pub/hkbw6/6.7.2/doc/zip/tib_hkbw6_6.7.2_doc.zip,auto,false,tibco,integration,,,,,
tibco-hawk-microagent-for-tibco-activematrix-businessworks-6,6.7.1,false,true,,2021-02-26,auto,auto,https://docs.tibco.com/pub/hkbw6/6.7.1/doc/zip/tib_hkbw6_6.7.1_doc.zip,auto,false,tibco,integration,,,,,
tibco-hawk-microagent-for-tibco-activematrix-businessworks-6,6.7.0,false,true,,2020-11-10,auto,auto,https://docs.tibco.com/pub/hkbw6/6.7.0/doc/zip/tib_hkbw6_6.7.0_doc.zip,auto,false,tibco,integration,,,,,
tibco-hawk-microagent-for-tibco-activematrix-businessworks-6,6.6.2,false,true,,2022-04-29,auto,auto,https://docs.tibco.com/pub/hkbw6/6.6.2/doc/zip/tib_hkbw6_6.6.2_doc.zip,auto,false,tibco,integration,,,,,
tibco-hawk-microagent-for-tibco-activematrix-businessworks-6,6.6.1,false,true,,2020-04-08,auto,auto,https://docs.tibco.com/pub/hkbw6/6.6.1/doc/zip/tib_hkbw6_6.6.1_doc.zip,auto,false,tibco,integration,,,,,
tibco-hawk-microagent-for-tibco-activematrix-businessworks-6,6.6.0,true,false,,2019-12-13,auto,auto,https://docs.tibco.com/pub/hkbw6/tibco-hawk-microagent-for-tibco-activematrix-businessworks-6-6-6-0_documentation.zip,auto,false,tibco,integration,,,,,
tibco-hawk-microagent-for-tibco-activematrix-businessworks-6,6.5.0,true,false,,2018-09-07,auto,auto,https://docs.tibco.com/pub/hkbw6/tibco-hawk-microagent-for-tibco-activematrix-businessworks-6-6-5-0_documentation.zip,auto,false,tibco,integration,,,,,
tibco-hawk-microagent-for-tibco-businessworks-container-edition,2.2.0,false,true,,2025-08-18,auto,auto,https://docs.tibco.com/pub/hkbwce/2.2.0/doc/zip/tib_hkbwce_2.2.0_doc.zip,auto,false,tibco,integration,,,,,
tibco-hawk-microagent-for-tibco-businessworks-container-edition,2.1.1,false,true,,2023-11-09,auto,auto,https://docs.tibco.com/pub/hkbwce/2.1.1/doc/zip/tib_hkbwce_2.1.1_doc.zip,auto,false,tibco,integration,,,,,
tibco-hawk-microagent-for-tibco-businessworks-container-edition,2.1.0,false,true,,2023-03-06,auto,auto,https://docs.tibco.com/pub/hkbwce/2.1.0/doc/zip/tib_hkbwce_2.1.0_doc.zip,auto,false,tibco,integration,,,,,
tibco-hawk-microagent-for-tibco-businessworks-container-edition,2.0.0,false,true,,1552003200000,auto,auto,https://docs.tibco.com/pub/hkbwce/2.0.0/doc/zip/tib_hkbwce_2.0.0_doc.zip,auto,false,tibco,integration,,,,,
tibco-hawk-microagent-for-tibco-businessworks-container-edition,1.0.0,true,false,,2018-05-07,auto,auto,https://docs.tibco.com/pub/hkbwce/tibco-hawk-microagent-for-tibco-businessworks-container-edition-1-0-0_documentation.zip,auto,false,tibco,integration,,,,,
tibco-loglogic-unity-plug-in-for-activematrix-businessworks,1.0.0,true,false,,2021-12-15,auto,auto,https://docs.tibco.com/pub/logubw/tibco-loglogic-unity-plug-in-for-activematrix-businessworks-1-0-0_documentation.zip,auto,false,tibco,integration,,,,,
tibco-rtview-for-tibco-businessevents,7.1.1,true,false,,2023-01-31,auto,auto,https://docs.tibco.com/pub/rtview-be/tibco-rtview-for-tibco-businessevents-7-1-1_documentation.zip,auto,false,tibco,integration,,,,,
tibco-rtview-for-tibco-businessevents,7.0.0,true,false,,1559779200000,auto,auto,https://docs.tibco.com/pub/rtview-be/tibco-rtview-for-tibco-businessevents-7-0-0_documentation.zip,auto,false,tibco,integration,,,,,
tibco-rtview-for-tibco-businessevents,3.5.0,true,false,,2017-01-13,auto,auto,https://docs.tibco.com/pub/rtview-be/tibco-rtview-for-tibco-businessevents-3-5-0_documentation.zip,auto,false,tibco,integration,,,,,
tibco-rtview-for-tibco-businessevents,1.5.3,true,false,,2015-01-05,auto,auto,https://docs.tibco.com/pub/rtview-be/tibco-rtview-for-tibco-businessevents-1-5-3_documentation.zip,auto,false,tibco,integration,,,,,
tibco-silver-fabric-enabler-for-activematrix-businessworks,3.6.0,true,false,,1564012800000,auto,auto,https://docs.tibco.com/pub/sfbw/tibco-silver-fabric-enabler-for-activematrix-businessworks-3-6-0_documentation.zip,auto,false,tibco,integration,,,,,
tibco-silver-fabric-enabler-for-activematrix-businessworks,3.5.0,true,false,,2017-06-28,auto,auto,https://docs.tibco.com/pub/sfbw/tibco-silver-fabric-enabler-for-activematrix-businessworks-3-5-0_documentation.zip,auto,false,tibco,integration,,,,,
tibco-silver-fabric-enabler-for-activematrix-businessworks,3.4.0,true,false,,2017-02-18,auto,auto,https://docs.tibco.com/pub/sfbw/tibco-silver-fabric-enabler-for-activematrix-businessworks-3-4-0_documentation.zip,auto,false,tibco,integration,,,,,
tibco-silver-fabric-enabler-for-activematrix-businessworks,3.3.0,true,false,,2016-09-01,auto,auto,https://docs.tibco.com/pub/silver-fabric-activematrix-businessworks-enabler/tibco-silver-fabric-enabler-for-activematrix-businessworks-3-3-0_documentation.zip,auto,false,tibco,integration,,,,,
tibco-silver-fabric-enabler-for-activematrix-businessworks,3.2.0,true,false,,2016-05-10,auto,auto,https://docs.tibco.com/pub/silver-fabric-activematrix-businessworks-enabler/tibco-silver-fabric-enabler-for-activematrix-businessworks-3-2-0_documentation.zip,auto,false,tibco,integration,,,,,
tibco-silver-fabric-enabler-for-activematrix-businessworks,3.1.0,true,false,,2015-09-21,auto,auto,https://docs.tibco.com/pub/silver-fabric-activematrix-businessworks-enabler/tibco-silver-fabric-enabler-for-activematrix-businessworks-3-1-0_documentation.zip,auto,false,tibco,integration,,,,,
tibco-silver-fabric-enabler-for-activematrix-businessworks,3.0.0,true,false,,2014-11-20,auto,auto,https://docs.tibco.com/pub/silver-fabric-activematrix-businessworks-enabler/tibco-silver-fabric-enabler-for-activematrix-businessworks-3-0-0_documentation.zip,auto,false,tibco,integration,,,,,
tibco-silver-fabric-enabler-for-activematrix-businessworks,2.6.0,true,false,,2014-02-20,auto,auto,https://docs.tibco.com/pub/silver-fabric-activematrix-businessworks-enabler/tibco-silver-fabric-enabler-for-activematrix-businessworks-2-6-0_documentation.zip,auto,false,tibco,integration,,,,,
tibco-silver-fabric-enabler-for-activematrix-businessworks,2.5.1,false,true,,2013-10-17,auto,auto,https://docs.tibco.com/pub/silver-fabric-activematrix-businessworks-enabler/2.5.1_october_2013/doc/zip/tib_silver-fabric-activematrix-businessworks-enabler_2.5.1_october_2013_doc.zip,auto,false,tibco,integration,,,,,
tibco-silver-fabric-enabler-for-activematrix-businessworks,2.5.0,true,false,,2013-08-30,auto,auto,https://docs.tibco.com/pub/silver-fabric-activematrix-businessworks-enabler/tibco-silver-fabric-enabler-for-activematrix-businessworks-2-5-0_documentation.zip,auto,false,tibco,integration,,,,,
tibco-silver-fabric-enabler-for-tibco-api-exchange-gateway,1.1.0,true,false,,2014-08-12,auto,auto,https://docs.tibco.com/pub/sfax/tibco-silver-fabric-enabler-for-tibco-api-exchange-gateway-1-1-0_documentation.zip,auto,false,tibco,integration,,,,,
tibco-silver-fabric-enabler-for-tibco-api-exchange-gateway,1.0.0,true,false,,2014-02-21,auto,auto,https://docs.tibco.com/pub/silver_fabric_enabler_ for_ api_exchange_gateway/tibco-silver-fabric-enabler-for-tibco-api-exchange-gateway-1-0-0_documentation.zip,auto,false,tibco,integration,,,,,
tibco-silver-fabric-enabler-for-tibco-businessevents,3.4.0,true,false,,1534118400000,auto,auto,https://docs.tibco.com/pub/sfbe/tibco-silver-fabric-enabler-for-tibco-businessevents-3-4-0_documentation.zip,auto,false,tibco,integration,,,,,
tibco-silver-fabric-enabler-for-tibco-businessevents,3.3.0,true,false,,2017-06-16,auto,auto,https://docs.tibco.com/pub/sfbe/tibco-silver-fabric-enabler-for-tibco-businessevents-3-3-0_documentation.zip,auto,false,tibco,integration,,,,,
tibco-silver-fabric-enabler-for-tibco-businessevents,3.2.0,true,false,,2016-10-25,auto,auto,https://docs.tibco.com/pub/sfbe/tibco-silver-fabric-enabler-for-tibco-businessevents-3-2-0_documentation.zip,auto,false,tibco,integration,,,,,
tibco-silver-fabric-enabler-for-tibco-businessevents,3.1.0,true,false,,2016-03-02,auto,auto,https://docs.tibco.com/pub/sfbe/tibco-silver-fabric-enabler-for-tibco-businessevents-3-1-0_documentation.zip,auto,false,tibco,integration,,,,,
tibco-silver-fabric-enabler-for-tibco-businessevents,3.0.0,true,false,,2015-05-05,auto,auto,https://docs.tibco.com/pub/sfbe/tibco-silver-fabric-enabler-for-tibco-businessevents-3-0-0_documentation.zip,auto,false,tibco,integration,,,,,
tibco-silver-fabric-enabler-for-tibco-businessevents,2.5.0,true,false,,2014-02-20,auto,auto,https://docs.tibco.com/pub/silver-fabric-enabler-for-businessevents/tibco-silver-fabric-enabler-for-tibco-businessevents-2-5-0_documentation.zip,auto,false,tibco,integration,,,,,
tibco-silver-fabric-enabler-for-tibco-businessevents,2.0.0,true,false,,2013-05-07,auto,auto,https://docs.tibco.com/pub/silver-fabric-enabler-for-businessevents/tibco-silver-fabric-enabler-for-tibco-businessevents-2-0-0_documentation.zip,auto,false,tibco,integration,,,,,
tibco-spotfire-connector-for-sap-bw,3.1.0,true,false,,2014-10-02,auto,auto,https://docs.tibco.com/pub/spotfire_connector_for_sap_bw/tibco-spotfire-connector-for-sap-bw-3-1-0_documentation.zip,auto,false,tibco,integration,,,,,
tibco-spotfire-connector-for-sap-bw,3.0.0,true,false,,1399420800000,auto,auto,https://docs.tibco.com/pub/spotfire_connector_for_sap_bw/tibco-spotfire-connector-for-sap-bw-3-0-0_documentation.zip,auto,false,tibco,integration,,,,,
tibco-spotfire-connector-for-sap-bw,2.0.0,true,false,,2014-04-07,auto,auto,https://docs.tibco.com/pub/spotfire_connector_for_sap_bw/tibco-spotfire-connector-for-sap-bw-2-0-0_documentation.zip,auto,false,tibco,integration,,,,,
tibco-spotfire-connector-for-sap-bw,1.0.0,true,false,,2013-06-24,auto,auto,https://docs.tibco.com/pub/spotfire_connector_for_sap_bw/tibco-spotfire-connector-for-sap-bw-1-0-0_documentation.zip,auto,false,tibco,integration,,,,,
tibco-activematrix-businessworks-plug-in-for-activespaces,8.1.1,false,true,,2025-07-22,auto,auto,https://docs.tibco.com/pub/bwpluginas/8.1.1/doc/zip/tib_bwpluginas_8.1.1_doc.zip,auto,false,tibco,messaging,,,,,
tibco-activematrix-businessworks-plug-in-for-activespaces,8.1.0,false,true,,2023-08-23,auto,auto,https://docs.tibco.com/pub/bwpluginas/8.1.0/doc/zip/tib_bwpluginas_8.1.0_doc.zip,auto,false,tibco,messaging,,,,,
tibco-activematrix-businessworks-plug-in-for-activespaces,8.0.3,false,true,,2022-07-19,auto,auto,https://docs.tibco.com/pub/bwpluginas/8.0.3/doc/zip/tib_bwpluginas_8.0.3_doc.zip,auto,false,tibco,messaging,,,,,
tibco-activematrix-businessworks-plug-in-for-activespaces,8.0.2,false,true,,2021-02-08,auto,auto,https://docs.tibco.com/pub/bwpluginas/8.0.2/doc/zip/tib_bwpluginas_8.0.2_doc.zip,auto,false,tibco,messaging,,,,,
tibco-activematrix-businessworks-plug-in-for-activespaces,8.0.1,true,false,,2020-04-09,auto,auto,https://docs.tibco.com/pub/bwpluginas/tibco-activematrix-businessworks-plug-in-for-activespaces-8-0-1_documentation.zip,auto,false,tibco,messaging,,,,,
tibco-activematrix-businessworks-plug-in-for-activespaces,8.0.0,true,false,,2019-11-04,auto,auto,https://docs.tibco.com/pub/bwpluginas/tibco-activematrix-businessworks-plug-in-for-activespaces-8-0-0_documentation.zip,auto,false,tibco,messaging,,,,,
tibco-activematrix-businessworks-plug-in-for-activespaces,7.3.2,false,true,,2025-08-05,auto,auto,https://docs.tibco.com/pub/bwpluginas/7.3.2/doc/zip/tib_bwpluginas_7.3.2_doc.zip,auto,false,tibco,messaging,,,,,
tibco-activematrix-businessworks-plug-in-for-activespaces,7.3.1,false,true,,2024-05-27,auto,auto,https://docs.tibco.com/pub/bwpluginas/7.3.1/doc/zip/tib_bwpluginas_7.3.1_doc.zip,auto,false,tibco,messaging,,,,,
tibco-activematrix-businessworks-plug-in-for-activespaces,7.3.0,false,true,,2023-03-20,auto,auto,https://docs.tibco.com/pub/bwpluginas/7.3.0/doc/zip/tib_bwpluginas_7.3.0_doc.zip,auto,false,tibco,messaging,,,,,
tibco-activematrix-businessworks-plug-in-for-activespaces,7.2.2,false,true,,2021-11-09,auto,auto,https://docs.tibco.com/pub/bwpluginas/7.2.2/doc/zip/tib_bwpluginas_7.2.2_doc.zip,auto,false,tibco,messaging,,,,,
tibco-activematrix-businessworks-plug-in-for-activespaces,7.2.1,false,true,,2020-04-09,auto,auto,https://docs.tibco.com/pub/bwpluginas/7.2.1/doc/zip/tib_bwpluginas_7.2.1_doc.zip,auto,false,tibco,messaging,,,,,
tibco-activematrix-businessworks-plug-in-for-activespaces,7.2.0,false,true,,2019-12-02,auto,auto,https://docs.tibco.com/pub/bwpluginas/7.2.0/doc/zip/tib_bwpluginas_7.2.0_doc.zip,auto,false,tibco,messaging,,,,,
tibco-activematrix-businessworks-plug-in-for-activespaces,7.1.1,false,true,,2017-12-15,auto,auto,https://docs.tibco.com/pub/bwpluginas/7.1.1/doc/zip/tib_bwpluginas_7.1.1_doc.zip,auto,false,tibco,messaging,,,,,
tibco-activematrix-businessworks-plug-in-for-activespaces,7.1.0,true,false,,2017-11-06,auto,auto,https://docs.tibco.com/pub/bwpluginas/tibco-activematrix-businessworks-plug-in-for-activespaces-7-1-0_documentation.zip,auto,false,tibco,messaging,,,,,
tibco-activematrix-businessworks-plug-in-for-activespaces,7.0.0,true,false,,2017-07-17,auto,auto,https://docs.tibco.com/pub/bwpluginas/tibco-activematrix-businessworks-plug-in-for-activespaces-7-0-0_documentation.zip,auto,false,tibco,messaging,,,,,
tibco-activematrix-businessworks-plug-in-for-activespaces,6.3.2,true,false,,2022-11-08,auto,auto,https://docs.tibco.com/pub/bwpluginactivespaces/tibco-activematrix-businessworks-plug-in-for-activespaces-6-3-2_documentation.zip,auto,false,tibco,messaging,,,,,
tibco-activematrix-businessworks-plug-in-for-activespaces,6.3.1,true,false,,2017-06-08,auto,auto,https://docs.tibco.com/pub/bwpluginactivespaces/tibco-activematrix-businessworks-plug-in-for-activespaces-6-3-1_documentation.zip,auto,false,tibco,messaging,,,,,
tibco-activematrix-businessworks-plug-in-for-activespaces,6.3.0,true,false,,2016-06-21,auto,auto,https://docs.tibco.com/pub/activematrix-businessworks-plugin-for-activespaces/tibco-activematrix-businessworks-plug-in-for-activespaces-6-3-0_documentation.zip,auto,false,tibco,messaging,,,,,
tibco-activematrix-businessworks-plug-in-for-activespaces,6.2.0,true,false,,2021-12-07,auto,auto,https://docs.tibco.com/pub/activematrix-businessworks-plugin-for-activespaces/tibco-activematrix-businessworks-plug-in-for-activespaces-6-2-0_documentation.zip,auto,false,tibco,messaging,,,,,
tibco-activematrix-businessworks-plug-in-for-activespaces,6.1.0,true,false,,2021-12-07,auto,auto,https://docs.tibco.com/pub/activematrix-businessworks-plugin-for-activespaces/tibco-activematrix-businessworks-plug-in-for-activespaces-6-1-0_documentation.zip,auto,false,tibco,messaging,,,,,
tibco-activematrix-businessworks-plug-in-for-activespaces,6.0.2,true,false,,2021-12-07,auto,auto,https://docs.tibco.com/pub/activematrix-businessworks-plugin-for-activespaces/tibco-activematrix-businessworks-plug-in-for-activespaces-6-0-2_documentation.zip,auto,false,tibco,messaging,,,,,
tibco-activematrix-businessworks-plug-in-for-activespaces,6.0.1.,true,false,,2021-12-07,auto,auto,https://docs.tibco.com/pub/activematrix-businessworks-plugin-for-activespaces/tibco-activematrix-businessworks-plug-in-for-activespaces-6-0-1-_documentation.zip,auto,false,tibco,messaging,,,,,
tibco-activematrix-businessworks-plug-in-for-activespaces,2.2.0,true,false,,2021-12-07,auto,auto,https://docs.tibco.com/pub/activematrix-businessworks-plugin-for-activespaces/tibco-activematrix-businessworks-plug-in-for-activespaces-2-2-0_documentation.zip,auto,false,tibco,messaging,,,,,
tibco-activematrix-businessworks-plug-in-for-activespaces,2.1.0,true,false,,2021-12-07,auto,auto,https://docs.tibco.com/pub/activematrix-businessworks-plugin-for-activespaces/tibco-activematrix-businessworks-plug-in-for-activespaces-2-1-0_documentation.zip,auto,false,tibco,messaging,,,,,
tibco-activematrix-businessworks-plug-in-for-activespaces,2.0.0,true,false,,2021-12-07,auto,auto,https://docs.tibco.com/pub/activematrix-businessworks-plugin-for-activespaces/tibco-activematrix-businessworks-plug-in-for-activespaces-2-0-0_documentation.zip,auto,false,tibco,messaging,,,,,
tibco-activematrix-businessworks-plug-in-for-activespaces,1.1.0,true,false,,2021-12-07,auto,auto,https://docs.tibco.com/pub/activematrix-businessworks-plugin-for-activespaces/tibco-activematrix-businessworks-plug-in-for-activespaces-1-1-0_documentation.zip,auto,false,tibco,messaging,,,,,
tibco-activematrix-businessworks-plug-in-for-activespaces,1.0.0,true,false,,2021-12-07,auto,auto,https://docs.tibco.com/pub/activematrix-businessworks-plugin-for-activespaces/tibco-activematrix-businessworks-plug-in-for-activespaces-1-0-0_documentation.zip,auto,false,tibco,messaging,,,,,
tibco-activematrix-businessworks-plug-in-for-tibco-eftl,6.0.0,false,true,,2020-06-18,auto,auto,https://docs.tibco.com/pub/bwplugineftl/6.0.0/doc/zip/tib_bwplugineftl_6.0.0_doc.zip,auto,false,tibco,messaging,,,,,
tibco-activematrix-businessworks-plug-in-for-tibco-ftl,6.7.4,false,true,,2025-12-22,auto,auto,https://docs.tibco.com/pub/bwpluginftl/6.7.4/doc/zip/tib_bwpluginftl_6.7.4_doc.zip,auto,false,tibco,messaging,,,,,
tibco-activematrix-businessworks-plug-in-for-tibco-ftl,6.7.3,false,true,,2025-07-31,auto,auto,https://docs.tibco.com/pub/bwpluginftl/6.7.3/doc/zip/tib_bwpluginftl_6.7.3_doc.zip,auto,false,tibco,messaging,,,,,
tibco-activematrix-businessworks-plug-in-for-tibco-ftl,6.7.2,false,true,,2024-10-29,auto,auto,https://docs.tibco.com/pub/bwpluginftl/6.7.2/doc/zip/tib_bwpluginftl_6.7.2_doc.zip,auto,false,tibco,messaging,,,,,
tibco-activematrix-businessworks-plug-in-for-tibco-ftl,6.7.1,false,true,,2024-06-05,auto,auto,https://docs.tibco.com/pub/bwpluginftl/6.7.1/doc/zip/tib_bwpluginftl_6.7.1_doc.zip,auto,false,tibco,messaging,,,,,
tibco-activematrix-businessworks-plug-in-for-tibco-ftl,6.7.0,false,true,,1665532800000,auto,auto,https://docs.tibco.com/pub/bwpluginftl/6.7.0/doc/zip/tib_bwpluginftl_6.7.0_doc.zip,auto,false,tibco,messaging,,,,,
tibco-activematrix-businessworks-plug-in-for-tibco-ftl,6.6.0,false,true,,2021-11-16,auto,auto,https://docs.tibco.com/pub/bwpluginftl/6.6.0/doc/zip/tib_bwpluginftl_6.6.0_doc.zip,auto,false,tibco,messaging,,,,,
tibco-activematrix-businessworks-plug-in-for-tibco-ftl,6.5.0,false,true,,2020-09-25,auto,auto,https://docs.tibco.com/pub/bwpluginftl/6.5.0/doc/zip/tib_bwpluginftl_6.5.0_doc.zip,auto,false,tibco,messaging,,,,,
tibco-activematrix-businessworks-plug-in-for-tibco-ftl,6.4.4,false,true,,2019-11-13,auto,auto,https://docs.tibco.com/pub/bwpluginftl/6.4.4/doc/zip/tib_bwpluginftl_6.4.4_doc.zip,auto,false,tibco,messaging,,,,,
tibco-activematrix-businessworks-plug-in-for-tibco-ftl,6.4.3,true,false,,2019-11-18,auto,auto,https://docs.tibco.com/pub/bwpluginftl/tibco-activematrix-businessworks-plug-in-for-tibco-ftl-6-4-3_documentation.zip,auto,false,tibco,messaging,,,,,
tibco-activematrix-businessworks-plug-in-for-tibco-ftl,6.4.2,true,false,,2018-08-22,auto,auto,https://docs.tibco.com/pub/bwpluginftl/tibco-activematrix-businessworks-plug-in-for-tibco-ftl-6-4-2_documentation.zip,auto,false,tibco,messaging,,,,,
tibco-activematrix-businessworks-plug-in-for-tibco-ftl,6.4.1,true,false,,2018-05-09,auto,auto,https://docs.tibco.com/pub/bwpluginftl/tibco-activematrix-businessworks-plug-in-for-tibco-ftl-6-4-1_documentation.zip,auto,false,tibco,messaging,,,,,
tibco-activematrix-businessworks-plug-in-for-tibco-ftl,6.4.0,true,false,,2017-12-20,auto,auto,https://docs.tibco.com/pub/bwpluginftl/tibco-activematrix-businessworks-plug-in-for-tibco-ftl-6-4-0_documentation.zip,auto,false,tibco,messaging,,,,,
tibco-activematrix-businessworks-plug-in-for-tibco-ftl,5.0.0,false,true,,2026-07-30,auto,auto,https://docs.tibco.com/pub/bwpluginftl/5.0.0/doc/zip/tib_bwpluginftl_5.0.0_doc.zip,auto,false,tibco,messaging,,,,,
tibco-activespaces-connector-for-apache-kafka-enterprise-edition,1.0.0,true,false,,2020-11-19,auto,auto,https://docs.tibco.com/pub/msg-ak2as/tibco-activespaces-connector-for-apache-kafka-enterprise-edition-1-0-0_documentation.zip,auto,false,tibco,messaging,,,,,
tibco-activespaces-connector-for-apache-pulsar-enterprise-edition,1.0.0,true,false,,2020-10-23,auto,auto,https://docs.tibco.com/pub/msg-ap2as/tibco-activespaces-connector-for-apache-pulsar-enterprise-edition-1-0-0_documentation.zip,auto,false,tibco,messaging,,,,,
tibco-activespaces-enterprise-edition-add-on,2.1.2,true,false,,2014-01-28,auto,auto,https://docs.tibco.com/pub/activespaces-addon/tibco-activespaces-enterprise-edition-add-on-2-1-2_documentation.zip,auto,false,tibco,messaging,,,,,
tibco-activespaces-remote-client,2.3.0,true,false,,2017-06-15,auto,auto,https://docs.tibco.com/pub/activespaces_remote/2.3.0/tibco-activespaces-remote-client-2-3-0_documentation.zip,auto,false,tibco,messaging,,,,,
tibco-activespaces-remote-client,2.2.1,true,false,,2016-10-03,auto,auto,https://docs.tibco.com/pub/activespaces_remote/2.2.1/tibco-activespaces-remote-client-2-2-1_documentation.zip,auto,false,tibco,messaging,,,,,
tibco-activespaces-remote-client,2.2.0,true,false,,2016-05-27,auto,auto,https://docs.tibco.com/pub/activespaces_remote/2.2.0/tibco-activespaces-remote-client-2-2-0_documentation.zip,auto,false,tibco,messaging,,,,,
tibco-activespaces-remote-client,2.1.6,true,false,,2015-11-13,auto,auto,https://docs.tibco.com/pub/activespaces_remote/2.1.6/tibco-activespaces-remote-client-2-1-6_documentation.zip,auto,false,tibco,messaging,,,,,
tibco-activespaces-remote-client,2.1.5,true,false,,2014-11-25,auto,auto,https://docs.tibco.com/pub/activespaces_remote/2.1.5/tibco-activespaces-remote-client-2-1-5_documentation.zip,auto,false,tibco,messaging,,,,,
tibco-activespaces-remote-client,2.1.4,true,false,,2014-08-29,auto,auto,https://docs.tibco.com/pub/activespaces_remote/2.1.4/tibco-activespaces-remote-client-2-1-4_documentation.zip,auto,false,tibco,messaging,,,,,
tibco-activespaces-remote-client,2.1.3,true,false,,2014-06-10,auto,auto,https://docs.tibco.com/pub/activespaces_remote/2.1.3/tibco-activespaces-remote-client-2-1-3_documentation.zip,auto,false,tibco,messaging,,,,,
tibco-activespaces-transactions,2.5.11,true,false,,1571184000000,auto,auto,https://docs.tibco.com/pub/ast/tibco-activespaces-transactions-2-5-11_documentation.zip,auto,false,tibco,messaging,,,,,
tibco-activespaces-transactions,2.5.10,true,false,,2019-04-09,auto,auto,https://docs.tibco.com/pub/ast/tibco-activespaces-transactions-2-5-10_documentation.zip,auto,false,tibco,messaging,,,,,
tibco-activespaces-transactions,2.5.9,true,false,,1536883200000,auto,auto,https://docs.tibco.com/pub/ast/tibco-activespaces-transactions-2-5-9_documentation.zip,auto,false,tibco,messaging,,,,,
tibco-activespaces-transactions,2.5.8,true,false,,2017-11-17,auto,auto,https://docs.tibco.com/pub/ast/tibco-activespaces-transactions-2-5-8_documentation.zip,auto,false,tibco,messaging,,,,,
tibco-activespaces-transactions,2.5.7,true,false,,2017-07-26,auto,auto,https://docs.tibco.com/pub/ast/tibco-activespaces-transactions-2-5-7_documentation.zip,auto,false,tibco,messaging,,,,,
tibco-activespaces-transactions,2.5.6,true,false,,2017-06-15,auto,auto,https://docs.tibco.com/pub/ast/tibco-activespaces-transactions-2-5-6_documentation.zip,auto,false,tibco,messaging,,,,,
tibco-activespaces-transactions,2.5.5,true,false,,2016-05-19,auto,auto,https://docs.tibco.com/pub/ast/tibco-activespaces-transactions-2-5-5_documentation.zip,auto,false,tibco,messaging,,,,,
tibco-activespaces-transactions,2.5.4,true,false,,2016-03-11,auto,auto,https://docs.tibco.com/pub/ast/tibco-activespaces-transactions-2-5-4_documentation.zip,auto,false,tibco,messaging,,,,,
tibco-activespaces-transactions,2.5.3,true,false,,2017-06-15,auto,auto,https://docs.tibco.com/pub/ast/tibco-activespaces-transactions-2-5-3_documentation.zip,auto,false,tibco,messaging,,,,,
tibco-activespaces-transactions,2.5.2,true,false,,2015-08-14,auto,auto,https://docs.tibco.com/pub/ast/tibco-activespaces-transactions-2-5-2_documentation.zip,auto,false,tibco,messaging,,,,,
tibco-activespaces-transactions,2.5.1,true,false,,2015-07-06,auto,auto,https://docs.tibco.com/pub/ast/tibco-activespaces-transactions-2-5-1_documentation.zip,auto,false,tibco,messaging,,,,,
tibco-activespaces-transactions,2.4.1,true,false,,2015-02-23,auto,auto,https://docs.tibco.com/pub/ast/tibco-activespaces-transactions-2-4-1_documentation.zip,auto,false,tibco,messaging,,,,,
tibco-activespaces-transactions,2.4.0,true,false,,2014-09-26,auto,auto,https://docs.tibco.com/pub/activespaces_transactions/tibco-activespaces-transactions-2-4-0_documentation.zip,auto,false,tibco,messaging,,,,,
tibco-activespaces-transactions,2.3.9,true,false,,2015-03-26,auto,auto,https://docs.tibco.com/pub/ast/tibco-activespaces-transactions-2-3-9_documentation.zip,auto,false,tibco,messaging,,,,,
tibco-activespaces-transactions,2.3.8,true,false,,2014-12-18,auto,auto,https://docs.tibco.com/pub/ast/tibco-activespaces-transactions-2-3-8_documentation.zip,auto,false,tibco,messaging,,,,,
tibco-activespaces-transactions,2.3.7,true,false,,2014-10-10,auto,auto,https://docs.tibco.com/pub/activespaces_transactions/tibco-activespaces-transactions-2-3-7_documentation.zip,auto,false,tibco,messaging,,,,,
tibco-activespaces-transactions,2.3.6,true,false,,2014-09-19,auto,auto,https://docs.tibco.com/pub/activespaces_transactions/tibco-activespaces-transactions-2-3-6_documentation.zip,auto,false,tibco,messaging,,,,,
tibco-activespaces-transactions,2.3.4,true,false,,2014-04-23,auto,auto,https://docs.tibco.com/pub/activespaces_transactions/tibco-activespaces-transactions-2-3-4_documentation.zip,auto,false,tibco,messaging,,,,,
tibco-activespaces-transactions,2.3.3,true,false,,2014-02-10,auto,auto,https://docs.tibco.com/pub/activespaces_transactions/tibco-activespaces-transactions-2-3-3_documentation.zip,auto,false,tibco,messaging,,,,,
tibco-activespaces-transactions,2.3.2,true,false,,2013-10-17,auto,auto,https://docs.tibco.com/pub/activespaces_transactions/tibco-activespaces-transactions-2-3-2_documentation.zip,auto,false,tibco,messaging,,,,,
tibco-activespaces-transactions,2.3.1,true,false,,2013-07-18,auto,auto,https://docs.tibco.com/pub/activespaces_transactions/tibco-activespaces-transactions-2-3-1_documentation.zip,auto,false,tibco,messaging,,,,,
tibco-activespaces-transactions,2.3.0,true,false,,2013-02-20,auto,auto,https://docs.tibco.com/pub/activespaces_transactions/tibco-activespaces-transactions-2-3-0_documentation.zip,auto,false,tibco,messaging,,,,,
tibco-activespaces-transactions,2.2.3,true,false,,2013-01-23,auto,auto,https://docs.tibco.com/pub/activespaces_transactions/tibco-activespaces-transactions-2-2-3_documentation.zip,auto,false,tibco,messaging,,,,,
tibco-activespaces-transactions,2.2.2,true,false,,2012-12-04,auto,auto,https://docs.tibco.com/pub/activespaces_transactions/tibco-activespaces-transactions-2-2-2_documentation.zip,auto,false,tibco,messaging,,,,,
tibco-activespaces-transactions,2.2.1,true,false,,2012-09-25,auto,auto,https://docs.tibco.com/pub/activespaces_transactions/tibco-activespaces-transactions-2-2-1_documentation.zip,auto,false,tibco,messaging,,,,,
tibco-activespaces-transactions,2.2.0,true,false,,2012-06-21,auto,auto,https://docs.tibco.com/pub/activespaces_transactions/tibco-activespaces-transactions-2-2-0_documentation.zip,auto,false,tibco,messaging,,,,,
tibco-eftl-enterprise-edition,7.2.0,false,true,,2025-11-25,auto,auto,https://docs.tibco.com/pub/eftl/7.2.0/doc/zip/tib_eftl_7.2.0_doc.zip,auto,false,tibco,messaging,,,,,
tibco-eftl-enterprise-edition,7.1.2,false,true,,2026-02-11,auto,auto,https://docs.tibco.com/pub/eftl/7.1.2/doc/zip/tib_eftl_7.1.2_doc.zip,auto,false,tibco,messaging,,,,,
tibco-eftl-enterprise-edition,7.1.1,false,true,,2025-09-01,auto,auto,https://docs.tibco.com/pub/eftl/7.1.1/doc/zip/tib_eftl_7.1.1_doc.zip,auto,false,tibco,messaging,,,,,
tibco-eftl-enterprise-edition,7.1.0,false,true,,2025-05-13,auto,auto,https://docs.tibco.com/pub/eftl/7.1.0/doc/zip/tib_eftl_7.1.0_doc.zip,auto,false,tibco,messaging,,,,,
tibco-eftl-enterprise-edition,7.0.1,false,true,,2024-11-21,auto,auto,https://docs.tibco.com/pub/eftl/7.0.1/doc/zip/tib_eftl_7.0.1_doc.zip,auto,false,tibco,messaging,,,,,
tibco-eftl-enterprise-edition,7.0.0,false,true,,2024-05-13,auto,auto,https://docs.tibco.com/pub/eftl/7.0.0/doc/zip/tib_eftl_7.0.0_doc.zip,auto,false,tibco,messaging,,,,,
tibco-eftl-enterprise-edition,6.10.2,false,true,,2024-02-09,auto,auto,https://docs.tibco.com/pub/eftl/6.10.2/doc/zip/tib_eftl_6.10.2_doc.zip,auto,false,tibco,messaging,,,,,
tibco-eftl-enterprise-edition,6.10.1,false,true,,2023-07-05,auto,auto,https://docs.tibco.com/pub/eftl/6.10.1/doc/zip/tib_eftl_6.10.1_doc.zip,auto,false,tibco,messaging,,,,,
tibco-eftl-enterprise-edition,6.10.0,false,true,,2023-04-24,auto,auto,https://docs.tibco.com/pub/eftl/6.10.0/doc/zip/tib_eftl_6.10.0_doc.zip,auto,false,tibco,messaging,,,,,
tibco-eftl-enterprise-edition,6.9.1,true,false,,2022-11-08,auto,auto,https://docs.tibco.com/pub/eftl/tibco-eftl-enterprise-edition-6-9-1_documentation.zip,auto,false,tibco,messaging,,,,,
tibco-eftl-enterprise-edition,6.9.0,true,false,,2022-10-06,auto,auto,https://docs.tibco.com/pub/eftl/tibco-eftl-enterprise-edition-6-9-0_documentation.zip,auto,false,tibco,messaging,,,,,
tibco-eftl-enterprise-edition,6.8.1,true,false,,2022-07-25,auto,auto,https://docs.tibco.com/pub/eftl/tibco-eftl-enterprise-edition-6-8-1_documentation.zip,auto,false,tibco,messaging,,,,,
tibco-eftl-enterprise-edition,6.8.0,true,false,,2022-04-19,auto,auto,https://docs.tibco.com/pub/eftl/tibco-eftl-enterprise-edition-6-8-0_documentation.zip,auto,false,tibco,messaging,,,,,
tibco-eftl-enterprise-edition,6.7.4,true,false,,2022-07-25,auto,auto,https://docs.tibco.com/pub/eftl/tibco-eftl-enterprise-edition-6-7-4_documentation.zip,auto,false,tibco,messaging,,,,,
tibco-eftl-enterprise-edition,6.7.3,true,false,,2021-12-13,auto,auto,https://docs.tibco.com/pub/eftl/tibco-eftl-enterprise-edition-6-7-3_documentation.zip,auto,false,tibco,messaging,,,,,
tibco-eftl-enterprise-edition,6.7.2,true,false,,2021-11-09,auto,auto,https://docs.tibco.com/pub/eftl/tibco-eftl-enterprise-edition-6-7-2_documentation.zip,auto,false,tibco,messaging,,,,,
tibco-eftl-enterprise-edition,6.7.1,true,false,,2021-09-02,auto,auto,https://docs.tibco.com/pub/eftl/tibco-eftl-enterprise-edition-6-7-1_documentation.zip,auto,false,tibco,messaging,,,,,
tibco-eftl-enterprise-edition,6.7.0,true,false,,2021-05-26,auto,auto,https://docs.tibco.com/pub/eftl/tibco-eftl-enterprise-edition-6-7-0_documentation.zip,auto,false,tibco,messaging,,,,,
tibco-eftl-enterprise-edition,6.6.1,true,false,,2021-04-02,auto,auto,https://docs.tibco.com/pub/eftl/tibco-eftl-enterprise-edition-6-6-1_documentation.zip,auto,false,tibco,messaging,,,,,
tibco-eftl-enterprise-edition,6.6.0,true,false,,2020-11-13,auto,auto,https://docs.tibco.com/pub/eftl/tibco-eftl-enterprise-edition-6-6-0_documentation.zip,auto,false,tibco,messaging,,,,,
tibco-eftl-enterprise-edition,6.5.0,true,false,,2020-07-29,auto,auto,https://docs.tibco.com/pub/eftl/tibco-eftl-enterprise-edition-6-5-0_documentation.zip,auto,false,tibco,messaging,,,,,
tibco-eftl-enterprise-edition,6.4.0,true,false,,2020-03-31,auto,auto,https://docs.tibco.com/pub/eftl/tibco-eftl-enterprise-edition-6-4-0_documentation.zip,auto,false,tibco,messaging,,,,,
tibco-eftl-enterprise-edition,6.3.1,true,false,,2020-01-29,auto,auto,https://docs.tibco.com/pub/eftl/tibco-eftl-enterprise-edition-6-3-1_documentation.zip,auto,false,tibco,messaging,,,,,
tibco-eftl-enterprise-edition,6.3.0,true,false,,2019-12-04,auto,auto,https://docs.tibco.com/pub/eftl/tibco-eftl-enterprise-edition-6-3-0_documentation.zip,auto,false,tibco,messaging,,,,,
tibco-eftl-enterprise-edition,6.2.0,true,false,,2019-08-14,auto,auto,https://docs.tibco.com/pub/eftl/tibco-eftl-enterprise-edition-6-2-0_documentation.zip,auto,false,tibco,messaging,,,,,
tibco-eftl-enterprise-edition,6.1.0,true,false,,2019-02-18,auto,auto,https://docs.tibco.com/pub/eftl/tibco-eftl-enterprise-edition-6-1-0_documentation.zip,auto,false,tibco,messaging,,,,,
tibco-eftl-enterprise-edition,6.0.1,true,false,,1547164800000,auto,auto,https://docs.tibco.com/pub/eftl/tibco-eftl-enterprise-edition-6-0-1_documentation.zip,auto,false,tibco,messaging,,,,,
tibco-eftl-enterprise-edition,6.0.0,true,false,,1540944000000,auto,auto,https://docs.tibco.com/pub/eftl/tibco-eftl-enterprise-edition-6-0-0_documentation.zip,auto,false,tibco,messaging,,,,,
tibco-eftl-enterprise-edition,3.4.2,true,false,,1560556800000,auto,auto,https://docs.tibco.com/pub/eftl/tibco-eftl-enterprise-edition-3-4-2_documentation.zip,auto,false,tibco,messaging,,,,,
tibco-eftl-enterprise-edition,3.4.0,true,false,,2018-04-10,auto,auto,https://docs.tibco.com/pub/eftl/tibco-eftl-enterprise-edition-3-4-0_documentation.zip,auto,false,tibco,messaging,,,,,
tibco-eftl-enterprise-edition,3.3.2,true,false,,2018-01-04,auto,auto,https://docs.tibco.com/pub/eftl/tibco-eftl-enterprise-edition-3-3-2_documentation.zip,auto,false,tibco,messaging,,,,,
tibco-eftl-enterprise-edition,3.3.1,true,false,,2017-12-01,auto,auto,https://docs.tibco.com/pub/eftl/tibco-eftl-enterprise-edition-3-3-1_documentation.zip,auto,false,tibco,messaging,,,,,
tibco-eftl-enterprise-edition,3.3.0,true,false,,2017-10-26,auto,auto,https://docs.tibco.com/pub/eftl/tibco-eftl-enterprise-edition-3-3-0_documentation.zip,auto,false,tibco,messaging,,,,,
tibco-eftl-enterprise-edition,3.2.0,true,false,,2017-03-15,auto,auto,https://docs.tibco.com/pub/eftl/tibco-eftl-3-2-0_documentation.zip,auto,false,tibco,messaging,,,,,
tibco-eftl-enterprise-edition,3.1.0,true,false,,2016-11-11,auto,auto,https://docs.tibco.com/pub/eftl/tibco-eftl-3-1-0_documentation.zip,auto,false,tibco,messaging,,,,,
tibco-eftl-enterprise-edition,3.0.0,true,false,,2017-06-15,auto,auto,https://docs.tibco.com/pub/eftl/tibco-eftl-3-0-0_documentation.zip,auto,false,tibco,messaging,,,,,
tibco-eftl-enterprise-edition,2.0.0,true,false,,2015-11-16,auto,auto,https://docs.tibco.com/pub/eftl/tibco-eftl-2-0-0_documentation.zip,auto,false,tibco,messaging,,,,,
tibco-eftl-enterprise-edition,1.1.1,true,false,,2015-01-14,auto,auto,https://docs.tibco.com/pub/eftl/tibco-eftl-1-1-1_documentation.zip,auto,false,tibco,messaging,,,,,
tibco-eftl-enterprise-edition,1.1.0,true,false,,2014-07-17,auto,auto,https://docs.tibco.com/pub/eftl/tibco-eftl-1-1-0_documentation.zip,auto,false,tibco,messaging,,,,,
tibco-eftl-enterprise-edition,1.0.0,true,false,,2013-11-15,auto,auto,https://docs.tibco.com/pub/eftl/tibco-eftl-1-0-0_documentation.zip,auto,false,tibco,messaging,,,,,
tibco-ems-client-for-ibm-i,8.6.0,true,false,,2022-11-02,auto,auto,https://docs.tibco.com/pub/emsi5os/tibco-ems-client-for-ibm-i-8-6-0_documentation.zip,auto,false,tibco,messaging,,,,,
tibco-ems-client-for-ibm-i,8.5.1,true,false,,2019-11-20,auto,auto,https://docs.tibco.com/pub/emsi5os/tibco-ems-client-for-ibm-i-8-5-1_documentation.zip,auto,false,tibco,messaging,,,,,
tibco-ems-client-for-ibm-i,8.5.0,true,false,,2019-05-20,auto,auto,https://docs.tibco.com/pub/emsi5os/tibco-ems-client-for-ibm-i-8-5-0_documentation.zip,auto,false,tibco,messaging,,,,,
tibco-ems-client-for-ibm-i,8.4.0,true,false,,2017-08-11,auto,auto,https://docs.tibco.com/pub/emsi5os/tibco-ems-client-for-ibm-i-8-4-0_documentation.zip,auto,false,tibco,messaging,,,,,
tibco-ems-client-for-ibm-i,8.3.0,true,false,,2016-04-19,auto,auto,https://docs.tibco.com/pub/emsi5os/tibco-ems-client-for-ibm-i-8-3-0_documentation.zip,auto,false,tibco,messaging,,,,,
tibco-ems-client-for-ibm-i,8.2.0,true,false,,2014-11-06,auto,auto,https://docs.tibco.com/pub/ems_client_for_ibm_i/tibco-ems-client-for-ibm-i-8-2-0_documentation.zip,auto,false,tibco,messaging,,,,,
tibco-ems-client-for-ibm-i,8.0.0,true,false,,2014-11-04,auto,auto,https://docs.tibco.com/pub/ems_client_for_ibm_i/tibco-ems-client-for-ibm-i-8-0-0_documentation.zip,auto,false,tibco,messaging,,,,,
tibco-ems-client-for-ibm-i,7.0.0,true,false,,2012-08-24,auto,auto,https://docs.tibco.com/pub/ems_client_for_ibm_i/tibco-ems-client-for-ibm-i-7-0-0_documentation.zip,auto,false,tibco,messaging,,,,,
tibco-ems-client-for-ibm-i,6.1.0,true,false,,2011-08-19,auto,auto,https://docs.tibco.com/pub/ems_client_for_ibm_i/tibco-ems-client-for-ibm-i-6-1-0_documentation.zip,auto,false,tibco,messaging,,,,,
tibco-ems-client-for-ibm-i,6.0.1,true,false,,2011-06-21,auto,auto,https://docs.tibco.com/pub/ems_client_for_ibm_i/tibco-ems-client-for-ibm-i-6-0-1_documentation.zip,auto,false,tibco,messaging,,,,,
tibco-ems-client-for-ibm-i,6.0.0,true,false,,2013-02-20,auto,auto,https://docs.tibco.com/pub/ems_client_for_ibm_i/tibco-ems-client-for-ibm-i-6-0-0_documentation.zip,auto,false,tibco,messaging,,,,,
tibco-ems-client-for-ibm-i,5.1.5,true,false,,2013-02-20,auto,auto,https://docs.tibco.com/pub/ems_client_for_ibm_i/tibco-ems-client-for-ibm-i-5-1-5_documentation.zip,auto,false,tibco,messaging,,,,,
tibco-ems-client-for-z-os-cics,8.5.1,true,false,,2019-11-21,auto,auto,https://docs.tibco.com/pub/ems_zos_cics/tibco-ems-client-for-z-os-cics-8-5-1_documentation.zip,auto,false,tibco,messaging,,,,,
tibco-ems-client-for-z-os-cics,8.5.0,true,false,,2019-05-21,auto,auto,https://docs.tibco.com/pub/ems_zos_cics/tibco-ems-client-for-z-os-cics-8-5-0_documentation.zip,auto,false,tibco,messaging,,,,,
tibco-ems-client-for-z-os-cics,8.4.0,true,false,,2017-08-14,auto,auto,https://docs.tibco.com/pub/ems_zos_cics/tibco-ems-client-for-z-os-cics-8-4-0_documentation.zip,auto,false,tibco,messaging,,,,,
tibco-ems-client-for-z-os-cics,8.2.0,true,false,,2014-11-06,auto,auto,https://docs.tibco.com/pub/ems_client_for_zos_cics/tibco-ems-client-for-z-os-cics-8-2-0_documentation.zip,auto,false,tibco,messaging,,,,,
tibco-ems-client-for-z-os-cics,8.0.0,true,false,,2014-11-04,auto,auto,https://docs.tibco.com/pub/ems_client_for_zos_cics/tibco-ems-client-for-z-os-cics-8-0-0_documentation.zip,auto,false,tibco,messaging,,,,,
tibco-ems-client-for-z-os-cics,6.1.0,true,false,,2011-08-19,auto,auto,https://docs.tibco.com/pub/ems_client_for_zos_cics/tibco-ems-client-for-z-os-cics-6-1-0_documentation.zip,auto,false,tibco,messaging,,,,,
tibco-ems-client-for-z-os-cics,6.0.1,true,false,,2011-06-21,auto,auto,https://docs.tibco.com/pub/ems_client_for_zos_cics/tibco-ems-client-for-z-os-cics-6-0-1_documentation.zip,auto,false,tibco,messaging,,,,,
tibco-ems-client-for-z-os-cics,5.1.5,true,false,,2013-02-20,auto,auto,https://docs.tibco.com/pub/ems_client_for_zos_cics/tibco-ems-client-for-z-os-cics-5-1-5_documentation.zip,auto,false,tibco,messaging,,,,,
tibco-ems-client-for-z-os-cics,5.1.0,true,false,,2013-02-20,auto,auto,https://docs.tibco.com/pub/ems_client_for_zos_cics/tibco-ems-client-for-z-os-cics-5-1-0_documentation.zip,auto,false,tibco,messaging,,,,,
tibco-ems-client-for-z-os-mvs,8.6.0,true,false,,2022-11-03,auto,auto,https://docs.tibco.com/pub/ems_zos_mvs/tibco-ems-client-for-z-os-mvs-8-6-0_documentation.zip,auto,false,tibco,messaging,,,,,
tibco-ems-client-for-z-os-mvs,8.5.0,true,false,,2019-05-21,auto,auto,https://docs.tibco.com/pub/ems_zos_mvs/tibco-ems-client-for-z-os-mvs-8-5-0_documentation.zip,auto,false,tibco,messaging,,,,,
tibco-ems-client-for-z-os-mvs,8.4.0,true,false,,2017-08-14,auto,auto,https://docs.tibco.com/pub/ems_zos_mvs/tibco-ems-client-for-z-os-mvs-8-4-0_documentation.zip,auto,false,tibco,messaging,,,,,
tibco-ems-client-for-z-os-mvs,8.3.0,true,false,,2016-04-19,auto,auto,https://docs.tibco.com/pub/ems_zos_mvs/tibco-ems-client-for-z-os-mvs-8-3-0_documentation.zip,auto,false,tibco,messaging,,,,,
tibco-ems-client-for-z-os-mvs,8.2.0,true,false,,2017-06-15,auto,auto,https://docs.tibco.com/pub/ems_client_for_zos_mvs/tibco-ems-client-for-z-os-mvs-8-2-0_documentation.zip,auto,false,tibco,messaging,,,,,
tibco-ems-client-for-z-os-mvs,8.0.0,true,false,,2014-11-04,auto,auto,https://docs.tibco.com/pub/ems_client_for_zos_mvs/tibco-ems-client-for-z-os-mvs-8-0-0_documentation.zip,auto,false,tibco,messaging,,,,,
tibco-ems-client-for-z-os-mvs,7.0.0,true,false,,2012-08-29,auto,auto,https://docs.tibco.com/pub/ems_client_for_zos_mvs/tibco-ems-client-for-z-os-mvs-7-0-0_documentation.zip,auto,false,tibco,messaging,,,,,
tibco-ems-client-for-z-os-mvs,6.1.0,true,false,,2011-08-19,auto,auto,https://docs.tibco.com/pub/ems_client_for_zos_mvs/tibco-ems-client-for-z-os-mvs-6-1-0_documentation.zip,auto,false,tibco,messaging,,,,,
tibco-ems-client-for-z-os-mvs,6.0.1,true,false,,2011-06-22,auto,auto,https://docs.tibco.com/pub/ems_client_for_zos_mvs/tibco-ems-client-for-z-os-mvs-6-0-1_documentation.zip,auto,false,tibco,messaging,,,,,
tibco-ems-client-for-z-os-mvs,6.0.0,true,false,,2013-02-21,auto,auto,https://docs.tibco.com/pub/ems_client_for_zos_mvs/tibco-ems-client-for-z-os-mvs-6-0-0_documentation.zip,auto,false,tibco,messaging,,,,,
tibco-ems-transport-channel-for-wcf,2.0.0,true,false,,2012-10-25,auto,auto,https://docs.tibco.com/pub/ems_transport_channel_for_wcf/tibco-ems-transport-channel-for-wcf-2-0-0_documentation.zip,auto,false,tibco,messaging,,,,,
tibco-ems-transport-channel-for-wcf,1.2.0,true,false,,2012-03-22,auto,auto,https://docs.tibco.com/pub/ems_transport_channel_for_wcf/tibco-ems-transport-channel-for-wcf-1-2-0_documentation.zip,auto,false,tibco,messaging,,,,,
tibco-ems-transport-channel-for-wcf,1.0.0,true,false,,2012-08-21,auto,auto,https://docs.tibco.com/pub/ems_transport_channel_for_wcf/tibco-ems-transport-channel-for-wcf-1-0-0_documentation.zip,auto,false,tibco,messaging,,,,,
tibco-enterprise-message-service,10.5.0,false,true,,2026-01-29,auto,auto,https://docs.tibco.com/pub/ems/10.5.0/doc/zip/tib_ems_10.5.0_doc.zip,auto,false,tibco,messaging,,,,,
tibco-enterprise-message-service,10.4.3,false,true,,2026-06-26,auto,auto,https://docs.tibco.com/pub/ems/10.4.3/doc/zip/tib_ems_10.4.3_doc.zip,auto,false,tibco,messaging,,,,,
tibco-enterprise-message-service,10.4.1,false,true,,2025-09-29,auto,auto,https://docs.tibco.com/pub/ems/10.4.1/doc/zip/tib_ems_10.4.1_doc.zip,auto,false,tibco,messaging,,,,,
tibco-enterprise-message-service,10.4.0,false,true,,2025-02-06,auto,auto,https://docs.tibco.com/pub/ems/10.4.0/doc/zip/tib_ems_10.4.0_doc.zip,auto,false,tibco,messaging,,,,,
tibco-enterprise-message-service,10.3.0,false,true,,2024-02-02,auto,auto,https://docs.tibco.com/pub/ems/10.3.0/doc/zip/tib_ems_10.3.0_doc.zip,auto,false,tibco,messaging,,,,,
tibco-enterprise-message-service,10.2.1,true,false,,2022-11-07,auto,auto,https://docs.tibco.com/pub/ems/tibco-enterprise-message-service-10-2-1_documentation.zip,auto,false,tibco,messaging,,,,,
tibco-enterprise-message-service,10.2.0,true,false,,2022-04-01,auto,auto,https://docs.tibco.com/pub/ems/tibco-enterprise-message-service-10-2-0_documentation.zip,auto,false,tibco,messaging,,,,,
tibco-enterprise-message-service,10.1.0,true,false,,2021-10-28,auto,auto,https://docs.tibco.com/pub/ems/tibco-enterprise-message-service-10-1-0_documentation.zip,auto,false,tibco,messaging,,,,,
tibco-enterprise-message-service,8.7.0,true,false,,2023-07-12,auto,auto,https://docs.tibco.com/pub/ems/tibco-enterprise-message-service-8-7-0_documentation.zip,auto,false,tibco,messaging,,,,,
tibco-enterprise-message-service,8.6.0,true,false,,2021-01-27,auto,auto,https://docs.tibco.com/pub/ems/tibco-enterprise-message-service-8-6-0_documentation.zip,auto,false,tibco,messaging,,,,,
tibco-enterprise-message-service,8.5.1,true,false,,2019-10-03,auto,auto,https://docs.tibco.com/pub/ems/tibco-enterprise-message-service-8-5-1_documentation.zip,auto,false,tibco,messaging,,,,,
tibco-enterprise-message-service,8.5.0,true,false,,2019-05-23,auto,auto,https://docs.tibco.com/pub/ems-zlinux/tibco-enterprise-message-service-8-5-0_documentation.zip,auto,false,tibco,messaging,,,,,
tibco-enterprise-message-service,8.4.1,true,false,,2018-11-06,auto,auto,https://docs.tibco.com/pub/ems-zlinux/tibco-enterprise-message-service-8-4-1_documentation.zip,auto,false,tibco,messaging,,,,,
tibco-enterprise-message-service,8.4.0,true,false,,2022-05-26,auto,auto,https://docs.tibco.com/pub/ems/tibco-enterprise-message-service-8-4-0_documentation.zip,auto,false,tibco,messaging,,,,,
tibco-enterprise-message-service,8.3.0,true,false,,2022-05-26,auto,auto,https://docs.tibco.com/pub/ems/tibco-enterprise-message-service-8-3-0_documentation.zip,auto,false,tibco,messaging,,,,,
tibco-enterprise-message-service,8.2.2,true,false,,2022-05-26,auto,auto,https://docs.tibco.com/pub/ems/tibco-enterprise-message-service-8-2-2_documentation.zip,auto,false,tibco,messaging,,,,,
tibco-enterprise-message-service,8.2.1,true,false,,2022-05-26,auto,auto,https://docs.tibco.com/pub/ems/tibco-enterprise-message-service-8-2-1_documentation.zip,auto,false,tibco,messaging,,,,,
tibco-enterprise-message-service,8.2.0,true,false,,2022-05-26,auto,auto,https://docs.tibco.com/pub/enterprise_message_service/tibco-enterprise-message-service-8-2-0_documentation.zip,auto,false,tibco,messaging,,,,,
tibco-enterprise-message-service,8.1.0,true,false,,2022-05-26,auto,auto,https://docs.tibco.com/pub/enterprise_message_service/tibco-enterprise-message-service-8-1-0_documentation.zip,auto,false,tibco,messaging,,,,,
tibco-enterprise-message-service,8.0.0,true,false,,2022-05-26,auto,auto,https://docs.tibco.com/pub/enterprise_message_service/tibco-enterprise-message-service-8-0-0_documentation.zip,auto,false,tibco,messaging,,,,,
tibco-enterprise-message-service,7.0.1,true,false,,2022-05-26,auto,auto,https://docs.tibco.com/pub/enterprise_message_service/tibco-enterprise-message-service-7-0-1_documentation.zip,auto,false,tibco,messaging,,,,,
tibco-enterprise-message-service,7.0.0,true,false,,2022-05-26,auto,auto,https://docs.tibco.com/pub/enterprise_message_service/tibco-enterprise-message-service-7-0-0_documentation.zip,auto,false,tibco,messaging,,,,,
tibco-enterprise-message-service,6.3.0,true,false,,2022-05-26,auto,auto,https://docs.tibco.com/pub/enterprise_message_service/tibco-enterprise-message-service-6-3-0_documentation.zip,auto,false,tibco,messaging,,,,,
tibco-enterprise-message-service,6.2.0,true,false,,2022-05-26,auto,auto,https://docs.tibco.com/pub/enterprise_message_service/tibco-enterprise-message-service-6-2-0_documentation.zip,auto,false,tibco,messaging,,,,,
tibco-enterprise-message-service,6.1.0,true,false,,2022-05-26,auto,auto,https://docs.tibco.com/pub/enterprise_message_service/tibco-enterprise-message-service-6-1-0_documentation.zip,auto,false,tibco,messaging,,,,,
tibco-enterprise-message-service,6.0.1,true,false,,2022-05-26,auto,auto,https://docs.tibco.com/pub/enterprise_message_service/tibco-enterprise-message-service-6-0-1_documentation.zip,auto,false,tibco,messaging,,,,,
tibco-enterprise-message-service,6.0.0,true,false,,2022-05-26,auto,auto,https://docs.tibco.com/pub/enterprise_message_service/tibco-enterprise-message-service-6-0-0_documentation.zip,auto,false,tibco,messaging,,,,,
tibco-enterprise-message-service,5.1.5,true,false,,2022-05-26,auto,auto,https://docs.tibco.com/pub/enterprise_message_service/tibco-enterprise-message-service-5-1-5_documentation.zip,auto,false,tibco,messaging,,,,,
tibco-enterprise-message-service,5.1.4,true,false,,2022-05-26,auto,auto,https://docs.tibco.com/pub/enterprise_message_service/tibco-enterprise-message-service-5-1-4_documentation.zip,auto,false,tibco,messaging,,,,,
tibco-enterprise-message-service,5.1.3,true,false,,2022-05-26,auto,auto,https://docs.tibco.com/pub/enterprise_message_service/tibco-enterprise-message-service-5-1-3_documentation.zip,auto,false,tibco,messaging,,,,,
tibco-enterprise-message-service,5.1.2,true,false,,2022-05-26,auto,auto,https://docs.tibco.com/pub/enterprise_message_service/tibco-enterprise-message-service-5-1-2_documentation.zip,auto,false,tibco,messaging,,,,,
tibco-enterprise-message-service,5.1.1,true,false,,2022-05-26,auto,auto,https://docs.tibco.com/pub/enterprise_message_service/tibco-enterprise-message-service-5-1-1_documentation.zip,auto,false,tibco,messaging,,,,,
tibco-enterprise-message-service,5.1.0,true,false,,2022-05-26,auto,auto,https://docs.tibco.com/pub/enterprise_message_service/tibco-enterprise-message-service-5-1-0_documentation.zip,auto,false,tibco,messaging,,,,,
tibco-flogo-connector-for-tibco-enterprise-message-service,1.0.1,false,true,,2025-04-15,auto,auto,https://docs.tibco.com/pub/flogo-ems/1.0.1/doc/zip/tib_flogo-ems_1.0.1_doc.zip,auto,false,tibco,messaging,,,,,
tibco-flogo-connector-for-tibco-enterprise-message-service,1.0.0,false,true,,2023-11-22,auto,auto,https://docs.tibco.com/pub/flogo-ems/1.0.0/doc/zip/tib_flogo-ems_1.0.0_doc.zip,auto,false,tibco,messaging,,,,,
tibco-ftl-enterprise-edition,7.2.0,false,true,,2025-11-14,auto,auto,https://docs.tibco.com/pub/ftl/7.2.0/doc/zip/tib_ftl_7.2.0_doc.zip,auto,false,tibco,messaging,,,,,
tibco-ftl-enterprise-edition,7.1.2,false,true,,2026-02-11,auto,auto,https://docs.tibco.com/pub/ftl/7.1.2/doc/zip/tib_ftl_7.1.2_doc.zip,auto,false,tibco,messaging,,,,,
tibco-ftl-enterprise-edition,7.1.1,false,true,,2025-09-01,auto,auto,https://docs.tibco.com/pub/ftl/7.1.1/doc/zip/tib_ftl_7.1.1_doc.zip,auto,false,tibco,messaging,,,,,
tibco-ftl-enterprise-edition,7.1.0,false,true,,2025-05-13,auto,auto,https://docs.tibco.com/pub/ftl/7.1.0/doc/zip/tib_ftl_7.1.0_doc.zip,auto,false,tibco,messaging,,,,,
tibco-ftl-enterprise-edition,7.0.1,false,true,,2024-11-21,auto,auto,https://docs.tibco.com/pub/ftl/7.0.1/doc/zip/tib_ftl_7.0.1_doc.zip,auto,false,tibco,messaging,,,,,
tibco-ftl-enterprise-edition,7.0.0,false,true,,1715299200000,auto,auto,https://docs.tibco.com/pub/ftl/7.0.0/doc/zip/tib_ftl_7.0.0_doc.zip,auto,false,tibco,messaging,,,,,
tibco-ftl-enterprise-edition,6.10.2,false,true,,2024-02-12,auto,auto,https://docs.tibco.com/pub/ftl/6.10.2/doc/zip/tib_ftl_6.10.2_doc.zip,auto,false,tibco,messaging,,,,,
tibco-ftl-enterprise-edition,6.10.1,false,true,,2023-07-04,auto,auto,https://docs.tibco.com/pub/ftl/6.10.1/doc/zip/tib_ftl_6.10.1_doc.zip,auto,false,tibco,messaging,,,,,
tibco-ftl-enterprise-edition,6.10.0,false,true,,2023-04-24,auto,auto,https://docs.tibco.com/pub/ftl/6.10.0/doc/zip/tib_ftl_6.10.0_doc.zip,auto,false,tibco,messaging,,,,,
tibco-ftl-enterprise-edition,6.9.1,true,false,,2022-11-08,auto,auto,https://docs.tibco.com/pub/ftl/tibco-ftl-enterprise-edition-6-9-1_documentation.zip,auto,false,tibco,messaging,,,,,
tibco-ftl-enterprise-edition,6.9.0,true,false,,2022-06-10,auto,auto,https://docs.tibco.com/pub/ftl/tibco-ftl-enterprise-edition-6-9-0_documentation.zip,auto,false,tibco,messaging,,,,,
tibco-ftl-enterprise-edition,6.8.1,true,false,,1658707200000,auto,auto,https://docs.tibco.com/pub/ftl/tibco-ftl-enterprise-edition-6-8-1_documentation.zip,auto,false,tibco,messaging,,,,,
tibco-ftl-enterprise-edition,6.8.0,true,false,,2022-04-19,auto,auto,https://docs.tibco.com/pub/ftl/tibco-ftl-enterprise-edition-6-8-0_documentation.zip,auto,false,tibco,messaging,,,,,
tibco-ftl-enterprise-edition,6.7.4,true,false,,2022-07-25,auto,auto,https://docs.tibco.com/pub/ftl/tibco-ftl-enterprise-edition-6-7-4_documentation.zip,auto,false,tibco,messaging,,,,,
tibco-ftl-enterprise-edition,6.7.3,true,false,,2021-12-13,auto,auto,https://docs.tibco.com/pub/ftl/tibco-ftl-enterprise-edition-6-7-3_documentation.zip,auto,false,tibco,messaging,,,,,
tibco-ftl-enterprise-edition,6.7.2,true,false,,2021-11-09,auto,auto,https://docs.tibco.com/pub/ftl/tibco-ftl-enterprise-edition-6-7-2_documentation.zip,auto,false,tibco,messaging,,,,,
tibco-ftl-enterprise-edition,6.7.1,true,false,,2021-09-02,auto,auto,https://docs.tibco.com/pub/ftl/tibco-ftl-enterprise-edition-6-7-1_documentation.zip,auto,false,tibco,messaging,,,,,
tibco-ftl-enterprise-edition,6.7.0,true,false,,2021-05-26,auto,auto,https://docs.tibco.com/pub/ftl/tibco-ftl-enterprise-edition-6-7-0_documentation.zip,auto,false,tibco,messaging,,,,,
tibco-ftl-enterprise-edition,6.6.1,true,false,,2021-04-02,auto,auto,https://docs.tibco.com/pub/ftl/tibco-ftl-enterprise-edition-6-6-1_documentation.zip,auto,false,tibco,messaging,,,,,
tibco-ftl-enterprise-edition,6.6.0,true,false,,2020-11-13,auto,auto,https://docs.tibco.com/pub/ftl/tibco-ftl-enterprise-edition-6-6-0_documentation.zip,auto,false,tibco,messaging,,,,,
tibco-ftl-enterprise-edition,6.5.0,true,false,,2020-07-29,auto,auto,https://docs.tibco.com/pub/ftl/tibco-ftl-enterprise-edition-6-5-0_documentation.zip,auto,false,tibco,messaging,,,,,
tibco-ftl-enterprise-edition,6.4.0,true,false,,2020-03-31,auto,auto,https://docs.tibco.com/pub/ftl/tibco-ftl-enterprise-edition-6-4-0_documentation.zip,auto,false,tibco,messaging,,,,,
tibco-ftl-enterprise-edition,6.3.1,true,false,,2020-01-29,auto,auto,https://docs.tibco.com/pub/ftl/tibco-ftl-enterprise-edition-6-3-1_documentation.zip,auto,false,tibco,messaging,,,,,
tibco-ftl-enterprise-edition,6.3.0,true,false,,2019-12-04,auto,auto,https://docs.tibco.com/pub/ftl/tibco-ftl-enterprise-edition-6-3-0_documentation.zip,auto,false,tibco,messaging,,,,,
tibco-ftl-enterprise-edition,6.2.0,true,false,,2019-08-14,auto,auto,https://docs.tibco.com/pub/ftl/tibco-ftl-enterprise-edition-6-2-0_documentation.zip,auto,false,tibco,messaging,,,,,
tibco-ftl-enterprise-edition,6.1.0,true,false,,2019-02-18,auto,auto,https://docs.tibco.com/pub/ftl/tibco-ftl-enterprise-edition-6-1-0_documentation.zip,auto,false,tibco,messaging,,,,,
tibco-ftl-enterprise-edition,6.0.1,true,false,,1547164800000,auto,auto,https://docs.tibco.com/pub/ftl/tibco-ftl-enterprise-edition-6-0-1_documentation.zip,auto,false,tibco,messaging,,,,,
tibco-ftl-enterprise-edition,6.0.0,true,false,,1540857600000,auto,auto,https://docs.tibco.com/pub/ftl/tibco-ftl-enterprise-edition-6-0-0_documentation.zip,auto,false,tibco,messaging,,,,,
tibco-ftl-enterprise-edition,5.4.2,true,false,,1560384000000,auto,auto,https://docs.tibco.com/pub/ftl/tibco-ftl-enterprise-edition-5-4-2_documentation.zip,auto,false,tibco,messaging,,,,,
tibco-ftl-enterprise-edition,5.4.1,true,false,,1538092800000,auto,auto,https://docs.tibco.com/pub/ftl/tibco-ftl-enterprise-edition-5-4-1_documentation.zip,auto,false,tibco,messaging,,,,,
tibco-ftl-enterprise-edition,5.4.0,true,false,,1523654320000,auto,auto,https://docs.tibco.com/pub/ftl/tibco-ftl-enterprise-edition-5-4-0_documentation.zip,auto,false,tibco,messaging,,,,,
tibco-ftl-enterprise-edition,5.3.2,true,false,,2018-01-04,auto,auto,https://docs.tibco.com/pub/ftl/tibco-ftl-enterprise-edition-5-3-2_documentation.zip,auto,false,tibco,messaging,,,,,
tibco-ftl-enterprise-edition,5.3.1,true,false,,2022-07-28,auto,auto,https://docs.tibco.com/pub/ftl/tibco-ftl-enterprise-edition-5-3-1_documentation.zip,auto,false,tibco,messaging,,,,,
tibco-ftl-enterprise-edition,5.3.0,true,false,,2017-10-26,auto,auto,https://docs.tibco.com/pub/ftl/tibco-ftl-enterprise-edition-5-3-0_documentation.zip,auto,false,tibco,messaging,,,,,
tibco-ftl-enterprise-edition,5.2.1,true,false,,2017-05-16,auto,auto,https://docs.tibco.com/pub/ftl/tibco-ftl-5-2-1_documentation.zip,auto,false,tibco,messaging,,,,,
tibco-ftl-enterprise-edition,5.2.0,true,false,,2017-06-15,auto,auto,https://docs.tibco.com/pub/ftl/tibco-ftl-5-2-0_documentation.zip,auto,false,tibco,messaging,,,,,
tibco-ftl-enterprise-edition,5.1.0,true,false,,2016-11-11,auto,auto,https://docs.tibco.com/pub/ftl/tibco-ftl-5-1-0_documentation.zip,auto,false,tibco,messaging,,,,,
tibco-ftl-enterprise-edition,5.0.0,true,false,,2017-06-15,auto,auto,https://docs.tibco.com/pub/ftl/tibco-ftl-5-0-0_documentation.zip,auto,false,tibco,messaging,,,,,
tibco-ftl-enterprise-edition,4.3.0,true,false,,2015-11-16,auto,auto,https://docs.tibco.com/pub/ftl/tibco-ftl-4-3-0_documentation.zip,auto,false,tibco,messaging,,,,,
tibco-ftl-enterprise-edition,4.2.0,true,false,,2015-07-07,auto,auto,https://docs.tibco.com/pub/ftl/tibco-ftl-4-2-0_documentation.zip,auto,false,tibco,messaging,,,,,
tibco-ftl-enterprise-edition,4.1.0,true,false,,2014-07-17,auto,auto,https://docs.tibco.com/pub/ftl/tibco-ftl-4-1-0_documentation.zip,auto,false,tibco,messaging,,,,,
tibco-ftl-enterprise-edition,4.0.0,true,false,,2013-11-15,auto,auto,https://docs.tibco.com/pub/ftl/tibco-ftl-4-0-0_documentation.zip,auto,false,tibco,messaging,,,,,
tibco-ftl-enterprise-edition,3.1.0,true,false,,2013-05-21,auto,auto,https://docs.tibco.com/pub/ftl/tibco-ftl-3-1-0_documentation.zip,auto,false,tibco,messaging,,,,,
tibco-ftl-enterprise-edition,3.0.0,true,false,,2012-11-14,auto,auto,https://docs.tibco.com/pub/ftl/tibco-ftl-3-0-0_documentation.zip,auto,false,tibco,messaging,,,,,
tibco-ftl-enterprise-edition,2.1.0,true,false,,2012-06-20,auto,auto,https://docs.tibco.com/pub/ftl/tibco-ftl-2-1-0_documentation.zip,auto,false,tibco,messaging,,,,,
tibco-ftl-enterprise-edition,2.0.1,true,false,,2012-09-12,auto,auto,https://docs.tibco.com/pub/ftl/tibco-ftl-2-0-1_documentation.zip,auto,false,tibco,messaging,,,,,
tibco-ftl-enterprise-edition,2.0.0,true,false,,2011-11-10,auto,auto,https://docs.tibco.com/pub/ftl/tibco-ftl-2-0-0_documentation.zip,auto,false,tibco,messaging,,,,,
tibco-ftl-enterprise-edition,1.1.0,true,false,,2011-06-13,auto,auto,https://docs.tibco.com/pub/ftl/tibco-ftl-1-1-0_documentation.zip,auto,false,tibco,messaging,,,,,
tibco-ftl-enterprise-edition,1.0.0,true,false,,2012-09-13,auto,auto,https://docs.tibco.com/pub/ftl/tibco-ftl-1-0-0_documentation.zip,auto,false,tibco,messaging,,,,,
tibco-gems,1.1.0,false,true,,1779408000000,auto,auto,https://docs.tibco.com/pub/msg-gems/1.1.0/doc/zip/tib_msg-gems_1.1.0_doc.zip,auto,false,tibco,messaging,,,,,
tibco-graphical-rendezvous,1.1.0,false,true,,2026-05-15,auto,auto,https://docs.tibco.com/pub/grv/1.1.0/doc/zip/tib_grv_1.1.0_doc.zip,auto,false,tibco,messaging,,,,,
tibco-hawk-microagent-for-tibco-ftl-tibco-eftl,1.1.0,false,true,,1661731200000,auto,auto,https://docs.tibco.com/pub/hawkftl/1.1.0/doc/zip/tib_hawkftl_1.1.0_doc.zip,auto,false,tibco,messaging,,,,,
tibco-hawk-microagent-for-tibco-ftl-tibco-eftl,1.0.0,true,false,,2020-01-28,auto,auto,https://docs.tibco.com/pub/hawkftl/tibco-hawk-microagent-for-tibco-ftl-tibco-eftl-1-0-0_documentation.zip,auto,false,tibco,messaging,,,,,
tibco-messaging-monitor-for-tibco-enterprise-message-service,1.1.0,false,true,,1688428800000,auto,auto,https://docs.tibco.com/pub/msgmon-ems/1.1.0/doc/zip/tib_msgmon-ems_1.1.0_doc.zip,auto,false,tibco,messaging,,,,,
tibco-messaging-monitor-for-tibco-enterprise-message-service,1.0.0,false,true,,2022-08-05,auto,auto,https://docs.tibco.com/pub/msgmon-ems/1.0.0/doc/zip/tib_msgmon-ems_1.0.0_doc.zip,auto,false,tibco,messaging,,,,,
tibco-messaging-monitor-for-tibco-ftl,1.0.0,false,true,,2022-11-03,auto,auto,https://docs.tibco.com/pub/msgmon-ftl/1.0.0/doc/zip/tib_msgmon-ftl_1.0.0_doc.zip,auto,false,tibco,messaging,,,,,
tibco-rendezvous,9.0.0,false,true,,2025-11-17,auto,auto,https://docs.tibco.com/pub/rendezvous/9.0.0/doc/zip/tib_rendezvous_9.0.0_doc.zip,auto,false,tibco,messaging,,,,,
tibco-rendezvous,8.8.1,false,true,,2025-08-18,auto,auto,https://docs.tibco.com/pub/rendezvous/8.8.1/doc/zip/tib_rendezvous_8.8.1_doc.zip,auto,false,tibco,messaging,,,,,
tibco-rendezvous,8.8.0,false,true,,2024-08-27,auto,auto,https://docs.tibco.com/pub/rendezvous/8.8.0/doc/zip/tib_rendezvous_8.8.0_doc.zip,auto,false,tibco,messaging,,,,,
tibco-rendezvous,8.7.0,false,true,,2023-05-24,auto,auto,https://docs.tibco.com/pub/rendezvous/8.7.0/doc/zip/tib_rendezvous_8.7.0_doc.zip,auto,false,tibco,messaging,,,,,
tibco-rendezvous,8.6.1,true,false,,2022-11-04,auto,auto,https://docs.tibco.com/pub/rendezvous/tibco-rendezvous-8-6-1_documentation.zip,auto,false,tibco,messaging,,,,,
tibco-rendezvous,8.6.0,true,false,,2022-05-05,auto,auto,https://docs.tibco.com/pub/rendezvous/tibco-rendezvous-8-6-0_documentation.zip,auto,false,tibco,messaging,,,,,
tibco-rendezvous,8.5.2,true,false,,2020-11-23,auto,auto,https://docs.tibco.com/pub/rendezvous/tibco-rendezvous-8-5-2_documentation.zip,auto,false,tibco,messaging,,,,,
tibco-rendezvous,8.5.1,true,false,,1602115200000,auto,auto,https://docs.tibco.com/pub/rv_zos/tibco-rendezvous-8-5-1_documentation.zip,auto,false,tibco,messaging,,,,,
tibco-rendezvous,8.5.0,true,false,,2019-11-14,auto,auto,https://docs.tibco.com/pub/rendezvous/tibco-rendezvous-8-5-0_documentation.zip,auto,false,tibco,messaging,,,,,
tibco-rendezvous,8.4.6,true,false,,2018-11-27,auto,auto,https://docs.tibco.com/pub/rendezvous/tibco-rendezvous-8-4-6_documentation.zip,auto,false,tibco,messaging,,,,,
tibco-rendezvous,8.4.5,true,false,,2018-10-09,auto,auto,https://docs.tibco.com/pub/rendezvous/tibco-rendezvous-8-4-5_documentation.zip,auto,false,tibco,messaging,,,,,
tibco-rendezvous,8.4.4,true,false,,2015-08-25,auto,auto,https://docs.tibco.com/pub/rendezvous/tibco-rendezvous-8-4-4_documentation.zip,auto,false,tibco,messaging,,,,,
tibco-rendezvous,8.4.3,true,false,,2015-02-11,auto,auto,https://docs.tibco.com/pub/rendezvous/tibco-rendezvous-8-4-3_documentation.zip,auto,false,tibco,messaging,,,,,
tibco-rendezvous,8.4.2,true,false,,2017-06-15,auto,auto,https://docs.tibco.com/pub/rendezvous/tibco-rendezvous-8-4-2_documentation.zip,auto,false,tibco,messaging,,,,,
tibco-rendezvous,8.4.1,true,false,,2013-07-15,auto,auto,https://docs.tibco.com/pub/rendezvous/tibco-rendezvous-8-4-1_documentation.zip,auto,false,tibco,messaging,,,,,
tibco-rendezvous,8.4.0,true,false,,2012-03-09,auto,auto,https://docs.tibco.com/pub/rendezvous/tibco-rendezvous-8-4-0_documentation.zip,auto,false,tibco,messaging,,,,,
tibco-rendezvous,8.3.2,true,false,,2011-08-19,auto,auto,https://docs.tibco.com/pub/rendezvous/tibco-rendezvous-8-3-2_documentation.zip,auto,false,tibco,messaging,,,,,
tibco-rendezvous,8.3.1,true,false,,2011-06-13,auto,auto,https://docs.tibco.com/pub/rendezvous/tibco-rendezvous-8-3-1_documentation.zip,auto,false,tibco,messaging,,,,,
tibco-rendezvous,8.3.0,true,false,,2012-08-06,auto,auto,https://docs.tibco.com/pub/rendezvous/tibco-rendezvous-8-3-0_documentation.zip,auto,false,tibco,messaging,,,,,
tibco-rendezvous,8.2.2,true,false,,2013-02-28,auto,auto,https://docs.tibco.com/pub/rendezvous/tibco-rendezvous-8-2-2_documentation.zip,auto,false,tibco,messaging,,,,,
tibco-rendezvous,8.2.1,true,false,,2013-04-23,auto,auto,https://docs.tibco.com/pub/rendezvous/tibco-rendezvous-8-2-1_documentation.zip,auto,false,tibco,messaging,,,,,
tibco-rendezvous-network-service,2.2.0,false,true,,2025-10-28,auto,auto,https://docs.tibco.com/pub/trns/2.2.0/doc/zip/tib_trns_2.2.0_doc.zip,auto,false,tibco,messaging,,,,,
tibco-rendezvous-network-service,2.1.0,false,true,,2023-09-26,auto,auto,https://docs.tibco.com/pub/trns/2.1.0/doc/zip/tib_trns_2.1.0_doc.zip,auto,false,tibco,messaging,,,,,
tibco-rendezvous-network-service,2.0.0,true,false,,1678320000000,auto,auto,https://docs.tibco.com/pub/trns/tibco-rendezvous-network-service-2-0-0_documentation.zip,auto,false,tibco,messaging,,,,,
tibco-silver-fabric-enabler-for-activespaces-enterprise-edition,1.2.0,false,true,,2016-09-15,auto,auto,https://docs.tibco.com/pub/sfas/1.2.0/doc/zip/tib_sfas_1.2.0_doc.zip,auto,false,tibco,messaging,,,,,
tibco-silver-fabric-enabler-for-activespaces-enterprise-edition,1.1.0,true,false,,2016-03-18,auto,auto,https://docs.tibco.com/pub/sfas/tibco-silver-fabric-enabler-for-activespaces-enterprise-edition-1-1-0_documentation.zip,auto,false,tibco,messaging,,,,,
tibco-silver-fabric-enabler-for-activespaces-enterprise-edition,1.0.1,true,false,,2015-02-20,auto,auto,https://docs.tibco.com/pub/sfas/tibco-silver-fabric-enabler-for-activespaces-enterprise-edition-1-0-1_documentation.zip,auto,false,tibco,messaging,,,,,
tibco-silver-fabric-enabler-for-activespaces-enterprise-edition,1.0.0,true,false,,2014-10-03,auto,auto,https://docs.tibco.com/pub/sfas/tibco-silver-fabric-enabler-for-activespaces-enterprise-edition-1-0-0_documentation.zip,auto,false,tibco,messaging,,,,,
tibco-silver-fabric-enabler-for-tibco-enterprise-message-service,2.3.0,true,false,,2017-10-23,auto,auto,https://docs.tibco.com/pub/sfem/tibco-silver-fabric-enabler-for-tibco-enterprise-message-service-2-3-0_documentation.zip,auto,false,tibco,messaging,,,,,
tibco-silver-fabric-enabler-for-tibco-enterprise-message-service,2.2.0,true,false,,2016-12-24,auto,auto,https://docs.tibco.com/pub/sfem/tibco-silver-fabric-enabler-for-tibco-enterprise-message-service-2-2-0_documentation.zip,auto,false,tibco,messaging,,,,,
tibco-silver-fabric-enabler-for-tibco-enterprise-message-service,2.1.0,true,false,,2015-01-28,auto,auto,https://docs.tibco.com/pub/silver-fabric-enabler-for-ems/tibco-silver-fabric-enabler-for-tibco-enterprise-message-service-2-1-0_documentation.zip,auto,false,tibco,messaging,,,,,
tibco-silver-fabric-enabler-for-tibco-enterprise-message-service,2.0.0,true,false,,2014-09-13,auto,auto,https://docs.tibco.com/pub/silver-fabric-enabler-for-ems/tibco-silver-fabric-enabler-for-tibco-enterprise-message-service-2-0-0_documentation.zip,auto,false,tibco,messaging,,,,,
tibco-spotfire-data-source-for-activespaces,1.1.0,true,false,,2015-12-23,auto,auto,https://docs.tibco.com/pub/spds-as/tibco-spotfire-data-source-for-activespaces-1-1-0_documentation.zip,auto,false,tibco,messaging,,,,,
tibco-spotfire-data-source-for-activespaces,1.0.0,false,true,,2014-08-29,auto,auto,https://docs.tibco.com/pub/spds-as/1.0.0/doc/zip/tib_spds-as_1.0.0_doc.zip,auto,false,tibco,messaging,,,,,
