product_name,category,version,doc_url,is_archived in docsite,Marked Retired on support site (09/03/26),Migrate to New TIBCO Docsite
Adapter Code for TIBCO® API Exchange and Joomla!,Unassigned,2.3.4,https://docs.tibco.com/products/adapter-code-for-tibco-api-exchange-and-joomla-2-3-4,FALSE,FALSE,Migrate
Adapter Code for TIBCO® API Exchange and Joomla!,Unassigned,2.3.3,https://docs.tibco.com/products/adapter-code-for-tibco-api-exchange-and-joomla-2-3-3,FALSE,FALSE,Migrate
Premium Subscription for TIBCO BusinessWorks™ Container Edition and Plug-ins for AWS Marketplace,Unassigned,2.3.1,https://docs.tibco.com/products/premium-subscription-for-tibco-businessworks-container-edition-and-plug-ins-for-aws-marketplace-2-3-1,FALSE,FALSE,Migrate
Spotfire LiveView™ Web Enterprise Edition,Data Science & Streaming,1.7.1,https://docs.tibco.com/products/spotfire-liveview-web-enterprise-edition-1-7-1,FALSE,FALSE,Migrate
Spotfire LiveView™ Web Enterprise Edition,Data Science & Streaming,1.7.0,https://docs.tibco.com/products/spotfire-liveview-web-enterprise-edition-1-7-0,FALSE,FALSE,Migrate
Spotfire LiveView™ Web Enterprise Edition,Data Science & Streaming,1.6.2,https://docs.tibco.com/products/tibco-liveview-web-enterprise-edition-1-6-2,TRUE,FALSE,Do Not Migrate
Spotfire LiveView™ Web Enterprise Edition,Data Science & Streaming,1.6.0,https://docs.tibco.com/products/tibco-liveview-web-enterprise-edition-1-6-0,TRUE,FALSE,Do Not Migrate
Spotfire LiveView™ Web Enterprise Edition,Data Science & Streaming,1.5.0,https://docs.tibco.com/products/tibco-liveview-web-enterprise-edition-1-5-0,TRUE,FALSE,Do Not Migrate
Spotfire LiveView™ Web Enterprise Edition,Data Science & Streaming,1.4.1,https://docs.tibco.com/products/tibco-liveview-web-enterprise-edition-1-4-1,TRUE,FALSE,Do Not Migrate
Spotfire LiveView™ Web Enterprise Edition,Data Science & Streaming,1.4.0,https://docs.tibco.com/products/tibco-liveview-web-enterprise-edition-1-4-0,TRUE,FALSE,Do Not Migrate
Spotfire LiveView™ Web Enterprise Edition,Data Science & Streaming,1.3.2,https://docs.tibco.com/products/tibco-liveview-web-enterprise-edition-1-3-2,TRUE,FALSE,Do Not Migrate
Spotfire LiveView™ Web Enterprise Edition,Data Science & Streaming,1.3.1,https://docs.tibco.com/products/tibco-liveview-web-enterprise-edition-1-3-1,TRUE,FALSE,Do Not Migrate
Spotfire LiveView™ Web Enterprise Edition,Data Science & Streaming,1.3.0,https://docs.tibco.com/products/tibco-liveview-web-enterprise-edition-1-3-0,TRUE,FALSE,Do Not Migrate
Spotfire LiveView™ Web Enterprise Edition,Data Science & Streaming,1.2.1,https://docs.tibco.com/products/tibco-liveview-web-enterprise-edition-1-2-1,TRUE,FALSE,Do Not Migrate
Spotfire LiveView™ Web Enterprise Edition,Data Science & Streaming,1.2.0,https://docs.tibco.com/products/tibco-liveview-web-1-2-0,TRUE,FALSE,Do Not Migrate
Spotfire LiveView™ Web Enterprise Edition,Data Science & Streaming,1.1.3,https://docs.tibco.com/products/tibco-liveview-web-1-1-3,TRUE,FALSE,Do Not Migrate
Spotfire LiveView™ Web Enterprise Edition,Data Science & Streaming,1.1.2,https://docs.tibco.com/products/tibco-liveview-web-1-1-2,TRUE,FALSE,Do Not Migrate
Spotfire LiveView™ Web Enterprise Edition,Data Science & Streaming,1.1.1,https://docs.tibco.com/products/tibco-liveview-web-1-1-1,TRUE,FALSE,Do Not Migrate
Spotfire LiveView™ Web Enterprise Edition,Data Science & Streaming,1.1.0,https://docs.tibco.com/products/tibco-liveview-web-1-1-0,TRUE,FALSE,Do Not Migrate
Spotfire LiveView™ Web Enterprise Edition,Data Science & Streaming,1.0.3,https://docs.tibco.com/products/tibco-liveview-web-1-0-3,TRUE,FALSE,Do Not Migrate
Spotfire LiveView™ Web Enterprise Edition,Data Science & Streaming,1.0.2,https://docs.tibco.com/products/tibco-liveview-web-1-0-2,TRUE,FALSE,Do Not Migrate
Spotfire® Data Streams,Visual Analytics,11.1.1,https://docs.tibco.com/products/spotfire-data-streams-11-1-1,FALSE,FALSE,Migrate
Spotfire® Data Streams,Visual Analytics,11.1.0,https://docs.tibco.com/products/spotfire-data-streams-11-1-0,FALSE,FALSE,Migrate
Spotfire® Data Streams,Visual Analytics,11.0.1,https://docs.tibco.com/products/tibco-data-streams-11-0-1,TRUE,FALSE,Do Not Migrate
Spotfire® Data Streams,Visual Analytics,11.0.0,https://docs.tibco.com/products/tibco-data-streams-11-0-0,TRUE,FALSE,Do Not Migrate
Spotfire® Data Streams,Visual Analytics,10.6.6,https://docs.tibco.com/products/spotfire-data-streams-10-6-6,FALSE,FALSE,Migrate
Spotfire® Data Streams,Visual Analytics,10.6.5,https://docs.tibco.com/products/spotfire-data-streams-10-6-5,FALSE,FALSE,Migrate
Spotfire® Data Streams,Visual Analytics,10.6.4,https://docs.tibco.com/products/tibco-data-streams-10-6-4,TRUE,FALSE,Do Not Migrate
Spotfire® Data Streams,Visual Analytics,10.6.3,https://docs.tibco.com/products/tibco-data-streams-10-6-3,TRUE,FALSE,Do Not Migrate
Spotfire® Data Streams,Visual Analytics,10.6.2,https://docs.tibco.com/products/tibco-spotfire-data-streams-10-6-2,TRUE,FALSE,Do Not Migrate
Spotfire® Data Streams,Visual Analytics,10.6.1,https://docs.tibco.com/products/tibco-spotfire-data-streams-10-6-1,TRUE,FALSE,Do Not Migrate
Spotfire® Data Streams,Visual Analytics,10.6.0,https://docs.tibco.com/products/tibco-spotfire-data-streams-10-6-0,TRUE,FALSE,Do Not Migrate
Spotfire® Data Streams,Visual Analytics,10.5.0,https://docs.tibco.com/products/tibco-spotfire-data-streams-10-5-0,TRUE,FALSE,Do Not Migrate
Spotfire® Data Streams,Visual Analytics,10.4.5,https://docs.tibco.com/products/tibco-spotfire-data-streams-10-4-5,TRUE,FALSE,Do Not Migrate
Spotfire® Data Streams,Visual Analytics,10.4.4,https://docs.tibco.com/products/tibco-spotfire-data-streams-10-4-4,TRUE,FALSE,Do Not Migrate
Spotfire® Data Streams,Visual Analytics,10.4.3,https://docs.tibco.com/products/tibco-spotfire-data-streams-10-4-3,TRUE,FALSE,Do Not Migrate
Spotfire® Data Streams,Visual Analytics,10.4.2,https://docs.tibco.com/products/tibco-spotfire-data-streams-10-4-2,TRUE,FALSE,Do Not Migrate
Spotfire® Data Streams,Visual Analytics,10.4.1,https://docs.tibco.com/products/tibco-spotfire-data-streams-10-4-1,TRUE,FALSE,Do Not Migrate
Spotfire® Data Streams,Visual Analytics,10.4.0,https://docs.tibco.com/products/tibco-spotfire-data-streams-10-4-0,TRUE,FALSE,Do Not Migrate
tibbr® for iOS,Unassigned,6.4.0,https://docs.tibco.com/products/tibbr-for-ios-6-4-0,TRUE,FALSE,Do Not Migrate
tibbr® for iOS,Unassigned,6.3.0,https://docs.tibco.com/products/tibbr-for-ios-6-3-0,TRUE,FALSE,Do Not Migrate
tibbr® for iOS,Unassigned,6.2.1,https://docs.tibco.com/products/tibbr-for-ios-6-2-1,TRUE,FALSE,Do Not Migrate
tibbr® for Microsoft Outlook,Unassigned,1.0.0,https://docs.tibco.com/products/tibbr-for-microsoft-outlook-1-0-0,TRUE,FALSE,Do Not Migrate
tibbr® for Microsoft SharePoint,Unassigned,5.1.0,https://docs.tibco.com/products/tibbr-for-microsoft-sharepoint-5-1-0,TRUE,FALSE,Do Not Migrate
tibbr® for Salesforce.com App,Unassigned,1.2.0,https://docs.tibco.com/products/tibbr-for-salesforce-com-app-1-2-0,TRUE,FALSE,Do Not Migrate
tibbr® for Salesforce.com App,Unassigned,1.1.0,https://docs.tibco.com/products/tibbr-for-salesforce-com-app-1-1-0,TRUE,FALSE,Do Not Migrate
tibbr® for Salesforce.com App,Unassigned,1.0.1,https://docs.tibco.com/products/tibbr-for-salesforce-com-app-1-0-1,TRUE,FALSE,Do Not Migrate
tibbr® for Salesforce.com App,Unassigned,1.0.0,https://docs.tibco.com/products/tibbr-for-salesforce-com-app-1-0-0,TRUE,FALSE,Do Not Migrate
tibbr® Ideas,Unassigned,2.2.0,https://docs.tibco.com/products/tibbr-ideas-2-2-0,TRUE,FALSE,Do Not Migrate
tibbr® Ideas,Unassigned,2.1.0,https://docs.tibco.com/products/tibbr-ideas-2-1-0,TRUE,FALSE,Do Not Migrate
tibbr® Pages,Unassigned,2.0.0,https://docs.tibco.com/products/tibbr-pages-2-0-0,TRUE,FALSE,Do Not Migrate
tibbr® Pages,Unassigned,1.2.0,https://docs.tibco.com/products/tibbr-pages-1-2-0,TRUE,FALSE,Do Not Migrate
tibbr® Pages,Unassigned,1.1.0,https://docs.tibco.com/products/tibbr-pages-1-1-0,TRUE,FALSE,Do Not Migrate
tibbr® Pages,Unassigned,1.0.0,https://docs.tibco.com/products/tibbr-pages-app-1-0-0,TRUE,FALSE,Do Not Migrate
tibbr® Tasks,Unassigned,1.2.0,https://docs.tibco.com/products/tibbr-tasks-1-2-0,TRUE,FALSE,Do Not Migrate
tibbr® Tasks,Unassigned,1.1.0,https://docs.tibco.com/products/tibbr-tasks-1-1-0,TRUE,FALSE,Do Not Migrate
tibbr® Tasks,Unassigned,1.0.1,https://docs.tibco.com/products/tibbr-tasks-1-0-1,TRUE,FALSE,Do Not Migrate
"tibbr®, tibbr® Service, tibbr® Community, and tibbr®Community Service",Unassigned,8.0.0,"https://docs.tibco.com/products/tibbr,-tibbr-service,-tibbr-community,-and-tibbrcommunity-service-8-0-0",FALSE,FALSE,Do Not Migrate
"tibbr®, tibbr® Service, tibbr® Community, and tibbr®Community Service",Unassigned,7.1.0,"https://docs.tibco.com/products/tibbr,-tibbr-service,-tibbr-community,-and-tibbrcommunity-service-7-1-0",TRUE,FALSE,Do Not Migrate
"tibbr®, tibbr® Service, tibbr® Community, and tibbr®Community Service",Unassigned,7.0.1,"https://docs.tibco.com/products/tibbr,-tibbr-service,-tibbr-community,-and-tibbrcommunity-service-7-0-1",TRUE,FALSE,Do Not Migrate
"tibbr®, tibbr® Service, tibbr® Community, and tibbr®Community Service",Unassigned,7.0.0,"https://docs.tibco.com/products/tibbr,-tibbr-service,-tibbr-community,-and-tibbrcommunity-service-7-0-0",TRUE,FALSE,Do Not Migrate
"tibbr®, tibbr® Service, tibbr® Community, and tibbr®Community Service",Unassigned,6.0.2,"https://docs.tibco.com/products/tibbr,-tibbr-service,-tibbr-community,-and-tibbrcommunity-service-6-0-2",TRUE,FALSE,Do Not Migrate
"tibbr®, tibbr® Service, tibbr® Community, and tibbr®Community Service",Unassigned,6.0.1,"https://docs.tibco.com/products/tibbr,-tibbr-service,-tibbr-community,-and-tibbrcommunity-service-6-0-1",TRUE,FALSE,Do Not Migrate
"tibbr®, tibbr® Service, tibbr® Community, and tibbr®Community Service",Unassigned,5.1.1,"https://docs.tibco.com/products/tibbr,-tibbr-service,-tibbr-community,-and-tibbr-community-service-5-1-1",TRUE,FALSE,Do Not Migrate
"tibbr®, tibbr® Service, tibbr® Community, and tibbr®Community Service",Unassigned,5.1.0,"https://docs.tibco.com/products/tibbr,-tibbr-service,-tibbr-community,-and-tibbr-community-service-5-1-0",TRUE,FALSE,Do Not Migrate
"tibbr®, tibbr® Service, tibbr® Community, and tibbr®Community Service",Unassigned,5.0.1,"https://docs.tibco.com/products/tibbr,-tibbr-service,-tibbr-community,-and-tibbr-community-service-5-0-1",TRUE,FALSE,Do Not Migrate
"tibbr®, tibbr® Service, tibbr® Community, and tibbr®Community Service",Unassigned,4.1.2,"https://docs.tibco.com/products/tibbr,-tibbr-service,-tibbr-community,-and-tibbr-community-service-4-1-2",TRUE,FALSE,Do Not Migrate
TIBCO ActiveMatrix Adapter for SAP (TIBCO Business Studio),Unassigned,1.3.0,https://docs.tibco.com/products/tibco-activematrix-adapter-for-sap-tibco-business-studio-1-3-0,FALSE,FALSE,Migrate
TIBCO ActiveMatrix Adapter for SAP (TIBCO Business Studio),Unassigned,1.2.0,https://docs.tibco.com/products/tibco-activematrix-adapter-for-sap-tibco-business-studio-1-2-0,FALSE,FALSE,Migrate
TIBCO ActiveMatrix BusinessWorks Plug-in for IBM i,Integration,7.3.0,https://docs.tibco.com/products/tibco-activematrix-businessworks-plug-in-for-ibm-i-7-3-0,FALSE,FALSE,Migrate
TIBCO ActiveMatrix BusinessWorks Plug-in for IBM i,Integration,7.2.2,https://docs.tibco.com/products/tibco-activematrix-businessworks-plug-in-for-ibm-i-7-2-2,TRUE,TRUE,Do Not Migrate
TIBCO ActiveMatrix BusinessWorks Plug-in for IBM i,Integration,7.2.1,https://docs.tibco.com/products/tibco-activematrix-businessworks-plug-in-for-ibm-i-7-2-1,TRUE,TRUE,Do Not Migrate
TIBCO ActiveMatrix BusinessWorks Plug-in for IBM i,Integration,7.2.0,https://docs.tibco.com/products/tibco-activematrix-businessworks-plug-in-for-ibm-i-7-2-0,TRUE,TRUE,Do Not Migrate
TIBCO ActiveMatrix BusinessWorks Plug-in for IBM i,Integration,7.1.1,https://docs.tibco.com/products/tibco-activematrix-businessworks-plug-in-for-ibm-i-7-1-1,TRUE,TRUE,Do Not Migrate
TIBCO ActiveMatrix BusinessWorks Plug-in for IBM i,Integration,7.1.0,https://docs.tibco.com/products/tibco-activematrix-businessworks-plug-in-for-ibm-i-7-1-0,TRUE,TRUE,Do Not Migrate
TIBCO ActiveMatrix BusinessWorks Plug-in for IBM i,Integration,7.0.2,https://docs.tibco.com/products/tibco-activematrix-businessworks-plug-in-for-ibm-i-7-0-2,TRUE,TRUE,Do Not Migrate
TIBCO ActiveMatrix BusinessWorks Plug-in for IBM i,Integration,7.0.1,https://docs.tibco.com/products/tibco-activematrix-businessworks-plug-in-for-ibm-i-7-0-1,TRUE,TRUE,Do Not Migrate
TIBCO ActiveMatrix BusinessWorks Plug-in for IBM i,Integration,7.0.0,https://docs.tibco.com/products/tibco-activematrix-businessworks-plug-in-for-ibm-i-7-0-0,TRUE,TRUE,Do Not Migrate
TIBCO ActiveMatrix BusinessWorks Plug-in for Microsoft Dynamics CRM,Integration,6.10.1,https://docs.tibco.com/products/tibco-activematrix-businessworks-plug-in-for-microsoft-dynamics-crm-6-10-1,FALSE,FALSE,Migrate
TIBCO ActiveMatrix BusinessWorks Plug-in for Microsoft Dynamics CRM,Integration,6.10.0,https://docs.tibco.com/products/tibco-activematrix-businessworks-plug-in-for-microsoft-dynamics-crm-6-10-0,FALSE,FALSE,Migrate
TIBCO ActiveMatrix BusinessWorks Plug-in for Microsoft Dynamics CRM,Integration,6.9.4,https://docs.tibco.com/products/tibco-activematrix-businessworks-plug-in-for-microsoft-dynamics-crm-6-9-4,FALSE,FALSE,Migrate
TIBCO ActiveMatrix BusinessWorks Plug-in for Microsoft Dynamics CRM,Integration,6.9.3,https://docs.tibco.com/products/tibco-activematrix-businessworks-plug-in-for-microsoft-dynamics-crm-6-9-3,FALSE,FALSE,Migrate
TIBCO ActiveMatrix BusinessWorks Plug-in for Microsoft Dynamics CRM,Integration,6.9.2,https://docs.tibco.com/products/tibco-activematrix-businessworks-plug-in-for-microsoft-dynamics-crm-6-9-2,TRUE,TRUE,Do Not Migrate
TIBCO ActiveMatrix BusinessWorks Plug-in for Microsoft Dynamics CRM,Integration,6.9.1,https://docs.tibco.com/products/tibco-activematrix-businessworks-plug-in-for-microsoft-dynamics-crm-6-9-1,TRUE,TRUE,Do Not Migrate
TIBCO ActiveMatrix BusinessWorks Plug-in for Microsoft Dynamics CRM,Integration,6.9.0,https://docs.tibco.com/products/tibco-activematrix-businessworks-plug-in-for-microsoft-dynamics-crm-6-9-0,TRUE,TRUE,Do Not Migrate
TIBCO ActiveMatrix BusinessWorks Plug-in for Microsoft Dynamics CRM,Integration,6.8.1,https://docs.tibco.com/products/tibco-activematrix-businessworks-plug-in-for-microsoft-dynamics-crm-6-8-1,TRUE,TRUE,Do Not Migrate
TIBCO ActiveMatrix BusinessWorks Plug-in for Microsoft Dynamics CRM,Integration,6.8.0,https://docs.tibco.com/products/tibco-activematrix-businessworks-plug-in-for-microsoft-dynamics-crm-6-8-0,TRUE,TRUE,Do Not Migrate
TIBCO ActiveMatrix BusinessWorks Plug-in for Microsoft Dynamics CRM,Integration,6.7.0,https://docs.tibco.com/products/tibco-activematrix-businessworks-plug-in-for-microsoft-dynamics-crm-6-7-0,FALSE,TRUE,Do Not Migrate
TIBCO ActiveMatrix BusinessWorks Plug-in for Microsoft Dynamics CRM,Integration,6.6.0,https://docs.tibco.com/products/tibco-activematrix-businessworks-plug-in-for-microsoft-dynamics-crm-6-6-0,TRUE,TRUE,Do Not Migrate
TIBCO ActiveMatrix BusinessWorks Plug-in for Microsoft Dynamics CRM,Integration,6.5.0,https://docs.tibco.com/products/tibco-activematrix-businessworks-plug-in-for-microsoft-dynamics-crm-6-5-0,TRUE,TRUE,Do Not Migrate
TIBCO ActiveMatrix BusinessWorks Plug-in for Microsoft Dynamics CRM,Integration,6.4.0,https://docs.tibco.com/products/tibco-activematrix-businessworks-plug-in-for-microsoft-dynamics-crm-6-4-0,TRUE,TRUE,Do Not Migrate
TIBCO ActiveMatrix BusinessWorks Plug-in for Microsoft Dynamics CRM,Integration,6.3.1,https://docs.tibco.com/products/tibco-activematrix-businessworks-plug-in-for-microsoft-dynamics-crm-6-3-1,TRUE,TRUE,Do Not Migrate
TIBCO ActiveMatrix BusinessWorks Plug-in for Microsoft Dynamics CRM,Integration,6.3.0,https://docs.tibco.com/products/tibco-activematrix-businessworks-plug-in-for-microsoft-dynamics-crm-6-3-0,TRUE,TRUE,Do Not Migrate
TIBCO ActiveMatrix BusinessWorks Plug-in for Microsoft Dynamics CRM,Integration,6.2.0,https://docs.tibco.com/products/tibco-activematrix-businessworks-plug-in-for-microsoft-dynamics-crm-6-2-0,TRUE,TRUE,Do Not Migrate
TIBCO ActiveMatrix BusinessWorks Plug-in for Microsoft Dynamics CRM,Integration,6.1.0,https://docs.tibco.com/products/tibco-activematrix-businessworks-plug-in-for-microsoft-dynamics-crm-6-1-0,TRUE,TRUE,Do Not Migrate
TIBCO ActiveMatrix BusinessWorks Plug-in for Microsoft Dynamics CRM,Integration,6.0.1,https://docs.tibco.com/products/tibco-activematrix-businessworks-plug-in-for-microsoft-dynamics-crm-6-0-1,TRUE,TRUE,Do Not Migrate
TIBCO ActiveMatrix BusinessWorks Plug-in for Microsoft Dynamics CRM,Integration,6.0.0,https://docs.tibco.com/products/tibco-activematrix-businessworks-plug-in-for-microsoft-dynamics-crm-6-0-0,TRUE,TRUE,Do Not Migrate
TIBCO ActiveMatrix BusinessWorks™,Integration,6.13.0,https://docs.tibco.com/products/tibco-activematrix-businessworks-6-13-0,FALSE,FALSE,Migrate
TIBCO ActiveMatrix BusinessWorks™,Integration,6.12.0,https://docs.tibco.com/products/tibco-activematrix-businessworks-6-12-0,FALSE,FALSE,Migrate
TIBCO ActiveMatrix BusinessWorks™,Integration,6.11.0,https://docs.tibco.com/products/tibco-activematrix-businessworks-6-11-0,FALSE,FALSE,Migrate
TIBCO ActiveMatrix BusinessWorks™,Integration,6.10.0,https://docs.tibco.com/products/tibco-activematrix-businessworks-6-10-0,FALSE,FALSE,Migrate
TIBCO ActiveMatrix BusinessWorks™,Integration,6.9.1,https://docs.tibco.com/products/tibco-activematrix-businessworks-6-9-1,FALSE,TRUE,Do Not Migrate
TIBCO ActiveMatrix BusinessWorks™,Integration,6.9.0,https://docs.tibco.com/products/tibco-activematrix-businessworks-6-9-0,TRUE,TRUE,Do Not Migrate
TIBCO ActiveMatrix BusinessWorks™,Integration,6.8.1,https://docs.tibco.com/products/tibco-activematrix-businessworks-6-8-1,TRUE,TRUE,Do Not Migrate
TIBCO ActiveMatrix BusinessWorks™,Integration,6.8.0,https://docs.tibco.com/products/tibco-activematrix-businessworks-6-8-0,TRUE,TRUE,Do Not Migrate
TIBCO ActiveMatrix BusinessWorks™,Integration,6.7.0,https://docs.tibco.com/products/tibco-activematrix-businessworks-6-7-0,TRUE,TRUE,Do Not Migrate
TIBCO ActiveMatrix BusinessWorks™,Integration,6.6.1,https://docs.tibco.com/products/tibco-activematrix-businessworks-6-6-1,TRUE,TRUE,Do Not Migrate
TIBCO ActiveMatrix BusinessWorks™,Integration,6.6.0,https://docs.tibco.com/products/tibco-activematrix-businessworks-6-6-0,TRUE,TRUE,Do Not Migrate
TIBCO ActiveMatrix BusinessWorks™,Integration,6.5.1,https://docs.tibco.com/products/tibco-activematrix-businessworks-6-5-1,TRUE,TRUE,Do Not Migrate
TIBCO ActiveMatrix BusinessWorks™,Integration,6.5.0,https://docs.tibco.com/products/tibco-activematrix-businessworks-6-5-0,TRUE,TRUE,Do Not Migrate
TIBCO ActiveMatrix BusinessWorks™,Integration,6.4.2,https://docs.tibco.com/products/tibco-activematrix-businessworks-6-4-2,TRUE,TRUE,Do Not Migrate
TIBCO ActiveMatrix BusinessWorks™,Integration,6.4.1,https://docs.tibco.com/products/tibco-activematrix-businessworks-6-4-1,TRUE,TRUE,Do Not Migrate
TIBCO ActiveMatrix BusinessWorks™,Integration,6.4.0,https://docs.tibco.com/products/tibco-activematrix-businessworks-6-4-0,TRUE,TRUE,Do Not Migrate
TIBCO ActiveMatrix BusinessWorks™,Integration,6.3.5,https://docs.tibco.com/products/tibco-activematrix-businessworks-6-3-5,TRUE,TRUE,Do Not Migrate
TIBCO ActiveMatrix BusinessWorks™,Integration,6.3.4,https://docs.tibco.com/products/tibco-activematrix-businessworks-6-3-4,TRUE,TRUE,Do Not Migrate
TIBCO ActiveMatrix BusinessWorks™,Integration,6.3.3,https://docs.tibco.com/products/tibco-activematrix-businessworks-6-3-3,TRUE,TRUE,Do Not Migrate
TIBCO ActiveMatrix BusinessWorks™,Integration,6.3.2,https://docs.tibco.com/products/tibco-activematrix-businessworks-6-3-2,TRUE,TRUE,Do Not Migrate
TIBCO ActiveMatrix BusinessWorks™,Integration,6.3.1,https://docs.tibco.com/products/tibco-activematrix-businessworks-6-3-1,TRUE,TRUE,Do Not Migrate
TIBCO ActiveMatrix BusinessWorks™,Integration,6.3.0,https://docs.tibco.com/products/tibco-activematrix-businessworks-6-3-0,TRUE,TRUE,Do Not Migrate
TIBCO ActiveMatrix BusinessWorks™,Integration,6.2.2,https://docs.tibco.com/products/tibco-activematrix-businessworks-6-2-2,TRUE,TRUE,Do Not Migrate
TIBCO ActiveMatrix BusinessWorks™,Integration,6.2.1,https://docs.tibco.com/products/tibco-activematrix-businessworks-6-2-1,TRUE,TRUE,Do Not Migrate
TIBCO ActiveMatrix BusinessWorks™,Integration,6.2.0,https://docs.tibco.com/products/tibco-activematrix-businessworks-6-2-0,TRUE,TRUE,Do Not Migrate
TIBCO ActiveMatrix BusinessWorks™,Integration,6.1.1,https://docs.tibco.com/products/tibco-activematrix-businessworks-6-1-1,TRUE,TRUE,Do Not Migrate
TIBCO ActiveMatrix BusinessWorks™,Integration,6.1.0,https://docs.tibco.com/products/tibco-activematrix-businessworks-6-1-0,TRUE,TRUE,Do Not Migrate
TIBCO ActiveMatrix BusinessWorks™,Integration,5.16.1,https://docs.tibco.com/products/tibco-activematrix-businessworks-5-16-1,FALSE,FALSE,Migrate
TIBCO ActiveMatrix BusinessWorks™,Integration,5.16.0,https://docs.tibco.com/products/tibco-activematrix-businessworks-5-16-0,FALSE,TRUE,Do Not Migrate
TIBCO ActiveMatrix BusinessWorks™,Integration,5.15.1,https://docs.tibco.com/products/tibco-activematrix-businessworks-5-15-1,FALSE,FALSE,Migrate
TIBCO ActiveMatrix BusinessWorks™,Integration,5.15.0,https://docs.tibco.com/products/tibco-activematrix-businessworks-5-15-0,FALSE,FALSE,Migrate
TIBCO ActiveMatrix BusinessWorks™,Integration,5.14.1,https://docs.tibco.com/products/tibco-activematrix-businessworks-5-14-1,FALSE,TRUE,Do Not Migrate
TIBCO ActiveMatrix BusinessWorks™,Integration,5.14.0,https://docs.tibco.com/products/tibco-activematrix-businessworks-5-14-0,FALSE,TRUE,Do Not Migrate
TIBCO ActiveMatrix BusinessWorks™,Integration,5.13.2,https://docs.tibco.com/products/tibco-activematrix-businessworks-5-13-2,TRUE,TRUE,Do Not Migrate
TIBCO ActiveMatrix BusinessWorks™,Integration,5.13.1,https://docs.tibco.com/products/tibco-activematrix-businessworks-5-13-1,TRUE,TRUE,Do Not Migrate
TIBCO ActiveMatrix BusinessWorks™,Integration,5.13.0,https://docs.tibco.com/products/tibco-activematrix-businessworks-5-13-0,TRUE,TRUE,Do Not Migrate
TIBCO ActiveMatrix BusinessWorks™,Integration,5.12.0,https://docs.tibco.com/products/tibco-activematrix-businessworks-5-12-0,TRUE,TRUE,Do Not Migrate
TIBCO ActiveMatrix BusinessWorks™,Integration,5.11.0,https://docs.tibco.com/products/tibco-activematrix-businessworks-5-11-0,TRUE,TRUE,Do Not Migrate
TIBCO ActiveMatrix BusinessWorks™,Integration,5.10.0,https://docs.tibco.com/products/tibco-activematrix-businessworks-5-10-0,TRUE,TRUE,Do Not Migrate
TIBCO ActiveMatrix BusinessWorks™,Integration,5.9.3,https://docs.tibco.com/products/tibco-activematrix-businessworks-5-9-3,TRUE,TRUE,Do Not Migrate
TIBCO ActiveMatrix BusinessWorks™,Integration,5.9.2,https://docs.tibco.com/products/tibco-activematrix-businessworks-5-9-2,TRUE,TRUE,Do Not Migrate
TIBCO ActiveMatrix BusinessWorks™,Integration,5.9.0,https://docs.tibco.com/products/tibco-activematrix-businessworks-5-9-0,TRUE,TRUE,Do Not Migrate
TIBCO ActiveMatrix BusinessWorks™,Integration,5.8.0,https://docs.tibco.com/products/tibco-activematrix-businessworks-5-8-0,TRUE,TRUE,Do Not Migrate
TIBCO ActiveMatrix BusinessWorks™,Integration,5.7.2,https://docs.tibco.com/products/tibco-activematrix-businessworks-5-7-2,TRUE,TRUE,Do Not Migrate
TIBCO ActiveMatrix BusinessWorks™,Integration,5.7.1,https://docs.tibco.com/products/tibco-activematrix-businessworks-5-7-1,TRUE,TRUE,Do Not Migrate
TIBCO ActiveMatrix BusinessWorks™ ActiveAspects Plug-in,Unassigned,1.2,https://docs.tibco.com/products/tibco-activematrix-businessworks-activeaspects-plug-in-1-2,FALSE,FALSE,Migrate
TIBCO ActiveMatrix BusinessWorks™ ActiveAspects Plug-in,Unassigned,1.1,https://docs.tibco.com/products/tibco-activematrix-businessworks-activeaspects-plug-in-1-1,FALSE,FALSE,Migrate
TIBCO ActiveMatrix BusinessWorks™ ActiveAspects Plug-in,Unassigned,1,https://docs.tibco.com/products/tibco-activematrix-businessworks-activeaspects-plug-in-1-0,FALSE,FALSE,Migrate
TIBCO ActiveMatrix BusinessWorks™ BPEL Extension,Unassigned,5.9,https://docs.tibco.com/products/tibco-activematrix-businessworks-bpel-extension-5-9,FALSE,FALSE,Migrate
TIBCO ActiveMatrix BusinessWorks™ BPEL Extension,Unassigned,5.8.0,https://docs.tibco.com/products/tibco-activematrix-businessworks-bpel-extension-5-8-0,FALSE,FALSE,Migrate
TIBCO ActiveMatrix BusinessWorks™ BPEL Extension,Unassigned,5.7.1,https://docs.tibco.com/products/tibco-activematrix-businessworks-bpel-extension-5-7-1,FALSE,FALSE,Migrate
TIBCO ActiveMatrix BusinessWorks™ BPEL Extension,Unassigned,5.7.0,https://docs.tibco.com/products/tibco-activematrix-businessworks-bpel-extension-5-7-0,FALSE,FALSE,Migrate
TIBCO ActiveMatrix BusinessWorks™ Plug-in Component for AWS Common Services,Integration,6.1.1,https://docs.tibco.com/products/tibco-activematrix-businessworks-plug-in-component-for-aws-common-services-6-1-1,FALSE,FALSE,Migrate
TIBCO ActiveMatrix BusinessWorks™ Plug-in Component for AWS Common Services,Integration,6.1.0,https://docs.tibco.com/products/tibco-activematrix-businessworks-plug-in-component-for-aws-common-services-6-1-0,FALSE,FALSE,Migrate
TIBCO ActiveMatrix BusinessWorks™ Plug-in Component for AWS Common Services,Integration,6.0.2,https://docs.tibco.com/products/tibco-activematrix-businessworks-plug-in-component-for-aws-common-services-6-0-2,FALSE,FALSE,Migrate
TIBCO ActiveMatrix BusinessWorks™ Plug-in Component for AWS Common Services,Integration,6.0.1,https://docs.tibco.com/products/tibco-activematrix-businessworks-plug-in-component-for-aws-common-services-6-0-1,FALSE,FALSE,Migrate
TIBCO ActiveMatrix BusinessWorks™ Plug-in Component for AWS Common Services,Integration,6.0.0,https://docs.tibco.com/products/tibco-activematrix-businessworks-plug-in-component-for-aws-common-services-6-0-0,FALSE,FALSE,Migrate
TIBCO ActiveMatrix BusinessWorks™ Plug-in Development Kit,Integration,6.3.1,https://docs.tibco.com/products/tibco-activematrix-businessworks-plug-in-development-kit-6-3-1,FALSE,FALSE,Migrate
TIBCO ActiveMatrix BusinessWorks™ Plug-in Development Kit,Integration,6.3.0,https://docs.tibco.com/products/tibco-activematrix-businessworks-plug-in-development-kit-6-3-0,FALSE,FALSE,Migrate
TIBCO ActiveMatrix BusinessWorks™ Plug-in Development Kit,Integration,6.2.1,https://docs.tibco.com/products/tibco-activematrix-businessworks-plug-in-development-kit-6-2-1,FALSE,FALSE,Migrate
TIBCO ActiveMatrix BusinessWorks™ Plug-in Development Kit,Integration,6.2.0,https://docs.tibco.com/products/tibco-activematrix-businessworks-plug-in-development-kit-6-2-0,TRUE,TRUE,Do Not Migrate
TIBCO ActiveMatrix BusinessWorks™ Plug-in Development Kit,Integration,6.1.2,https://docs.tibco.com/products/tibco-activematrix-businessworks-plug-in-development-kit-6-1-2,TRUE,TRUE,Do Not Migrate
TIBCO ActiveMatrix BusinessWorks™ Plug-in Development Kit,Integration,6.1.1,https://docs.tibco.com/products/tibco-activematrix-businessworks-plug-in-development-kit-6-1-1,TRUE,TRUE,Do Not Migrate
TIBCO ActiveMatrix BusinessWorks™ Plug-in Development Kit,Integration,6.1.0,https://docs.tibco.com/products/tibco-activematrix-businessworks-plug-in-development-kit-6-1-0,TRUE,TRUE,Do Not Migrate
TIBCO ActiveMatrix BusinessWorks™ Plug-in Development Kit,Integration,6.0.0,https://docs.tibco.com/products/tibco-activematrix-businessworks-plug-in-development-kit-6-0-0,TRUE,TRUE,Do Not Migrate
TIBCO ActiveMatrix BusinessWorks™ Plug-in for ActiveSpaces®,Integration,8.1.1,https://docs.tibco.com/products/tibco-activematrix-businessworks-plug-in-for-activespaces-8-1-1,FALSE,FALSE,Migrate
TIBCO ActiveMatrix BusinessWorks™ Plug-in for ActiveSpaces®,Integration,8.1.0,https://docs.tibco.com/products/tibco-activematrix-businessworks-plug-in-for-activespaces-8-1-0,FALSE,FALSE,Migrate
TIBCO ActiveMatrix BusinessWorks™ Plug-in for ActiveSpaces®,Integration,8.0.3,https://docs.tibco.com/products/tibco-activematrix-businessworks-plug-in-for-activespaces-8-0-3,FALSE,FALSE,Migrate
TIBCO ActiveMatrix BusinessWorks™ Plug-in for ActiveSpaces®,Integration,8.0.2,https://docs.tibco.com/products/tibco-activematrix-businessworks-plug-in-for-activespaces-8-0-2,FALSE,FALSE,Migrate
TIBCO ActiveMatrix BusinessWorks™ Plug-in for ActiveSpaces®,Integration,8.0.1,https://docs.tibco.com/products/tibco-activematrix-businessworks-plug-in-for-activespaces-8-0-1,TRUE,TRUE,Do Not Migrate
TIBCO ActiveMatrix BusinessWorks™ Plug-in for ActiveSpaces®,Integration,8.0.0,https://docs.tibco.com/products/tibco-activematrix-businessworks-plug-in-for-activespaces-8-0-0,TRUE,TRUE,Do Not Migrate
TIBCO ActiveMatrix BusinessWorks™ Plug-in for ActiveSpaces®,Integration,7.3.2,https://docs.tibco.com/products/tibco-activematrix-businessworks-plug-in-for-activespaces-7-3-2,FALSE,FALSE,Migrate
TIBCO ActiveMatrix BusinessWorks™ Plug-in for ActiveSpaces®,Integration,7.3.1,https://docs.tibco.com/products/tibco-activematrix-businessworks-plug-in-for-activespaces-7-3-1,FALSE,FALSE,Migrate
TIBCO ActiveMatrix BusinessWorks™ Plug-in for ActiveSpaces®,Integration,7.3.0,https://docs.tibco.com/products/tibco-activematrix-businessworks-plug-in-for-activespaces-7-3-0,FALSE,FALSE,Migrate
TIBCO ActiveMatrix BusinessWorks™ Plug-in for ActiveSpaces®,Integration,7.2.2,https://docs.tibco.com/products/tibco-activematrix-businessworks-plug-in-for-activespaces-7-2-2,FALSE,FALSE,Migrate
TIBCO ActiveMatrix BusinessWorks™ Plug-in for ActiveSpaces®,Integration,7.2.1,https://docs.tibco.com/products/tibco-activematrix-businessworks-plug-in-for-activespaces-7-2-1,FALSE,FALSE,Migrate
TIBCO ActiveMatrix BusinessWorks™ Plug-in for ActiveSpaces®,Integration,7.2.0,https://docs.tibco.com/products/tibco-activematrix-businessworks-plug-in-for-activespaces-7-2-0,FALSE,FALSE,Migrate
TIBCO ActiveMatrix BusinessWorks™ Plug-in for ActiveSpaces®,Integration,7.1.1,https://docs.tibco.com/products/tibco-activematrix-businessworks-plug-in-for-activespaces-7-1-1,FALSE,FALSE,Migrate
TIBCO ActiveMatrix BusinessWorks™ Plug-in for ActiveSpaces®,Integration,7.1.0,https://docs.tibco.com/products/tibco-activematrix-businessworks-plug-in-for-activespaces-7-1-0,TRUE,TRUE,Do Not Migrate
TIBCO ActiveMatrix BusinessWorks™ Plug-in for ActiveSpaces®,Integration,7.0.0,https://docs.tibco.com/products/tibco-activematrix-businessworks-plug-in-for-activespaces-7-0-0,TRUE,TRUE,Do Not Migrate
TIBCO ActiveMatrix BusinessWorks™ Plug-in for ActiveSpaces®,Integration,6.3.2,https://docs.tibco.com/products/tibco-activematrix-businessworks-plug-in-for-activespaces-6-3-2,TRUE,TRUE,Do Not Migrate
TIBCO ActiveMatrix BusinessWorks™ Plug-in for ActiveSpaces®,Integration,6.3.1,https://docs.tibco.com/products/tibco-activematrix-businessworks-plug-in-for-activespaces-6-3-1,TRUE,TRUE,Do Not Migrate
TIBCO ActiveMatrix BusinessWorks™ Plug-in for ActiveSpaces®,Integration,6.3.0,https://docs.tibco.com/products/tibco-activematrix-businessworks-plug-in-for-activespaces-6-3-0,TRUE,TRUE,Do Not Migrate
TIBCO ActiveMatrix BusinessWorks™ Plug-in for ActiveSpaces®,Integration,6.2.0,https://docs.tibco.com/products/tibco-activematrix-businessworks-plug-in-for-activespaces-6-2-0,TRUE,TRUE,Do Not Migrate
TIBCO ActiveMatrix BusinessWorks™ Plug-in for ActiveSpaces®,Integration,6.1.0,https://docs.tibco.com/products/tibco-activematrix-businessworks-plug-in-for-activespaces-6-1-0,TRUE,TRUE,Do Not Migrate
TIBCO ActiveMatrix BusinessWorks™ Plug-in for ActiveSpaces®,Integration,6.0.2,https://docs.tibco.com/products/tibco-activematrix-businessworks-plug-in-for-activespaces-6-0-2,TRUE,TRUE,Do Not Migrate
TIBCO ActiveMatrix BusinessWorks™ Plug-in for ActiveSpaces®,Integration,6.0.1.,https://docs.tibco.com/products/tibco-activematrix-businessworks-plug-in-for-activespaces-6-0-1-,TRUE,FALSE,Do Not Migrate
TIBCO ActiveMatrix BusinessWorks™ Plug-in for ActiveSpaces®,Integration,2.2.0,https://docs.tibco.com/products/tibco-activematrix-businessworks-plug-in-for-activespaces-2-2-0,TRUE,FALSE,Migrate
TIBCO ActiveMatrix BusinessWorks™ Plug-in for ActiveSpaces®,Integration,2.1.0,https://docs.tibco.com/products/tibco-activematrix-businessworks-plug-in-for-activespaces-2-1-0,TRUE,TRUE,Do Not Migrate
TIBCO ActiveMatrix BusinessWorks™ Plug-in for ActiveSpaces®,Integration,2.0.0,https://docs.tibco.com/products/tibco-activematrix-businessworks-plug-in-for-activespaces-2-0-0,TRUE,TRUE,Do Not Migrate
TIBCO ActiveMatrix BusinessWorks™ Plug-in for ActiveSpaces®,Integration,1.1.0,https://docs.tibco.com/products/tibco-activematrix-businessworks-plug-in-for-activespaces-1-1-0,TRUE,TRUE,Do Not Migrate
TIBCO ActiveMatrix BusinessWorks™ Plug-in for ActiveSpaces®,Integration,1.0.0,https://docs.tibco.com/products/tibco-activematrix-businessworks-plug-in-for-activespaces-1-0-0,TRUE,TRUE,Do Not Migrate
TIBCO ActiveMatrix BusinessWorks™ Plug-in for Amazon Redshift,Integration,6.1.0,https://docs.tibco.com/products/tibco-activematrix-businessworks-plug-in-for-amazon-redshift-6-1-0,FALSE,FALSE,Migrate
TIBCO ActiveMatrix BusinessWorks™ Plug-in for Amazon Redshift,Integration,6.0.0,https://docs.tibco.com/products/tibco-activematrix-businessworks-plug-in-for-amazon-redshift-6-0-0,TRUE,FALSE,Do Not Migrate
TIBCO ActiveMatrix BusinessWorks™ Plug-in for Amazon S3,Integration,6.7.0,https://docs.tibco.com/products/tibco-activematrix-businessworks-plug-in-for-amazon-s3-6-7-0,FALSE,FALSE,Migrate
TIBCO ActiveMatrix BusinessWorks™ Plug-in for Amazon S3,Integration,6.6.0,https://docs.tibco.com/products/tibco-activematrix-businessworks-plug-in-for-amazon-s3-6-6-0,FALSE,FALSE,Migrate
TIBCO ActiveMatrix BusinessWorks™ Plug-in for Amazon S3,Integration,6.5.1,https://docs.tibco.com/products/tibco-activematrix-businessworks-plug-in-for-amazon-s3-6-5-1,FALSE,FALSE,Migrate
TIBCO ActiveMatrix BusinessWorks™ Plug-in for Amazon S3,Integration,6.5.0,https://docs.tibco.com/products/tibco-activematrix-businessworks-plug-in-for-amazon-s3-6-5-0,TRUE,TRUE,Do Not Migrate
TIBCO ActiveMatrix BusinessWorks™ Plug-in for Amazon S3,Integration,6.4.0,https://docs.tibco.com/products/tibco-activematrix-businessworks-plug-in-for-amazon-s3-6-4-0,TRUE,TRUE,Do Not Migrate
TIBCO ActiveMatrix BusinessWorks™ Plug-in for Amazon S3,Integration,6.3.1,https://docs.tibco.com/products/tibco-activematrix-businessworks-plug-in-for-amazon-s3-6-3-1,TRUE,TRUE,Do Not Migrate
TIBCO ActiveMatrix BusinessWorks™ Plug-in for Amazon S3,Integration,6.3.0,https://docs.tibco.com/products/tibco-activematrix-businessworks-plug-in-for-amazon-s3-6-3-0,TRUE,TRUE,Do Not Migrate
TIBCO ActiveMatrix BusinessWorks™ Plug-in for Amazon S3,Integration,6.2.0,https://docs.tibco.com/products/tibco-activematrix-businessworks-plug-in-for-amazon-s3-6-2-0,TRUE,TRUE,Do Not Migrate
TIBCO ActiveMatrix BusinessWorks™ Plug-in for Amazon S3,Integration,6.1.1,https://docs.tibco.com/products/tibco-activematrix-businessworks-plug-in-for-amazon-s3-6-1-1,TRUE,TRUE,Do Not Migrate
TIBCO ActiveMatrix BusinessWorks™ Plug-in for Amazon S3,Integration,6.0.0,https://docs.tibco.com/products/tibco-activematrix-businessworks-plug-in-for-amazon-s3-6-0-0,TRUE,TRUE,Do Not Migrate
TIBCO ActiveMatrix BusinessWorks™ Plug-in for Amazon SQS and SNS,Integration,6.6.1,https://docs.tibco.com/products/tibco-activematrix-businessworks-plug-in-for-amazon-sqs-and-sns-6-6-1,FALSE,FALSE,Migrate
TIBCO ActiveMatrix BusinessWorks™ Plug-in for Amazon SQS and SNS,Integration,6.6.0,https://docs.tibco.com/products/tibco-activematrix-businessworks-plug-in-for-amazon-sqs-and-sns-6-6-0,FALSE,FALSE,Migrate
TIBCO ActiveMatrix BusinessWorks™ Plug-in for Amazon SQS and SNS,Integration,6.5.2,https://docs.tibco.com/products/tibco-activematrix-businessworks-plug-in-for-amazon-sqs-and-sns-6-5-2,FALSE,FALSE,Migrate
TIBCO ActiveMatrix BusinessWorks™ Plug-in for Amazon SQS and SNS,Integration,6.5.1,https://docs.tibco.com/products/tibco-activematrix-businessworks-plug-in-for-amazon-sqs-and-sns-6-5-1,FALSE,TRUE,Do Not Migrate
TIBCO ActiveMatrix BusinessWorks™ Plug-in for Amazon SQS and SNS,Integration,6.5.0,https://docs.tibco.com/products/tibco-activematrix-businessworks-plug-in-for-amazon-sqs-and-sns-6-5-0,FALSE,TRUE,Do Not Migrate
TIBCO ActiveMatrix BusinessWorks™ Plug-in for Amazon SQS and SNS,Integration,6.4.2,https://docs.tibco.com/products/tibco-activematrix-businessworks-plug-in-for-amazon-sqs-and-sns-6-4-2,TRUE,FALSE,Do Not Migrate
TIBCO ActiveMatrix BusinessWorks™ Plug-in for Amazon SQS and SNS,Integration,6.4.1,https://docs.tibco.com/products/tibco-activematrix-businessworks-plug-in-for-amazon-sqs-and-sns-6-4-1,TRUE,FALSE,Do Not Migrate
TIBCO ActiveMatrix BusinessWorks™ Plug-in for Amazon SQS and SNS,Integration,6.4.0,https://docs.tibco.com/products/tibco-activematrix-businessworks-plug-in-for-amazon-sqs-and-sns-6-4-0,TRUE,FALSE,Do Not Migrate
TIBCO ActiveMatrix BusinessWorks™ Plug-in for Amazon SQS and SNS,Integration,6.3.0,https://docs.tibco.com/products/tibco-activematrix-businessworks-plug-in-for-amazon-sqs-and-sns-6-3-0,TRUE,FALSE,Do Not Migrate
TIBCO ActiveMatrix BusinessWorks™ Plug-in for Amazon SQS and SNS,Integration,6.2.0,https://docs.tibco.com/products/tibco-activematrix-businessworks-plug-in-for-amazon-sqs-and-sns-6-2-0,TRUE,TRUE,Do Not Migrate
TIBCO ActiveMatrix BusinessWorks™ Plug-in for Amazon SQS and SNS,Integration,6.1.0,https://docs.tibco.com/products/tibco-activematrix-businessworks-plug-in-for-amazon-sqs-and-sns-6-1-0,TRUE,FALSE,Do Not Migrate
TIBCO ActiveMatrix BusinessWorks™ Plug-in for AMQP,Integration,6.5.3,https://docs.tibco.com/products/tibco-activematrix-businessworks-plug-in-for-amqp-6-5-3,FALSE,FALSE,Migrate
TIBCO ActiveMatrix BusinessWorks™ Plug-in for AMQP,Integration,6.5.2,https://docs.tibco.com/products/tibco-activematrix-businessworks-plug-in-for-amqp-6-5-2,FALSE,FALSE,Migrate
TIBCO ActiveMatrix BusinessWorks™ Plug-in for AMQP,Integration,6.5.1,https://docs.tibco.com/products/tibco-activematrix-businessworks-plug-in-for-amqp-6-5-1,FALSE,FALSE,Migrate
TIBCO ActiveMatrix BusinessWorks™ Plug-in for AMQP,Integration,6.5.0,https://docs.tibco.com/products/tibco-activematrix-businessworks-plug-in-for-amqp-6-5-0,FALSE,FALSE,Migrate
TIBCO ActiveMatrix BusinessWorks™ Plug-in for AMQP,Integration,6.4.0,https://docs.tibco.com/products/tibco-activematrix-businessworks-plug-in-for-amqp-6-4-0,FALSE,FALSE,Migrate
TIBCO ActiveMatrix BusinessWorks™ Plug-in for AMQP,Integration,6.3.1,https://docs.tibco.com/products/tibco-activematrix-businessworks-plug-in-for-amqp-6-3-1,FALSE,FALSE,Migrate
TIBCO ActiveMatrix BusinessWorks™ Plug-in for AMQP,Integration,6.3.0,https://docs.tibco.com/products/tibco-activematrix-businessworks-plug-in-for-amqp-6-3-0,FALSE,FALSE,Migrate
TIBCO ActiveMatrix BusinessWorks™ Plug-in for AMQP,Integration,6.2.1,https://docs.tibco.com/products/tibco-activematrix-businessworks-plug-in-for-amqp-6-2-1,TRUE,TRUE,Do Not Migrate
TIBCO ActiveMatrix BusinessWorks™ Plug-in for AMQP,Integration,6.2.0,https://docs.tibco.com/products/tibco-activematrix-businessworks-plug-in-for-amqp-6-2-0,TRUE,TRUE,Do Not Migrate
TIBCO ActiveMatrix BusinessWorks™ Plug-in for AMQP,Integration,6.1.0,https://docs.tibco.com/products/tibco-activematrix-businessworks-plug-in-for-amqp-6-1-0,TRUE,TRUE,Do Not Migrate
TIBCO ActiveMatrix BusinessWorks™ Plug-in for AMQP,Integration,6.0.2,https://docs.tibco.com/products/tibco-activematrix-businessworks-plug-in-for-amqp-6-0-2,TRUE,TRUE,Do Not Migrate
TIBCO ActiveMatrix BusinessWorks™ Plug-in for AMQP,Integration,6.0.1,https://docs.tibco.com/products/tibco-activematrix-businessworks-plug-in-for-amqp-6-0-1,TRUE,TRUE,Do Not Migrate
TIBCO ActiveMatrix BusinessWorks™ Plug-in for AMQP,Integration,6.0.0,https://docs.tibco.com/products/tibco-activematrix-businessworks-plug-in-for-amqp-6-0-0,TRUE,TRUE,Do Not Migrate
TIBCO ActiveMatrix BusinessWorks™ Plug-in for Apache Cassandra,Integration,6.3.3,https://docs.tibco.com/products/tibco-activematrix-businessworks-plug-in-for-apache-cassandra-6-3-3,FALSE,FALSE,Migrate
TIBCO ActiveMatrix BusinessWorks™ Plug-in for Apache Cassandra,Integration,6.3.2,https://docs.tibco.com/products/tibco-activematrix-businessworks-plug-in-for-apache-cassandra-6-3-2,FALSE,FALSE,Migrate
TIBCO ActiveMatrix BusinessWorks™ Plug-in for Apache Cassandra,Integration,6.3.1,https://docs.tibco.com/products/tibco-activematrix-businessworks-plug-in-for-apache-cassandra-6-3-1,TRUE,TRUE,Do Not Migrate
TIBCO ActiveMatrix BusinessWorks™ Plug-in for Apache Cassandra,Integration,6.3.0,https://docs.tibco.com/products/tibco-activematrix-businessworks-plug-in-for-apache-cassandra-6-3-0,TRUE,TRUE,Do Not Migrate
TIBCO ActiveMatrix BusinessWorks™ Plug-in for Apache Kafka,Integration,6.8.2,https://docs.tibco.com/products/tibco-activematrix-businessworks-plug-in-for-apache-kafka-6-8-2,FALSE,FALSE,Migrate
TIBCO ActiveMatrix BusinessWorks™ Plug-in for Apache Kafka,Integration,6.8.1,https://docs.tibco.com/products/tibco-activematrix-businessworks-plug-in-for-apache-kafka-6-8-1,FALSE,FALSE,Migrate
TIBCO ActiveMatrix BusinessWorks™ Plug-in for Apache Kafka,Integration,6.8.0,https://docs.tibco.com/products/tibco-activematrix-businessworks-plug-in-for-apache-kafka-6-8-0,FALSE,FALSE,Migrate
TIBCO ActiveMatrix BusinessWorks™ Plug-in for Apache Kafka,Integration,6.7.0,https://docs.tibco.com/products/tibco-activematrix-businessworks-plug-in-for-apache-kafka-6-7-0,FALSE,FALSE,Migrate
TIBCO ActiveMatrix BusinessWorks™ Plug-in for Apache Kafka,Integration,6.6.0,https://docs.tibco.com/products/tibco-activematrix-businessworks-plug-in-for-apache-kafka-6-6-0,TRUE,FALSE,Migrate
TIBCO ActiveMatrix BusinessWorks™ Plug-in for Apache Kafka,Integration,6.5.2,https://docs.tibco.com/products/tibco-activematrix-businessworks-plug-in-for-apache-kafka-6-5-2,TRUE,FALSE,Migrate
TIBCO ActiveMatrix BusinessWorks™ Plug-in for Apache Kafka,Integration,6.5.1,https://docs.tibco.com/products/tibco-activematrix-businessworks-plug-in-for-apache-kafka-6-5-1,TRUE,TRUE,Do Not Migrate
TIBCO ActiveMatrix BusinessWorks™ Plug-in for Apache Kafka,Integration,6.5.0,https://docs.tibco.com/products/tibco-activematrix-businessworks-plug-in-for-apache-kafka-6-5-0,TRUE,TRUE,Do Not Migrate
TIBCO ActiveMatrix BusinessWorks™ Plug-in for Apache Kafka,Integration,6.4.1,https://docs.tibco.com/products/tibco-activematrix-businessworks-plug-in-for-apache-kafka-6-4-1,TRUE,TRUE,Do Not Migrate
TIBCO ActiveMatrix BusinessWorks™ Plug-in for Apache Kafka,Integration,6.4.0,https://docs.tibco.com/products/tibco-activematrix-businessworks-plug-in-for-apache-kafka-6-4-0,TRUE,TRUE,Do Not Migrate
TIBCO ActiveMatrix BusinessWorks™ Plug-in for Apache Kafka,Integration,6.3.1,https://docs.tibco.com/products/tibco-activematrix-businessworks-plug-in-for-apache-kafka-6-3-1,TRUE,TRUE,Do Not Migrate
TIBCO ActiveMatrix BusinessWorks™ Plug-in for Apache Kafka,Integration,6.3.0,https://docs.tibco.com/products/tibco-activematrix-businessworks-plug-in-for-apache-kafka-6-3-0,TRUE,TRUE,Do Not Migrate
TIBCO ActiveMatrix BusinessWorks™ Plug-in for Apache Kafka,Integration,6.2.0,https://docs.tibco.com/products/tibco-activematrix-businessworks-plug-in-for-apache-kafka-6-2-0,TRUE,TRUE,Do Not Migrate
TIBCO ActiveMatrix BusinessWorks™ Plug-in for Apache Kafka,Integration,6.1.1,https://docs.tibco.com/products/tibco-activematrix-businessworks-plug-in-for-apache-kafka-6-1-1,TRUE,TRUE,Do Not Migrate
TIBCO ActiveMatrix BusinessWorks™ Plug-in for Apache Kafka,Integration,6.1.0,https://docs.tibco.com/products/tibco-activematrix-businessworks-plug-in-for-apache-kafka-6-1-0,TRUE,TRUE,Do Not Migrate
TIBCO ActiveMatrix BusinessWorks™ Plug-in for Apache Kafka,Integration,6.0.0,https://docs.tibco.com/products/tibco-activematrix-businessworks-plug-in-for-apache-kafka-6-0-0,TRUE,TRUE,Do Not Migrate
TIBCO ActiveMatrix BusinessWorks™ Plug-in for Apache Kafka,Integration,5.0.1,https://docs.tibco.com/products/tibco-activematrix-businessworks-plug-in-for-apache-kafka-5-0-1,FALSE,FALSE,Migrate
TIBCO ActiveMatrix BusinessWorks™ Plug-in for Apache Kafka,Integration,5.0.0,https://docs.tibco.com/products/tibco-activematrix-businessworks-plug-in-for-apache-kafka-5-0-0,FALSE,FALSE,Migrate
TIBCO ActiveMatrix BusinessWorks™ Plug-in for Apache Pulsar,Integration,6.2.1,https://docs.tibco.com/products/tibco-activematrix-businessworks-plug-in-for-apache-pulsar-6-2-1,FALSE,FALSE,Migrate
TIBCO ActiveMatrix BusinessWorks™ Plug-in for Apache Pulsar,Integration,6.2.0,https://docs.tibco.com/products/tibco-activematrix-businessworks-plug-in-for-apache-pulsar-6-2-0,FALSE,FALSE,Migrate
TIBCO ActiveMatrix BusinessWorks™ Plug-in for Apache Pulsar,Integration,6.1.0,https://docs.tibco.com/products/tibco-activematrix-businessworks-plug-in-for-apache-pulsar-6-1-0,FALSE,FALSE,Migrate
TIBCO ActiveMatrix BusinessWorks™ Plug-in for Apache Pulsar,Integration,6.0.0,https://docs.tibco.com/products/tibco-activematrix-businessworks-plug-in-for-apache-pulsar-6-0-0,FALSE,FALSE,Migrate
TIBCO ActiveMatrix BusinessWorks™ Plug-in for Apache Pulsar,Integration,5.0.0,https://docs.tibco.com/products/tibco-activematrix-businessworks-plug-in-for-apache-pulsar-5-0-0,FALSE,FALSE,Migrate
TIBCO ActiveMatrix BusinessWorks™ Plug-in for Applicability Statement 2 (AS2 Protocol),Unassigned,6.0.0,https://docs.tibco.com/products/tibco-activematrix-businessworks-plug-in-for-applicability-statement-2-6-0-0,FALSE,FALSE,Migrate
TIBCO ActiveMatrix BusinessWorks™ Plug-in for Azure Cloud Services (Azure Data Lake Storage Gen2),Integration,6.0.0,https://docs.tibco.com/products/tibco-activematrix-businessworks-plug-in-for-azure-cloud-services-azure-data-lake-storage-gen2-6-0-0,FALSE,FALSE,Migrate
TIBCO ActiveMatrix BusinessWorks™ Plug-in for B2B,Unassigned,1.1.0,https://docs.tibco.com/products/tibco-activematrix-businessworks-plug-in-for-b2b-1-1-0,FALSE,FALSE,Migrate
TIBCO ActiveMatrix BusinessWorks™ Plug-in for Big Data,Integration,6.6.1,https://docs.tibco.com/products/tibco-activematrix-businessworks-plug-in-for-big-data-6-6-1,FALSE,FALSE,Migrate
TIBCO ActiveMatrix BusinessWorks™ Plug-in for Big Data,Integration,6.6.0,https://docs.tibco.com/products/tibco-activematrix-businessworks-plug-in-for-big-data-6-6-0,FALSE,TRUE,Do Not Migrate
TIBCO ActiveMatrix BusinessWorks™ Plug-in for Big Data,Integration,6.5.0,https://docs.tibco.com/products/tibco-activematrix-businessworks-plug-in-for-big-data-6-5-0,FALSE,TRUE,Do Not Migrate
TIBCO ActiveMatrix BusinessWorks™ Plug-in for Big Data,Integration,6.4.0,https://docs.tibco.com/products/tibco-activematrix-businessworks-plug-in-for-big-data-6-4-0,TRUE,TRUE,Do Not Migrate
TIBCO ActiveMatrix BusinessWorks™ Plug-in for Big Data,Integration,6.3.1,https://docs.tibco.com/products/tibco-activematrix-businessworks-plug-in-for-big-data-6-3-1,TRUE,TRUE,Do Not Migrate
TIBCO ActiveMatrix BusinessWorks™ Plug-in for Big Data,Integration,6.3.0,https://docs.tibco.com/products/tibco-activematrix-businessworks-plug-in-for-big-data-6-3-0,TRUE,TRUE,Do Not Migrate
TIBCO ActiveMatrix BusinessWorks™ Plug-in for Big Data,Integration,6.2.0,https://docs.tibco.com/products/tibco-activematrix-businessworks-plug-in-for-big-data-6-2-0,TRUE,TRUE,Do Not Migrate
TIBCO ActiveMatrix BusinessWorks™ Plug-in for Big Data,Integration,6.1.0,https://docs.tibco.com/products/tibco-activematrix-businessworks-plug-in-for-big-data-6-1-0,TRUE,TRUE,Do Not Migrate
TIBCO ActiveMatrix BusinessWorks™ Plug-in for Big Data,Integration,6.0.0,https://docs.tibco.com/products/tibco-activematrix-businessworks-plug-in-for-big-data-6-0-0,TRUE,TRUE,Do Not Migrate
TIBCO ActiveMatrix BusinessWorks™ Plug-in for Big Data,Integration,1.0.0,https://docs.tibco.com/products/tibco-activematrix-businessworks-plug-in-for-big-data-1-0-0,TRUE,FALSE,Do Not Migrate
TIBCO ActiveMatrix BusinessWorks™ Plug-in for BusinessConnect™,B2B,6.4.0,https://docs.tibco.com/products/tibco-activematrix-businessworks-plug-in-for-businessconnect-6-4-0,FALSE,FALSE,Migrate
TIBCO ActiveMatrix BusinessWorks™ Plug-in for BusinessConnect™,B2B,6.3.3,https://docs.tibco.com/products/tibco-activematrix-businessworks-plug-in-for-businessconnect-6-3-3,FALSE,FALSE,Migrate
TIBCO ActiveMatrix BusinessWorks™ Plug-in for BusinessConnect™,B2B,6.3.2,https://docs.tibco.com/products/tibco-activematrix-businessworks-plug-in-for-businessconnect-6-3-2,FALSE,FALSE,Migrate
TIBCO ActiveMatrix BusinessWorks™ Plug-in for BusinessConnect™,B2B,6.3.1,https://docs.tibco.com/products/tibco-activematrix-businessworks-plug-in-for-businessconnect-6-3-1,FALSE,FALSE,Migrate
TIBCO ActiveMatrix BusinessWorks™ Plug-in for BusinessConnect™,B2B,6.3.0,https://docs.tibco.com/products/tibco-activematrix-businessworks-plug-in-for-businessconnect-6-3-0,FALSE,FALSE,Migrate
TIBCO ActiveMatrix BusinessWorks™ Plug-in for BusinessConnect™,B2B,6.2.0,https://docs.tibco.com/products/tibco-activematrix-businessworks-plug-in-for-businessconnect-6-2-0,TRUE,TRUE,Do Not Migrate
TIBCO ActiveMatrix BusinessWorks™ Plug-in for BusinessConnect™,B2B,6.1.2,https://docs.tibco.com/products/tibco-activematrix-businessworks-plug-in-for-businessconnect-6-1-2,TRUE,TRUE,Do Not Migrate
TIBCO ActiveMatrix BusinessWorks™ Plug-in for BusinessConnect™,B2B,6.1.1,https://docs.tibco.com/products/tibco-activematrix-businessworks-plug-in-for-businessconnect-6-1-1,TRUE,TRUE,Do Not Migrate
TIBCO ActiveMatrix BusinessWorks™ Plug-in for BusinessConnect™,B2B,6.1.0,https://docs.tibco.com/products/tibco-activematrix-businessworks-plug-in-for-businessconnect-6-1-0,TRUE,TRUE,Do Not Migrate
TIBCO ActiveMatrix BusinessWorks™ Plug-in for BusinessConnect™,B2B,6.0.1,https://docs.tibco.com/products/tibco-activematrix-businessworks-plug-in-for-businessconnect-6-0-1,TRUE,TRUE,Do Not Migrate
TIBCO ActiveMatrix BusinessWorks™ Plug-in for BusinessConnect™,B2B,6.0.0,https://docs.tibco.com/products/tibco-activematrix-businessworks-plug-in-for-businessconnect-6-0-0,FALSE,TRUE,Do Not Migrate
TIBCO ActiveMatrix BusinessWorks™ Plug-in for Change Data Capture,Integration,6.2.0,https://docs.tibco.com/products/tibco-activematrix-businessworks-plug-in-for-change-data-capture-6-2-0,FALSE,FALSE,Migrate
TIBCO ActiveMatrix BusinessWorks™ Plug-in for Change Data Capture,Integration,6.1.0,https://docs.tibco.com/products/tibco-activematrix-businessworks-plug-in-for-change-data-capture-6-1-0,FALSE,FALSE,Migrate
TIBCO ActiveMatrix BusinessWorks™ Plug-in for Change Data Capture,Integration,6.0.0,https://docs.tibco.com/products/tibco-activematrix-businessworks-plug-in-for-change-data-capture-6-0-0,FALSE,TRUE,Do Not Migrate
TIBCO ActiveMatrix BusinessWorks™ Plug-in for CICS,Integration,2.5.0,https://docs.tibco.com/products/tibco-activematrix-businessworks-plug-in-for-cics-2-5-0,FALSE,FALSE,Migrate
TIBCO ActiveMatrix BusinessWorks™ Plug-in for CICS,Integration,2.4.1,https://docs.tibco.com/products/tibco-activematrix-businessworks-plug-in-for-cics-2-4-1,FALSE,TRUE,Do Not Migrate
TIBCO ActiveMatrix BusinessWorks™ Plug-in for CICS,Integration,2.4.0,https://docs.tibco.com/products/tibco-activematrix-businessworks-plug-in-for-cics-2-4-0,TRUE,TRUE,Do Not Migrate
TIBCO ActiveMatrix BusinessWorks™ Plug-in for CICS,Integration,2.3.0,https://docs.tibco.com/products/tibco-activematrix-businessworks-plug-in-for-cics-2-3-0,TRUE,TRUE,Do Not Migrate
TIBCO ActiveMatrix BusinessWorks™ Plug-in for CICS,Integration,2.2.0,https://docs.tibco.com/products/tibco-activematrix-businessworks-plug-in-for-cics-2-2-0,TRUE,TRUE,Do Not Migrate
TIBCO ActiveMatrix BusinessWorks™ Plug-in for CICS,Integration,1.5.0,https://docs.tibco.com/products/tibco-activematrix-businessworks-plug-in-for-cics-1-5-0,FALSE,FALSE,Migrate
TIBCO ActiveMatrix BusinessWorks™ Plug-in for CICS,Integration,1.3.0,https://docs.tibco.com/products/tibco-activematrix-businessworks-plug-in-for-cics-1-3-0,FALSE,TRUE,Do Not Migrate
TIBCO ActiveMatrix BusinessWorks™ Plug-in for CICS,Integration,1.2.2,https://docs.tibco.com/products/tibco-activematrix-businessworks-plug-in-for-cics-1-2-2,FALSE,FALSE,Migrate
TIBCO ActiveMatrix BusinessWorks™ Plug-in for CICS,Integration,1.2.1,https://docs.tibco.com/products/tibco-activematrix-businessworks-plug-in-for-cics-1-2-1,FALSE,TRUE,Do Not Migrate
TIBCO ActiveMatrix BusinessWorks™ Plug-in for CICS,Integration,1.2.0,https://docs.tibco.com/products/tibco-activematrix-businessworks-plug-in-for-cics-1-2-0,TRUE,TRUE,Do Not Migrate
TIBCO ActiveMatrix BusinessWorks™ Plug-in for Confidentiality,Integration,6.1.1,https://docs.tibco.com/products/tibco-activematrix-businessworks-plug-in-for-confidentiality-6-1-1,FALSE,FALSE,Migrate
TIBCO ActiveMatrix BusinessWorks™ Plug-in for Confidentiality,Integration,6.1.0,https://docs.tibco.com/products/tibco-activematrix-businessworks-plug-in-for-confidentiality-6-1-0,FALSE,TRUE,Do Not Migrate
TIBCO ActiveMatrix BusinessWorks™ Plug-in for Confidentiality,Integration,6.0.0,https://docs.tibco.com/products/tibco-activematrix-businessworks-plug-in-for-confidentiality-6-0-0,FALSE,TRUE,Do Not Migrate
TIBCO ActiveMatrix BusinessWorks™ Plug-in for Data Conversion,Integration,5.0.0,https://docs.tibco.com/products/tibco-activematrix-businessworks-plug-in-for-data-conversion-5-0-0,FALSE,FALSE,Migrate
TIBCO ActiveMatrix BusinessWorks™ Plug-in for Data Conversion,Integration,4.8.1,https://docs.tibco.com/products/tibco-activematrix-businessworks-plug-in-for-data-conversion-4-8-1,FALSE,FALSE,Migrate
TIBCO ActiveMatrix BusinessWorks™ Plug-in for Data Conversion,Integration,4.8.0,https://docs.tibco.com/products/tibco-activematrix-businessworks-plug-in-for-data-conversion-4-8-0,FALSE,FALSE,Migrate
TIBCO ActiveMatrix BusinessWorks™ Plug-in for Data Conversion,Integration,4.7.0,https://docs.tibco.com/products/tibco-activematrix-businessworks-plug-in-for-data-conversion-4-7-0,FALSE,FALSE,Migrate
TIBCO ActiveMatrix BusinessWorks™ Plug-in for Data Conversion,Integration,4.6.0,https://docs.tibco.com/products/tibco-activematrix-businessworks-plug-in-for-data-conversion-4-6-0,FALSE,FALSE,Migrate
TIBCO ActiveMatrix BusinessWorks™ Plug-in for Data Conversion,Integration,4.5.1,https://docs.tibco.com/products/tibco-activematrix-businessworks-plug-in-for-data-conversion-4-5-1,TRUE,TRUE,Do Not Migrate
TIBCO ActiveMatrix BusinessWorks™ Plug-in for Data Conversion,Integration,4.5.0,https://docs.tibco.com/products/tibco-activematrix-businessworks-plug-in-for-data-conversion-4-5-0,TRUE,TRUE,Do Not Migrate
TIBCO ActiveMatrix BusinessWorks™ Plug-in for Data Conversion,Integration,4.4.0,https://docs.tibco.com/products/tibco-activematrix-businessworks-plug-in-for-data-conversion-4-4-0,TRUE,TRUE,Do Not Migrate
TIBCO ActiveMatrix BusinessWorks™ Plug-in for Data Conversion,Integration,4.3.0,https://docs.tibco.com/products/tibco-activematrix-businessworks-plug-in-for-data-conversion-4-3-0,TRUE,TRUE,Do Not Migrate
TIBCO ActiveMatrix BusinessWorks™ Plug-in for Data Conversion,Integration,4.2.0,https://docs.tibco.com/products/tibco-activematrix-businessworks-plug-in-for-data-conversion-4-2-0,TRUE,TRUE,Do Not Migrate
TIBCO ActiveMatrix BusinessWorks™ Plug-in for Data Conversion,Integration,4.1.0,https://docs.tibco.com/products/tibco-activematrix-businessworks-plug-in-for-data-conversion-4-1-0,TRUE,TRUE,Do Not Migrate
TIBCO ActiveMatrix BusinessWorks™ Plug-in for Data Conversion,Integration,3.6.0,https://docs.tibco.com/products/tibco-activematrix-businessworks-plug-in-for-data-conversion-3-6-0,FALSE,FALSE,Migrate
TIBCO ActiveMatrix BusinessWorks™ Plug-in for Data Conversion,Integration,3.5.1,https://docs.tibco.com/products/tibco-activematrix-businessworks-plug-in-for-data-conversion-3-5-1,FALSE,TRUE,Do Not Migrate
TIBCO ActiveMatrix BusinessWorks™ Plug-in for Data Conversion,Integration,3.5.0,https://docs.tibco.com/products/tibco-activematrix-businessworks-plug-in-for-data-conversion-3-5-0,TRUE,TRUE,Do Not Migrate
TIBCO ActiveMatrix BusinessWorks™ Plug-in for Data Conversion,Integration,3.4.0,https://docs.tibco.com/products/tibco-activematrix-businessworks-plug-in-for-data-conversion-3-4-0,TRUE,TRUE,Do Not Migrate
TIBCO ActiveMatrix BusinessWorks™ Plug-in for Data Conversion,Integration,3.3.0,https://docs.tibco.com/products/tibco-activematrix-businessworks-plug-in-for-data-conversion-3-3-0,TRUE,TRUE,Do Not Migrate
TIBCO ActiveMatrix BusinessWorks™ Plug-in for Data Conversion,Integration,3.2.0,https://docs.tibco.com/products/tibco-activematrix-businessworks-plug-in-for-data-conversion-3-2-0,TRUE,TRUE,Do Not Migrate
TIBCO ActiveMatrix BusinessWorks™ Plug-in for Data Conversion,Integration,3.1.0,https://docs.tibco.com/products/tibco-activematrix-businessworks-plug-in-for-data-conversion-3-1-0,TRUE,TRUE,Do Not Migrate
TIBCO ActiveMatrix BusinessWorks™ Plug-in for Data Conversion,Integration,3.0.0,https://docs.tibco.com/products/tibco-activematrix-businessworks-plug-in-for-data-conversion-3-0-0,TRUE,TRUE,Do Not Migrate
TIBCO ActiveMatrix BusinessWorks™ Plug-in for Database,Integration,8.6.0,https://docs.tibco.com/products/tibco-activematrix-businessworks-plug-in-for-database-8-6-0,FALSE,FALSE,Migrate
TIBCO ActiveMatrix BusinessWorks™ Plug-in for Database,Integration,8.5.0,https://docs.tibco.com/products/tibco-activematrix-businessworks-plug-in-for-database-8-5-0,FALSE,FALSE,Migrate
TIBCO ActiveMatrix BusinessWorks™ Plug-in for Database,Integration,8.4.0,https://docs.tibco.com/products/tibco-activematrix-businessworks-plug-in-for-database-8-4-0,FALSE,TRUE,Do Not Migrate
TIBCO ActiveMatrix BusinessWorks™ Plug-in for Database,Integration,8.3.2,https://docs.tibco.com/products/tibco-activematrix-businessworks-plug-in-for-database-8-3-2,TRUE,TRUE,Do Not Migrate
TIBCO ActiveMatrix BusinessWorks™ Plug-in for Database,Integration,8.3.1,https://docs.tibco.com/products/tibco-activematrix-businessworks-plug-in-for-database-8-3-1,TRUE,TRUE,Do Not Migrate
TIBCO ActiveMatrix BusinessWorks™ Plug-in for Database,Integration,8.3.0,https://docs.tibco.com/products/tibco-activematrix-businessworks-plug-in-for-database-8-3-0,TRUE,TRUE,Do Not Migrate
TIBCO ActiveMatrix BusinessWorks™ Plug-in for Database,Integration,8.2.0,https://docs.tibco.com/products/tibco-activematrix-businessworks-plug-in-for-database-8-2-0,TRUE,TRUE,Do Not Migrate
TIBCO ActiveMatrix BusinessWorks™ Plug-in for Database,Integration,8.1.0,https://docs.tibco.com/products/tibco-activematrix-businessworks-plug-in-for-database-8-1-0,TRUE,TRUE,Do Not Migrate
TIBCO ActiveMatrix BusinessWorks™ Plug-in for Database,Integration,8.0.1,https://docs.tibco.com/products/tibco-activematrix-businessworks-plug-in-for-database-8-0-1,TRUE,TRUE,Do Not Migrate
TIBCO ActiveMatrix BusinessWorks™ Plug-in for Database,Integration,8.0.0,https://docs.tibco.com/products/tibco-activematrix-businessworks-plug-in-for-database-8-0-0,TRUE,TRUE,Do Not Migrate
TIBCO ActiveMatrix BusinessWorks™ Plug-in for Database,Integration,7.3.2,https://docs.tibco.com/products/tibco-activematrix-adapter-for-database-7-3-2,FALSE,FALSE,Migrate
TIBCO ActiveMatrix BusinessWorks™ Plug-in for Database,Integration,7.3.1,https://docs.tibco.com/products/tibco-activematrix-adapter-for-database-7-3-1,FALSE,FALSE,Migrate
TIBCO ActiveMatrix BusinessWorks™ Plug-in for Database,Integration,7.3.0,https://docs.tibco.com/products/tibco-activematrix-adapter-for-database-7-3-0,TRUE,TRUE,Do Not Migrate
TIBCO ActiveMatrix BusinessWorks™ Plug-in for Database,Integration,7.2.1,https://docs.tibco.com/products/tibco-activematrix-adapter-for-database-7-2-1,FALSE,FALSE,Migrate
TIBCO ActiveMatrix BusinessWorks™ Plug-in for Database,Integration,7.2.0,https://docs.tibco.com/products/tibco-activematrix-adapter-for-database-7-2-0,FALSE,TRUE,Do Not Migrate
TIBCO ActiveMatrix BusinessWorks™ Plug-in for Database,Integration,7.1.0,https://docs.tibco.com/products/tibco-activematrix-adapter-for-database-7-1-0,TRUE,TRUE,Do Not Migrate
TIBCO ActiveMatrix BusinessWorks™ Plug-in for Database,Integration,7.0.0,https://docs.tibco.com/products/tibco-activematrix-adapter-for-database-7-0-0,TRUE,TRUE,Do Not Migrate
TIBCO ActiveMatrix BusinessWorks™ Plug-in for Database,Integration,6.3.0,https://docs.tibco.com/products/tibco-activematrix-adapter-for-database-6-3-0,TRUE,TRUE,Do Not Migrate
TIBCO ActiveMatrix BusinessWorks™ Plug-in for Database,Integration,6.2.0,https://docs.tibco.com/products/tibco-activematrix-adapter-for-database-6-2-0,TRUE,TRUE,Do Not Migrate
TIBCO ActiveMatrix BusinessWorks™ Plug-in for Database,Integration,6.1.0,https://docs.tibco.com/products/tibco-activematrix-adapter-for-database-6-1-0,TRUE,TRUE,Do Not Migrate
TIBCO ActiveMatrix BusinessWorks™ Plug-in for Database,Integration,6.0.0,https://docs.tibco.com/products/tibco-activematrix-adapter-for-database-6-0-0,TRUE,TRUE,Do Not Migrate
TIBCO ActiveMatrix BusinessWorks™ Plug-in for Database,Integration,5.5.1,https://docs.tibco.com/products/tibco-activematrix-adapter-for-database-5-5-1,TRUE,TRUE,Do Not Migrate
TIBCO ActiveMatrix BusinessWorks™ Plug-in for EDI,Unassigned,6.3.0,https://docs.tibco.com/products/tibco-activematrix-businessworks-plug-in-for-edi-6-3-0,FALSE,FALSE,Migrate
TIBCO ActiveMatrix BusinessWorks™ Plug-in for EDI,Unassigned,6.0.0,https://docs.tibco.com/products/tibco-activematrix-businessworks-plug-in-for-edi-6-0-0,TRUE,FALSE,Do Not Migrate
TIBCO ActiveMatrix BusinessWorks™ Plug-in for EDI Healthcare Edition,Unassigned,6.3.1,https://docs.tibco.com/products/tibco-activematrix-businessworks-plug-in-for-edi-healthcare-edition-6-3-1,FALSE,FALSE,Migrate
TIBCO ActiveMatrix BusinessWorks™ Plug-in for EDI Standard Edition,Unassigned,6.3.1,https://docs.tibco.com/products/tibco-activematrix-businessworks-plug-in-for-edi-standard-edition-6-3-1,FALSE,FALSE,Migrate
TIBCO ActiveMatrix BusinessWorks™ Plug-in for EJB,Integration,6.1.1,https://docs.tibco.com/products/tibco-activematrix-businessworks-plug-in-for-ejb-6-1-1,FALSE,FALSE,Migrate
TIBCO ActiveMatrix BusinessWorks™ Plug-in for EJB,Integration,6.1.0,https://docs.tibco.com/products/tibco-activematrix-businessworks-plug-in-for-ejb-6-1-0,FALSE,TRUE,Do Not Migrate
TIBCO ActiveMatrix BusinessWorks™ Plug-in for EJB,Integration,6.0.0,https://docs.tibco.com/products/tibco-activematrix-businessworks-plug-in-for-ejb-6-0-0,TRUE,TRUE,Do Not Migrate
TIBCO ActiveMatrix BusinessWorks™ Plug-in for EJB,Integration,5.4.0,https://docs.tibco.com/products/tibco-activematrix-businessworks-plug-in-for-ejb-5-4-0,FALSE,FALSE,Migrate
TIBCO ActiveMatrix BusinessWorks™ Plug-in for EJB,Integration,5.3.0,https://docs.tibco.com/products/tibco-businessworks-ejb-plug-in-5-3-0,TRUE,TRUE,Do Not Migrate
TIBCO ActiveMatrix BusinessWorks™ Plug-in for Facebook,Integration,6.5.0,https://docs.tibco.com/products/tibco-activematrix-businessworks-plug-in-for-facebook-6-5-0,FALSE,FALSE,Migrate
TIBCO ActiveMatrix BusinessWorks™ Plug-in for Facebook,Integration,6.4.0,https://docs.tibco.com/products/tibco-activematrix-businessworks-plug-in-for-facebook-6-4-0,FALSE,TRUE,Do Not Migrate
TIBCO ActiveMatrix BusinessWorks™ Plug-in for Facebook,Integration,6.3.0,https://docs.tibco.com/products/tibco-activematrix-businessworks-plug-in-for-facebook-6-3-0,TRUE,TRUE,Do Not Migrate
TIBCO ActiveMatrix BusinessWorks™ Plug-in for Facebook,Integration,6.2.0,https://docs.tibco.com/products/tibco-activematrix-businessworks-plug-in-for-facebook-6-2-0,TRUE,TRUE,Do Not Migrate
TIBCO ActiveMatrix BusinessWorks™ Plug-in for Facebook,Integration,6.1.0,https://docs.tibco.com/products/tibco-activematrix-businessworks-plug-in-for-facebook-6-1-0,TRUE,TRUE,Do Not Migrate
TIBCO ActiveMatrix BusinessWorks™ Plug-in for Facebook,Integration,6.0.2,https://docs.tibco.com/products/tibco-activematrix-businessworks-plug-in-for-facebook-6-0-2,TRUE,TRUE,Do Not Migrate
TIBCO ActiveMatrix BusinessWorks™ Plug-in for Facebook,Integration,6.0.1,https://docs.tibco.com/products/tibco-activematrix-businessworks-plug-in-for-facebook-6-0-1,TRUE,TRUE,Do Not Migrate
TIBCO ActiveMatrix BusinessWorks™ Plug-in for Facebook,Integration,6.0.0,https://docs.tibco.com/products/tibco-activematrix-businessworks-plug-in-for-facebook-6-0-0,TRUE,TRUE,Do Not Migrate
TIBCO ActiveMatrix BusinessWorks™ Plug-in for Facebook,Integration,1.4.0,https://docs.tibco.com/products/tibco-activematrix-businessworks-plug-in-for-facebook-1-4-0,FALSE,FALSE,Migrate
TIBCO ActiveMatrix BusinessWorks™ Plug-in for Facebook,Integration,1.3.0,https://docs.tibco.com/products/tibco-activematrix-businessworks-plug-in-for-facebook-1-3-0,FALSE,TRUE,Do Not Migrate
TIBCO ActiveMatrix BusinessWorks™ Plug-in for Facebook,Integration,1.2.0,https://docs.tibco.com/products/tibco-activematrix-businessworks-plug-in-for-facebook-1-2-0,FALSE,TRUE,Do Not Migrate
TIBCO ActiveMatrix BusinessWorks™ Plug-in for Facebook,Integration,1.1.0,https://docs.tibco.com/products/tibco-activematrix-businessworks-plug-in-for-facebook-1-1-0,TRUE,TRUE,Do Not Migrate
TIBCO ActiveMatrix BusinessWorks™ Plug-in for Facebook,Integration,1.0.1,https://docs.tibco.com/products/tibco-activematrix-businessworks-plug-in-for-facebook-1-0-1,TRUE,TRUE,Do Not Migrate
TIBCO ActiveMatrix BusinessWorks™ Plug-in for Facebook,Integration,1.0.0,https://docs.tibco.com/products/tibco-activematrix-businessworks-plug-in-for-facebook-1-0-0,TRUE,TRUE,Do Not Migrate
TIBCO ActiveMatrix BusinessWorks™ Plug-in for Files for Unix and Windows,Integration,8.3.0,https://docs.tibco.com/products/tibco-activematrix-businessworks-plug-in-for-files-for-unix-and-windows-8-3-0,FALSE,FALSE,Migrate
TIBCO ActiveMatrix BusinessWorks™ Plug-in for Files for Unix and Windows,Integration,8.2.0,https://docs.tibco.com/products/tibco-activematrix-businessworks-plug-in-for-files-for-unix-and-windows-8-2-0,FALSE,TRUE,Do Not Migrate
TIBCO ActiveMatrix BusinessWorks™ Plug-in for Files for Unix and Windows,Integration,8.1.0,https://docs.tibco.com/products/tibco-activematrix-businessworks-plug-in-for-files-for-unix-and-windows-8-1-0,FALSE,TRUE,Do Not Migrate
TIBCO ActiveMatrix BusinessWorks™ Plug-in for Files for Unix and Windows,Integration,8.0.0,https://docs.tibco.com/products/tibco-activematrix-businessworks-plug-in-for-files-for-unix-and-windows-8-0-0,TRUE,TRUE,Do Not Migrate
TIBCO ActiveMatrix BusinessWorks™ Plug-in for Files for Unix and Windows,Integration,7.1.1,https://docs.tibco.com/products/tibco-activematrix-adapter-for-files-for-unix-win-7-1-1,TRUE,FALSE,Migrate
TIBCO ActiveMatrix BusinessWorks™ Plug-in for Files for Unix and Windows,Integration,7.1.0,https://docs.tibco.com/products/tibco-activematrix-adapter-for-files-for-unix-win-7-1-0,TRUE,FALSE,Migrate
TIBCO ActiveMatrix BusinessWorks™ Plug-in for Files for Unix and Windows,Integration,7.0.0,https://docs.tibco.com/products/tibco-activematrix-adapter-for-files-7-0-0,TRUE,FALSE,Migrate
TIBCO ActiveMatrix BusinessWorks™ Plug-in for Files for Unix and Windows,Integration,6.2.1,https://docs.tibco.com/products/tibco-activematrix-adapter-for-files-6-2-1,TRUE,TRUE,Do Not Migrate
TIBCO ActiveMatrix BusinessWorks™ Plug-in for Files for Unix and Windows,Integration,6.2.0,https://docs.tibco.com/products/tibco-activematrix-adapter-for-files-6-2-0,TRUE,TRUE,Do Not Migrate
TIBCO ActiveMatrix BusinessWorks™ Plug-in for Files for Unix and Windows,Integration,6.1.0,https://docs.tibco.com/products/tibco-activematrix-adapter-for-files-6-1-0,TRUE,TRUE,Do Not Migrate
TIBCO ActiveMatrix BusinessWorks™ Plug-in for Files for Unix and Windows,Integration,6.0.0,https://docs.tibco.com/products/tibco-activematrix-adapter-for-files-6-0-0,TRUE,TRUE,Do Not Migrate
TIBCO ActiveMatrix BusinessWorks™ Plug-in for Formvine®,Unassigned,1.0.0,https://docs.tibco.com/products/tibco-activematrix-businessworks-plug-in-for-formvine-1-0-0,TRUE,TRUE,Do Not Migrate
TIBCO ActiveMatrix BusinessWorks™ Plug-in for Google BigQuery,Integration,6.1.0,https://docs.tibco.com/products/tibco-activematrix-businessworks-plug-in-for-google-bigquery-6-1-0,FALSE,FALSE,Migrate
TIBCO ActiveMatrix BusinessWorks™ Plug-in for Google BigQuery,Integration,6.0.0,https://docs.tibco.com/products/tibco-activematrix-businessworks-plug-in-for-google-bigquery-6-0-0,TRUE,TRUE,Do Not Migrate
TIBCO ActiveMatrix BusinessWorks™ Plug-in for Google Cloud Pub/Sub,Integration,6.0.2,https://docs.tibco.com/products/tibco-activematrix-businessworks-plug-in-for-google-cloud-pub-sub-6-0-2,FALSE,FALSE,Migrate
TIBCO ActiveMatrix BusinessWorks™ Plug-in for Google Cloud Pub/Sub,Integration,6.0.1,https://docs.tibco.com/products/tibco-activematrix-businessworks-plug-in-for-google-cloud-pub-sub-6-0-1,TRUE,FALSE,Migrate
TIBCO ActiveMatrix BusinessWorks™ Plug-in for Google Cloud Pub/Sub,Integration,6.0.0,https://docs.tibco.com/products/tibco-activematrix-businessworks-plug-in-for-google-cloud-pub-sub-6-0-0,TRUE,TRUE,Do Not Migrate
TIBCO ActiveMatrix BusinessWorks™ Plug-in for Google Cloud Storage,Integration,6.0.0,https://docs.tibco.com/products/tibco-activematrix-businessworks-plug-in-for-google-cloud-storage-6-0-0,FALSE,FALSE,Migrate
TIBCO ActiveMatrix BusinessWorks™ Plug-in for HL7 with FHIR,Unassigned,8.6.0,https://docs.tibco.com/products/tibco-activematrix-businessworks-plug-in-for-hl7-with-fhir-8-6-0,FALSE,FALSE,Migrate
TIBCO ActiveMatrix BusinessWorks™ Plug-in for HL7 with FHIR,Unassigned,8.5.0,https://docs.tibco.com/products/tibco-activematrix-businessworks-plug-in-for-hl7-with-fhir-8-5-0,FALSE,FALSE,Migrate
TIBCO ActiveMatrix BusinessWorks™ Plug-in for HL7 with FHIR,Unassigned,8.4.0,https://docs.tibco.com/products/tibco-activematrix-businessworks-plug-in-for-hl7-with-fhir-8-4-0,FALSE,FALSE,Migrate
TIBCO ActiveMatrix BusinessWorks™ Plug-in for HL7 with FHIR,Unassigned,8.3.0,https://docs.tibco.com/products/tibco-activematrix-businessworks-plug-in-for-hl7-with-fhir-8-3-0,FALSE,FALSE,Migrate
TIBCO ActiveMatrix BusinessWorks™ Plug-in for HL7 with FHIR,Unassigned,8.2.1,https://docs.tibco.com/products/tibco-activematrix-businessworks-plug-in-for-hl7-with-fhir-8-2-1,FALSE,FALSE,Migrate
TIBCO ActiveMatrix BusinessWorks™ Plug-in for HL7 with FHIR,Unassigned,8.2.0,https://docs.tibco.com/products/tibco-activematrix-businessworks-plug-in-for-hl7-with-fhir-8-2-0,FALSE,FALSE,Migrate
TIBCO ActiveMatrix BusinessWorks™ Plug-in for HL7 with FHIR,Unassigned,8.1.0,https://docs.tibco.com/products/tibco-activematrix-businessworks-plug-in-for-hl7-with-fhir-8-1-0,TRUE,FALSE,Do Not Migrate
TIBCO ActiveMatrix BusinessWorks™ Plug-in for HL7 with FHIR,Unassigned,8.0.0,https://docs.tibco.com/products/tibco-activematrix-businessworks-plug-in-for-hl7-with-fhir-8-0-0,TRUE,FALSE,Do Not Migrate
TIBCO ActiveMatrix BusinessWorks™ Plug-in for HL7 with FHIR,Unassigned,7.3.1,https://docs.tibco.com/products/tibco-activematrix-businessworks-plug-in-for-hl7-7-3-1,TRUE,FALSE,Do Not Migrate
TIBCO ActiveMatrix BusinessWorks™ Plug-in for HL7 with FHIR,Unassigned,7.3.0,https://docs.tibco.com/products/tibco-activematrix-businessworks-plug-in-for-hl7-7-3-0,FALSE,FALSE,Migrate
TIBCO ActiveMatrix BusinessWorks™ Plug-in for HL7 with FHIR,Unassigned,7.0.0,https://docs.tibco.com/products/tibco-activematrix-businessworks-plug-in-for-hl7-7-0-0,FALSE,FALSE,Migrate
TIBCO ActiveMatrix BusinessWorks™ Plug-in for HL7 with FHIR,Unassigned,6.0.0,https://docs.tibco.com/products/tibco-activematrix-businessworks-plug-in-for-hl7-6-0-0,FALSE,FALSE,Migrate
TIBCO ActiveMatrix BusinessWorks™ Plug-in for IBM MQ,Integration,8.8.2,https://docs.tibco.com/products/tibco-activematrix-businessworks-plug-in-for-ibm-mq-8-8-2,FALSE,FALSE,Migrate
TIBCO ActiveMatrix BusinessWorks™ Plug-in for IBM MQ,Integration,8.8.1,https://docs.tibco.com/products/tibco-activematrix-businessworks-plug-in-for-ibm-mq-8-8-1,FALSE,FALSE,Migrate
TIBCO ActiveMatrix BusinessWorks™ Plug-in for IBM MQ,Integration,8.8.0,https://docs.tibco.com/products/tibco-activematrix-businessworks-plug-in-for-ibm-mq-8-8-0,FALSE,FALSE,Migrate
TIBCO ActiveMatrix BusinessWorks™ Plug-in for IBM MQ,Integration,8.7.0,https://docs.tibco.com/products/tibco-activematrix-businessworks-plug-in-for-ibm-mq-8-7-0,FALSE,FALSE,Migrate
TIBCO ActiveMatrix BusinessWorks™ Plug-in for IBM MQ,Integration,8.6.0,https://docs.tibco.com/products/tibco-activematrix-businessworks-plug-in-for-websphere-mq-8-6-0,TRUE,TRUE,Do Not Migrate
TIBCO ActiveMatrix BusinessWorks™ Plug-in for IBM MQ,Integration,8.5.1,https://docs.tibco.com/products/tibco-activematrix-businessworks-plug-in-for-websphere-mq-8-5-1,TRUE,TRUE,Do Not Migrate
TIBCO ActiveMatrix BusinessWorks™ Plug-in for IBM MQ,Integration,8.5.0,https://docs.tibco.com/products/tibco-activematrix-businessworks-plug-in-for-websphere-mq-8-5-0,TRUE,TRUE,Do Not Migrate
TIBCO ActiveMatrix BusinessWorks™ Plug-in for IBM MQ,Integration,8.4.0,https://docs.tibco.com/products/tibco-activematrix-businessworks-plug-in-for-websphere-mq-8-4-0,TRUE,TRUE,Do Not Migrate
TIBCO ActiveMatrix BusinessWorks™ Plug-in for IBM MQ,Integration,8.3.1,https://docs.tibco.com/products/tibco-activematrix-businessworks-plug-in-for-websphere-mq-8-3-1,TRUE,TRUE,Do Not Migrate
TIBCO ActiveMatrix BusinessWorks™ Plug-in for IBM MQ,Integration,8.3.0,https://docs.tibco.com/products/tibco-activematrix-businessworks-plug-in-for-websphere-mq-8-3-0,TRUE,TRUE,Do Not Migrate
TIBCO ActiveMatrix BusinessWorks™ Plug-in for IBM MQ,Integration,8.2.0,https://docs.tibco.com/products/tibco-activematrix-businessworks-plug-in-for-websphere-mq-8-2-0,TRUE,TRUE,Do Not Migrate
TIBCO ActiveMatrix BusinessWorks™ Plug-in for IBM MQ,Integration,8.1.0,https://docs.tibco.com/products/tibco-activematrix-businessworks-plug-in-for-websphere-mq-8-1-0,TRUE,TRUE,Do Not Migrate
TIBCO ActiveMatrix BusinessWorks™ Plug-in for IBM MQ,Integration,7.8.0,https://docs.tibco.com/products/tibco-activematrix-businessworks-plug-in-for-ibm-mq-7-8-0,FALSE,FALSE,Migrate
TIBCO ActiveMatrix BusinessWorks™ Plug-in for IBM MQ,Integration,7.7.3,https://docs.tibco.com/products/tibco-activematrix-businessworks-plug-in-for-ibm-mq-7-7-3,FALSE,FALSE,Migrate
TIBCO ActiveMatrix BusinessWorks™ Plug-in for IBM MQ,Integration,7.7.2,https://docs.tibco.com/products/tibco-activematrix-businessworks-plug-in-for-ibm-mq-7-7-2,TRUE,TRUE,Do Not Migrate
TIBCO ActiveMatrix BusinessWorks™ Plug-in for IBM MQ,Integration,7.7.1,https://docs.tibco.com/products/tibco-activematrix-businessworks-plug-in-for-ibm-mq-7-7-1,TRUE,TRUE,Do Not Migrate
TIBCO ActiveMatrix BusinessWorks™ Plug-in for IBM MQ,Integration,7.7.0,https://docs.tibco.com/products/tibco-activematrix-businessworks-plug-in-for-websphere-mq-7-7-0,TRUE,TRUE,Do Not Migrate
TIBCO ActiveMatrix BusinessWorks™ Plug-in for IBM MQ,Integration,7.6.0,https://docs.tibco.com/products/tibco-activematrix-businessworks-plug-in-for-websphere-mq-7-6-0,TRUE,TRUE,Do Not Migrate
TIBCO ActiveMatrix BusinessWorks™ Plug-in for IBM MQ,Integration,7.5.0,https://docs.tibco.com/products/tibco-activematrix-businessworks-plug-in-for-websphere-mq-7-5-0,TRUE,TRUE,Do Not Migrate
TIBCO ActiveMatrix BusinessWorks™ Plug-in for IBM MQ,Integration,7.4.0,https://docs.tibco.com/products/tibco-activematrix-businessworks-plug-in-for-websphere-mq-7-4-0,TRUE,TRUE,Do Not Migrate
TIBCO ActiveMatrix BusinessWorks™ Plug-in for IBM MQ,Integration,7.3.0,https://docs.tibco.com/products/tibco-activematrix-businessworks-plug-in-for-websphere-mq-7-3-0,TRUE,TRUE,Do Not Migrate
TIBCO ActiveMatrix BusinessWorks™ Plug-in for IBM MQ,Integration,7.2.0,https://docs.tibco.com/products/tibco-activematrix-businessworks-plug-in-for-websphere-mq-7-2-0,TRUE,TRUE,Do Not Migrate
TIBCO ActiveMatrix BusinessWorks™ Plug-in for JD Edwards EnterpriseOne,Integration,7.1.0,https://docs.tibco.com/products/tibco-activematrix-businessworks-plug-in-for-jd-edwards-enterpriseone-7-1-0,FALSE,FALSE,Migrate
TIBCO ActiveMatrix BusinessWorks™ Plug-in for JD Edwards EnterpriseOne,Integration,7.0.1,https://docs.tibco.com/products/tibco-activematrix-businessworks-plug-in-for-jd-edwards-enterpriseone-7-0-1,FALSE,TRUE,Do Not Migrate
TIBCO ActiveMatrix BusinessWorks™ Plug-in for JD Edwards EnterpriseOne,Integration,7.0.0,https://docs.tibco.com/products/tibco-activematrix-businessworks-plug-in-for-jd-edwards-enterpriseone-7-0-0,TRUE,TRUE,Do Not Migrate
TIBCO ActiveMatrix BusinessWorks™ Plug-in for Large XML,Integration,6.1.4,https://docs.tibco.com/products/tibco-activematrix-businessworks-plug-in-for-large-xml-6-1-4,FALSE,FALSE,Migrate
TIBCO ActiveMatrix BusinessWorks™ Plug-in for Large XML,Integration,6.1.3,https://docs.tibco.com/products/tibco-activematrix-businessworks-plug-in-for-large-xml-6-1-3,FALSE,TRUE,Do Not Migrate
TIBCO ActiveMatrix BusinessWorks™ Plug-in for Large XML,Integration,6.1.2,https://docs.tibco.com/products/tibco-activematrix-businessworks-plug-in-for-large-xml-6-1-2,FALSE,TRUE,Do Not Migrate
TIBCO ActiveMatrix BusinessWorks™ Plug-in for Large XML,Integration,6.1.1,https://docs.tibco.com/products/tibco-activematrix-businessworks-plug-in-for-large-xml-6-1-1,TRUE,TRUE,Do Not Migrate
TIBCO ActiveMatrix BusinessWorks™ Plug-in for Large XML,Integration,6.1.0,https://docs.tibco.com/products/tibco-activematrix-businessworks-plug-in-for-large-xml-6-1-0,TRUE,TRUE,Do Not Migrate
TIBCO ActiveMatrix BusinessWorks™ Plug-in for Large XML,Integration,6.0.0,https://docs.tibco.com/products/tibco-activematrix-businessworks-plug-in-for-large-xml-6-0-0,TRUE,TRUE,Do Not Migrate
TIBCO ActiveMatrix BusinessWorks™ Plug-in for Large XML,Integration,1.1.0,https://docs.tibco.com/products/tibco-activematrix-businessworks-plug-in-for-large-xml-1-1-0,FALSE,FALSE,Migrate
TIBCO ActiveMatrix BusinessWorks™ Plug-in for Large XML,Integration,1.0.0,https://docs.tibco.com/products/tibco-activematrix-businessworks-plug-in-for-large-xml-1-0-0,TRUE,TRUE,Do Not Migrate
TIBCO ActiveMatrix BusinessWorks™ Plug-in for LDAP,Integration,7.3.0,https://docs.tibco.com/products/tibco-activematrix-businessworks-plug-in-for-ldap-7-3-0,FALSE,FALSE,Migrate
TIBCO ActiveMatrix BusinessWorks™ Plug-in for LDAP,Integration,7.2.0,https://docs.tibco.com/products/tibco-activematrix-businessworks-plug-in-for-ldap-7-2-0,FALSE,TRUE,Do Not Migrate
TIBCO ActiveMatrix BusinessWorks™ Plug-in for LDAP,Integration,7.1.1,https://docs.tibco.com/products/tibco-activematrix-businessworks-plug-in-for-ldap-7-1-1,TRUE,TRUE,Do Not Migrate
TIBCO ActiveMatrix BusinessWorks™ Plug-in for LDAP,Integration,7.1.0,https://docs.tibco.com/products/tibco-activematrix-businessworks-plug-in-for-ldap-7-1-0,TRUE,TRUE,Do Not Migrate
TIBCO ActiveMatrix BusinessWorks™ Plug-in for LDAP,Integration,7.0.0,https://docs.tibco.com/products/tibco-activematrix-businessworks-plug-in-for-ldap-7-0-0,TRUE,TRUE,Do Not Migrate
TIBCO ActiveMatrix BusinessWorks™ Plug-in for LDAP,Integration,6.1.2,https://docs.tibco.com/products/tibco-activematrix-adapter-for-ldap-6-1-2,FALSE,FALSE,Migrate
TIBCO ActiveMatrix BusinessWorks™ Plug-in for LDAP,Integration,6.1.1,https://docs.tibco.com/products/tibco-activematrix-adapter-for-ldap-6-1-1,TRUE,TRUE,Do Not Migrate
TIBCO ActiveMatrix BusinessWorks™ Plug-in for LDAP,Integration,6.1.0,https://docs.tibco.com/products/tibco-activematrix-adapter-for-ldap-6-1-0,TRUE,TRUE,Do Not Migrate
TIBCO ActiveMatrix BusinessWorks™ Plug-in for LDAP,Integration,6.0.0,https://docs.tibco.com/products/tibco-activematrix-adapter-for-ldap-6-0-0,TRUE,FALSE,Do Not Migrate
TIBCO ActiveMatrix BusinessWorks™ Plug-in for Marketo,Integration,7.2.2,https://docs.tibco.com/products/tibco-activematrix-businessworks-plug-in-for-marketo-7-2-2,FALSE,FALSE,Migrate
TIBCO ActiveMatrix BusinessWorks™ Plug-in for Marketo,Integration,7.2.1,https://docs.tibco.com/products/tibco-activematrix-businessworks-plug-in-for-marketo-7-2-1,FALSE,TRUE,Do Not Migrate
TIBCO ActiveMatrix BusinessWorks™ Plug-in for Marketo,Integration,7.2.0,https://docs.tibco.com/products/tibco-activematrix-businessworks-plug-in-for-marketo-7-2-0,FALSE,TRUE,Do Not Migrate
TIBCO ActiveMatrix BusinessWorks™ Plug-in for Marketo,Integration,7.1.0,https://docs.tibco.com/products/tibco-activematrix-businessworks-plug-in-for-marketo-7-1-0,FALSE,TRUE,Do Not Migrate
TIBCO ActiveMatrix BusinessWorks™ Plug-in for Marketo,Integration,7.0.0,https://docs.tibco.com/products/tibco-activematrix-businessworks-plug-in-for-marketo-7-0-0,TRUE,TRUE,Do Not Migrate
TIBCO ActiveMatrix BusinessWorks™ Plug-in for Marketo,Integration,6.0.1,https://docs.tibco.com/products/tibco-activematrix-businessworks-plug-in-for-marketo-6-0-1,TRUE,TRUE,Do Not Migrate
TIBCO ActiveMatrix BusinessWorks™ Plug-in for Marketo,Integration,6.0.0,https://docs.tibco.com/products/tibco-activematrix-businessworks-plug-in-for-marketo-6-0-0,TRUE,TRUE,Do Not Migrate
TIBCO ActiveMatrix BusinessWorks™ Plug-in for MDM,Master Data Management,7.0.2,https://docs.tibco.com/products/tibco-activematrix-businessworks-plug-in-for-mdm-7-0-2,FALSE,FALSE,Migrate
TIBCO ActiveMatrix BusinessWorks™ Plug-in for MDM,Master Data Management,7.0.1,https://docs.tibco.com/products/tibco-activematrix-businessworks-plug-in-for-mdm-7-0-1,FALSE,FALSE,Migrate
TIBCO ActiveMatrix BusinessWorks™ Plug-in for MDM,Master Data Management,7.0.0,https://docs.tibco.com/products/tibco-activematrix-businessworks-plug-in-for-ibi-mdm-7-0-0,FALSE,FALSE,Migrate
TIBCO ActiveMatrix BusinessWorks™ Plug-in for MDM,Master Data Management,6.5.0,https://docs.tibco.com/products/tibco-activematrix-businessworks-plug-in-for-mdm-6-5-0,TRUE,FALSE,Do Not Migrate
TIBCO ActiveMatrix BusinessWorks™ Plug-in for MDM,Master Data Management,6.4.0,https://docs.tibco.com/products/tibco-activematrix-businessworks-plug-in-for-mdm-6-4-0,TRUE,FALSE,Do Not Migrate
TIBCO ActiveMatrix BusinessWorks™ Plug-in for MDM,Master Data Management,6.3.1,https://docs.tibco.com/products/tibco-activematrix-businessworks-plug-in-for-mdm-6-3-1,FALSE,FALSE,Migrate
TIBCO ActiveMatrix BusinessWorks™ Plug-in for MDM,Master Data Management,6.3.0,https://docs.tibco.com/products/tibco-activematrix-businessworks-plug-in-for-mdm-6-3-0,TRUE,FALSE,Do Not Migrate
TIBCO ActiveMatrix BusinessWorks™ Plug-in for MDM,Master Data Management,6.0.1,https://docs.tibco.com/products/tibco-activematrix-businessworks-plug-in-for-mdm-6-0-1,TRUE,FALSE,Do Not Migrate
TIBCO ActiveMatrix BusinessWorks™ Plug-in for MDM,Master Data Management,6.0.0,https://docs.tibco.com/products/tibco-activematrix-businessworks-plug-in-for-mdm-6-0-0,TRUE,FALSE,Do Not Migrate
TIBCO ActiveMatrix BusinessWorks™ Plug-in for MDM,Master Data Management,2.0.0,https://docs.tibco.com/products/tibco-activematrix-businessworks-plug-in-for-mdm-2-0-0,TRUE,FALSE,Do Not Migrate
TIBCO ActiveMatrix BusinessWorks™ Plug-in for MDM,Master Data Management,1.0.1,https://docs.tibco.com/products/tibco-activematrix-businessworks-plug-in-for-mdm-1-0-1,TRUE,FALSE,Do Not Migrate
TIBCO ActiveMatrix BusinessWorks™ Plug-in for MDM,Master Data Management,1.0.0,https://docs.tibco.com/products/tibco-activematrix-businessworks-plug-in-for-mdm-1-0-0,TRUE,FALSE,Do Not Migrate
TIBCO ActiveMatrix BusinessWorks™ Plug-in for Microsoft Excel,Integration,6.1.1,https://docs.tibco.com/products/tibco-activematrix-businessworks-plug-in-for-microsoft-excel-6-1-1,FALSE,FALSE,Migrate
TIBCO ActiveMatrix BusinessWorks™ Plug-in for Microsoft Excel,Integration,6.1.0,https://docs.tibco.com/products/tibco-activematrix-businessworks-plug-in-for-microsoft-excel-6-1-0,FALSE,TRUE,Do Not Migrate
TIBCO ActiveMatrix BusinessWorks™ Plug-in for Microsoft Excel,Integration,6.0.0,https://docs.tibco.com/products/tibco-activematrix-businessworks-plug-in-for-microsoft-excel-6-0-0,TRUE,TRUE,Do Not Migrate
TIBCO ActiveMatrix BusinessWorks™ Plug-in for Microsoft SharePoint,Integration,6.4.0,https://docs.tibco.com/products/tibco-activematrix-businessworks-plug-in-for-microsoft-sharepoint-6-4-0,FALSE,FALSE,Migrate
TIBCO ActiveMatrix BusinessWorks™ Plug-in for Microsoft SharePoint,Integration,6.3.1,https://docs.tibco.com/products/tibco-activematrix-businessworks-plug-in-for-microsoft-sharepoint-6-3-1,FALSE,FALSE,Migrate
TIBCO ActiveMatrix BusinessWorks™ Plug-in for Microsoft SharePoint,Integration,6.3.0,https://docs.tibco.com/products/tibco-activematrix-businessworks-plug-in-for-microsoft-sharepoint-6-3-0,FALSE,FALSE,Migrate
TIBCO ActiveMatrix BusinessWorks™ Plug-in for Microsoft SharePoint,Integration,6.2.2,https://docs.tibco.com/products/tibco-activematrix-businessworks-plug-in-for-microsoft-sharepoint-6-2-2,TRUE,TRUE,Do Not Migrate
TIBCO ActiveMatrix BusinessWorks™ Plug-in for Microsoft SharePoint,Integration,6.2.1,https://docs.tibco.com/products/tibco-activematrix-businessworks-plug-in-for-microsoft-sharepoint-6-2-1,TRUE,TRUE,Do Not Migrate
TIBCO ActiveMatrix BusinessWorks™ Plug-in for Microsoft SharePoint,Integration,6.2.0,https://docs.tibco.com/products/tibco-activematrix-businessworks-plug-in-for-microsoft-sharepoint-6-2-0,TRUE,TRUE,Do Not Migrate
TIBCO ActiveMatrix BusinessWorks™ Plug-in for Microsoft SharePoint,Integration,6.1.1,https://docs.tibco.com/products/tibco-activematrix-businessworks-plug-in-for-microsoft-sharepoint-6-1-1,TRUE,TRUE,Do Not Migrate
TIBCO ActiveMatrix BusinessWorks™ Plug-in for Microsoft SharePoint,Integration,6.1.0,https://docs.tibco.com/products/tibco-activematrix-businessworks-plug-in-for-microsoft-sharepoint-6-1-0,TRUE,TRUE,Do Not Migrate
TIBCO ActiveMatrix BusinessWorks™ Plug-in for Microsoft SharePoint,Integration,6.0.1,https://docs.tibco.com/products/tibco-activematrix-businessworks-plug-in-for-microsoft-sharepoint-6-0-1,TRUE,TRUE,Do Not Migrate
TIBCO ActiveMatrix BusinessWorks™ Plug-in for Microsoft SharePoint,Integration,6.0.0,https://docs.tibco.com/products/tibco-activematrix-businessworks-plug-in-for-microsoft-sharepoint-6-0-0,TRUE,TRUE,Do Not Migrate
TIBCO ActiveMatrix BusinessWorks™ Plug-in for Microsoft SharePoint,Integration,1.1.0,https://docs.tibco.com/products/tibco-activematrix-businessworks-plug-in-for-microsoft-sharepoint-1-1-0,TRUE,FALSE,Do Not Migrate
TIBCO ActiveMatrix BusinessWorks™ Plug-in for Microsoft SharePoint,Integration,1.0.0,https://docs.tibco.com/products/tibco-activematrix-businessworks-plug-in-for-microsoft-sharepoint-1-0-0,TRUE,TRUE,Do Not Migrate
TIBCO ActiveMatrix BusinessWorks™ Plug-in for Mobile Integration,Integration,6.4.0,https://docs.tibco.com/products/tibco-activematrix-businessworks-plug-in-for-mobile-integration-6-4-0,FALSE,FALSE,Migrate
TIBCO ActiveMatrix BusinessWorks™ Plug-in for Mobile Integration,Integration,6.3.0,https://docs.tibco.com/products/tibco-activematrix-businessworks-plug-in-for-mobile-integration-6-3-0,FALSE,FALSE,Migrate
TIBCO ActiveMatrix BusinessWorks™ Plug-in for Mobile Integration,Integration,6.2.0,https://docs.tibco.com/products/tibco-activematrix-businessworks-plug-in-for-mobile-integration-6-2-0,FALSE,TRUE,Do Not Migrate
TIBCO ActiveMatrix BusinessWorks™ Plug-in for Mobile Integration,Integration,6.1.0,https://docs.tibco.com/products/tibco-activematrix-businessworks-plug-in-for-mobile-integration-6-1-0,TRUE,TRUE,Do Not Migrate
TIBCO ActiveMatrix BusinessWorks™ Plug-in for Mobile Integration,Integration,2.0.0,https://docs.tibco.com/products/tibco-activematrix-businessworks-plug-in-for-mobile-integration-2-0-0,FALSE,TRUE,Do Not Migrate
TIBCO ActiveMatrix BusinessWorks™ Plug-in for Mobile Integration,Integration,1.4.0,https://docs.tibco.com/products/tibco-activematrix-businessworks-plug-in-for-mobile-integration-1-4-0,FALSE,FALSE,Migrate
TIBCO ActiveMatrix BusinessWorks™ Plug-in for Mobile Integration,Integration,1.3.0,https://docs.tibco.com/products/tibco-activematrix-businessworks-plug-in-for-mobile-integration-1-3-0,FALSE,FALSE,Migrate
TIBCO ActiveMatrix BusinessWorks™ Plug-in for Mobile Integration,Integration,1.2.2,https://docs.tibco.com/products/tibco-activematrix-businessworks-plug-in-for-mobile-integration-1-2-2,TRUE,FALSE,Migrate
TIBCO ActiveMatrix BusinessWorks™ Plug-in for Mobile Integration,Integration,1.2.1,https://docs.tibco.com/products/tibco-activematrix-businessworks-plug-in-for-mobile-integration-1-2-1,TRUE,TRUE,Do Not Migrate
TIBCO ActiveMatrix BusinessWorks™ Plug-in for Mobile Integration,Integration,1.2.0,https://docs.tibco.com/products/tibco-activematrix-businessworks-plug-in-for-mobile-integration-1-2-0,FALSE,TRUE,Do Not Migrate
TIBCO ActiveMatrix BusinessWorks™ Plug-in for Mobile Integration,Integration,1.1.1,https://docs.tibco.com/products/tibco-activematrix-businessworks-plug-in-for-mobile-integration-1-1-1,TRUE,TRUE,Do Not Migrate
TIBCO ActiveMatrix BusinessWorks™ Plug-in for Mobile Integration,Integration,1.1.0,https://docs.tibco.com/products/tibco-activematrix-businessworks-plug-in-for-mobile-integration-1-1-0,TRUE,TRUE,Do Not Migrate
TIBCO ActiveMatrix BusinessWorks™ Plug-in for Mobile Integration,Integration,1.0.0,https://docs.tibco.com/products/tibco-activematrix-businessworks-plug-in-for-mobile-integration-1-0-0,FALSE,TRUE,Do Not Migrate
TIBCO ActiveMatrix BusinessWorks™ Plug-in for MongoDB,Integration,6.5.0,https://docs.tibco.com/products/tibco-activematrix-businessworks-plug-in-for-mongodb-6-5-0,FALSE,FALSE,Migrate
TIBCO ActiveMatrix BusinessWorks™ Plug-in for MongoDB,Integration,6.4.2,https://docs.tibco.com/products/tibco-activematrix-businessworks-plug-in-for-mongodb-6-4-2,FALSE,FALSE,Migrate
TIBCO ActiveMatrix BusinessWorks™ Plug-in for MongoDB,Integration,6.4.1,https://docs.tibco.com/products/tibco-activematrix-businessworks-plug-in-for-mongodb-6-4-1,FALSE,TRUE,Do Not Migrate
TIBCO ActiveMatrix BusinessWorks™ Plug-in for MongoDB,Integration,6.4.0,https://docs.tibco.com/products/tibco-activematrix-businessworks-plug-in-for-mongodb-6-4-0,TRUE,TRUE,Do Not Migrate
TIBCO ActiveMatrix BusinessWorks™ Plug-in for MongoDB,Integration,6.3.1,https://docs.tibco.com/products/tibco-activematrix-businessworks-plug-in-for-mongodb-6-3-1,TRUE,TRUE,Do Not Migrate
TIBCO ActiveMatrix BusinessWorks™ Plug-in for MongoDB,Integration,6.3.0,https://docs.tibco.com/products/tibco-activematrix-businessworks-plug-in-for-mongodb-6-3-0,TRUE,TRUE,Do Not Migrate
TIBCO ActiveMatrix BusinessWorks™ Plug-in for MongoDB,Integration,6.2.1,https://docs.tibco.com/products/tibco-activematrix-businessworks-plug-in-for-mongodb-6-2-1,TRUE,TRUE,Do Not Migrate
TIBCO ActiveMatrix BusinessWorks™ Plug-in for MongoDB,Integration,6.2.0,https://docs.tibco.com/products/tibco-activematrix-businessworks-plug-in-for-mongodb-6-2-0,TRUE,TRUE,Do Not Migrate
TIBCO ActiveMatrix BusinessWorks™ Plug-in for MongoDB,Integration,6.1.1,https://docs.tibco.com/products/tibco-activematrix-businessworks-plug-in-for-mongodb-6-1-1,TRUE,TRUE,Do Not Migrate
TIBCO ActiveMatrix BusinessWorks™ Plug-in for MongoDB,Integration,6.1.0,https://docs.tibco.com/products/tibco-activematrix-businessworks-plug-in-for-mongodb-6-1-0,TRUE,FALSE,Migrate
TIBCO ActiveMatrix BusinessWorks™ Plug-in for MongoDB,Integration,6.0.0,https://docs.tibco.com/products/tibco-activematrix-businessworks-plug-in-for-mongodb-6-0-0,TRUE,TRUE,Do Not Migrate
TIBCO ActiveMatrix BusinessWorks™ Plug-in for MongoDB,Integration,1.2.0,https://docs.tibco.com/products/tibco-activematrix-businessworks-plug-in-for-mongodb-1-2-0,FALSE,FALSE,Migrate
TIBCO ActiveMatrix BusinessWorks™ Plug-in for MongoDB,Integration,1.1.1,https://docs.tibco.com/products/tibco-activematrix-businessworks-plug-in-for-mongodb-1-1-1,TRUE,FALSE,Do Not Migrate
TIBCO ActiveMatrix BusinessWorks™ Plug-in for MongoDB,Integration,1.1.0,https://docs.tibco.com/products/tibco-activematrix-businessworks-plug-in-for-mongodb-1-1-0,TRUE,TRUE,Do Not Migrate
TIBCO ActiveMatrix BusinessWorks™ Plug-in for MongoDB,Integration,1.0.0,https://docs.tibco.com/products/tibco-activematrix-businessworks-plug-in-for-mongodb-1-0-0,TRUE,TRUE,Do Not Migrate
TIBCO ActiveMatrix BusinessWorks™ Plug-in for MQTT,Unassigned,6.0.0,https://docs.tibco.com/products/tibco-activematrix-businessworks-plug-in-for-mqtt-6-0-0,FALSE,FALSE,Migrate
TIBCO ActiveMatrix BusinessWorks™ Plug-in for NetSuite,Integration,6.4.0,https://docs.tibco.com/products/tibco-activematrix-businessworks-plug-in-for-netsuite-6-4-0,FALSE,FALSE,Migrate
TIBCO ActiveMatrix BusinessWorks™ Plug-in for NetSuite,Integration,6.3.6,https://docs.tibco.com/products/tibco-activematrix-businessworks-plug-in-for-netsuite-6-3-6,FALSE,FALSE,Migrate
TIBCO ActiveMatrix BusinessWorks™ Plug-in for NetSuite,Integration,6.3.5,https://docs.tibco.com/products/tibco-activematrix-businessworks-plug-in-for-netsuite-6-3-5,FALSE,TRUE,Do Not Migrate
TIBCO ActiveMatrix BusinessWorks™ Plug-in for NetSuite,Integration,6.3.4,https://docs.tibco.com/products/tibco-activematrix-businessworks-plug-in-for-netsuite-6-3-4,TRUE,TRUE,Do Not Migrate
TIBCO ActiveMatrix BusinessWorks™ Plug-in for NetSuite,Integration,6.3.3,https://docs.tibco.com/products/tibco-activematrix-businessworks-plug-in-for-netsuite-6-3-3,TRUE,TRUE,Do Not Migrate
TIBCO ActiveMatrix BusinessWorks™ Plug-in for NetSuite,Integration,6.3.2,https://docs.tibco.com/products/tibco-activematrix-businessworks-plug-in-for-netsuite-6-3-2,TRUE,TRUE,Do Not Migrate
TIBCO ActiveMatrix BusinessWorks™ Plug-in for NetSuite,Integration,6.3.1,https://docs.tibco.com/products/tibco-activematrix-businessworks-plug-in-for-netsuite-6-3-1,TRUE,TRUE,Do Not Migrate
TIBCO ActiveMatrix BusinessWorks™ Plug-in for NetSuite,Integration,6.3.0,https://docs.tibco.com/products/tibco-activematrix-businessworks-plug-in-for-netsuite-6-3-0,TRUE,TRUE,Do Not Migrate
TIBCO ActiveMatrix BusinessWorks™ Plug-in for NetSuite,Integration,6.2.0,https://docs.tibco.com/products/tibco-activematrix-businessworks-plug-in-for-netsuite-6-2-0,TRUE,TRUE,Do Not Migrate
TIBCO ActiveMatrix BusinessWorks™ Plug-in for NetSuite,Integration,6.1.0,https://docs.tibco.com/products/tibco-activematrix-businessworks-plug-in-for-netsuite-6-1-0,TRUE,TRUE,Do Not Migrate
TIBCO ActiveMatrix BusinessWorks™ Plug-in for NetSuite,Integration,6.0.1,https://docs.tibco.com/products/tibco-activematrix-businessworks-plug-in-for-netsuite-6-0-1,TRUE,TRUE,Do Not Migrate
TIBCO ActiveMatrix BusinessWorks™ Plug-in for NetSuite,Integration,6.0.0,https://docs.tibco.com/products/tibco-activematrix-businessworks-plug-in-for-netsuite-6-0-0,TRUE,TRUE,Do Not Migrate
TIBCO ActiveMatrix BusinessWorks™ Plug-in for NetSuite,Integration,1.3.0,https://docs.tibco.com/products/tibco-activematrix-businessworks-plug-in-for-netsuite-1-3-0,FALSE,FALSE,Migrate
TIBCO ActiveMatrix BusinessWorks™ Plug-in for NetSuite,Integration,1.2.0,https://docs.tibco.com/products/tibco-activematrix-businessworks-plug-in-for-netsuite-1-2-0,FALSE,FALSE,Migrate
TIBCO ActiveMatrix BusinessWorks™ Plug-in for NetSuite,Integration,1.1.0,https://docs.tibco.com/products/tibco-activematrix-businessworks-plug-in-for-netsuite-1-1-0,TRUE,FALSE,Migrate
TIBCO ActiveMatrix BusinessWorks™ Plug-in for NetSuite,Integration,1.0.0,https://docs.tibco.com/products/tibco-activematrix-businessworks-plug-in-for-netsuite-1-0-0,TRUE,FALSE,Migrate
TIBCO ActiveMatrix BusinessWorks™ Plug-in for OData,Integration,6.8.0,https://docs.tibco.com/products/tibco-activematrix-businessworks-plug-in-for-odata-6-8-0,FALSE,FALSE,Migrate
TIBCO ActiveMatrix BusinessWorks™ Plug-in for OData,Integration,6.7.0,https://docs.tibco.com/products/tibco-activematrix-businessworks-plug-in-for-odata-6-7-0,FALSE,FALSE,Migrate
TIBCO ActiveMatrix BusinessWorks™ Plug-in for OData,Integration,6.6.0,https://docs.tibco.com/products/tibco-activematrix-businessworks-plug-in-for-odata-6-6-0,FALSE,FALSE,Migrate
TIBCO ActiveMatrix BusinessWorks™ Plug-in for OData,Integration,6.5.0,https://docs.tibco.com/products/tibco-activematrix-businessworks-plug-in-for-odata-6-5-0,FALSE,FALSE,Migrate
TIBCO ActiveMatrix BusinessWorks™ Plug-in for OData,Integration,6.4.0,https://docs.tibco.com/products/tibco-activematrix-businessworks-plug-in-for-odata-6-4-0,FALSE,TRUE,Do Not Migrate
TIBCO ActiveMatrix BusinessWorks™ Plug-in for OData,Integration,6.3.1,https://docs.tibco.com/products/tibco-activematrix-businessworks-plug-in-for-odata-6-3-1,TRUE,TRUE,Do Not Migrate
TIBCO ActiveMatrix BusinessWorks™ Plug-in for OData,Integration,6.3.0,https://docs.tibco.com/products/tibco-activematrix-businessworks-plug-in-for-odata-6-3-0,TRUE,FALSE,Migrate
TIBCO ActiveMatrix BusinessWorks™ Plug-in for OData,Integration,6.2.2,https://docs.tibco.com/products/tibco-activematrix-businessworks-plug-in-for-odata-6-2-2,TRUE,TRUE,Do Not Migrate
TIBCO ActiveMatrix BusinessWorks™ Plug-in for OData,Integration,6.2.1,https://docs.tibco.com/products/tibco-activematrix-businessworks-plug-in-for-odata-6-2-1,TRUE,TRUE,Do Not Migrate
TIBCO ActiveMatrix BusinessWorks™ Plug-in for OData,Integration,6.2.0,https://docs.tibco.com/products/tibco-activematrix-businessworks-plug-in-for-odata-6-2-0,TRUE,TRUE,Do Not Migrate
TIBCO ActiveMatrix BusinessWorks™ Plug-in for OData,Integration,6.1.0,https://docs.tibco.com/products/tibco-activematrix-businessworks-plug-in-for-odata-6-1-0,TRUE,TRUE,Do Not Migrate
TIBCO ActiveMatrix BusinessWorks™ Plug-in for OData,Integration,6.0.1,https://docs.tibco.com/products/tibco-activematrix-businessworks-plug-in-for-odata-6-0-1,TRUE,TRUE,Do Not Migrate
TIBCO ActiveMatrix BusinessWorks™ Plug-in for OData,Integration,6.0.0,https://docs.tibco.com/products/tibco-activematrix-businessworks-plug-in-for-odata-6-0-0,TRUE,TRUE,Do Not Migrate
TIBCO ActiveMatrix BusinessWorks™ Plug-in for OData Services for SAP S/4HANA,Integration,6.4.0,https://docs.tibco.com/products/tibco-activematrix-businessworks-plug-in-for-odata-services-for-sap-s-4hana-6-4-0,FALSE,FALSE,Migrate
TIBCO ActiveMatrix BusinessWorks™ Plug-in for OData Services for SAP S/4HANA,Integration,6.3.0,https://docs.tibco.com/products/tibco-activematrix-businessworks-plug-in-for-odata-services-for-sap-s-4hana-6-3-0,FALSE,FALSE,Migrate
TIBCO ActiveMatrix BusinessWorks™ Plug-in for OData Services for SAP S/4HANA,Integration,6.2.1,https://docs.tibco.com/products/tibco-activematrix-businessworks-plug-in-for-odata-services-for-sap-s-4hana-6-2-1,FALSE,TRUE,Do Not Migrate
TIBCO ActiveMatrix BusinessWorks™ Plug-in for OData Services for SAP S/4HANA,Integration,6.2.0,https://docs.tibco.com/products/tibco-activematrix-businessworks-plug-in-for-odata-services-for-sap-s-4hana-6-2-0,TRUE,TRUE,Do Not Migrate
TIBCO ActiveMatrix BusinessWorks™ Plug-in for OData Services for SAP S/4HANA,Integration,6.1.0,https://docs.tibco.com/products/tibco-activematrix-businessworks-plug-in-for-sap-s-4hana-cloud-6-1-0,TRUE,TRUE,Do Not Migrate
TIBCO ActiveMatrix BusinessWorks™ Plug-in for OData Services for SAP S/4HANA,Integration,6.0.0,https://docs.tibco.com/products/tibco-activematrix-businessworks-plug-in-for-sap-s-4hana-cloud-6-0-0,TRUE,TRUE,Do Not Migrate
TIBCO ActiveMatrix BusinessWorks™ Plug-in for OpenSpirit®,Unassigned,2.0.0,https://docs.tibco.com/products/tibco-activematrix-businessworks-plug-in-for-openspirit-2-0-0,TRUE,TRUE,Do Not Migrate
TIBCO ActiveMatrix BusinessWorks™ Plug-in for OpenSpirit®,Unassigned,1.5.0,https://docs.tibco.com/products/tibco-activematrix-businessworks-plug-in-for-openspirit-1-5-0,TRUE,TRUE,Do Not Migrate
TIBCO ActiveMatrix BusinessWorks™ Plug-in for OpenSpirit®,Unassigned,1.4.0,https://docs.tibco.com/products/tibco-activematrix-businessworks-plug-in-for-openspirit-1-4-0,TRUE,TRUE,Do Not Migrate
TIBCO ActiveMatrix BusinessWorks™ Plug-in for OpenSpirit®,Unassigned,1.3.0,https://docs.tibco.com/products/tibco-activematrix-businessworks-plug-in-for-openspirit-1-3-0,TRUE,TRUE,Do Not Migrate
TIBCO ActiveMatrix BusinessWorks™ Plug-in for OpenSpirit®,Unassigned,1.2.0,https://docs.tibco.com/products/tibco-activematrix-businessworks-plug-in-for-openspirit-1-2-0,TRUE,TRUE,Do Not Migrate
TIBCO ActiveMatrix BusinessWorks™ Plug-in for OpenSpirit®,Unassigned,1.1.0,https://docs.tibco.com/products/tibco-activematrix-businessworks-plug-in-for-openspirit-1-1-0,TRUE,TRUE,Do Not Migrate
TIBCO ActiveMatrix BusinessWorks™ Plug-in for OpenSpirit®,Unassigned,1.0.0,https://docs.tibco.com/products/tibco-activematrix-businessworks-plug-in-for-openspirit-1-0-0,TRUE,TRUE,Do Not Migrate
TIBCO ActiveMatrix BusinessWorks™ Plug-in for Oracle E-Business Suite,Integration,6.1.2,https://docs.tibco.com/products/tibco-activematrix-businessworks-plug-in-for-oracle-e-business-suite-6-1-2,FALSE,FALSE,Migrate
TIBCO ActiveMatrix BusinessWorks™ Plug-in for Oracle E-Business Suite,Integration,6.1.1,https://docs.tibco.com/products/tibco-activematrix-businessworks-plug-in-for-oracle-e-business-suite-6-1-1,FALSE,TRUE,Do Not Migrate
TIBCO ActiveMatrix BusinessWorks™ Plug-in for Oracle E-Business Suite,Integration,6.1.0,https://docs.tibco.com/products/tibco-activematrix-businessworks-plug-in-for-oracle-e-business-suite-6-1-0,FALSE,TRUE,Do Not Migrate
TIBCO ActiveMatrix BusinessWorks™ Plug-in for Oracle E-Business Suite,Integration,6.0.0,https://docs.tibco.com/products/tibco-activematrix-businessworks-plug-in-for-oracle-e-business-suite-6-0-0,FALSE,TRUE,Do Not Migrate
TIBCO ActiveMatrix BusinessWorks™ Plug-in for Oracle E-Business Suite,Integration,1.3.0,https://docs.tibco.com/products/tibco-activematrix-businessworks-plug-in-for-oracle-e-business-suite-1-3-0,FALSE,FALSE,Migrate
TIBCO ActiveMatrix BusinessWorks™ Plug-in for Oracle E-Business Suite,Integration,1.2.0,https://docs.tibco.com/products/tibco-activematrix-businessworks-plug-in-for-oracle-e-business-suite-1-2-0,TRUE,TRUE,Do Not Migrate
TIBCO ActiveMatrix BusinessWorks™ Plug-in for Oracle E-Business Suite,Integration,1.1.0,https://docs.tibco.com/products/tibco-activematrix-businessworks-plug-in-for-oracle-e-business-suite-1-1-0,TRUE,TRUE,Do Not Migrate
TIBCO ActiveMatrix BusinessWorks™ Plug-in for Oracle E-Business Suite,Integration,1.0.0,https://docs.tibco.com/products/tibco-activematrix-businessworks-plug-in-for-oracle-e-business-suite-1-0-0,TRUE,TRUE,Do Not Migrate
TIBCO ActiveMatrix BusinessWorks™ Plug-in for Oracle Fusion Cloud Applications Suite,Integration,6.0.0,https://docs.tibco.com/products/tibco-activematrix-businessworks-plug-in-for-oracle-fusion-cloud-applications-suite-6-0-0,FALSE,FALSE,Migrate
TIBCO ActiveMatrix BusinessWorks™ Plug-in for Oracle Tuxedo,Integration,8.3.0,https://docs.tibco.com/products/tibco-activematrix-businessworks-plug-in-for-oracle-tuxedo-8-3-0,FALSE,FALSE,Migrate
TIBCO ActiveMatrix BusinessWorks™ Plug-in for Oracle Tuxedo,Integration,8.2.0,https://docs.tibco.com/products/tibco-activematrix-businessworks-plug-in-for-oracle-tuxedo-8-2-0,FALSE,FALSE,Migrate
TIBCO ActiveMatrix BusinessWorks™ Plug-in for Oracle Tuxedo,Integration,8.1.0,https://docs.tibco.com/products/tibco-activematrix-businessworks-plug-in-for-oracle-tuxedo-8-1-0,FALSE,TRUE,Do Not Migrate
TIBCO ActiveMatrix BusinessWorks™ Plug-in for Oracle Tuxedo,Integration,8.0.1,https://docs.tibco.com/products/tibco-activematrix-businessworks-plug-in-for-oracle-tuxedo-8-0-1,TRUE,TRUE,Do Not Migrate
TIBCO ActiveMatrix BusinessWorks™ Plug-in for Oracle Tuxedo,Integration,8.0.0,https://docs.tibco.com/products/tibco-activematrix-businessworks-plug-in-for-oracle-tuxedo-8-0-0,TRUE,TRUE,Do Not Migrate
TIBCO ActiveMatrix BusinessWorks™ Plug-in for Oracle Tuxedo,Integration,7.0.2,https://docs.tibco.com/products/tibco-activematrix-businessworks-plug-in-for-oracle-tuxedo-7-0-2,TRUE,TRUE,Do Not Migrate
TIBCO ActiveMatrix BusinessWorks™ Plug-in for Oracle Tuxedo,Integration,7.0.1,https://docs.tibco.com/products/tibco-activematrix-businessworks-plug-in-for-oracle-tuxedo-7-0-1,TRUE,TRUE,Do Not Migrate
TIBCO ActiveMatrix BusinessWorks™ Plug-in for Oracle Tuxedo,Integration,7.0.0,https://docs.tibco.com/products/tibco-activematrix-businessworks-plug-in-for-oracle-tuxedo-7-0-0,TRUE,TRUE,Do Not Migrate
TIBCO ActiveMatrix BusinessWorks™ Plug-in for Oracle Tuxedo,Integration,6.1.2,https://docs.tibco.com/products/tibco-activematrix-adapter-for-tuxedo-6-1-2,FALSE,FALSE,Migrate
TIBCO ActiveMatrix BusinessWorks™ Plug-in for Oracle Tuxedo,Integration,6.1.1,https://docs.tibco.com/products/tibco-activematrix-adapter-for-tuxedo-6-1-1,FALSE,FALSE,Migrate
TIBCO ActiveMatrix BusinessWorks™ Plug-in for Oracle Tuxedo,Integration,6.1.0,https://docs.tibco.com/products/tibco-activematrix-adapter-for-tuxedo-6-1-0,FALSE,TRUE,Do Not Migrate
TIBCO ActiveMatrix BusinessWorks™ Plug-in for Oracle Tuxedo,Integration,6.0.0,https://docs.tibco.com/products/tibco-activematrix-adapter-for-tuxedo-6-0-0,FALSE,TRUE,Do Not Migrate
TIBCO ActiveMatrix BusinessWorks™ Plug-in for OSB,Unassigned,6.0.0,https://docs.tibco.com/products/tibco-activematrix-businessworks-plug-in-for-osb-6-0-0,FALSE,FALSE,Migrate
TIBCO ActiveMatrix BusinessWorks™ Plug-in for OSB,Unassigned,5.0.0,https://docs.tibco.com/products/tibco-activematrix-businessworks-plug-in-for-osb-5-0-0,FALSE,FALSE,Migrate
TIBCO ActiveMatrix BusinessWorks™ Plug-in for OSIsoft PI System,Integration,6.5.0,https://docs.tibco.com/products/tibco-activematrix-businessworks-plug-in-for-osisoft-pi-system-6-5-0,FALSE,FALSE,Migrate
TIBCO ActiveMatrix BusinessWorks™ Plug-in for OSIsoft PI System,Integration,6.4.0,https://docs.tibco.com/products/tibco-activematrix-businessworks-plug-in-for-osisoft-pi-system-6-4-0,FALSE,TRUE,Do Not Migrate
TIBCO ActiveMatrix BusinessWorks™ Plug-in for OSIsoft PI System,Integration,6.3.0,https://docs.tibco.com/products/tibco-activematrix-businessworks-plug-in-for-osisoft-pi-system-6-3-0,TRUE,TRUE,Do Not Migrate
TIBCO ActiveMatrix BusinessWorks™ Plug-in for OSIsoft PI System,Integration,6.2.0,https://docs.tibco.com/products/tibco-activematrix-businessworks-plug-in-for-osisoft-pi-system-6-2-0,TRUE,TRUE,Do Not Migrate
TIBCO ActiveMatrix BusinessWorks™ Plug-in for OSIsoft PI System,Integration,6.1.0,https://docs.tibco.com/products/tibco-activematrix-businessworks-plug-in-for-osisoft-pi-system-6-1-0,TRUE,TRUE,Do Not Migrate
TIBCO ActiveMatrix BusinessWorks™ Plug-in for OSIsoft PI System,Integration,6.0.0,https://docs.tibco.com/products/tibco-activematrix-businessworks-plug-in-for-osisoft-pi-system-6-0-0,TRUE,TRUE,Do Not Migrate
TIBCO ActiveMatrix BusinessWorks™ Plug-in for OSIsoft PI System,Integration,1.1.0,https://docs.tibco.com/products/tibco-activematrix-adapter-for-osisoft-pi-1-1-0,FALSE,FALSE,Migrate
TIBCO ActiveMatrix BusinessWorks™ Plug-in for OSIsoft PI System,Integration,1.0.0,https://docs.tibco.com/products/tibco-activematrix-adapter-for-osisoft-pi-1-0-0,FALSE,TRUE,Do Not Migrate
TIBCO ActiveMatrix BusinessWorks™ Plug-in for PDF,Integration,6.2.3,https://docs.tibco.com/products/tibco-activematrix-businessworks-plug-in-for-pdf-6-2-3,FALSE,FALSE,Migrate
TIBCO ActiveMatrix BusinessWorks™ Plug-in for PDF,Integration,6.2.2,https://docs.tibco.com/products/tibco-activematrix-businessworks-plug-in-for-pdf-6-2-2,FALSE,FALSE,Migrate
TIBCO ActiveMatrix BusinessWorks™ Plug-in for PDF,Integration,6.2.1,https://docs.tibco.com/products/tibco-activematrix-businessworks-plug-in-for-pdf-6-2-1,TRUE,TRUE,Do Not Migrate
TIBCO ActiveMatrix BusinessWorks™ Plug-in for PDF,Integration,6.2.0,https://docs.tibco.com/products/tibco-activematrix-businessworks-plug-in-for-pdf-6-2-0,TRUE,TRUE,Do Not Migrate
TIBCO ActiveMatrix BusinessWorks™ Plug-in for PDF,Integration,6.1.0,https://docs.tibco.com/products/tibco-activematrix-businessworks-plug-in-for-pdf-6-1-0,TRUE,TRUE,Do Not Migrate
TIBCO ActiveMatrix BusinessWorks™ Plug-in for PDF,Integration,6.0.0,https://docs.tibco.com/products/tibco-activematrix-businessworks-plug-in-for-pdf-6-0-0,TRUE,TRUE,Do Not Migrate
TIBCO ActiveMatrix BusinessWorks™ Plug-in for PDF,Integration,1.0.0,https://docs.tibco.com/products/tibco-activematrix-businessworks-plug-in-for-pdf-1-0-0,TRUE,FALSE,Do Not Migrate
TIBCO ActiveMatrix BusinessWorks™ Plug-in for PeopleSoft,Integration,7.4.0,https://docs.tibco.com/products/tibco-activematrix-businessworks-plug-in-for-peoplesoft-7-4-0,FALSE,FALSE,Migrate
TIBCO ActiveMatrix BusinessWorks™ Plug-in for PeopleSoft,Integration,7.3.0,https://docs.tibco.com/products/tibco-activematrix-businessworks-plug-in-for-peoplesoft-7-3-0,FALSE,FALSE,Migrate
TIBCO ActiveMatrix BusinessWorks™ Plug-in for PeopleSoft,Integration,7.2.0,https://docs.tibco.com/products/tibco-activematrix-businessworks-plug-in-for-peoplesoft-7-2-0,FALSE,FALSE,Migrate
TIBCO ActiveMatrix BusinessWorks™ Plug-in for PeopleSoft,Integration,7.1.0,https://docs.tibco.com/products/tibco-activematrix-businessworks-plug-in-for-peoplesoft-7-1-0,TRUE,TRUE,Do Not Migrate
TIBCO ActiveMatrix BusinessWorks™ Plug-in for PeopleSoft,Integration,7.0.1,https://docs.tibco.com/products/tibco-activematrix-businessworks-plug-in-for-peoplesoft-7-0-1,TRUE,TRUE,Do Not Migrate
TIBCO ActiveMatrix BusinessWorks™ Plug-in for PeopleSoft,Integration,7.0.0,https://docs.tibco.com/products/tibco-activematrix-businessworks-plug-in-for-peoplesoft-7-0-0,TRUE,TRUE,Do Not Migrate
TIBCO ActiveMatrix BusinessWorks™ Plug-in for PeopleSoft,Integration,6.1.0,https://docs.tibco.com/products/tibco-activematrix-adapter-for-peoplesoft-6-1-0,FALSE,FALSE,Migrate
TIBCO ActiveMatrix BusinessWorks™ Plug-in for PeopleSoft,Integration,6.0.0,https://docs.tibco.com/products/tibco-activematrix-adapter-for-peoplesoft-6-0-0,TRUE,TRUE,Do Not Migrate
TIBCO ActiveMatrix BusinessWorks™ Plug-in for Redis,Integration,6.1.0,https://docs.tibco.com/products/tibco-activematrix-businessworks-plug-in-for-redis-6-1-0,FALSE,FALSE,Migrate
TIBCO ActiveMatrix BusinessWorks™ Plug-in for Redis,Integration,6.0.0,https://docs.tibco.com/products/tibco-activematrix-businessworks-plug-in-for-redis-6-0-0,FALSE,FALSE,Migrate
TIBCO ActiveMatrix BusinessWorks™ Plug-in for REST and JSON,Integration,2.1.0,https://docs.tibco.com/products/tibco-activematrix-businessworks-plug-in-for-rest-and-json-2-1-0,FALSE,FALSE,Migrate
TIBCO ActiveMatrix BusinessWorks™ Plug-in for REST and JSON,Integration,2.0.1,https://docs.tibco.com/products/tibco-activematrix-businessworks-plug-in-for-rest-and-json-2-0-1,FALSE,TRUE,Do Not Migrate
TIBCO ActiveMatrix BusinessWorks™ Plug-in for REST and JSON,Integration,2.0.0,https://docs.tibco.com/products/tibco-activematrix-businessworks-plug-in-for-rest-and-json-2-0-0,FALSE,TRUE,Do Not Migrate
TIBCO ActiveMatrix BusinessWorks™ Plug-in for REST and JSON,Integration,1.1.1,https://docs.tibco.com/products/tibco-activematrix-businessworks-plug-in-for-rest-and-json-1-1-1,FALSE,TRUE,Do Not Migrate
TIBCO ActiveMatrix BusinessWorks™ Plug-in for REST and JSON,Integration,1.1.0,https://docs.tibco.com/products/tibco-activematrix-businessworks-plug-in-for-rest-and-json-1-1-0,FALSE,TRUE,Do Not Migrate
TIBCO ActiveMatrix BusinessWorks™ Plug-in for REST and JSON,Integration,1.0.0,https://docs.tibco.com/products/tibco-activematrix-businessworks-plug-in-for-rest-and-json-1-0-0,TRUE,TRUE,Do Not Migrate
TIBCO ActiveMatrix BusinessWorks™ Plug-in for Salesforce.com,Integration,6.11.0,https://docs.tibco.com/products/tibco-activematrix-businessworks-plug-in-for-salesforce-com-6-11-0,FALSE,FALSE,Migrate
TIBCO ActiveMatrix BusinessWorks™ Plug-in for Salesforce.com,Integration,6.10.0,https://docs.tibco.com/products/tibco-activematrix-businessworks-plug-in-for-salesforce-com-6-10-0,FALSE,FALSE,Migrate
TIBCO ActiveMatrix BusinessWorks™ Plug-in for Salesforce.com,Integration,6.9.3,https://docs.tibco.com/products/tibco-activematrix-businessworks-plug-in-for-salesforce-com-6-9-3,FALSE,FALSE,Migrate
TIBCO ActiveMatrix BusinessWorks™ Plug-in for Salesforce.com,Integration,6.9.2,https://docs.tibco.com/products/tibco-activematrix-businessworks-plug-in-for-salesforce-com-6-9-2,FALSE,TRUE,Do Not Migrate
TIBCO ActiveMatrix BusinessWorks™ Plug-in for Salesforce.com,Integration,6.9.1,https://docs.tibco.com/products/tibco-activematrix-businessworks-plug-in-for-salesforce-com-6-9-1,FALSE,TRUE,Do Not Migrate
TIBCO ActiveMatrix BusinessWorks™ Plug-in for Salesforce.com,Integration,6.9.0,https://docs.tibco.com/products/tibco-activematrix-businessworks-plug-in-for-salesforce-com-6-9-0,FALSE,TRUE,Do Not Migrate
TIBCO ActiveMatrix BusinessWorks™ Plug-in for Salesforce.com,Integration,6.8.0,https://docs.tibco.com/products/tibco-activematrix-businessworks-plug-in-for-salesforce-com-6-8-0,TRUE,TRUE,Do Not Migrate
TIBCO ActiveMatrix BusinessWorks™ Plug-in for Salesforce.com,Integration,6.7.0,https://docs.tibco.com/products/tibco-activematrix-businessworks-plug-in-for-salesforce-com-6-7-0,TRUE,TRUE,Do Not Migrate
TIBCO ActiveMatrix BusinessWorks™ Plug-in for Salesforce.com,Integration,6.6.0,https://docs.tibco.com/products/tibco-activematrix-businessworks-plug-in-for-salesforce-com-6-6-0,TRUE,TRUE,Do Not Migrate
TIBCO ActiveMatrix BusinessWorks™ Plug-in for Salesforce.com,Integration,6.5.2,https://docs.tibco.com/products/tibco-activematrix-businessworks-plug-in-for-salesforce-com-6-5-2,TRUE,TRUE,Do Not Migrate
TIBCO ActiveMatrix BusinessWorks™ Plug-in for Salesforce.com,Integration,6.5.1,https://docs.tibco.com/products/tibco-activematrix-businessworks-plug-in-for-salesforce-com-6-5-1,TRUE,TRUE,Do Not Migrate
TIBCO ActiveMatrix BusinessWorks™ Plug-in for Salesforce.com,Integration,6.5.0,https://docs.tibco.com/products/tibco-activematrix-businessworks-plug-in-for-salesforce-com-6-5-0,TRUE,TRUE,Do Not Migrate
TIBCO ActiveMatrix BusinessWorks™ Plug-in for Salesforce.com,Integration,6.4.0,https://docs.tibco.com/products/tibco-activematrix-businessworks-plug-in-for-salesforce-com-6-4-0,TRUE,TRUE,Do Not Migrate
TIBCO ActiveMatrix BusinessWorks™ Plug-in for Salesforce.com,Integration,6.3.0,https://docs.tibco.com/products/tibco-activematrix-businessworks-plug-in-for-salesforce-com-6-3-0,TRUE,TRUE,Do Not Migrate
TIBCO ActiveMatrix BusinessWorks™ Plug-in for Salesforce.com,Integration,6.2.1,https://docs.tibco.com/products/tibco-activematrix-businessworks-plug-in-for-salesforce-com-6-2-1,TRUE,TRUE,Do Not Migrate
TIBCO ActiveMatrix BusinessWorks™ Plug-in for Salesforce.com,Integration,6.2.0,https://docs.tibco.com/products/tibco-activematrix-businessworks-plug-in-for-salesforce-com-6-2-0,TRUE,TRUE,Do Not Migrate
TIBCO ActiveMatrix BusinessWorks™ Plug-in for Salesforce.com,Integration,6.1.1,https://docs.tibco.com/products/tibco-activematrix-businessworks-plug-in-for-salesforce-com-6-1-1,TRUE,TRUE,Do Not Migrate
TIBCO ActiveMatrix BusinessWorks™ Plug-in for Salesforce.com,Integration,6.1.0,https://docs.tibco.com/products/tibco-activematrix-businessworks-plug-in-for-salesforce-com-6-1-0,TRUE,TRUE,Do Not Migrate
TIBCO ActiveMatrix BusinessWorks™ Plug-in for Salesforce.com,Integration,6.0.1,https://docs.tibco.com/products/tibco-activematrix-businessworks-plug-in-for-salesforce-com-6-0-1,TRUE,TRUE,Do Not Migrate
TIBCO ActiveMatrix BusinessWorks™ Plug-in for Salesforce.com,Integration,6.0.0,https://docs.tibco.com/products/tibco-activematrix-businessworks-plug-in-for-salesforce-com-6-0-0,TRUE,TRUE,Do Not Migrate
TIBCO ActiveMatrix BusinessWorks™ Plug-in for Salesforce.com,Integration,2.6.0,https://docs.tibco.com/products/tibco-activematrix-businessworks-plug-in-for-salesforce-com-2-6-0,TRUE,FALSE,Migrate
TIBCO ActiveMatrix BusinessWorks™ Plug-in for Salesforce.com,Integration,2.5.0,https://docs.tibco.com/products/tibco-activematrix-businessworks-plug-in-for-salesforce-com-2-5-0,TRUE,FALSE,Migrate
TIBCO ActiveMatrix BusinessWorks™ Plug-in for Salesforce.com,Integration,2.4.1,https://docs.tibco.com/products/tibco-activematrix-businessworks-plug-in-for-salesforce-com-2-4-1,TRUE,TRUE,Do Not Migrate
TIBCO ActiveMatrix BusinessWorks™ Plug-in for Salesforce.com,Integration,2.4.0,https://docs.tibco.com/products/tibco-businessworks-salesforce-com-plug-in-2-4-0,TRUE,TRUE,Do Not Migrate
TIBCO ActiveMatrix BusinessWorks™ Plug-in for Salesforce.com,Integration,2.3.0,https://docs.tibco.com/products/tibco-businessworks-salesforce-com-plug-in-2-3-0,TRUE,TRUE,Do Not Migrate
TIBCO ActiveMatrix BusinessWorks™ Plug-in for SAP Ariba,Integration,6.0.0,https://docs.tibco.com/products/tibco-activematrix-businessworks-plug-in-for-sap-ariba-6-0-0,FALSE,FALSE,Migrate
TIBCO ActiveMatrix BusinessWorks™ Plug-in for SAP Business Technology Platform,Integration,6.0.0,https://docs.tibco.com/products/tibco-activematrix-businessworks-plug-in-for-sap-business-technology-platform-6-0-0,FALSE,FALSE,Migrate
TIBCO ActiveMatrix BusinessWorks™ Plug-in for SAP HANA Database,Integration,6.1.0,https://docs.tibco.com/products/tibco-activematrix-businessworks-plug-in-for-sap-hana-database-6-1-0,FALSE,FALSE,Migrate
TIBCO ActiveMatrix BusinessWorks™ Plug-in for SAP HANA Database,Integration,6.0.0,https://docs.tibco.com/products/tibco-activematrix-businessworks-plug-in-for-sap-hana-database-6-0-0,TRUE,FALSE,Do Not Migrate
TIBCO ActiveMatrix BusinessWorks™ Plug-in for SAP Solutions,Integration,8.8.0,https://docs.tibco.com/products/tibco-activematrix-businessworks-plug-in-for-sap-solutions-8-8-0,FALSE,FALSE,Migrate
TIBCO ActiveMatrix BusinessWorks™ Plug-in for SAP Solutions,Integration,8.7.0,https://docs.tibco.com/products/tibco-activematrix-businessworks-plug-in-for-sap-solutions-8-7-0,FALSE,FALSE,Migrate
TIBCO ActiveMatrix BusinessWorks™ Plug-in for SAP Solutions,Integration,8.6.0,https://docs.tibco.com/products/tibco-activematrix-businessworks-plug-in-for-sap-solutions-8-6-0,FALSE,FALSE,Migrate
TIBCO ActiveMatrix BusinessWorks™ Plug-in for SAP Solutions,Integration,8.5.0,https://docs.tibco.com/products/tibco-activematrix-businessworks-plug-in-for-sap-solutions-8-5-0,TRUE,TRUE,Do Not Migrate
TIBCO ActiveMatrix BusinessWorks™ Plug-in for SAP Solutions,Integration,8.4.0,https://docs.tibco.com/products/tibco-activematrix-businessworks-plug-in-for-sap-solutions-8-4-0,TRUE,TRUE,Do Not Migrate
TIBCO ActiveMatrix BusinessWorks™ Plug-in for SAP Solutions,Integration,8.3.0,https://docs.tibco.com/products/tibco-activematrix-businessworks-plug-in-for-sap-solutions-8-3-0,TRUE,TRUE,Do Not Migrate
TIBCO ActiveMatrix BusinessWorks™ Plug-in for SAP Solutions,Integration,8.2.2,https://docs.tibco.com/products/tibco-activematrix-businessworks-plug-in-for-sap-solutions-8-2-2,TRUE,TRUE,Do Not Migrate
TIBCO ActiveMatrix BusinessWorks™ Plug-in for SAP Solutions,Integration,8.2.1,https://docs.tibco.com/products/tibco-activematrix-businessworks-plug-in-for-sap-solutions-8-2-1,TRUE,TRUE,Do Not Migrate
TIBCO ActiveMatrix BusinessWorks™ Plug-in for SAP Solutions,Integration,8.2.0,https://docs.tibco.com/products/tibco-activematrix-businessworks-plug-in-for-sap-solutions-8-2-0,TRUE,TRUE,Do Not Migrate
TIBCO ActiveMatrix BusinessWorks™ Plug-in for SAP Solutions,Integration,8.1.1,https://docs.tibco.com/products/tibco-activematrix-businessworks-plug-in-for-sap-solutions-8-1-1,TRUE,TRUE,Do Not Migrate
TIBCO ActiveMatrix BusinessWorks™ Plug-in for SAP Solutions,Integration,8.1.0,https://docs.tibco.com/products/tibco-activematrix-businessworks-plug-in-for-sap-8-1-0,TRUE,TRUE,Do Not Migrate
TIBCO ActiveMatrix BusinessWorks™ Plug-in for SAP Solutions,Integration,8.0.0,https://docs.tibco.com/products/tibco-activematrix-businessworks-plug-in-for-sap-8-0-0,TRUE,TRUE,Do Not Migrate
TIBCO ActiveMatrix BusinessWorks™ Plug-in for SAP Solutions,Integration,7.3.2,https://docs.tibco.com/products/tibco-activematrix-adapter-for-sap-7-3-2,FALSE,FALSE,Migrate
TIBCO ActiveMatrix BusinessWorks™ Plug-in for SAP Solutions,Integration,7.3.1,https://docs.tibco.com/products/tibco-activematrix-adapter-for-sap-7-3-1,FALSE,FALSE,Migrate
TIBCO ActiveMatrix BusinessWorks™ Plug-in for SAP Solutions,Integration,7.3.0,https://docs.tibco.com/products/tibco-activematrix-adapter-for-sap-7-3-0,FALSE,TRUE,Do Not Migrate
TIBCO ActiveMatrix BusinessWorks™ Plug-in for SAP Solutions,Integration,7.2.1,https://docs.tibco.com/products/tibco-activematrix-adapter-for-sap-7-2-1,FALSE,TRUE,Do Not Migrate
TIBCO ActiveMatrix BusinessWorks™ Plug-in for SAP Solutions,Integration,7.2.0,https://docs.tibco.com/products/tibco-activematrix-adapter-for-sap-7-2-0,FALSE,TRUE,Do Not Migrate
TIBCO ActiveMatrix BusinessWorks™ Plug-in for SAP Solutions,Integration,7.1.0,https://docs.tibco.com/products/tibco-activematrix-adapter-for-sap-7-1-0,TRUE,TRUE,Do Not Migrate
TIBCO ActiveMatrix BusinessWorks™ Plug-in for SAP Solutions,Integration,7.0.0,https://docs.tibco.com/products/tibco-activematrix-adapter-for-sap-7-0-0,TRUE,TRUE,Do Not Migrate
TIBCO ActiveMatrix BusinessWorks™ Plug-in for SAP Solutions,Integration,6.2.1,https://docs.tibco.com/products/tibco-activematrix-adapter-for-sap-6-2-1,TRUE,TRUE,Do Not Migrate
TIBCO ActiveMatrix BusinessWorks™ Plug-in for SAP Solutions,Integration,6.2.0,https://docs.tibco.com/products/tibco-activematrix-adapter-for-sap-6-2-0,TRUE,TRUE,Do Not Migrate
TIBCO ActiveMatrix BusinessWorks™ Plug-in for SAP Solutions,Integration,6.1.0,https://docs.tibco.com/products/tibco-activematrix-adapter-for-sap-6-1-0,TRUE,TRUE,Do Not Migrate
TIBCO ActiveMatrix BusinessWorks™ Plug-in for SAP Solutions,Integration,6.0.0,https://docs.tibco.com/products/tibco-activematrix-adapter-for-sap-6-0-0,TRUE,TRUE,Do Not Migrate
TIBCO ActiveMatrix BusinessWorks™ Plug-in for SAP SuccessFactors,Integration,6.1.0,https://docs.tibco.com/products/tibco-activematrix-businessworks-plug-in-for-sap-successfactors-6-1-0,FALSE,FALSE,Migrate
TIBCO ActiveMatrix BusinessWorks™ Plug-in for SAP SuccessFactors,Integration,6.0.0,https://docs.tibco.com/products/tibco-activematrix-businessworks-plug-in-for-sap-successfactors-6-0-0,FALSE,TRUE,Do Not Migrate
TIBCO ActiveMatrix BusinessWorks™ Plug-in for ServiceNow,Integration,6.1.0,https://docs.tibco.com/products/tibco-activematrix-businessworks-plug-in-for-servicenow-6-1-0,FALSE,FALSE,Migrate
TIBCO ActiveMatrix BusinessWorks™ Plug-in for ServiceNow,Integration,6.0.0,https://docs.tibco.com/products/tibco-activematrix-businessworks-plug-in-for-servicenow-6-0-0,FALSE,TRUE,Do Not Migrate
TIBCO ActiveMatrix BusinessWorks™ Plug-in for sFTP,Integration,6.2.0,https://docs.tibco.com/products/tibco-activematrix-businessworks-plug-in-for-sftp-6-2-0,FALSE,FALSE,Migrate
TIBCO ActiveMatrix BusinessWorks™ Plug-in for sFTP,Integration,6.1.4,https://docs.tibco.com/products/tibco-activematrix-businessworks-plug-in-for-sftp-6-1-4,FALSE,FALSE,Migrate
TIBCO ActiveMatrix BusinessWorks™ Plug-in for sFTP,Integration,6.1.3,https://docs.tibco.com/products/tibco-activematrix-businessworks-plug-in-for-sftp-6-1-3,TRUE,TRUE,Do Not Migrate
TIBCO ActiveMatrix BusinessWorks™ Plug-in for sFTP,Integration,6.1.2,https://docs.tibco.com/products/tibco-activematrix-businessworks-plug-in-for-sftp-6-1-2,TRUE,TRUE,Do Not Migrate
TIBCO ActiveMatrix BusinessWorks™ Plug-in for sFTP,Integration,6.1.1,https://docs.tibco.com/products/tibco-activematrix-businessworks-plug-in-for-sftp-6-1-1,TRUE,TRUE,Do Not Migrate
TIBCO ActiveMatrix BusinessWorks™ Plug-in for sFTP,Integration,6.1.0,https://docs.tibco.com/products/tibco-activematrix-businessworks-plug-in-for-sftp-6-1-0,TRUE,TRUE,Do Not Migrate
TIBCO ActiveMatrix BusinessWorks™ Plug-in for sFTP,Integration,6.0.0,https://docs.tibco.com/products/tibco-activematrix-businessworks-plug-in-for-sftp-6-0-0,TRUE,TRUE,Do Not Migrate
TIBCO ActiveMatrix BusinessWorks™ Plug-in for sFTP,Integration,1.1.1,https://docs.tibco.com/products/tibco-activematrix-businessworks-plug-in-for-sftp-1-1-1,FALSE,FALSE,Migrate
TIBCO ActiveMatrix BusinessWorks™ Plug-in for sFTP,Integration,1.1.0,https://docs.tibco.com/products/tibco-activematrix-businessworks-plug-in-for-sftp-1-1-0,FALSE,FALSE,Migrate
TIBCO ActiveMatrix BusinessWorks™ Plug-in for sFTP,Integration,1.0.0,https://docs.tibco.com/products/tibco-activematrix-businessworks-plug-in-for-sftp-1-0-0,TRUE,TRUE,Do Not Migrate
TIBCO ActiveMatrix BusinessWorks™ Plug-in for Siebel,Integration,7.3.0,https://docs.tibco.com/products/tibco-activematrix-businessworks-plug-in-for-siebel-7-3-0,FALSE,FALSE,Migrate
TIBCO ActiveMatrix BusinessWorks™ Plug-in for Siebel,Integration,7.2.0,https://docs.tibco.com/products/tibco-activematrix-businessworks-plug-in-for-siebel-7-2-0,FALSE,TRUE,Do Not Migrate
TIBCO ActiveMatrix BusinessWorks™ Plug-in for Siebel,Integration,7.1.0,https://docs.tibco.com/products/tibco-activematrix-businessworks-plug-in-for-siebel-7-1-0,TRUE,TRUE,Do Not Migrate
TIBCO ActiveMatrix BusinessWorks™ Plug-in for Siebel,Integration,7.0.0,https://docs.tibco.com/products/tibco-activematrix-businessworks-plug-in-for-siebel-7-0-0,TRUE,TRUE,Do Not Migrate
TIBCO ActiveMatrix BusinessWorks™ Plug-in for Siebel,Integration,6.1.0,https://docs.tibco.com/products/tibco-activematrix-adapter-for-siebel-6-1-0,FALSE,FALSE,Migrate
TIBCO ActiveMatrix BusinessWorks™ Plug-in for Siebel,Integration,6.0.1,https://docs.tibco.com/products/tibco-activematrix-adapter-for-siebel-6-0-1,FALSE,TRUE,Do Not Migrate
TIBCO ActiveMatrix BusinessWorks™ Plug-in for Siebel,Integration,6.0.0,https://docs.tibco.com/products/tibco-activematrix-adapter-for-siebel-6-0-0,FALSE,TRUE,Do Not Migrate
TIBCO ActiveMatrix BusinessWorks™ Plug-in for Siebel,Integration,5.3.2,https://docs.tibco.com/products/tibco-adapter-for-siebel-5-3-2,FALSE,TRUE,Do Not Migrate
TIBCO ActiveMatrix BusinessWorks™ Plug-in for SmartMapper,Integration,7.1.3,https://docs.tibco.com/products/tibco-activematrix-businessworks-plug-in-for-smartmapper-7-1-3,FALSE,FALSE,Migrate
TIBCO ActiveMatrix BusinessWorks™ Plug-in for SmartMapper,Integration,7.1.2,https://docs.tibco.com/products/tibco-activematrix-businessworks-plug-in-for-smartmapper-7-1-2,FALSE,FALSE,Migrate
TIBCO ActiveMatrix BusinessWorks™ Plug-in for SmartMapper,Integration,7.1.1,https://docs.tibco.com/products/tibco-activematrix-businessworks-plug-in-for-smartmapper-7-1-1,TRUE,TRUE,Do Not Migrate
TIBCO ActiveMatrix BusinessWorks™ Plug-in for SmartMapper,Integration,7.1.0,https://docs.tibco.com/products/tibco-activematrix-businessworks-plug-in-for-smartmapper-7-1-0,TRUE,TRUE,Do Not Migrate
TIBCO ActiveMatrix BusinessWorks™ Plug-in for SmartMapper,Integration,7.0.1,https://docs.tibco.com/products/tibco-activematrix-businessworks-plug-in-for-smartmapper-7-0-1,TRUE,FALSE,Do Not Migrate
TIBCO ActiveMatrix BusinessWorks™ Plug-in for SmartMapper,Integration,7.0.0,https://docs.tibco.com/products/tibco-activematrix-businessworks-plug-in-for-smartmapper-7-0-0,TRUE,FALSE,Do Not Migrate
TIBCO ActiveMatrix BusinessWorks™ Plug-in for SmartMapper,Integration,6.0.0,https://docs.tibco.com/products/tibco-activematrix-businessworks-plug-in-for-smartmapper-6-0-0,FALSE,FALSE,Migrate
TIBCO ActiveMatrix BusinessWorks™ Plug-in for SMPP,Integration,6.0.3,https://docs.tibco.com/products/tibco-activematrix-businessworks-plug-in-for-smpp-6-0-3,TRUE,FALSE,Migrate
TIBCO ActiveMatrix BusinessWorks™ Plug-in for SMPP,Integration,6.0.2,https://docs.tibco.com/products/tibco-activematrix-businessworks-plug-in-for-smpp-6-0-2,TRUE,TRUE,Do Not Migrate
TIBCO ActiveMatrix BusinessWorks™ Plug-in for SMPP,Integration,6.0.1,https://docs.tibco.com/products/tibco-activematrix-businessworks-plug-in-for-smpp-6-0-1,TRUE,TRUE,Do Not Migrate
TIBCO ActiveMatrix BusinessWorks™ Plug-in for SMPP,Integration,6.0.0,https://docs.tibco.com/products/tibco-activematrix-businessworks-plug-in-for-smpp-6-0-0,TRUE,TRUE,Do Not Migrate
TIBCO ActiveMatrix BusinessWorks™ Plug-in for Snowflake,Integration,6.3.1,https://docs.tibco.com/products/tibco-activematrix-businessworks-plug-in-for-snowflake-6-3-1,FALSE,FALSE,Migrate
TIBCO ActiveMatrix BusinessWorks™ Plug-in for Snowflake,Integration,6.3.0,https://docs.tibco.com/products/tibco-activematrix-businessworks-plug-in-for-snowflake-6-3-0,FALSE,FALSE,Migrate
TIBCO ActiveMatrix BusinessWorks™ Plug-in for Snowflake,Integration,6.2.0,https://docs.tibco.com/products/tibco-activematrix-businessworks-plug-in-for-snowflake-6-2-0,TRUE,FALSE,Migrate
TIBCO ActiveMatrix BusinessWorks™ Plug-in for Snowflake,Integration,6.1.0,https://docs.tibco.com/products/tibco-activematrix-businessworks-plug-in-for-snowflake-6-1-0,TRUE,TRUE,Do Not Migrate
TIBCO ActiveMatrix BusinessWorks™ Plug-in for Snowflake,Integration,6.0.1,https://docs.tibco.com/products/tibco-activematrix-businessworks-plug-in-for-snowflake-6-0-1,TRUE,TRUE,Do Not Migrate
TIBCO ActiveMatrix BusinessWorks™ Plug-in for Snowflake,Integration,6.0.0,https://docs.tibco.com/products/tibco-activematrix-businessworks-plug-in-for-snowflake-6-0-0,TRUE,TRUE,Do Not Migrate
TIBCO ActiveMatrix BusinessWorks™ Plug-in for SWIFT,Unassigned,6.11.0,https://docs.tibco.com/products/tibco-activematrix-businessworks-plug-in-for-swift-6-11-0,FALSE,FALSE,Migrate
TIBCO ActiveMatrix BusinessWorks™ Plug-in for SWIFT,Unassigned,6.10.0,https://docs.tibco.com/products/tibco-activematrix-businessworks-plug-in-for-swift-6-10-0,FALSE,FALSE,Migrate
TIBCO ActiveMatrix BusinessWorks™ Plug-in for SWIFT,Unassigned,6.9.0,https://docs.tibco.com/products/tibco-activematrix-businessworks-plug-in-for-swift-6-9-0,FALSE,FALSE,Migrate
TIBCO ActiveMatrix BusinessWorks™ Plug-in for SWIFT,Unassigned,6.8.0,https://docs.tibco.com/products/tibco-activematrix-businessworks-plug-in-for-swift-6-8-0,FALSE,FALSE,Migrate
TIBCO ActiveMatrix BusinessWorks™ Plug-in for SWIFT,Unassigned,6.7.0,https://docs.tibco.com/products/tibco-activematrix-businessworks-plug-in-for-swift-6-7-0,TRUE,TRUE,Do Not Migrate
TIBCO ActiveMatrix BusinessWorks™ Plug-in for SWIFT,Unassigned,6.6.0,https://docs.tibco.com/products/tibco-activematrix-businessworks-plug-in-for-swift-6-6-0,TRUE,TRUE,Do Not Migrate
TIBCO ActiveMatrix BusinessWorks™ Plug-in for SWIFT,Unassigned,6.5.0,https://docs.tibco.com/products/tibco-activematrix-businessworks-plug-in-for-swift-6-5-0,TRUE,TRUE,Do Not Migrate
TIBCO ActiveMatrix BusinessWorks™ Plug-in for SWIFT,Unassigned,6.4.0,https://docs.tibco.com/products/tibco-activematrix-businessworks-plug-in-for-swift-6-4-0,TRUE,TRUE,Do Not Migrate
TIBCO ActiveMatrix BusinessWorks™ Plug-in for SWIFT,Unassigned,6.3.0,https://docs.tibco.com/products/tibco-activematrix-businessworks-plug-in-for-swift-6-3-0,TRUE,TRUE,Do Not Migrate
TIBCO ActiveMatrix BusinessWorks™ Plug-in for SWIFT,Unassigned,6.2.0,https://docs.tibco.com/products/tibco-activematrix-businessworks-plug-in-for-swift-6-2-0,TRUE,TRUE,Do Not Migrate
TIBCO ActiveMatrix BusinessWorks™ Plug-in for SWIFT,Unassigned,6.1.0,https://docs.tibco.com/products/tibco-activematrix-businessworks-plug-in-for-swift-6-1-0,TRUE,TRUE,Do Not Migrate
TIBCO ActiveMatrix BusinessWorks™ Plug-in for SWIFT,Unassigned,6.0.0,https://docs.tibco.com/products/tibco-activematrix-businessworks-plug-in-for-swift-6-0-0,TRUE,TRUE,Do Not Migrate
TIBCO ActiveMatrix BusinessWorks™ Plug-in for SWIFT,Unassigned,5.25.0,https://docs.tibco.com/products/tibco-activematrix-businessworks-plug-in-for-swift-5-25-0,FALSE,FALSE,Migrate
TIBCO ActiveMatrix BusinessWorks™ Plug-in for SWIFT,Unassigned,5.24.0,https://docs.tibco.com/products/tibco-activematrix-businessworks-plug-in-for-swift-5-24-0,FALSE,FALSE,Migrate
TIBCO ActiveMatrix BusinessWorks™ Plug-in for SWIFT,Unassigned,5.23.0,https://docs.tibco.com/products/tibco-activematrix-businessworks-plug-in-for-swift-5-23-0,FALSE,FALSE,Migrate
TIBCO ActiveMatrix BusinessWorks™ Plug-in for SWIFT,Unassigned,5.22.0,https://docs.tibco.com/products/tibco-activematrix-businessworks-plug-in-for-swift-5-22-0,FALSE,FALSE,Migrate
TIBCO ActiveMatrix BusinessWorks™ Plug-in for SWIFT,Unassigned,5.21.0,https://docs.tibco.com/products/tibco-activematrix-businessworks-plug-in-for-swift-5-21-0,TRUE,TRUE,Do Not Migrate
TIBCO ActiveMatrix BusinessWorks™ Plug-in for SWIFT,Unassigned,5.20.0,https://docs.tibco.com/products/tibco-activematrix-businessworks-plug-in-for-swift-5-20-0,TRUE,TRUE,Do Not Migrate
TIBCO ActiveMatrix BusinessWorks™ Plug-in for SWIFT,Unassigned,5.19.0,https://docs.tibco.com/products/tibco-activematrix-businessworks-plug-in-for-swift-5-19-0,TRUE,TRUE,Do Not Migrate
TIBCO ActiveMatrix BusinessWorks™ Plug-in for SWIFT,Unassigned,5.18.0,https://docs.tibco.com/products/tibco-activematrix-businessworks-plug-in-for-swift-5-18-0,TRUE,TRUE,Do Not Migrate
TIBCO ActiveMatrix BusinessWorks™ Plug-in for SWIFT,Unassigned,5.17.0,https://docs.tibco.com/products/tibco-activematrix-businessworks-plug-in-for-swift-5-17-0,TRUE,TRUE,Do Not Migrate
TIBCO ActiveMatrix BusinessWorks™ Plug-in for SWIFT,Unassigned,5.16.0,https://docs.tibco.com/products/tibco-activematrix-businessworks-plug-in-for-swift-5-16-0,TRUE,TRUE,Do Not Migrate
TIBCO ActiveMatrix BusinessWorks™ Plug-in for SWIFT,Unassigned,5.15.0,https://docs.tibco.com/products/tibco-activematrix-businessworks-plug-in-for-swift-5-15-0,TRUE,TRUE,Do Not Migrate
TIBCO ActiveMatrix BusinessWorks™ Plug-in for SWIFT,Unassigned,5.14.0,https://docs.tibco.com/products/tibco-activematrix-businessworks-plug-in-for-swift-5-14-0,TRUE,TRUE,Do Not Migrate
TIBCO ActiveMatrix BusinessWorks™ Plug-in for SWIFT,Unassigned,5.13.0,https://docs.tibco.com/products/tibco-activematrix-businessworks-plug-in-for-swift-5-13-0,TRUE,TRUE,Do Not Migrate
TIBCO ActiveMatrix BusinessWorks™ Plug-in for SWIFT,Unassigned,5.12.0,https://docs.tibco.com/products/tibco-activematrix-businessworks-plug-in-for-swift-5-12-0,TRUE,TRUE,Do Not Migrate
TIBCO ActiveMatrix BusinessWorks™ Plug-in for SWIFT,Unassigned,5.11.0,https://docs.tibco.com/products/tibco-activematrix-adapter-for-swift-5-11-0,FALSE,FALSE,Migrate
TIBCO ActiveMatrix BusinessWorks™ Plug-in for SWIFT,Unassigned,5.10.0,https://docs.tibco.com/products/tibco-adapter-for-swift-5-10-0,FALSE,TRUE,Do Not Migrate
TIBCO ActiveMatrix BusinessWorks™ Plug-in for TIBCO AuditSafe,Integration,6.4.2,https://docs.tibco.com/products/tibco-activematrix-businessworks-plug-in-for-tibco-auditsafe-6-4-2,FALSE,FALSE,Migrate
TIBCO ActiveMatrix BusinessWorks™ Plug-in for TIBCO AuditSafe,Integration,6.4.1,https://docs.tibco.com/products/tibco-activematrix-businessworks-plug-in-for-tibco-auditsafe-6-4-1,FALSE,FALSE,Migrate
TIBCO ActiveMatrix BusinessWorks™ Plug-in for TIBCO AuditSafe,Integration,6.4.0,https://docs.tibco.com/products/tibco-activematrix-businessworks-plug-in-for-tibco-auditsafe-6-4-0,FALSE,FALSE,Migrate
TIBCO ActiveMatrix BusinessWorks™ Plug-in for TIBCO AuditSafe,Integration,6.3.2,https://docs.tibco.com/products/tibco-activematrix-businessworks-plug-in-for-tibco-auditsafe-6-3-2,FALSE,FALSE,Migrate
TIBCO ActiveMatrix BusinessWorks™ Plug-in for TIBCO AuditSafe,Integration,6.3.1,https://docs.tibco.com/products/tibco-activematrix-businessworks-plug-in-for-tibco-auditsafe-6-3-1,FALSE,FALSE,Migrate
TIBCO ActiveMatrix BusinessWorks™ Plug-in for TIBCO AuditSafe,Integration,6.3.0,https://docs.tibco.com/products/tibco-activematrix-businessworks-plug-in-for-tibco-auditsafe-6-3-0,FALSE,FALSE,Migrate
TIBCO ActiveMatrix BusinessWorks™ Plug-in for TIBCO AuditSafe,Integration,6.2.0,https://docs.tibco.com/products/tibco-activematrix-businessworks-plug-in-for-tibco-cloud-auditsafe-6-2-0,FALSE,FALSE,Migrate
TIBCO ActiveMatrix BusinessWorks™ Plug-in for TIBCO AuditSafe,Integration,6.1.0,https://docs.tibco.com/products/tibco-activematrix-businessworks-plug-in-for-tibco-cloud-auditsafe-6-1-0,FALSE,FALSE,Migrate
TIBCO ActiveMatrix BusinessWorks™ Plug-in for TIBCO AuditSafe,Integration,6.0.0,https://docs.tibco.com/products/tibco-activematrix-businessworks-plug-in-for-tibco-cloud-auditsafe-6-0-0,TRUE,FALSE,Do Not Migrate
TIBCO ActiveMatrix BusinessWorks™ Plug-in for TIBCO eFTL™,Integration,6.0.0,https://docs.tibco.com/products/tibco-activematrix-businessworks-plug-in-for-tibco-eftl-6-0-0,FALSE,FALSE,Migrate
TIBCO ActiveMatrix BusinessWorks™ Plug-in for TIBCO FTL®,Integration,6.7.4,https://docs.tibco.com/products/tibco-activematrix-businessworks-plug-in-for-tibco-ftl-6-7-4,FALSE,FALSE,Migrate
TIBCO ActiveMatrix BusinessWorks™ Plug-in for TIBCO FTL®,Integration,6.7.3,https://docs.tibco.com/products/tibco-activematrix-businessworks-plug-in-for-tibco-ftl-6-7-3,FALSE,FALSE,Migrate
TIBCO ActiveMatrix BusinessWorks™ Plug-in for TIBCO FTL®,Integration,6.7.2,https://docs.tibco.com/products/tibco-activematrix-businessworks-plug-in-for-tibco-ftl-6-7-2,FALSE,FALSE,Migrate
TIBCO ActiveMatrix BusinessWorks™ Plug-in for TIBCO FTL®,Integration,6.7.1,https://docs.tibco.com/products/tibco-activematrix-businessworks-plug-in-for-tibco-ftl-6-7-1,FALSE,FALSE,Migrate
TIBCO ActiveMatrix BusinessWorks™ Plug-in for TIBCO FTL®,Integration,6.7.0,https://docs.tibco.com/products/tibco-activematrix-businessworks-plug-in-for-tibco-ftl-6-7-0,FALSE,FALSE,Migrate
TIBCO ActiveMatrix BusinessWorks™ Plug-in for TIBCO FTL®,Integration,6.6.0,https://docs.tibco.com/products/tibco-activematrix-businessworks-plug-in-for-tibco-ftl-6-6-0,FALSE,FALSE,Migrate
TIBCO ActiveMatrix BusinessWorks™ Plug-in for TIBCO FTL®,Integration,6.5.0,https://docs.tibco.com/products/tibco-activematrix-businessworks-plug-in-for-tibco-ftl-6-5-0,FALSE,FALSE,Migrate
TIBCO ActiveMatrix BusinessWorks™ Plug-in for TIBCO FTL®,Integration,6.4.4,https://docs.tibco.com/products/tibco-activematrix-businessworks-plug-in-for-tibco-ftl-6-4-4,FALSE,FALSE,Migrate
TIBCO ActiveMatrix BusinessWorks™ Plug-in for TIBCO FTL®,Integration,6.4.3,https://docs.tibco.com/products/tibco-activematrix-businessworks-plug-in-for-tibco-ftl-6-4-3,TRUE,TRUE,Do Not Migrate
TIBCO ActiveMatrix BusinessWorks™ Plug-in for TIBCO FTL®,Integration,6.4.2,https://docs.tibco.com/products/tibco-activematrix-businessworks-plug-in-for-tibco-ftl-6-4-2,TRUE,TRUE,Do Not Migrate
TIBCO ActiveMatrix BusinessWorks™ Plug-in for TIBCO FTL®,Integration,6.4.1,https://docs.tibco.com/products/tibco-activematrix-businessworks-plug-in-for-tibco-ftl-6-4-1,TRUE,TRUE,Do Not Migrate
TIBCO ActiveMatrix BusinessWorks™ Plug-in for TIBCO FTL®,Integration,6.4.0,https://docs.tibco.com/products/tibco-activematrix-businessworks-plug-in-for-tibco-ftl-6-4-0,TRUE,TRUE,Do Not Migrate
TIBCO ActiveMatrix BusinessWorks™ Plug-in for TIBCO FTL®,Integration,5.0.0,https://docs.tibco.com/products/tibco-businessworks-plug-in-for-tibco-ftl-5-0-0,FALSE,FALSE,Migrate
TIBCO ActiveMatrix BusinessWorks™ Plug-in for TIBCO® Clarity,Integration,6.1.1,https://docs.tibco.com/products/tibco-activematrix-businessworks-plug-in-for-tibco-clarity-6-1-1,TRUE,FALSE,Migrate
TIBCO ActiveMatrix BusinessWorks™ Plug-in for TIBCO® Clarity,Integration,6.1.0,https://docs.tibco.com/products/tibco-activematrix-businessworks-plug-in-for-tibco-clarity-6-1-0,TRUE,TRUE,Do Not Migrate
TIBCO ActiveMatrix BusinessWorks™ Plug-in for TIBCO® Clarity,Integration,6.0.0,https://docs.tibco.com/products/tibco-activematrix-businessworks-plug-in-for-tibco-clarity-6-0-0,TRUE,TRUE,Do Not Migrate
TIBCO ActiveMatrix BusinessWorks™ Plug-in for TIBCO® Managed File Transfer,B2B,6.3.1,https://docs.tibco.com/products/tibco-activematrix-businessworks-plug-in-for-tibco-managed-file-transfer-software-6-3-1,FALSE,FALSE,Migrate
TIBCO ActiveMatrix BusinessWorks™ Plug-in for TIBCO® Managed File Transfer,B2B,6.3.0,https://docs.tibco.com/products/tibco-activematrix-businessworks-plug-in-for-tibco-managed-file-transfer-software-6-3-0,FALSE,FALSE,Migrate
TIBCO ActiveMatrix BusinessWorks™ Plug-in for TIBCO® Managed File Transfer,B2B,6.0.1,https://docs.tibco.com/products/tibco-activematrix-businessworks-plug-in-for-tibco-managed-file-transfer-6-0-1,FALSE,FALSE,Migrate
TIBCO ActiveMatrix BusinessWorks™ Plug-in for TIBCO® Managed File Transfer,B2B,6.0.0,https://docs.tibco.com/products/tibco-activematrix-businessworks-plug-in-for-tibco-managed-file-transfer-6-0-0,FALSE,FALSE,Migrate
TIBCO ActiveMatrix BusinessWorks™ Plug-in for TIBCO® Managed File Transfer,B2B,1.0.0,https://docs.tibco.com/products/tibco-activematrix-businessworks-plug-in-for-tibco-managed-file-transfer-1-0-0,FALSE,FALSE,Migrate
TIBCO ActiveMatrix BusinessWorks™ Plug-in for TIBCO® Patterns,Unassigned,6.2.0,https://docs.tibco.com/products/tibco-activematrix-businessworks-plug-in-for-tibco-patterns-6-2-0,FALSE,FALSE,Migrate
TIBCO ActiveMatrix BusinessWorks™ Plug-in for TIBCO® Patterns,Unassigned,6.1.2,https://docs.tibco.com/products/tibco-activematrix-businessworks-plug-in-for-tibco-patterns-6-1-2,FALSE,FALSE,Migrate
TIBCO ActiveMatrix BusinessWorks™ Plug-in for TIBCO® Patterns,Unassigned,6.1.0,https://docs.tibco.com/products/tibco-activematrix-businessworks-plug-in-for-ibi-patterns-search-6-1-0,FALSE,FALSE,Migrate
TIBCO ActiveMatrix BusinessWorks™ Plug-in for TIBCO® Patterns,Unassigned,6.0.0,https://docs.tibco.com/products/tibco-activematrix-businessworks-plug-in-for-ibi-patterns-search-6-0-0,FALSE,FALSE,Migrate
TIBCO ActiveMatrix BusinessWorks™ Plug-in for TIBCO® Patterns,Unassigned,5.7.0,https://docs.tibco.com/products/tibco-activematrix-businessworks-plug-in-for-patterns-search-5-7-0,FALSE,FALSE,Migrate
TIBCO ActiveMatrix BusinessWorks™ Plug-in for TIBCO® Patterns,Unassigned,5.6.1,https://docs.tibco.com/products/tibco-activematrix-businessworks-plug-in-for-patterns-search-5-6-1,FALSE,FALSE,Migrate
TIBCO ActiveMatrix BusinessWorks™ Plug-in for TIBCO® Patterns,Unassigned,5.6.0,https://docs.tibco.com/products/tibco-activematrix-businessworks-plug-in-for-patterns-search-5-6-0,TRUE,TRUE,Do Not Migrate
TIBCO ActiveMatrix BusinessWorks™ Plug-in for TIBCO® Patterns,Unassigned,5.5.0,https://docs.tibco.com/products/tibco-activematrix-businessworks-plug-in-for-patterns-search-5-5-0,TRUE,TRUE,Do Not Migrate
TIBCO ActiveMatrix BusinessWorks™ Plug-in for TIBCO® Patterns,Unassigned,5.4.0,https://docs.tibco.com/products/tibco-activematrix-businessworks-plug-in-for-patterns-search-5-4-0,FALSE,FALSE,Migrate
TIBCO ActiveMatrix BusinessWorks™ Plug-in for TIBCO® Patterns,Unassigned,2.1.2,https://docs.tibco.com/products/tibco-activematrix-businessworks-plug-in-for-tibco-patterns-2-1-2,FALSE,FALSE,Migrate
TIBCO ActiveMatrix BusinessWorks™ Plug-in for TIBCO® Patterns,Unassigned,2.1.0,https://docs.tibco.com/products/tibco-activematrix-businessworks-plug-in-for-ibi-patterns-search-2-1-0,FALSE,FALSE,Migrate
TIBCO ActiveMatrix BusinessWorks™ Plug-in for TIBCO® Patterns,Unassigned,2.0.0,https://docs.tibco.com/products/tibco-activematrix-businessworks-plug-in-for-ibi-patterns-search-2-0-0,FALSE,FALSE,Migrate
TIBCO ActiveMatrix BusinessWorks™ Plug-in for TIBCO® Patterns,Unassigned,1.5.0,https://docs.tibco.com/products/tibco-activematrix-businessworks-plug-in-for-patterns-search-1-5-0,FALSE,FALSE,Migrate
TIBCO ActiveMatrix BusinessWorks™ Plug-in for TIBCO® Patterns,Unassigned,1.4.0,https://docs.tibco.com/products/tibco-activematrix-businessworks-plug-in-for-patterns-search-1-4-0,TRUE,TRUE,Do Not Migrate
TIBCO ActiveMatrix BusinessWorks™ Plug-in for TIBCO® Patterns,Unassigned,1.3.0,https://docs.tibco.com/products/tibco-activematrix-businessworks-plug-in-for-patterns-search-1-3-0,TRUE,TRUE,Do Not Migrate
TIBCO ActiveMatrix BusinessWorks™ Plug-in for TIBCO® Patterns,Unassigned,1.2.0,https://docs.tibco.com/products/tibco-activematrix-businessworks-plug-in-for-patterns-search-1-2-0,FALSE,FALSE,Migrate
TIBCO ActiveMatrix BusinessWorks™ Plug-in for TIBCO® Patterns,Unassigned,1.1.0,https://docs.tibco.com/products/tibco-activematrix-businessworks-plug-in-for-patterns-search-1-1-0,FALSE,FALSE,Migrate
TIBCO ActiveMatrix BusinessWorks™ Plug-in for TIBCO® Patterns,Unassigned,1.0.0,https://docs.tibco.com/products/tibco-activematrix-businessworks-plug-in-for-patterns-search-1-0-0,FALSE,FALSE,Migrate
TIBCO ActiveMatrix BusinessWorks™ Plug-in for Transaction Insight®,Unassigned,6.0.1,https://docs.tibco.com/products/tibco-activematrix-businessworks-plug-in-for-transaction-insight-6-0-1,FALSE,FALSE,Migrate
TIBCO ActiveMatrix BusinessWorks™ Plug-in for Transaction Insight®,Unassigned,6.0.0,https://docs.tibco.com/products/tibco-activematrix-businessworks-plug-in-for-transaction-insight-6-0-0,FALSE,FALSE,Migrate
TIBCO ActiveMatrix BusinessWorks™ Plug-in for Trillium,Unassigned,6.0.0,https://docs.tibco.com/products/tibco-activematrix-businessworks-plug-in-for-trillium-6-0-0,FALSE,FALSE,Migrate
TIBCO ActiveMatrix BusinessWorks™ Plug-in for Twitter,Integration,6.1.2,https://docs.tibco.com/products/tibco-activematrix-businessworks-plug-in-for-twitter-6-1-2,TRUE,FALSE,Migrate
TIBCO ActiveMatrix BusinessWorks™ Plug-in for Twitter,Integration,6.1.1,https://docs.tibco.com/products/tibco-activematrix-businessworks-plug-in-for-twitter-6-1-1,TRUE,TRUE,Do Not Migrate
TIBCO ActiveMatrix BusinessWorks™ Plug-in for Twitter,Integration,6.1.0,https://docs.tibco.com/products/tibco-activematrix-businessworks-plug-in-for-twitter-6-1-0,FALSE,TRUE,Do Not Migrate
TIBCO ActiveMatrix BusinessWorks™ Plug-in for Twitter,Integration,6.0.1,https://docs.tibco.com/products/tibco-activematrix-businessworks-plug-in-for-twitter-6-0-1,TRUE,TRUE,Do Not Migrate
TIBCO ActiveMatrix BusinessWorks™ Plug-in for Twitter,Integration,6.0.0,https://docs.tibco.com/products/tibco-activematrix-businessworks-plug-in-for-twitter-6-0-0,TRUE,TRUE,Do Not Migrate
TIBCO ActiveMatrix BusinessWorks™ Plug-in for Twitter,Integration,1.0.0,https://docs.tibco.com/products/tibco-activematrix-businessworks-plug-in-for-twitter-1-0-0,TRUE,FALSE,Do Not Migrate
TIBCO ActiveMatrix BusinessWorks™ Plug-in for Workday,Integration,6.0.1,https://docs.tibco.com/products/tibco-activematrix-businessworks-plug-in-for-workday-6-0-1,FALSE,FALSE,Migrate
TIBCO ActiveMatrix BusinessWorks™ Plug-in for Workday,Integration,6.0.0,https://docs.tibco.com/products/tibco-activematrix-businessworks-plug-in-for-workday-6-0-0,FALSE,TRUE,Do Not Migrate
TIBCO ActiveMatrix BusinessWorks™ Plug-in for Workday,Integration,1.0.0,https://docs.tibco.com/products/tibco-activematrix-businessworks-plug-in-for-workday-1-0-0,FALSE,FALSE,Migrate
TIBCO ActiveMatrix BusinessWorks™ Service Engine Plug-in for Oracle E-Business Suite,Integration,1.1,https://docs.tibco.com/products/tibco-activematrix-businessworks-service-engine-plug-in-for-oracle-e-business-suite-1-1,TRUE,FALSE,Migrate
TIBCO ActiveMatrix BusinessWorks™ Service Engine Plug-in for SmartMapper,Integration,5.5,https://docs.tibco.com/products/tibco-activematrix-businessworks-service-engine-plug-in-for-smartmapper-5-5,TRUE,FALSE,Migrate
TIBCO ActiveMatrix BusinessWorks™ SmartMapper Enterprise Server,Integration,6.0.1,https://docs.tibco.com/products/tibco-activematrix-businessworks-smartmapper-enterprise-server-6-0-1,TRUE,FALSE,Do Not Migrate
TIBCO ActiveMatrix BusinessWorks™ SmartMapper Enterprise Server,Integration,6.0.0,https://docs.tibco.com/products/tibco-activematrix-businessworks-smartmapper-enterprise-server-6-0-0,FALSE,FALSE,Migrate
TIBCO ActiveMatrix BusinessWorks™ SmartMapper Enterprise Server,Integration,5.5.0,https://docs.tibco.com/products/tibco-activematrix-businessworks-smartmapper-5-5-0,TRUE,FALSE,Do Not Migrate
TIBCO ActiveMatrix® Adapter for Amdocs CRM,Unassigned,5.5.0,https://docs.tibco.com/products/tibco-activematrix-adapter-for-amdocs-crm-5-5-0,TRUE,TRUE,Do Not Migrate
TIBCO ActiveMatrix® Adapter for Amdocs CRM,Unassigned,5.4.0,https://docs.tibco.com/products/tibco-adapter-for-clarifycrm-5-4-0,FALSE,TRUE,Do Not Migrate
TIBCO ActiveMatrix® Adapter for Database (TIBCO Business Studio™),Unassigned,1.3.0,https://docs.tibco.com/products/tibco-activematrix-adapter-for-database-tibco-business-studio-1-3-0,FALSE,FALSE,Migrate
TIBCO ActiveMatrix® Adapter for Database (TIBCO Business Studio™),Unassigned,1.2.0,https://docs.tibco.com/products/tibco-activematrix-adapter-for-database-tibco-business-studio-1-2-0,FALSE,FALSE,Migrate
TIBCO ActiveMatrix® Adapter for Files for Unix/Win (TIBCO Business Studio™),Unassigned,1.3.0,https://docs.tibco.com/products/tibco-activematrix-adapter-for-files-for-unix-win-tibco-business-studio-1-3-0,FALSE,FALSE,Migrate
TIBCO ActiveMatrix® Adapter for Files for Unix/Win (TIBCO Business Studio™),Unassigned,1.2.0,https://docs.tibco.com/products/tibco-activematrix-adapter-for-files-for-unix-win-tibco-business-studio-1-2-0,FALSE,FALSE,Migrate
TIBCO ActiveMatrix® Adapter for IBM i,Unassigned,6.4.0,https://docs.tibco.com/products/tibco-activematrix-adapter-for-ibm-i-6-4-0,FALSE,FALSE,Migrate
TIBCO ActiveMatrix® Adapter for IBM i,Unassigned,6.3.0,https://docs.tibco.com/products/tibco-activematrix-adapter-for-ibm-i-6-3-0,FALSE,FALSE,Migrate
TIBCO ActiveMatrix® Adapter for IBM i,Unassigned,6.2.2,https://docs.tibco.com/products/tibco-activematrix-adapter-for-ibm-i-6-2-2,FALSE,FALSE,Migrate
TIBCO ActiveMatrix® Adapter for IBM i,Unassigned,6.2.1,https://docs.tibco.com/products/tibco-activematrix-adapter-for-ibm-i-6-2-1,FALSE,FALSE,Do Not Migrate
TIBCO ActiveMatrix® Adapter for IBM i,Unassigned,6.2.0,https://docs.tibco.com/products/tibco-activematrix-adapter-for-ibm-i-6-2-0,FALSE,FALSE,Do Not Migrate
TIBCO ActiveMatrix® Adapter for IBM i,Unassigned,6.1.0,https://docs.tibco.com/products/tibco-activematrix-adapter-for-ibm-i-6-1-0,FALSE,FALSE,Do Not Migrate
TIBCO ActiveMatrix® Adapter for IBM i,Unassigned,6.0.0,https://docs.tibco.com/products/tibco-activematrix-adapter-for-ibm-i-6-0,FALSE,FALSE,Do Not Migrate
TIBCO ActiveMatrix® Adapter for JD Edwards EnterpriseOne,Unassigned,6.1.0,https://docs.tibco.com/products/tibco-activematrix-adapter-for-jd-edwards-enterpriseone-6-1-0,FALSE,FALSE,Migrate
TIBCO ActiveMatrix® Adapter for JD Edwards EnterpriseOne,Unassigned,6.0.0,https://docs.tibco.com/products/tibco-activematrix-adapter-for-jd-edwards-enterpriseone-6-0-0,FALSE,FALSE,Migrate
TIBCO ActiveMatrix® Adapter for JD Edwards EnterpriseOne,Unassigned,5.3,https://docs.tibco.com/products/tibco-adapter-for-jde-oneworld-xe-5-3,FALSE,FALSE,Migrate
TIBCO ActiveMatrix® Adapter for Kenan/BP,Unassigned,6.0.0,https://docs.tibco.com/products/tibco-activematrix-adapter-for-kenan-bp-6-0-0,FALSE,FALSE,Migrate
TIBCO ActiveMatrix® Adapter for WebSphere MQ,Unassigned,6.2.5,https://docs.tibco.com/products/tibco-activematrix-adapter-for-websphere-mq-6-2-5,TRUE,TRUE,Do Not Migrate
TIBCO ActiveMatrix® Adapter for WebSphere MQ,Unassigned,6.2.1,https://docs.tibco.com/products/tibco-activematrix-adapter-for-websphere-mq-6-2-1,TRUE,TRUE,Do Not Migrate
TIBCO ActiveMatrix® Adapter for WebSphere MQ,Unassigned,6.2.0,https://docs.tibco.com/products/tibco-activematrix-adapter-for-websphere-mq-6-2-0,TRUE,TRUE,Do Not Migrate
TIBCO ActiveMatrix® Adapter for WebSphere MQ,Unassigned,6.1.0,https://docs.tibco.com/products/tibco-activematrix-adapter-for-websphere-mq-6-1-0,TRUE,TRUE,Do Not Migrate
TIBCO ActiveMatrix® Adapter for WebSphere MQ,Unassigned,6.0.0,https://docs.tibco.com/products/tibco-activematrix-adapter-for-websphere-mq-6-0-0,TRUE,TRUE,Do Not Migrate
TIBCO ActiveMatrix® Adapter Framework,Unassigned,1.6.1,https://docs.tibco.com/products/tibco-activematrix-adapter-framework-1-6-1,FALSE,FALSE,Do Not Migrate
TIBCO ActiveMatrix® Adapter Framework,Unassigned,1.6.0,https://docs.tibco.com/products/tibco-activematrix-adapter-framework-1-6-0,FALSE,FALSE,Do Not Migrate
TIBCO ActiveMatrix® Adapter Framework,Unassigned,1.4.2,https://docs.tibco.com/products/tibco-activematrix-adapter-framework-1-4-2,FALSE,FALSE,Do Not Migrate
TIBCO ActiveMatrix® Adapter Framework,Unassigned,1.4.1,https://docs.tibco.com/products/tibco-activematrix-adapter-framework-1-4-1,FALSE,FALSE,Do Not Migrate
TIBCO ActiveMatrix® Adapter Framework,Unassigned,1.4.0,https://docs.tibco.com/products/tibco-activematrix-adapter-framework-1-4-0,FALSE,FALSE,Do Not Migrate
TIBCO ActiveMatrix® Adapter Framework,Unassigned,1.3.2,https://docs.tibco.com/products/tibco-activematrix-adapter-framework-1-3-2,FALSE,FALSE,Do Not Migrate
TIBCO ActiveMatrix® Adapter Framework,Unassigned,1.3.1,https://docs.tibco.com/products/tibco-activematrix-adapter-framework-1-3-1,FALSE,FALSE,Do Not Migrate
TIBCO ActiveMatrix® Adapter Framework,Unassigned,1.3.0,https://docs.tibco.com/products/tibco-activematrix-adapter-framework-1-3-0,FALSE,FALSE,Do Not Migrate
TIBCO ActiveMatrix® Adapter Framework,Unassigned,1.2.0,https://docs.tibco.com/products/tibco-activematrix-adapter-framework-1-2-0,FALSE,FALSE,Do Not Migrate
TIBCO ActiveMatrix® Adapter Framework,Unassigned,1.1.2,https://docs.tibco.com/products/tibco-activematrix-adapter-framework-1-1-2,FALSE,FALSE,Do Not Migrate
TIBCO ActiveMatrix® Adapter Framework,Unassigned,1.1.1,https://docs.tibco.com/products/tibco-activematrix-adapter-framework-1-1-1,FALSE,FALSE,Do Not Migrate
TIBCO ActiveMatrix® Adapter Framework,Unassigned,1.1.0,https://docs.tibco.com/products/tibco-activematrix-adapter-framework-1-1-0,FALSE,FALSE,Migrate
TIBCO ActiveMatrix® Adapter Service Engine for Files,Unassigned,6.0.0,https://docs.tibco.com/products/tibco-activematrix-adapter-service-engine-for-files-6-0-0,FALSE,FALSE,Migrate
TIBCO ActiveMatrix® Adapter Service Engine for IBM i,Unassigned,6.0.0,https://docs.tibco.com/products/tibco-activematrix-adapter-service-engine-for-ibm-i-6-0-0,FALSE,FALSE,Migrate
TIBCO ActiveMatrix® Adapter Service Engine for Lotus Notes,Unassigned,6.0.0,https://docs.tibco.com/products/tibco-activematrix-adapter-service-engine-for-lotus-notes-6-0-0,FALSE,FALSE,Migrate
TIBCO ActiveMatrix® Adapter Service Engine for PeopleSoft,Unassigned,6.0.0,https://docs.tibco.com/products/tibco-activematrix-adapter-service-engine-for-peoplesoft-6-0-0,FALSE,FALSE,Migrate
TIBCO ActiveMatrix® Adapter Service Engine for SAP,Unassigned,6.0.0,https://docs.tibco.com/products/tibco-activematrix-adapter-service-engine-for-sap-6-0-0,FALSE,FALSE,Migrate
TIBCO ActiveMatrix® Adapter Service Engine for Siebel,Unassigned,6.0.0,https://docs.tibco.com/products/tibco-activematrix-adapter-service-engine-for-siebel-6-0-0,FALSE,FALSE,Migrate
TIBCO ActiveMatrix® Adapter Service Engine for Tuxedo,Unassigned,6.0.0,https://docs.tibco.com/products/tibco-activematrix-adapter-service-engine-for-tuxedo-6-0-0,FALSE,FALSE,Migrate
TIBCO ActiveMatrix® Adapter Service Engine for WebSphere MQ,Unassigned,6.0.0,https://docs.tibco.com/products/tibco-activematrix-adapter-service-engine-for-websphere-mq-6-0-0,FALSE,FALSE,Migrate
TIBCO ActiveMatrix® Binding Type for Adapters,Unassigned,3.2.0,https://docs.tibco.com/products/tibco-activematrix-binding-type-for-adapters-3-2-0,TRUE,TRUE,Do Not Migrate
TIBCO ActiveMatrix® Binding Type for Adapters,Unassigned,3.1.2,https://docs.tibco.com/products/tibco-activematrix-binding-type-for-adapters-3-1-2,TRUE,TRUE,Do Not Migrate
TIBCO ActiveMatrix® Binding Type for Adapters,Unassigned,3.0.1,https://docs.tibco.com/products/tibco-activematrix-binding-type-for-adapters-3-0-1,TRUE,TRUE,Do Not Migrate
TIBCO ActiveMatrix® Binding Type for EJB,Unassigned,3.2.0,https://docs.tibco.com/products/tibco-activematrix-binding-type-for-ejb-3-2-0,FALSE,FALSE,Migrate
TIBCO ActiveMatrix® Binding Type for EJB,Unassigned,3.1.2,https://docs.tibco.com/products/tibco-activematrix-binding-type-for-ejb-3-1-2,FALSE,FALSE,Migrate
TIBCO ActiveMatrix® Binding Type for EJB,Unassigned,3.0.1,https://docs.tibco.com/products/tibco-activematrix-binding-type-for-ejb-3-0-1,TRUE,TRUE,Do Not Migrate
TIBCO ActiveMatrix® Binding Type for EJB,Unassigned,1.0.0,https://docs.tibco.com/products/tibco-activematrix-binding-type-for-ejb-1-0-0,FALSE,FALSE,Migrate
TIBCO ActiveMatrix® Binding Type for LDAP,Unassigned,1.0.0,https://docs.tibco.com/products/tibco-activematrix-binding-type-for-ldap-1-0-0,TRUE,TRUE,Do Not Migrate
TIBCO ActiveMatrix® Binding Type for REST,Unassigned,3.3.0,https://docs.tibco.com/products/tibco-activematrix-binding-type-for-rest-3-3-0,FALSE,FALSE,Do Not Migrate
TIBCO ActiveMatrix® Binding Type for REST,Unassigned,3.2.0,https://docs.tibco.com/products/tibco-activematrix-binding-type-for-rest-3-2-0,FALSE,FALSE,Do Not Migrate
TIBCO ActiveMatrix® BPM,Unassigned,4.3.0,https://docs.tibco.com/products/tibco-activematrix-bpm-4-3-0,FALSE,FALSE,Migrate
TIBCO ActiveMatrix® BPM,Unassigned,4.2.0,https://docs.tibco.com/products/tibco-activematrix-bpm-4-2-0,FALSE,FALSE,Migrate
TIBCO ActiveMatrix® BPM,Unassigned,4.1.0,https://docs.tibco.com/products/tibco-activematrix-bpm-4-1-0,TRUE,FALSE,Do Not Migrate
TIBCO ActiveMatrix® BPM,Unassigned,3.1.0,https://docs.tibco.com/products/tibco-activematrix-bpm-3-1-0,TRUE,FALSE,Do Not Migrate
TIBCO ActiveMatrix® BPM,Unassigned,3.0.0,https://docs.tibco.com/products/tibco-activematrix-bpm-3-0-0,TRUE,FALSE,Do Not Migrate
TIBCO ActiveMatrix® BPM,Unassigned,2.2.0,https://docs.tibco.com/products/tibco-activematrix-bpm-2-2-0,TRUE,FALSE,Do Not Migrate
TIBCO ActiveMatrix® BPM,Unassigned,2.1.0,https://docs.tibco.com/products/tibco-activematrix-bpm-2-1-0,TRUE,FALSE,Do Not Migrate
TIBCO ActiveMatrix® BPM - Mobilespace for iOS 1.0.0,Master Data Management,1.0.0,https://docs.tibco.com/products/tibco-activematrix-bpm-mobilespace-for-ios-1-0-0,FALSE,FALSE,Migrate
TIBCO ActiveMatrix® Decisions,Unassigned,1.3.0,https://docs.tibco.com/products/tibco-activematrix-decisions-1-3-0,TRUE,TRUE,Do Not Migrate
TIBCO ActiveMatrix® Decisions,Unassigned,1.2.0,https://docs.tibco.com/products/tibco-activematrix-decisions-1-2-0,TRUE,TRUE,Do Not Migrate
TIBCO ActiveMatrix® Decisions,Unassigned,1.1.1,https://docs.tibco.com/products/tibco-activematrix-decisions-1-1-1,TRUE,TRUE,Do Not Migrate
TIBCO ActiveMatrix® Decisions,Unassigned,1.1.0,https://docs.tibco.com/products/tibco-activematrix-decisions-1-1-0,TRUE,TRUE,Do Not Migrate
TIBCO ActiveMatrix® Decisions,Unassigned,1.0.1,https://docs.tibco.com/products/tibco-activematrix-decisions-1-0-1,TRUE,TRUE,Do Not Migrate
TIBCO ActiveMatrix® Decisions,Unassigned,1.0.0,https://docs.tibco.com/products/tibco-activematrix-decisions-1-0-0,TRUE,TRUE,Do Not Migrate
TIBCO ActiveMatrix® Implementation Type for C++,Unassigned,3.2.0,https://docs.tibco.com/products/tibco-activematrix-implementation-type-for-c++-3-2-0,FALSE,FALSE,Migrate
TIBCO ActiveMatrix® Implementation Type for C++,Unassigned,3.1.2,https://docs.tibco.com/products/tibco-activematrix-implementation-type-for-c++-3-1-2,FALSE,FALSE,Migrate
TIBCO ActiveMatrix® Implementation Type for C++,Unassigned,3.0.1,https://docs.tibco.com/products/tibco-activematrix-implementation-type-for-c++-3-0-1,FALSE,FALSE,Migrate
TIBCO ActiveMatrix® Implementation Type for C++,Unassigned,3.0.0,https://docs.tibco.com/products/tibco-activematrix-implementation-type-for-c++-3-0-0,FALSE,FALSE,Migrate
TIBCO ActiveMatrix® Implementation Type for C++,Unassigned,1.1.0,https://docs.tibco.com/products/tibco-activematrix-implementation-type-for-c++-1-1-0,FALSE,FALSE,Migrate
TIBCO ActiveMatrix® Implementation Type for Microsoft CLR,Unassigned,3.3.0,https://docs.tibco.com/products/tibco-activematrix-implementation-type-for-microsoft-clr-3-3-0,FALSE,FALSE,Migrate
TIBCO ActiveMatrix® Implementation Type for Microsoft CLR,Unassigned,3.2.0,https://docs.tibco.com/products/tibco-activematrix-implementation-type-for-microsoft-clr-3-2-0,FALSE,FALSE,Migrate
TIBCO ActiveMatrix® Implementation Type for Microsoft CLR,Unassigned,3.1.2,https://docs.tibco.com/products/tibco-activematrix-implementation-type-for-microsoft-clr-3-1-2,FALSE,FALSE,Migrate
TIBCO ActiveMatrix® Implementation Type for Scripting in Ruby,Unassigned,1,https://docs.tibco.com/products/tibco-activematrix-implementation-type-for-scripting-in-ruby-1-0,FALSE,FALSE,Migrate
TIBCO ActiveMatrix® Implementation Type for TIBCO Adapters,Unassigned,1.0.0,https://docs.tibco.com/products/tibco-activematrix-implementation-type-for-tibco-adapters-1-0-0,TRUE,TRUE,Do Not Migrate
TIBCO ActiveMatrix® Implementation Type for WCF Host,Unassigned,1,https://docs.tibco.com/products/tibco-activematrix-implementation-type-for-wcf-host-1-0,FALSE,FALSE,Migrate
TIBCO ActiveMatrix® Management Agent for WCF,Unassigned,1.2,https://docs.tibco.com/products/tibco-activematrix-management-agent-for-wcf-1-2,FALSE,FALSE,Migrate
TIBCO ActiveMatrix® Management Agent for WCF,Unassigned,1.2.1,https://docs.tibco.com/products/tibco-activematrix-management-agent-for-wcf-1-2-1,FALSE,FALSE,Migrate
TIBCO ActiveMatrix® Management Agent for WCF,Unassigned,1.1,https://docs.tibco.com/products/tibco-activematrix-management-agent-for-wcf-1-1,FALSE,FALSE,Migrate
TIBCO ActiveMatrix® Management Agent for WebSphere,Unassigned,1.2,https://docs.tibco.com/products/tibco-activematrix-management-agent-for-websphere-1-2,FALSE,FALSE,Migrate
TIBCO ActiveMatrix® Management Agent for WebSphere,Unassigned,1.2.1,https://docs.tibco.com/products/tibco-activematrix-management-agent-for-websphere-1-2-1,FALSE,FALSE,Migrate
TIBCO ActiveMatrix® Management Agent for WebSphere,Unassigned,1.1,https://docs.tibco.com/products/tibco-activematrix-management-agent-for-websphere-1-1,FALSE,FALSE,Migrate
TIBCO ActiveMatrix® Policy Director,Unassigned,2.0.0,https://docs.tibco.com/products/tibco-activematrix-policy-director-2-0-0,TRUE,TRUE,Do Not Migrate
TIBCO ActiveMatrix® Policy Director,Unassigned,1.1.0,https://docs.tibco.com/products/tibco-activematrix-policy-director-1-1-0,TRUE,TRUE,Do Not Migrate
TIBCO ActiveMatrix® Policy Director,Unassigned,1.0.1,https://docs.tibco.com/products/tibco-activematrix-policy-director-1-0-1,TRUE,TRUE,Do Not Migrate
TIBCO ActiveMatrix® Policy Director,Unassigned,1.0.0,https://docs.tibco.com/products/tibco-activematrix-policy-director-1-0-0,TRUE,TRUE,Do Not Migrate
TIBCO ActiveMatrix® Runtime UDDI Server,Unassigned,3.1,https://docs.tibco.com/products/tibco-activematrix-runtime-uddi-server-3-1,FALSE,FALSE,Migrate
TIBCO ActiveMatrix® Runtime UDDI Server,Unassigned,3.0.0,https://docs.tibco.com/products/tibco-activematrix-runtime-uddi-server-3-0-0,FALSE,FALSE,Migrate
TIBCO ActiveMatrix® Service Bus,Unassigned,3.4.0,https://docs.tibco.com/products/tibco-activematrix-service-bus-3-4-0,TRUE,TRUE,Do Not Migrate
TIBCO ActiveMatrix® Service Bus,Unassigned,3.3.0,https://docs.tibco.com/products/tibco-activematrix-service-bus-3-3-0,TRUE,TRUE,Do Not Migrate
TIBCO ActiveMatrix® Service Bus,Unassigned,3.2.0,https://docs.tibco.com/products/tibco-activematrix-service-bus-3-2-0,TRUE,TRUE,Do Not Migrate
TIBCO ActiveMatrix® Service Bus,Unassigned,3.1.5,https://docs.tibco.com/products/tibco-activematrix-service-bus-3-1-5,TRUE,TRUE,Do Not Migrate
TIBCO ActiveMatrix® Service Bus,Unassigned,2.3.2,https://docs.tibco.com/products/tibco-activematrix-service-bus-2-3-2,TRUE,TRUE,Do Not Migrate
TIBCO ActiveMatrix® Service Bus,Unassigned,2.3.1,https://docs.tibco.com/products/tibco-activematrix-service-bus-2-3-1,TRUE,TRUE,Do Not Migrate
TIBCO ActiveMatrix® Service Bus,Unassigned,2.3.0,https://docs.tibco.com/products/tibco-activematrix-service-bus-2-3-0,TRUE,TRUE,Do Not Migrate
TIBCO ActiveMatrix® Service Bus,Unassigned,2.2.0,https://docs.tibco.com/products/tibco-activematrix-service-bus-2-2-0,TRUE,TRUE,Do Not Migrate
TIBCO ActiveMatrix® Service Gateway,Unassigned,1.1,https://docs.tibco.com/products/tibco-activematrix-service-gateway-1-1,FALSE,FALSE,Do Not Migrate
TIBCO ActiveMatrix® Service Grid,Unassigned,3.4.4,https://docs.tibco.com/products/tibco-activematrix-service-grid-3-4-4,FALSE,FALSE,Migrate
TIBCO ActiveMatrix® Service Grid,Unassigned,3.4.3,https://docs.tibco.com/products/tibco-activematrix-service-grid-3-4-3,FALSE,FALSE,Migrate
TIBCO ActiveMatrix® Service Grid,Unassigned,3.4.2,https://docs.tibco.com/products/tibco-activematrix-service-grid-3-4-2,TRUE,TRUE,Do Not Migrate
TIBCO ActiveMatrix® Service Grid,Unassigned,3.4.1,https://docs.tibco.com/products/tibco-activematrix-service-grid-3-4-1,TRUE,TRUE,Do Not Migrate
TIBCO ActiveMatrix® Service Grid,Unassigned,3.4.0,https://docs.tibco.com/products/tibco-activematrix-service-grid-3-4-0,TRUE,TRUE,Do Not Migrate
TIBCO ActiveMatrix® Service Grid,Unassigned,3.3.1,https://docs.tibco.com/products/tibco-activematrix-service-grid-3-3-1,TRUE,TRUE,Do Not Migrate
TIBCO ActiveMatrix® Service Grid,Unassigned,3.3.0,https://docs.tibco.com/products/tibco-activematrix-service-grid-3-3-0,TRUE,TRUE,Do Not Migrate
TIBCO ActiveMatrix® Service Grid,Unassigned,3.2.0,https://docs.tibco.com/products/tibco-activematrix-service-grid-3-2-0,TRUE,TRUE,Do Not Migrate
TIBCO ActiveMatrix® Service Grid,Unassigned,3.1.5,https://docs.tibco.com/products/tibco-activematrix-service-grid-3-1-5,TRUE,TRUE,Do Not Migrate
TIBCO ActiveMatrix® Spotfire Enabler,Unassigned,1.0.0,https://docs.tibco.com/products/tibco-activematrix-spotfire-enabler-1-0-0,FALSE,FALSE,Migrate
TIBCO ActiveMatrix® Updater Tool for Java Runtime Environment (JRE),Unassigned,1.1.0,https://docs.tibco.com/products/tibco-activematrix-updater-tool-for-java-runtime-environment-jre-1-1-0,FALSE,FALSE,Migrate
TIBCO ActiveMatrix® Updater Tool for Java Runtime Environment (JRE),Unassigned,1.0.0,https://docs.tibco.com/products/tibco-activematrix-updater-tool-for-java-runtime-environment-jre-1-0-0,FALSE,FALSE,Migrate
TIBCO ActiveSpaces® - Enterprise Edition,Data Grid,5.2.0,https://docs.tibco.com/products/tibco-activespaces-enterprise-edition-5-2-0,FALSE,FALSE,Migrate
TIBCO ActiveSpaces® - Enterprise Edition,Data Grid,5.1.1,https://docs.tibco.com/products/tibco-activespaces-enterprise-edition-5-1-1,FALSE,FALSE,Migrate
TIBCO ActiveSpaces® - Enterprise Edition,Data Grid,5.1.0,https://docs.tibco.com/products/tibco-activespaces-enterprise-edition-5-1-0,FALSE,FALSE,Migrate
TIBCO ActiveSpaces® - Enterprise Edition,Data Grid,5.0.0,https://docs.tibco.com/products/tibco-activespaces-enterprise-edition-5-0-0,FALSE,FALSE,Do Not Migrate
TIBCO ActiveSpaces® - Enterprise Edition,Data Grid,4.10.1,https://docs.tibco.com/products/tibco-activespaces-enterprise-edition-4-10-1,FALSE,FALSE,Do Not Migrate
TIBCO ActiveSpaces® - Enterprise Edition,Data Grid,4.10.0,https://docs.tibco.com/products/tibco-activespaces-enterprise-edition-4-10-0,FALSE,FALSE,Do Not Migrate
TIBCO ActiveSpaces® - Enterprise Edition,Data Grid,4.9.1,https://docs.tibco.com/products/tibco-activespaces-enterprise-edition-4-9-1,TRUE,FALSE,Do Not Migrate
TIBCO ActiveSpaces® - Enterprise Edition,Data Grid,4.9.0,https://docs.tibco.com/products/tibco-activespaces-enterprise-edition-4-9-0,TRUE,FALSE,Do Not Migrate
TIBCO ActiveSpaces® - Enterprise Edition,Data Grid,4.8.1,https://docs.tibco.com/products/tibco-activespaces-enterprise-edition-4-8-1,TRUE,FALSE,Do Not Migrate
TIBCO ActiveSpaces® - Enterprise Edition,Data Grid,4.8.0,https://docs.tibco.com/products/tibco-activespaces-enterprise-edition-4-8-0,TRUE,FALSE,Do Not Migrate
TIBCO ActiveSpaces® - Enterprise Edition,Data Grid,4.7.1,https://docs.tibco.com/products/tibco-activespaces-enterprise-edition-4-7-1,TRUE,FALSE,Do Not Migrate
TIBCO ActiveSpaces® - Enterprise Edition,Data Grid,4.7.0,https://docs.tibco.com/products/tibco-activespaces-enterprise-edition-4-7-0,TRUE,FALSE,Do Not Migrate
TIBCO ActiveSpaces® - Enterprise Edition,Data Grid,4.6.2,https://docs.tibco.com/products/tibco-activespaces-enterprise-edition-4-6-2,TRUE,FALSE,Do Not Migrate
TIBCO ActiveSpaces® - Enterprise Edition,Data Grid,4.6.1,https://docs.tibco.com/products/tibco-activespaces-enterprise-edition-4-6-1,TRUE,FALSE,Do Not Migrate
TIBCO ActiveSpaces® - Enterprise Edition,Data Grid,4.6.0,https://docs.tibco.com/products/tibco-activespaces-enterprise-edition-4-6-0,TRUE,FALSE,Do Not Migrate
TIBCO ActiveSpaces® - Enterprise Edition,Data Grid,4.5.0,https://docs.tibco.com/products/tibco-activespaces-enterprise-edition-4-5-0,TRUE,FALSE,Do Not Migrate
TIBCO ActiveSpaces® - Enterprise Edition,Data Grid,4.4.0,https://docs.tibco.com/products/tibco-activespaces-enterprise-edition-4-4-0,TRUE,FALSE,Do Not Migrate
TIBCO ActiveSpaces® - Enterprise Edition,Data Grid,4.3.0,https://docs.tibco.com/products/tibco-activespaces-enterprise-edition-4-3-0,TRUE,FALSE,Do Not Migrate
TIBCO ActiveSpaces® - Enterprise Edition,Data Grid,4.2.0,https://docs.tibco.com/products/tibco-activespaces-enterprise-edition-4-2-0,TRUE,FALSE,Do Not Migrate
TIBCO ActiveSpaces® - Enterprise Edition,Data Grid,4.1.0,https://docs.tibco.com/products/tibco-activespaces-enterprise-edition-4-1-0,TRUE,FALSE,Do Not Migrate
TIBCO ActiveSpaces® - Enterprise Edition,Data Grid,4.0.0,https://docs.tibco.com/products/tibco-activespaces-enterprise-edition-4-0-0,TRUE,FALSE,Do Not Migrate
TIBCO ActiveSpaces® - Enterprise Edition,Data Grid,3.5.1,https://docs.tibco.com/products/tibco-activespaces-enterprise-edition-3-5-1,TRUE,FALSE,Do Not Migrate
TIBCO ActiveSpaces® - Enterprise Edition,Data Grid,3.5.0,https://docs.tibco.com/products/tibco-activespaces-enterprise-edition-3-5-0,TRUE,FALSE,Do Not Migrate
TIBCO ActiveSpaces® - Enterprise Edition,Data Grid,3.4.0,https://docs.tibco.com/products/tibco-activespaces-enterprise-edition-3-4-0,TRUE,FALSE,Do Not Migrate
TIBCO ActiveSpaces® - Enterprise Edition,Data Grid,3.3.0,https://docs.tibco.com/products/tibco-activespaces-enterprise-edition-3-3-0,TRUE,FALSE,Do Not Migrate
TIBCO ActiveSpaces® - Enterprise Edition,Data Grid,3.2.0,https://docs.tibco.com/products/tibco-activespaces-3-2-0,TRUE,FALSE,Do Not Migrate
TIBCO ActiveSpaces® - Enterprise Edition,Data Grid,3.1.0,https://docs.tibco.com/products/tibco-activespaces-3-1-0,TRUE,FALSE,Do Not Migrate
TIBCO ActiveSpaces® - Enterprise Edition,Data Grid,3.0.0,https://docs.tibco.com/products/tibco-activespaces-3-0-0,TRUE,FALSE,Do Not Migrate
TIBCO ActiveSpaces® - Enterprise Edition,Data Grid,2.4.2,https://docs.tibco.com/products/tibco-activespaces-enterprise-edition-2-4-2,TRUE,FALSE,Do Not Migrate
TIBCO ActiveSpaces® - Enterprise Edition,Data Grid,2.4.1,https://docs.tibco.com/products/tibco-activespaces-enterprise-edition-2-4-1,TRUE,FALSE,Do Not Migrate
TIBCO ActiveSpaces® - Enterprise Edition,Data Grid,2.4.0,https://docs.tibco.com/products/tibco-activespaces-enterprise-edition-2-4-0,TRUE,FALSE,Do Not Migrate
TIBCO ActiveSpaces® - Enterprise Edition,Data Grid,2.3.0,https://docs.tibco.com/products/tibco-activespaces-enterprise-edition-2-3-0,TRUE,FALSE,Do Not Migrate
TIBCO ActiveSpaces® - Enterprise Edition,Data Grid,2.2.1,https://docs.tibco.com/products/tibco-activespaces-enterprise-edition-2-2-1,TRUE,FALSE,Do Not Migrate
TIBCO ActiveSpaces® - Enterprise Edition,Data Grid,2.2.0,https://docs.tibco.com/products/tibco-activespaces-enterprise-edition-2-2-0,TRUE,FALSE,Do Not Migrate
TIBCO ActiveSpaces® - Enterprise Edition,Data Grid,2.1.6,https://docs.tibco.com/products/tibco-activespaces-enterprise-edition-2-1-6,TRUE,FALSE,Do Not Migrate
TIBCO ActiveSpaces® - Enterprise Edition,Data Grid,2.1.5,https://docs.tibco.com/products/tibco-activespaces-enterprise-edition-2-1-5,TRUE,FALSE,Do Not Migrate
TIBCO ActiveSpaces® - Enterprise Edition,Data Grid,2.1.4,https://docs.tibco.com/products/tibco-activespaces-enterprise-edition-2-1-4,TRUE,FALSE,Do Not Migrate
TIBCO ActiveSpaces® - Enterprise Edition,Data Grid,2.1.3,https://docs.tibco.com/products/tibco-activespaces-enterprise-edition-2-1-3,TRUE,FALSE,Do Not Migrate
TIBCO ActiveSpaces® - Enterprise Edition,Data Grid,2.1.2,https://docs.tibco.com/products/tibco-activespaces-2-1-2,TRUE,FALSE,Do Not Migrate
TIBCO ActiveSpaces® - Enterprise Edition,Data Grid,2.1.1,https://docs.tibco.com/products/tibco-activespaces-2-1-1,TRUE,FALSE,Do Not Migrate
TIBCO ActiveSpaces® - Enterprise Edition,Data Grid,2.0.2,https://docs.tibco.com/products/tibco-activespaces-2-0-2,TRUE,FALSE,Do Not Migrate
TIBCO ActiveSpaces® - Enterprise Edition,Data Grid,2.0.1,https://docs.tibco.com/products/tibco-activespaces-2-0-1,TRUE,FALSE,Do Not Migrate
TIBCO ActiveSpaces® - Enterprise Edition,Data Grid,2.0.0,https://docs.tibco.com/products/tibco-activespaces-2-0-0,TRUE,FALSE,Do Not Migrate
TIBCO ActiveSpaces® - Enterprise Edition,Data Grid,1.1.1,https://docs.tibco.com/products/tibco-activespaces-1-1-1,TRUE,FALSE,Do Not Migrate
TIBCO ActiveSpaces® - Enterprise Edition,Data Grid,1.1.0,https://docs.tibco.com/products/tibco-activespaces-1-1-0,TRUE,FALSE,Do Not Migrate
TIBCO ActiveSpaces® - Enterprise Edition,Data Grid,1.0.2,https://docs.tibco.com/products/tibco-activespaces-1-0-2,TRUE,FALSE,Do Not Migrate
TIBCO ActiveSpaces® - Enterprise Edition,Data Grid,1.0.1,https://docs.tibco.com/products/tibco-activespaces-1-0-1,TRUE,FALSE,Do Not Migrate
TIBCO ActiveSpaces® Connector for Apache Kafka - Enterprise Edition,Data Grid,1.0.0,https://docs.tibco.com/products/tibco-activespaces-connector-for-apache-kafka-enterprise-edition-1-0-0,TRUE,TRUE,Do Not Migrate
TIBCO ActiveSpaces® Connector for Apache Pulsar - Enterprise Edition,Data Grid,1.0.0,https://docs.tibco.com/products/tibco-activespaces-connector-for-apache-pulsar-enterprise-edition-1-0-0,TRUE,FALSE,Do Not Migrate
TIBCO ActiveSpaces® Enterprise Edition Add-on,Data Grid,2.1.2,https://docs.tibco.com/products/tibco-activespaces-enterprise-edition-add-on-2-1-2,TRUE,FALSE,Do Not Migrate
TIBCO ActiveSpaces® Remote Client,Unassigned,2.3.0,https://docs.tibco.com/products/tibco-activespaces-remote-client-2-3-0,TRUE,FALSE,Do Not Migrate
TIBCO ActiveSpaces® Remote Client,Unassigned,2.2.1,https://docs.tibco.com/products/tibco-activespaces-remote-client-2-2-1,TRUE,FALSE,Do Not Migrate
TIBCO ActiveSpaces® Remote Client,Unassigned,2.2.0,https://docs.tibco.com/products/tibco-activespaces-remote-client-2-2-0,TRUE,FALSE,Do Not Migrate
TIBCO ActiveSpaces® Remote Client,Unassigned,2.1.6,https://docs.tibco.com/products/tibco-activespaces-remote-client-2-1-6,TRUE,FALSE,Do Not Migrate
TIBCO ActiveSpaces® Remote Client,Unassigned,2.1.5,https://docs.tibco.com/products/tibco-activespaces-remote-client-2-1-5,TRUE,FALSE,Do Not Migrate
TIBCO ActiveSpaces® Remote Client,Unassigned,2.1.4,https://docs.tibco.com/products/tibco-activespaces-remote-client-2-1-4,TRUE,FALSE,Do Not Migrate
TIBCO ActiveSpaces® Remote Client,Unassigned,2.1.3,https://docs.tibco.com/products/tibco-activespaces-remote-client-2-1-3,TRUE,FALSE,Do Not Migrate
TIBCO ActiveSpaces® Transactions,Unassigned,2.5.11,https://docs.tibco.com/products/tibco-activespaces-transactions-2-5-11,TRUE,TRUE,Do Not Migrate
TIBCO ActiveSpaces® Transactions,Unassigned,2.5.10,https://docs.tibco.com/products/tibco-activespaces-transactions-2-5-10,TRUE,TRUE,Do Not Migrate
TIBCO ActiveSpaces® Transactions,Unassigned,2.5.9,https://docs.tibco.com/products/tibco-activespaces-transactions-2-5-9,TRUE,TRUE,Do Not Migrate
TIBCO ActiveSpaces® Transactions,Unassigned,2.5.8,https://docs.tibco.com/products/tibco-activespaces-transactions-2-5-8,TRUE,TRUE,Do Not Migrate
TIBCO ActiveSpaces® Transactions,Unassigned,2.5.7,https://docs.tibco.com/products/tibco-activespaces-transactions-2-5-7,TRUE,TRUE,Do Not Migrate
TIBCO ActiveSpaces® Transactions,Unassigned,2.5.6,https://docs.tibco.com/products/tibco-activespaces-transactions-2-5-6,TRUE,TRUE,Do Not Migrate
TIBCO ActiveSpaces® Transactions,Unassigned,2.5.5,https://docs.tibco.com/products/tibco-activespaces-transactions-2-5-5,TRUE,TRUE,Do Not Migrate
TIBCO ActiveSpaces® Transactions,Unassigned,2.5.4,https://docs.tibco.com/products/tibco-activespaces-transactions-2-5-4,TRUE,TRUE,Do Not Migrate
TIBCO ActiveSpaces® Transactions,Unassigned,2.5.3,https://docs.tibco.com/products/tibco-activespaces-transactions-2-5-3,TRUE,TRUE,Do Not Migrate
TIBCO ActiveSpaces® Transactions,Unassigned,2.5.2,https://docs.tibco.com/products/tibco-activespaces-transactions-2-5-2,TRUE,TRUE,Do Not Migrate
TIBCO ActiveSpaces® Transactions,Unassigned,2.5.1,https://docs.tibco.com/products/tibco-activespaces-transactions-2-5-1,TRUE,TRUE,Do Not Migrate
TIBCO ActiveSpaces® Transactions,Unassigned,2.4.1,https://docs.tibco.com/products/tibco-activespaces-transactions-2-4-1,TRUE,TRUE,Do Not Migrate
TIBCO ActiveSpaces® Transactions,Unassigned,2.4.0,https://docs.tibco.com/products/tibco-activespaces-transactions-2-4-0,TRUE,TRUE,Do Not Migrate
TIBCO ActiveSpaces® Transactions,Unassigned,2.3.9,https://docs.tibco.com/products/tibco-activespaces-transactions-2-3-9,TRUE,TRUE,Do Not Migrate
TIBCO ActiveSpaces® Transactions,Unassigned,2.3.8,https://docs.tibco.com/products/tibco-activespaces-transactions-2-3-8,TRUE,TRUE,Do Not Migrate
TIBCO ActiveSpaces® Transactions,Unassigned,2.3.7,https://docs.tibco.com/products/tibco-activespaces-transactions-2-3-7,TRUE,TRUE,Do Not Migrate
TIBCO ActiveSpaces® Transactions,Unassigned,2.3.6,https://docs.tibco.com/products/tibco-activespaces-transactions-2-3-6,TRUE,TRUE,Do Not Migrate
TIBCO ActiveSpaces® Transactions,Unassigned,2.3.4,https://docs.tibco.com/products/tibco-activespaces-transactions-2-3-4,TRUE,TRUE,Do Not Migrate
TIBCO ActiveSpaces® Transactions,Unassigned,2.3.3,https://docs.tibco.com/products/tibco-activespaces-transactions-2-3-3,TRUE,TRUE,Do Not Migrate
TIBCO ActiveSpaces® Transactions,Unassigned,2.3.2,https://docs.tibco.com/products/tibco-activespaces-transactions-2-3-2,TRUE,TRUE,Do Not Migrate
TIBCO ActiveSpaces® Transactions,Unassigned,2.3.1,https://docs.tibco.com/products/tibco-activespaces-transactions-2-3-1,TRUE,TRUE,Do Not Migrate
TIBCO ActiveSpaces® Transactions,Unassigned,2.3.0,https://docs.tibco.com/products/tibco-activespaces-transactions-2-3-0,TRUE,TRUE,Do Not Migrate
TIBCO ActiveSpaces® Transactions,Unassigned,2.2.3,https://docs.tibco.com/products/tibco-activespaces-transactions-2-2-3,TRUE,TRUE,Do Not Migrate
TIBCO ActiveSpaces® Transactions,Unassigned,2.2.2,https://docs.tibco.com/products/tibco-activespaces-transactions-2-2-2,TRUE,TRUE,Do Not Migrate
TIBCO ActiveSpaces® Transactions,Unassigned,2.2.1,https://docs.tibco.com/products/tibco-activespaces-transactions-2-2-1,TRUE,TRUE,Do Not Migrate
TIBCO ActiveSpaces® Transactions,Unassigned,2.2.0,https://docs.tibco.com/products/tibco-activespaces-transactions-2-2-0,TRUE,TRUE,Do Not Migrate
TIBCO Adapter™ for COM,Unassigned,5.3.1,https://docs.tibco.com/products/tibco-adapter-for-com-5-3-1,TRUE,TRUE,Do Not Migrate
TIBCO Adapter™ for Files z/OS (MVS),Unassigned,4.7,https://docs.tibco.com/products/tibco-adapter-for-files-z-os-mvs-4-7,FALSE,FALSE,Migrate
TIBCO Adapter™ for Infranet 5.2.0,Unassigned,5.2.0,https://docs.tibco.com/products/tibco-adapter-for-infranet-5-2-0,FALSE,FALSE,Migrate
TIBCO Adapter™ for Oracle Applications,Unassigned,5.4.1,https://docs.tibco.com/products/tibco-adapter-for-oracle-applications-5-4-1,FALSE,FALSE,Migrate
TIBCO Administrator™ - Enterprise Edition,Integration,5.13.0,https://docs.tibco.com/products/tibco-administrator-enterprise-edition-5-13-0,FALSE,FALSE,Migrate
TIBCO Administrator™ - Enterprise Edition,Integration,5.12.4,https://docs.tibco.com/products/tibco-administrator-enterprise-edition-5-12-4,FALSE,FALSE,Migrate
TIBCO Administrator™ - Enterprise Edition,Integration,5.12.2,https://docs.tibco.com/products/tibco-administrator-enterprise-edition-5-12-2,FALSE,FALSE,Migrate
TIBCO Administrator™ - Enterprise Edition,Integration,5.12.0,https://docs.tibco.com/products/tibco-administrator-enterprise-edition-5-12-0,TRUE,FALSE,Migrate
TIBCO Administrator™ - Enterprise Edition,Integration,5.11.3,https://docs.tibco.com/products/tibco-administrator-enterprise-edition-5-11-3,TRUE,FALSE,Migrate
TIBCO Administrator™ - Enterprise Edition,Integration,5.11.2,https://docs.tibco.com/products/tibco-administrator-enterprise-edition-5-11-2,TRUE,FALSE,Migrate
TIBCO Administrator™ - Enterprise Edition,Integration,5.11.1,https://docs.tibco.com/products/tibco-administrator-enterprise-edition-5-11-1,TRUE,FALSE,Migrate
TIBCO Administrator™ - Enterprise Edition,Integration,5.11.0,https://docs.tibco.com/products/tibco-administrator-5-11-0,TRUE,FALSE,Migrate
TIBCO Administrator™ - Enterprise Edition,Integration,5.10.3,https://docs.tibco.com/products/tibco-administrator-enterprise-edition-5-10-3,TRUE,FALSE,Migrate
TIBCO Administrator™ - Enterprise Edition,Integration,5.10.2,https://docs.tibco.com/products/tibco-administrator-enterprise-edition-5-10-2,TRUE,FALSE,Migrate
TIBCO Administrator™ - Enterprise Edition,Integration,5.10.1,https://docs.tibco.com/products/tibco-administrator-5-10-1,TRUE,FALSE,Do Not Migrate
TIBCO Administrator™ - Enterprise Edition,Integration,5.10.0,https://docs.tibco.com/products/tibco-administrator-5-10-0,TRUE,FALSE,Do Not Migrate
TIBCO Administrator™ - Enterprise Edition,Integration,5.9.1,https://docs.tibco.com/products/tibco-administrator-5-9-1,TRUE,FALSE,Do Not Migrate
TIBCO Administrator™ - Enterprise Edition,Integration,5.9.0,https://docs.tibco.com/products/tibco-administrator-5-9-0,TRUE,FALSE,Do Not Migrate
TIBCO Administrator™ - Enterprise Edition,Integration,5.8.0,https://docs.tibco.com/products/tibco-administrator-5-8-0,TRUE,FALSE,Do Not Migrate
TIBCO Administrator™ - Enterprise Edition,Integration,5.7.1,https://docs.tibco.com/products/tibco-administrator-5-7-1,TRUE,FALSE,Do Not Migrate
TIBCO Administrator™ - Enterprise Edition,Integration,5.7.0,https://docs.tibco.com/products/tibco-administrator-5-7-0,TRUE,FALSE,Do Not Migrate
TIBCO Administrator™ - Enterprise Edition Distribution for TIBCO Silver® Fabric,Integration,5.11.0,https://docs.tibco.com/products/tibco-administrator-enterprise-edition-distribution-for-tibco-silver-fabric-5-11-0,TRUE,TRUE,Do Not Migrate
TIBCO Business Studio™ - Analyst Edition,Unassigned,4.3.0,https://docs.tibco.com/products/tibco-business-studio-analyst-edition-4-3-0,FALSE,FALSE,Migrate
TIBCO Business Studio™ - Analyst Edition,Unassigned,4.2.0,https://docs.tibco.com/products/tibco-business-studio-analyst-edition-4-2-0,FALSE,FALSE,Migrate
TIBCO Business Studio™ - Analyst Edition,Unassigned,4.1.0,https://docs.tibco.com/products/tibco-business-studio-analyst-edition-4-1-0,TRUE,FALSE,Do Not Migrate
TIBCO Business Studio™ - Analyst Edition,Unassigned,4.0.0,https://docs.tibco.com/products/tibco-business-studio-analyst-edition-4-0-0,TRUE,FALSE,Do Not Migrate
TIBCO Business Studio™ - BPM Edition,Business Process Management,5.7.0,https://docs.tibco.com/products/tibco-business-studio-bpm-edition-5-7-0,FALSE,FALSE,Migrate
TIBCO Business Studio™ - BPM Edition,Business Process Management,5.6.1,https://docs.tibco.com/products/tibco-business-studio-bpm-edition-5-6-1,FALSE,FALSE,Migrate
TIBCO Business Studio™ - BPM Edition,Business Process Management,5.6.0,https://docs.tibco.com/products/tibco-business-studio-bpm-edition-5-6-0,FALSE,FALSE,Migrate
TIBCO Business Studio™ - BPM Edition,Business Process Management,5.5.0,https://docs.tibco.com/products/tibco-business-studio-bpm-edition-5-5-0,FALSE,TRUE,Do Not Migrate
TIBCO Business Studio™ - BPM Edition,Business Process Management,5.4.0,https://docs.tibco.com/products/tibco-business-studio-bpm-edition-5-4-0,FALSE,TRUE,Do Not Migrate
TIBCO Business Studio™ - BPM Edition,Business Process Management,5.3.0,https://docs.tibco.com/products/tibco-business-studio-bpm-edition-5-3-0,FALSE,TRUE,Do Not Migrate
TIBCO Business Studio™ - BPM Edition,Business Process Management,5.2.1,https://docs.tibco.com/products/tibco-business-studio-bpm-edition-5-2-1,TRUE,TRUE,Do Not Migrate
TIBCO Business Studio™ - BPM Edition,Business Process Management,5.2.0,https://docs.tibco.com/products/tibco-business-studio-bpm-edition-5-2-0,TRUE,TRUE,Do Not Migrate
TIBCO Business Studio™ - BPM Edition,Business Process Management,5.1.0,https://docs.tibco.com/products/tibco-business-studio-bpm-edition-5-1-0,TRUE,TRUE,Do Not Migrate
TIBCO Business Studio™ - BPM Edition,Business Process Management,5.0.0,https://docs.tibco.com/products/tibco-business-studio-bpm-edition-5-0-0,TRUE,TRUE,Do Not Migrate
TIBCO Business Studio™ - BPM Edition,Business Process Management,4.3.5,https://docs.tibco.com/products/tibco-business-studio-bpm-edition-4-3-5,FALSE,FALSE,Migrate
TIBCO Business Studio™ - BPM Edition,Business Process Management,4.3.4,https://docs.tibco.com/products/tibco-business-studio-bpm-edition-4-3-4,FALSE,TRUE,Do Not Migrate
TIBCO Business Studio™ - BPM Edition,Business Process Management,4.3.3,https://docs.tibco.com/products/tibco-business-studio-bpm-edition-4-3-3,FALSE,TRUE,Do Not Migrate
TIBCO Business Studio™ - BPM Edition,Business Process Management,4.3.2,https://docs.tibco.com/products/tibco-business-studio-bpm-edition-4-3-2,TRUE,TRUE,Do Not Migrate
TIBCO Business Studio™ - BPM Edition,Business Process Management,4.3.1,https://docs.tibco.com/products/tibco-business-studio-bpm-edition-4-3-1,TRUE,TRUE,Do Not Migrate
TIBCO Business Studio™ - BPM Edition,Business Process Management,4.3.0,https://docs.tibco.com/products/tibco-business-studio-bpm-edition-4-3-0,TRUE,TRUE,Do Not Migrate
TIBCO Business Studio™ - BPM Edition,Business Process Management,4.2.0,https://docs.tibco.com/products/tibco-business-studio-bpm-edition-4-2-0,TRUE,TRUE,Do Not Migrate
TIBCO Business Studio™ - BPM Edition,Business Process Management,4.1.0,https://docs.tibco.com/products/tibco-business-studio-bpm-edition-4-1-0,TRUE,TRUE,Do Not Migrate
TIBCO Business Studio™ - BPM Edition,Business Process Management,4.0.0,https://docs.tibco.com/products/tibco-business-studio-bpm-edition-4-0-0,TRUE,TRUE,Do Not Migrate
TIBCO Business Studio™ - BPM Edition,Business Process Management,3.9.0,https://docs.tibco.com/products/tibco-business-studio-bpm-edition-3-9-0,TRUE,TRUE,Do Not Migrate
TIBCO Business Studio™ - BPM Edition,Business Process Management,3.8.0,https://docs.tibco.com/products/tibco-business-studio-bpm-edition-3-8-0,TRUE,TRUE,Do Not Migrate
TIBCO Business Studio™ - BPM Edition,Business Process Management,3.7.0,https://docs.tibco.com/products/tibco-business-studio-bpm-edition-3-7-0,TRUE,TRUE,Do Not Migrate
TIBCO Business Studio™ - BPM Edition,Business Process Management,3.6.0,https://docs.tibco.com/products/tibco-business-studio-bpm-edition-3-6-0,TRUE,TRUE,Do Not Migrate
TIBCO Business Studio™ - BPM Edition,Business Process Management,3.5.20,https://docs.tibco.com/products/tibco-business-studio-bpm-edition-3-5-20,TRUE,TRUE,Do Not Migrate
TIBCO Business Studio™ - BPM Edition,Business Process Management,3.5.2,https://docs.tibco.com/products/tibco-business-studio-bpm-edition-3-5-2,TRUE,FALSE,Do Not Migrate
TIBCO Business Studio™ - Community Edition,Unassigned,4.2.0,https://docs.tibco.com/products/tibco-business-studio-community-edition-4-2-0,FALSE,FALSE,Migrate
TIBCO Business Studio™ ActiveMatrix® Decisions Add-in,Unassigned,1.4.0,https://docs.tibco.com/products/tibco-business-studio-activematrix-decisions-add-in-1-4-0,FALSE,FALSE,Migrate
TIBCO Business Studio™ ActiveMatrix® Decisions Add-in,Unassigned,1.3.0,https://docs.tibco.com/products/tibco-business-studio-activematrix-decisions-add-in-1-3-0,FALSE,FALSE,Migrate
TIBCO Business Studio™ ActiveMatrix® Decisions Add-in,Unassigned,1.2.0,https://docs.tibco.com/products/tibco-business-studio-activematrix-decisions-add-in-1-2-0,TRUE,TRUE,Do Not Migrate
TIBCO Business Studio™ ActiveMatrix® Decisions Add-in,Unassigned,1.1.1,https://docs.tibco.com/products/tibco-business-studio-activematrix-decisions-add-in-1-1-1,TRUE,TRUE,Do Not Migrate
TIBCO Business Studio™ ActiveMatrix® Decisions Add-in,Unassigned,1.1.0,https://docs.tibco.com/products/tibco-business-studio-activematrix-decisions-add-in-1-1-0,TRUE,TRUE,Do Not Migrate
TIBCO Business Studio™ ActiveMatrix® Decisions Add-in,Unassigned,1.0.1,https://docs.tibco.com/products/tibco-business-studio-activematrix-decisions-add-in-1-0-1,TRUE,TRUE,Do Not Migrate
TIBCO Business Studio™ ActiveMatrix® Decisions Add-in,Unassigned,1.0.0,https://docs.tibco.com/products/tibco-business-studio-activematrix-decisions-add-in-1-0-0,TRUE,TRUE,Do Not Migrate
TIBCO Business Studio™ for Analysts,Unassigned,3.6.0,https://docs.tibco.com/products/tibco-business-studio-for-analysts-3-6-0,FALSE,FALSE,Migrate
TIBCO Business Studio™ for Analysts,Unassigned,3.5.20,https://docs.tibco.com/products/tibco-business-studio-for-analysts-3-5-20,FALSE,FALSE,Migrate
TIBCO Business Studio™ for Analysts,Unassigned,3.5.10,https://docs.tibco.com/products/tibco-business-studio-for-analysts-3-5-10,FALSE,FALSE,Migrate
TIBCO Business Studio™ iProcess® Add-in,Unassigned,3.5.1,https://docs.tibco.com/products/tibco-business-studio-iprocess-add-in-3-5-1,FALSE,FALSE,Migrate
TIBCO BusinessConnect™,B2B,7.5.0,https://docs.tibco.com/products/tibco-businessconnect-7-5-0,FALSE,FALSE,Migrate
TIBCO BusinessConnect™,B2B,7.4.0,https://docs.tibco.com/products/tibco-businessconnect-7-4-0,FALSE,FALSE,Migrate
TIBCO BusinessConnect™,B2B,7.3.1,https://docs.tibco.com/products/tibco-businessconnect-7-3-1,TRUE,TRUE,Do Not Migrate
TIBCO BusinessConnect™,B2B,7.3.0,https://docs.tibco.com/products/tibco-businessconnect-7-3-0,TRUE,TRUE,Do Not Migrate
TIBCO BusinessConnect™,B2B,7.2.1,https://docs.tibco.com/products/tibco-businessconnect-7-2-1,TRUE,TRUE,Do Not Migrate
TIBCO BusinessConnect™,B2B,7.2.0,https://docs.tibco.com/products/tibco-businessconnect-7-2-0,TRUE,TRUE,Do Not Migrate
TIBCO BusinessConnect™,B2B,7.1.0,https://docs.tibco.com/products/tibco-businessconnect-7-1-0,TRUE,TRUE,Do Not Migrate
TIBCO BusinessConnect™,B2B,7.0.0,https://docs.tibco.com/products/tibco-businessconnect-7-0-0,TRUE,TRUE,Do Not Migrate
TIBCO BusinessConnect™,B2B,6.4.0,https://docs.tibco.com/products/tibco-businessconnect-6-4-0,TRUE,TRUE,Do Not Migrate
TIBCO BusinessConnect™,B2B,6.3.0,https://docs.tibco.com/products/tibco-businessconnect-6-3-0,TRUE,TRUE,Do Not Migrate
TIBCO BusinessConnect™,B2B,6.2.1,https://docs.tibco.com/products/tibco-businessconnect-6-2-1,TRUE,TRUE,Do Not Migrate
TIBCO BusinessConnect™,B2B,6.1.0,https://docs.tibco.com/products/tibco-businessconnect-6-1-0,TRUE,TRUE,Do Not Migrate
TIBCO BusinessConnect™,B2B,6.0.2,https://docs.tibco.com/products/tibco-businessconnect-6-0-2,TRUE,TRUE,Do Not Migrate
TIBCO BusinessConnect™,B2B,6.0.1,https://docs.tibco.com/products/tibco-businessconnect-6-0-1,TRUE,TRUE,Do Not Migrate
TIBCO BusinessConnect™,B2B,6.0.0,https://docs.tibco.com/products/tibco-businessconnect-6-0-0,TRUE,TRUE,Do Not Migrate
TIBCO BusinessConnect™,B2B,5.3.3,https://docs.tibco.com/products/tibco-businessconnect-5-3-3,TRUE,TRUE,Do Not Migrate
TIBCO BusinessConnect™,B2B,5.3.2,https://docs.tibco.com/products/tibco-businessconnect-5-3-2,TRUE,TRUE,Do Not Migrate
TIBCO BusinessConnect™,B2B,5.3.1,https://docs.tibco.com/products/tibco-businessconnect-5-3-1,TRUE,TRUE,Do Not Migrate
TIBCO BusinessConnect™ B2BPlugin for CMI,Unassigned,1.0.0,https://docs.tibco.com/products/tibco-businessconnect-b2bplugin-for-cmi-1-0-0,FALSE,FALSE,Migrate
TIBCO BusinessConnect™ ConfigStore Management Interface Protocol,B2B,6.1.0,https://docs.tibco.com/products/tibco-businessconnect-configstore-management-interface-protocol-6-1-0,FALSE,FALSE,Migrate
TIBCO BusinessConnect™ ConfigStore Management Interface Protocol,B2B,6.0.0,https://docs.tibco.com/products/tibco-businessconnect-configstore-management-interface-protocol-6-0-0,TRUE,TRUE,Do Not Migrate
TIBCO BusinessConnect™ ConfigStore Management Interface Protocol,B2B,1,https://docs.tibco.com/products/tibco-businessconnect-configstore-management-interface-protocol-1-0,FALSE,FALSE,Migrate
TIBCO BusinessConnect™ Container Edition,B2B,1.7.0,https://docs.tibco.com/products/tibco-businessconnect-container-edition-1-7-0,FALSE,FALSE,Migrate
TIBCO BusinessConnect™ Container Edition,B2B,1.6.1,https://docs.tibco.com/products/tibco-businessconnect-container-edition-1-6-1,FALSE,FALSE,Migrate
TIBCO BusinessConnect™ Container Edition,B2B,1.6.0,https://docs.tibco.com/products/tibco-businessconnect-container-edition-1-6-0,FALSE,FALSE,Migrate
TIBCO BusinessConnect™ Container Edition,B2B,1.5.0,https://docs.tibco.com/products/tibco-businessconnect-container-edition-1-5-0,FALSE,FALSE,Migrate
TIBCO BusinessConnect™ Container Edition,B2B,1.4.0,https://docs.tibco.com/products/tibco-businessconnect-container-edition-1-4-0,FALSE,FALSE,Migrate
TIBCO BusinessConnect™ Container Edition,B2B,1.3.0,https://docs.tibco.com/products/tibco-businessconnect-container-edition-1-3-0,FALSE,FALSE,Migrate
TIBCO BusinessConnect™ Container Edition,B2B,1.2.0,https://docs.tibco.com/products/tibco-businessconnect-container-edition-1-2-0,TRUE,TRUE,Do Not Migrate
TIBCO BusinessConnect™ Container Edition,B2B,1.1.1,https://docs.tibco.com/products/tibco-businessconnect-container-edition-1-1-1,TRUE,TRUE,Do Not Migrate
TIBCO BusinessConnect™ Container Edition,B2B,1.1.0,https://docs.tibco.com/products/tibco-businessconnect-container-edition-1-1-0,TRUE,TRUE,Do Not Migrate
TIBCO BusinessConnect™ Container Edition,B2B,1.0.0,https://docs.tibco.com/products/tibco-businessconnect-container-edition-1-0-0,TRUE,TRUE,Do Not Migrate
TIBCO BusinessConnect™ Container Edition - ebXML Protocol,B2B,1.3.0,https://docs.tibco.com/products/tibco-businessconnect-container-edition-ebxml-protocol-1-3-0,FALSE,FALSE,Migrate
TIBCO BusinessConnect™ Container Edition - ebXML Protocol,B2B,1.2.1,https://docs.tibco.com/products/tibco-businessconnect-container-edition-ebxml-protocol-1-2-1,FALSE,FALSE,Migrate
TIBCO BusinessConnect™ Container Edition - ebXML Protocol,B2B,1.2.0,https://docs.tibco.com/products/tibco-businessconnect-container-edition-ebxml-protocol-1-2-0,FALSE,FALSE,Migrate
TIBCO BusinessConnect™ Container Edition - ebXML Protocol,B2B,1.1.0,https://docs.tibco.com/products/tibco-businessconnect-container-edition-ebxml-protocol-1-1-0,FALSE,FALSE,Migrate
TIBCO BusinessConnect™ Container Edition - ebXML Protocol,B2B,1.0.0,https://docs.tibco.com/products/tibco-businessconnect-container-edition-ebxml-protocol-1-0-0,FALSE,FALSE,Migrate
TIBCO BusinessConnect™ Container Edition - EDI Protocol HIPAA Edition powered by Instream®,Unassigned,1.3.0,https://docs.tibco.com/products/tibco-businessconnect-container-edition-edi-protocol-hipaa-edition-powered-by-instream-1-3-0,FALSE,FALSE,Migrate
TIBCO BusinessConnect™ Container Edition - EDI Protocol HIPAA Edition powered by Instream®,Unassigned,1.2.0,https://docs.tibco.com/products/tibco-businessconnect-container-edition-edi-protocol-hipaa-edition-powered-by-instream-1-2-0,FALSE,FALSE,Migrate
TIBCO BusinessConnect™ Container Edition - EDI Protocol HIPAA Edition powered by Instream®,Unassigned,1.1.0,https://docs.tibco.com/products/tibco-businessconnect-container-edition-edi-protocol-hipaa-edition-powered-by-instream-1-1-0,FALSE,FALSE,Migrate
TIBCO BusinessConnect™ Container Edition - EDI Protocol HIPAA Edition powered by Instream®,Unassigned,1.0.0,https://docs.tibco.com/products/tibco-businessconnect-container-edition-edi-protocol-hipaa-edition-powered-by-instream-1-0-0,FALSE,FALSE,Migrate
TIBCO BusinessConnect™ Container Edition - EDI Protocol powered by Instream®,Unassigned,1.6.0,https://docs.tibco.com/products/tibco-businessconnect-container-edition-edi-protocol-powered-by-instream-1-6-0,FALSE,FALSE,Migrate
TIBCO BusinessConnect™ Container Edition - EDI Protocol powered by Instream®,Unassigned,1.5.0,https://docs.tibco.com/products/tibco-businessconnect-container-edition-edi-protocol-powered-by-instream-1-5-0,FALSE,FALSE,Migrate
TIBCO BusinessConnect™ Container Edition - EDI Protocol powered by Instream®,Unassigned,1.4.0,https://docs.tibco.com/products/tibco-businessconnect-container-edition-edi-protocol-powered-by-instream-1-4-0,FALSE,FALSE,Migrate
TIBCO BusinessConnect™ Container Edition - EDI Protocol powered by Instream®,Unassigned,1.3.0,https://docs.tibco.com/products/tibco-businessconnect-container-edition-edi-protocol-powered-by-instream-1-3-0,FALSE,FALSE,Migrate
TIBCO BusinessConnect™ Container Edition - EDI Protocol powered by Instream®,Unassigned,1.2.0,https://docs.tibco.com/products/tibco-businessconnect-container-edition-edi-protocol-powered-by-instream-1-2-0,FALSE,FALSE,Migrate
TIBCO BusinessConnect™ Container Edition - EDI Protocol powered by Instream®,Unassigned,1.1.0,https://docs.tibco.com/products/tibco-businessconnect-container-edition-edi-protocol-powered-by-instream-1-1-0,FALSE,FALSE,Migrate
TIBCO BusinessConnect™ Container Edition - EDI Protocol powered by Instream®,Unassigned,1.0.0,https://docs.tibco.com/products/tibco-businessconnect-container-edition-edi-protocol-powered-by-instream-1-0-0,TRUE,TRUE,Do Not Migrate
TIBCO BusinessConnect™ Container Edition - RosettaNet Protocol,B2B,1.7.0,https://docs.tibco.com/products/tibco-businessconnect-container-edition-rosettanet-protocol-1-7-0,FALSE,FALSE,Migrate
TIBCO BusinessConnect™ Container Edition - RosettaNet Protocol,B2B,1.6.0,https://docs.tibco.com/products/tibco-businessconnect-container-edition-rosettanet-protocol-1-6-0,FALSE,FALSE,Migrate
TIBCO BusinessConnect™ Container Edition - RosettaNet Protocol,B2B,1.5.0,https://docs.tibco.com/products/tibco-businessconnect-container-edition-rosettanet-protocol-1-5-0,FALSE,FALSE,Migrate
TIBCO BusinessConnect™ Container Edition - RosettaNet Protocol,B2B,1.4.0,https://docs.tibco.com/products/tibco-businessconnect-container-edition-rosettanet-protocol-1-4-0,FALSE,FALSE,Migrate
TIBCO BusinessConnect™ Container Edition - RosettaNet Protocol,B2B,1.3.0,https://docs.tibco.com/products/tibco-businessconnect-container-edition-rosettanet-protocol-1-3-0,FALSE,FALSE,Migrate
TIBCO BusinessConnect™ Container Edition - RosettaNet Protocol,B2B,1.2.0,https://docs.tibco.com/products/tibco-businessconnect-container-edition-rosettanet-protocol-1-2-0,TRUE,TRUE,Do Not Migrate
TIBCO BusinessConnect™ Container Edition - RosettaNet Protocol,B2B,1.1.0,https://docs.tibco.com/products/tibco-businessconnect-container-edition-rosettanet-protocol-1-1-0,TRUE,TRUE,Do Not Migrate
TIBCO BusinessConnect™ Container Edition - RosettaNet Protocol,B2B,1.0.0,https://docs.tibco.com/products/tibco-businessconnect-container-edition-rosettanet-protocol-1-0-0,TRUE,TRUE,Do Not Migrate
TIBCO BusinessConnect™ Container Edition - Services Plug-in,B2B,1.7.0,https://docs.tibco.com/products/tibco-businessconnect-container-edition-services-plug-in-1-7-0,FALSE,FALSE,Migrate
TIBCO BusinessConnect™ Container Edition - Services Plug-in,B2B,1.6.0,https://docs.tibco.com/products/tibco-businessconnect-container-edition-services-plug-in-1-6-0,FALSE,FALSE,Migrate
TIBCO BusinessConnect™ Container Edition - Services Plug-in,B2B,1.5.0,https://docs.tibco.com/products/tibco-businessconnect-container-edition-services-plug-in-1-5-0,FALSE,FALSE,Migrate
TIBCO BusinessConnect™ Container Edition - Services Plug-in,B2B,1.4.0,https://docs.tibco.com/products/tibco-businessconnect-container-edition-services-plug-in-1-4-0,FALSE,FALSE,Migrate
TIBCO BusinessConnect™ Container Edition - Services Plug-in,B2B,1.3.0,https://docs.tibco.com/products/tibco-businessconnect-container-edition-services-plug-in-1-3-0,FALSE,FALSE,Migrate
TIBCO BusinessConnect™ Container Edition - Services Plug-in,B2B,1.2.0,https://docs.tibco.com/products/tibco-businessconnect-container-edition-services-plug-in-1-2-0,FALSE,TRUE,Do Not Migrate
TIBCO BusinessConnect™ Container Edition - Services Plug-in,B2B,1.1.0,https://docs.tibco.com/products/tibco-businessconnect-container-edition-services-plug-in-1-1-0,TRUE,TRUE,Do Not Migrate
TIBCO BusinessConnect™ Container Edition - Services Plug-in,B2B,1.0.0,https://docs.tibco.com/products/tibco-businessconnect-container-edition-services-plug-in-1-0-0,TRUE,TRUE,Do Not Migrate
TIBCO BusinessConnect™ Container Edition - SOAP Protocol,B2B,1.3.0,https://docs.tibco.com/products/tibco-businessconnect-container-edition-soap-protocol-1-3-0,FALSE,FALSE,Migrate
TIBCO BusinessConnect™ Container Edition - SOAP Protocol,B2B,1.2.1,https://docs.tibco.com/products/tibco-businessconnect-container-edition-soap-protocol-1-2-1,FALSE,FALSE,Migrate
TIBCO BusinessConnect™ Container Edition - SOAP Protocol,B2B,1.2.0,https://docs.tibco.com/products/tibco-businessconnect-container-edition-soap-protocol-1-2-0,FALSE,FALSE,Migrate
TIBCO BusinessConnect™ Container Edition - SOAP Protocol,B2B,1.1.0,https://docs.tibco.com/products/tibco-businessconnect-container-edition-soap-protocol-1-1-0,FALSE,FALSE,Migrate
TIBCO BusinessConnect™ Container Edition - SOAP Protocol,B2B,1.0.0,https://docs.tibco.com/products/tibco-businessconnect-container-edition-soap-protocol-1-0-0,FALSE,FALSE,Migrate
TIBCO BusinessConnect™ Container Edition ConfigStore Management Interface Protocol,B2B,1.2.0,https://docs.tibco.com/products/tibco-businessconnect-container-edition-configstore-management-interface-protocol-1-2-0,FALSE,FALSE,Migrate
TIBCO BusinessConnect™ Container Edition ConfigStore Management Interface Protocol,B2B,1.1.0,https://docs.tibco.com/products/tibco-businessconnect-container-edition-configstore-management-interface-protocol-1-1-0,FALSE,FALSE,Migrate
TIBCO BusinessConnect™ Container Edition ConfigStore Management Interface Protocol,B2B,1.0.0,https://docs.tibco.com/products/tibco-businessconnect-container-edition-configstore-management-interface-protocol-1-0-0,FALSE,FALSE,Migrate
TIBCO BusinessConnect™ cXML Protocol,B2B,6.1.0,https://docs.tibco.com/products/tibco-businessconnect-cxml-protocol-6-1-0,TRUE,FALSE,Do Not Migrate
TIBCO BusinessConnect™ cXML Protocol,B2B,6.0.1,https://docs.tibco.com/products/tibco-businessconnect-cxml-protocol-6-0-1,TRUE,TRUE,Do Not Migrate
TIBCO BusinessConnect™ cXML Protocol,B2B,6.0.0,https://docs.tibco.com/products/tibco-businessconnect-cxml-protocol-6-0-0,TRUE,TRUE,Do Not Migrate
TIBCO BusinessConnect™ Distribution for TIBCO Silver® Fabric,Unassigned,6.2.1,https://docs.tibco.com/products/tibco-businessconnect-distribution-for-tibco-silver-fabric-6-2-1,TRUE,TRUE,Do Not Migrate
TIBCO BusinessConnect™ ebXML Protocol,B2B,6.4.0,https://docs.tibco.com/products/tibco-businessconnect-ebxml-protocol-6-4-0,FALSE,FALSE,Migrate
TIBCO BusinessConnect™ ebXML Protocol,B2B,6.3.0,https://docs.tibco.com/products/tibco-businessconnect-ebxml-protocol-6-3-0,TRUE,FALSE,Migrate
TIBCO BusinessConnect™ ebXML Protocol,B2B,6.2.0,https://docs.tibco.com/products/tibco-businessconnect-ebxml-protocol-6-2-0,TRUE,TRUE,Do Not Migrate
TIBCO BusinessConnect™ ebXML Protocol,B2B,6.1.0,https://docs.tibco.com/products/tibco-businessconnect-ebxml-protocol-6-1-0,TRUE,TRUE,Do Not Migrate
TIBCO BusinessConnect™ ebXML Protocol,B2B,6.0.1,https://docs.tibco.com/products/tibco-businessconnect-ebxml-protocol-6-0-1,TRUE,TRUE,Do Not Migrate
TIBCO BusinessConnect™ ebXML Protocol,B2B,6.0.0,https://docs.tibco.com/products/tibco-businessconnect-ebxml-protocol-6-0-0,TRUE,TRUE,Do Not Migrate
TIBCO BusinessConnect™ EDI Protocol HIPAA Edition powered by Instream®,Unassigned,6.7.0,https://docs.tibco.com/products/tibco-businessconnect-edi-protocol-hipaa-edition-powered-by-instream-6-7-0,FALSE,FALSE,Migrate
TIBCO BusinessConnect™ EDI Protocol HIPAA Edition powered by Instream®,Unassigned,6.6.0,https://docs.tibco.com/products/tibco-businessconnect-edi-protocol-hipaa-edition-powered-by-instream-6-6-0,TRUE,TRUE,Do Not Migrate
TIBCO BusinessConnect™ EDI Protocol HIPAA Edition powered by Instream®,Unassigned,6.5.0,https://docs.tibco.com/products/tibco-businessconnect-edi-protocol-hipaa-powered-by-instream-6-5-0,TRUE,TRUE,Do Not Migrate
TIBCO BusinessConnect™ EDI Protocol HIPAA Edition powered by Instream®,Unassigned,6.4.0,https://docs.tibco.com/products/tibco-businessconnect-edi-protocol-hipaa-powered-by-instream-6-4-0,TRUE,TRUE,Do Not Migrate
TIBCO BusinessConnect™ EDI Protocol HIPAA Edition powered by Instream®,Unassigned,6.3.0,https://docs.tibco.com/products/tibco-businessconnect-edi-protocol-hipaa-powered-by-instream-6-3-0,TRUE,TRUE,Do Not Migrate
TIBCO BusinessConnect™ EDI Protocol HIPAA Edition powered by Instream®,Unassigned,6.2.0,https://docs.tibco.com/products/tibco-businessconnect-edi-protocol-hipaa-powered-by-instream-6-2-0,TRUE,TRUE,Do Not Migrate
TIBCO BusinessConnect™ EDI Protocol HIPAA Edition powered by Instream®,Unassigned,6.1.0,https://docs.tibco.com/products/tibco-businessconnect-edi-protocol-hipaa-powered-by-instream-6-1-0,TRUE,TRUE,Do Not Migrate
TIBCO BusinessConnect™ EDI Protocol powered by Instream®,Unassigned,6.11.0,https://docs.tibco.com/products/tibco-businessconnect-edi-protocol-powered-by-instream-6-11-0,FALSE,FALSE,Migrate
TIBCO BusinessConnect™ EDI Protocol powered by Instream®,Unassigned,6.10.0,https://docs.tibco.com/products/tibco-businessconnect-edi-protocol-powered-by-instream-6-10-0,FALSE,FALSE,Migrate
TIBCO BusinessConnect™ EDI Protocol powered by Instream®,Unassigned,6.9.0,https://docs.tibco.com/products/tibco-businessconnect-edi-protocol-powered-by-instream-6-9-0,TRUE,TRUE,Do Not Migrate
TIBCO BusinessConnect™ EDI Protocol powered by Instream®,Unassigned,6.8.0,https://docs.tibco.com/products/tibco-businessconnect-edi-protocol-powered-by-instream-6-8-0,TRUE,TRUE,Do Not Migrate
TIBCO BusinessConnect™ EDI Protocol powered by Instream®,Unassigned,6.7.0,https://docs.tibco.com/products/tibco-businessconnect-edi-protocol-powered-by-instream-6-7-0,TRUE,TRUE,Do Not Migrate
TIBCO BusinessConnect™ EDI Protocol powered by Instream®,Unassigned,6.6.0,https://docs.tibco.com/products/tibco-businessconnect-edi-protocol-powered-by-instream-6-6-0,TRUE,TRUE,Do Not Migrate
TIBCO BusinessConnect™ EDI Protocol powered by Instream®,Unassigned,6.5.1,https://docs.tibco.com/products/tibco-businessconnect-edi-protocol-powered-by-instream-6-5-1,TRUE,TRUE,Do Not Migrate
TIBCO BusinessConnect™ EDI Protocol powered by Instream®,Unassigned,6.5.0,https://docs.tibco.com/products/tibco-businessconnect-edi-protocol-powered-by-instream-6-5-0,TRUE,TRUE,Do Not Migrate
TIBCO BusinessConnect™ EDI Protocol powered by Instream®,Unassigned,6.4.0,https://docs.tibco.com/products/tibco-businessconnect-edi-protocol-powered-by-instream-6-4-0,TRUE,TRUE,Do Not Migrate
TIBCO BusinessConnect™ EDI Protocol powered by Instream®,Unassigned,6.3.0,https://docs.tibco.com/products/tibco-businessconnect-edi-protocol-powered-by-instream-6-3-0,TRUE,TRUE,Do Not Migrate
TIBCO BusinessConnect™ EDI Protocol powered by Instream®,Unassigned,6.2.1,https://docs.tibco.com/products/tibco-businessconnect-edi-protocol-powered-by-instream-6-2-1,TRUE,TRUE,Do Not Migrate
TIBCO BusinessConnect™ EDI Protocol powered by Instream®,Unassigned,6.2.0,https://docs.tibco.com/products/tibco-businessconnect-edi-protocol-powered-by-instream-6-2-0,TRUE,TRUE,Do Not Migrate
TIBCO BusinessConnect™ EDI Protocol powered by Instream®,Unassigned,6.1.0,https://docs.tibco.com/products/tibco-businessconnect-edi-protocol-powered-by-instream-6-1-0,TRUE,TRUE,Do Not Migrate
TIBCO BusinessConnect™ EDI Protocol powered by Instream®,Unassigned,6.0.0,https://docs.tibco.com/products/tibco-businessconnect-edi-protocol-powered-by-instream-6-0-0,TRUE,TRUE,Do Not Migrate
TIBCO BusinessConnect™ Palette,B2B,6.6.0,https://docs.tibco.com/products/tibco-businessconnect-palette-6-6-0,FALSE,FALSE,Migrate
TIBCO BusinessConnect™ Palette,B2B,6.5.0,https://docs.tibco.com/products/tibco-businessconnect-palette-6-5-0,FALSE,FALSE,Migrate
TIBCO BusinessConnect™ Palette,B2B,6.4.0,https://docs.tibco.com/products/tibco-businessconnect-palette-6-4-0,FALSE,TRUE,Do Not Migrate
TIBCO BusinessConnect™ Palette,B2B,6.3.0,https://docs.tibco.com/products/tibco-businessconnect-palette-6-3-0,TRUE,TRUE,Do Not Migrate
TIBCO BusinessConnect™ Palette,B2B,6.2.0,https://docs.tibco.com/products/tibco-businessconnect-palette-6-2-0,TRUE,TRUE,Do Not Migrate
TIBCO BusinessConnect™ Palette Distribution for TIBCO Silver® Fabric,Unassigned,6.2.0,https://docs.tibco.com/products/tibco-businessconnect-palette-distribution-for-tibco-silver-fabric-6-2-0,TRUE,TRUE,Do Not Migrate
TIBCO BusinessConnect™ Partner Management Portal,Unassigned,1.1.0,https://docs.tibco.com/products/tibco-businessconnect-partner-management-portal-1-1-0,FALSE,FALSE,Migrate
TIBCO BusinessConnect™ Partner Management Portal,Unassigned,1.0.0,https://docs.tibco.com/products/tibco-businessconnect-partner-management-portal-1-0-0,FALSE,FALSE,Migrate
TIBCO BusinessConnect™ Plug-in for FTP Server,B2B,1.0.1,https://docs.tibco.com/products/tibco-businessconnect-plug-in-for-ftp-server-1-0-1,FALSE,FALSE,Migrate
TIBCO BusinessConnect™ Plug-in for SSH Server,B2B,1.1.0,https://docs.tibco.com/products/tibco-businessconnect-plug-in-for-ssh-server-1-1-0,FALSE,FALSE,Migrate
TIBCO BusinessConnect™ Plug-in for SSH Server,B2B,1.0.1,https://docs.tibco.com/products/tibco-businessconnect-plug-in-for-ssh-server-1-0-1,TRUE,TRUE,Do Not Migrate
TIBCO BusinessConnect™ Plug-in for SSH Server,B2B,1.0.0,https://docs.tibco.com/products/tibco-businessconnect-plug-in-for-ssh-server-1-0-0,TRUE,TRUE,Do Not Migrate
TIBCO BusinessConnect™ Remote,Unassigned,5,https://docs.tibco.com/products/tibco-businessconnect-remote-5-0,FALSE,FALSE,Migrate
TIBCO BusinessConnect™ RosettaNet Protocol,B2B,5.3.0,https://docs.tibco.com/products/tibco-businessconnect-rosettanet-protocol-5-3-0,TRUE,FALSE,Migrate
TIBCO BusinessConnect™ RosettaNet Protocol,B2B,5.2.0,https://docs.tibco.com/products/tibco-businessconnect-rosettanet-protocol-5-2-0,TRUE,TRUE,Do Not Migrate
TIBCO BusinessConnect™ Services Plug-in,B2B,6.4.0,https://docs.tibco.com/products/tibco-businessconnect-services-plug-in-6-4-0,FALSE,FALSE,Migrate
TIBCO BusinessConnect™ Services Plug-in,B2B,6.3.0,https://docs.tibco.com/products/tibco-businessconnect-services-plug-in-6-3-0,FALSE,FALSE,Migrate
TIBCO BusinessConnect™ Services Plug-in,B2B,6.2.0,https://docs.tibco.com/products/tibco-businessconnect-services-plug-in-6-2-0,TRUE,TRUE,Do Not Migrate
TIBCO BusinessConnect™ Services Plug-in,B2B,6.1.0,https://docs.tibco.com/products/tibco-businessconnect-services-plug-in-6-1-0,TRUE,TRUE,Do Not Migrate
TIBCO BusinessConnect™ SOAP Protocol,B2B,7.2.0,https://docs.tibco.com/products/tibco-businessconnect-soap-protocol-7-2-0,FALSE,FALSE,Migrate
TIBCO BusinessConnect™ SOAP Protocol,B2B,7.1.0,https://docs.tibco.com/products/tibco-businessconnect-soap-protocol-7-1-0,FALSE,FALSE,Migrate
TIBCO BusinessConnect™ SOAP Protocol,B2B,7.0.0,https://docs.tibco.com/products/tibco-businessconnect-soap-protocol-7-0-0,TRUE,TRUE,Do Not Migrate
TIBCO BusinessConnect™ SOAP Protocol,B2B,6.2.0,https://docs.tibco.com/products/tibco-businessconnect-soap-protocol-6-2-0,TRUE,TRUE,Do Not Migrate
TIBCO BusinessConnect™ SOAP Protocol,B2B,6.1.0,https://docs.tibco.com/products/tibco-businessconnect-soap-protocol-6-1-0,TRUE,TRUE,Do Not Migrate
TIBCO BusinessConnect™ SOAP Protocol,B2B,6.0.0,https://docs.tibco.com/products/tibco-businessconnect-soap-protocol-6-0-0,TRUE,TRUE,Do Not Migrate
TIBCO BusinessConnect™ Trading Community Management,B2B,6.2.0,https://docs.tibco.com/products/tibco-businessconnect-trading-community-management-6-2-0,FALSE,FALSE,Migrate
TIBCO BusinessConnect™ Trading Community Management,B2B,6.1.1,https://docs.tibco.com/products/tibco-businessconnect-trading-community-management-6-1-1,TRUE,FALSE,Migrate
TIBCO BusinessConnect™ Trading Community Management,B2B,6.1.0,https://docs.tibco.com/products/tibco-businessconnect-trading-community-management-6-1-0,TRUE,FALSE,Migrate
TIBCO BusinessConnect™ Trading Community Management,B2B,6.0.0,https://docs.tibco.com/products/tibco-businessconnect-trading-community-management-6-0-0,TRUE,TRUE,Do Not Migrate
TIBCO BusinessEvents® Data Modeling,Event Processing,5.4.1,https://docs.tibco.com/products/tibco-businessevents-data-modeling-5-4-1,TRUE,FALSE,Do Not Migrate
TIBCO BusinessEvents® Data Modeling,Event Processing,5.4.0,https://docs.tibco.com/products/tibco-businessevents-data-modeling-5-4-0,TRUE,FALSE,Do Not Migrate
TIBCO BusinessEvents® Data Modeling,Event Processing,5.3.0,https://docs.tibco.com/products/tibco-businessevents-data-modeling-5-3-0,TRUE,FALSE,Do Not Migrate
TIBCO BusinessEvents® Data Modeling,Event Processing,5.2.2,https://docs.tibco.com/products/tibco-businessevents-data-modeling-5-2-2,TRUE,FALSE,Do Not Migrate
TIBCO BusinessEvents® Data Modeling,Event Processing,5.2.1,https://docs.tibco.com/products/tibco-businessevents-data-modeling-5-2-1,TRUE,FALSE,Do Not Migrate
TIBCO BusinessEvents® Data Modeling,Event Processing,5.2.0,https://docs.tibco.com/products/tibco-businessevents-data-modeling-5-2-0,TRUE,FALSE,Do Not Migrate
TIBCO BusinessEvents® Data Modeling,Event Processing,5.1.4,https://docs.tibco.com/products/tibco-businessevents-data-modeling-5-1-4,TRUE,FALSE,Do Not Migrate
TIBCO BusinessEvents® Data Modeling,Event Processing,5.1.3,https://docs.tibco.com/products/tibco-businessevents-data-modeling-5-1-3,TRUE,FALSE,Do Not Migrate
TIBCO BusinessEvents® Data Modeling,Event Processing,5.1.2,https://docs.tibco.com/products/tibco-businessevents-data-modeling-5-1-2,TRUE,FALSE,Do Not Migrate
TIBCO BusinessEvents® Data Modeling,Event Processing,5.1.1,https://docs.tibco.com/products/tibco-businessevents-data-modeling-5-1-1,TRUE,FALSE,Do Not Migrate
TIBCO BusinessEvents® Data Modeling,Event Processing,5.1.0,https://docs.tibco.com/products/tibco-businessevents-data-modeling-5-1-0,TRUE,FALSE,Do Not Migrate
TIBCO BusinessEvents® Data Modeling,Event Processing,5,https://docs.tibco.com/products/tibco-businessevents-data-modeling-5-0,FALSE,FALSE,Migrate
TIBCO BusinessEvents® Data Modeling,Event Processing,5.0.1,https://docs.tibco.com/products/tibco-businessevents-data-modeling-5-0-1,TRUE,FALSE,Do Not Migrate
TIBCO BusinessEvents® Data Modeling,Event Processing,4.0.2,https://docs.tibco.com/products/tibco-businessevents-data-modeling-4-0-2,TRUE,FALSE,Do Not Migrate
TIBCO BusinessEvents® Data Modeling,Event Processing,4.0.1,https://docs.tibco.com/products/tibco-businessevents-data-modeling-4-0-1,TRUE,FALSE,Do Not Migrate
TIBCO BusinessEvents® Data Modeling,Event Processing,4.0.0,https://docs.tibco.com/products/tibco-businessevents-data-modeling-4-0-0,TRUE,FALSE,Do Not Migrate
TIBCO BusinessEvents® Decision Manager,Event Processing,5.4.1,https://docs.tibco.com/products/tibco-businessevents-decision-manager-5-4-1,TRUE,FALSE,Do Not Migrate
TIBCO BusinessEvents® Decision Manager,Event Processing,5.4.0,https://docs.tibco.com/products/tibco-businessevents-decision-manager-5-4-0,TRUE,FALSE,Do Not Migrate
TIBCO BusinessEvents® Decision Manager,Event Processing,5.3.0,https://docs.tibco.com/products/tibco-businessevents-decision-manager-5-3-0,TRUE,FALSE,Do Not Migrate
TIBCO BusinessEvents® Decision Manager,Event Processing,5.2.2,https://docs.tibco.com/products/tibco-businessevents-decision-manager-5-2-2,TRUE,FALSE,Do Not Migrate
TIBCO BusinessEvents® Decision Manager,Event Processing,5.2.1,https://docs.tibco.com/products/tibco-businessevents-decision-manager-5-2-1,TRUE,FALSE,Do Not Migrate
TIBCO BusinessEvents® Decision Manager,Event Processing,5.2.0,https://docs.tibco.com/products/tibco-businessevents-decision-manager-5-2-0,TRUE,FALSE,Do Not Migrate
TIBCO BusinessEvents® Decision Manager,Event Processing,5.1.4,https://docs.tibco.com/products/tibco-businessevents-decision-manager-5-1-4,TRUE,FALSE,Do Not Migrate
TIBCO BusinessEvents® Decision Manager,Event Processing,5.1.3,https://docs.tibco.com/products/tibco-businessevents-decision-manager-5-1-3,TRUE,FALSE,Do Not Migrate
TIBCO BusinessEvents® Decision Manager,Event Processing,5.1.2,https://docs.tibco.com/products/tibco-businessevents-decision-manager-5-1-2,TRUE,FALSE,Do Not Migrate
TIBCO BusinessEvents® Decision Manager,Event Processing,5.1.1,https://docs.tibco.com/products/tibco-businessevents-decision-manager-5-1-1,TRUE,FALSE,Do Not Migrate
TIBCO BusinessEvents® Decision Manager,Event Processing,5.1.0,https://docs.tibco.com/products/tibco-businessevents-decision-manager-5-1-0,TRUE,FALSE,Do Not Migrate
TIBCO BusinessEvents® Decision Manager,Event Processing,5.0.1,https://docs.tibco.com/products/tibco-businessevents-decision-manager-5-0-1,TRUE,FALSE,Do Not Migrate
TIBCO BusinessEvents® Decision Manager,Event Processing,5.0.0,https://docs.tibco.com/products/tibco-businessevents-decision-manager-5-0-0,TRUE,FALSE,Do Not Migrate
TIBCO BusinessEvents® Decision Manager,Event Processing,4.0.2,https://docs.tibco.com/products/tibco-businessevents-decision-manager-4-0-2,TRUE,FALSE,Do Not Migrate
TIBCO BusinessEvents® Decision Manager,Event Processing,4.0.1,https://docs.tibco.com/products/tibco-businessevents-decision-manager-4-0-1,TRUE,FALSE,Do Not Migrate
TIBCO BusinessEvents® Decision Manager,Event Processing,4.0.0,https://docs.tibco.com/products/tibco-businessevents-decision-manager-4-0-0,TRUE,FALSE,Do Not Migrate
TIBCO BusinessEvents® Enterprise Edition,Event Processing,6.4.0,https://docs.tibco.com/products/tibco-businessevents-enterprise-edition-6-4-0,FALSE,FALSE,Migrate
TIBCO BusinessEvents® Enterprise Edition,Event Processing,6.3.2,https://docs.tibco.com/products/tibco-businessevents-enterprise-edition-6-3-2,FALSE,FALSE,Migrate
TIBCO BusinessEvents® Enterprise Edition,Event Processing,6.3.1,https://docs.tibco.com/products/tibco-businessevents-enterprise-edition-6-3-1,FALSE,FALSE,Migrate
TIBCO BusinessEvents® Enterprise Edition,Event Processing,6.3.0,https://docs.tibco.com/products/tibco-businessevents-enterprise-edition-6-3-0,FALSE,FALSE,Migrate
TIBCO BusinessEvents® Enterprise Edition,Event Processing,6.2.2,https://docs.tibco.com/products/tibco-businessevents-enterprise-edition-6-2-2,TRUE,TRUE,Do Not Migrate
TIBCO BusinessEvents® Enterprise Edition,Event Processing,6.2.1,https://docs.tibco.com/products/tibco-businessevents-enterprise-edition-6-2-1,TRUE,TRUE,Do Not Migrate
TIBCO BusinessEvents® Enterprise Edition,Event Processing,6.2.0,https://docs.tibco.com/products/tibco-businessevents-enterprise-edition-6-2-0,TRUE,TRUE,Do Not Migrate
TIBCO BusinessEvents® Enterprise Edition,Event Processing,6.1.2,https://docs.tibco.com/products/tibco-businessevents-enterprise-edition-6-1-2,TRUE,TRUE,Do Not Migrate
TIBCO BusinessEvents® Enterprise Edition,Event Processing,6.1.1,https://docs.tibco.com/products/tibco-businessevents-enterprise-edition-6-1-1,TRUE,TRUE,Do Not Migrate
TIBCO BusinessEvents® Enterprise Edition,Event Processing,6.1.0,https://docs.tibco.com/products/tibco-businessevents-enterprise-edition-6-1-0,TRUE,TRUE,Do Not Migrate
TIBCO BusinessEvents® Enterprise Edition,Event Processing,6.0.0,https://docs.tibco.com/products/tibco-businessevents-enterprise-edition-6-0-0,TRUE,TRUE,Do Not Migrate
TIBCO BusinessEvents® Enterprise Edition,Event Processing,5.6.1,https://docs.tibco.com/products/tibco-businessevents-enterprise-edition-5-6-1,TRUE,TRUE,Do Not Migrate
TIBCO BusinessEvents® Enterprise Edition,Event Processing,5.6.0,https://docs.tibco.com/products/tibco-businessevents-enterprise-edition-5-6-0,TRUE,TRUE,Do Not Migrate
TIBCO BusinessEvents® Enterprise Edition,Event Processing,5.5.0,https://docs.tibco.com/products/tibco-businessevents-5-5-0,TRUE,TRUE,Do Not Migrate
TIBCO BusinessEvents® Enterprise Edition,Event Processing,5.4.1,https://docs.tibco.com/products/tibco-businessevents-5-4-1,TRUE,TRUE,Do Not Migrate
TIBCO BusinessEvents® Enterprise Edition,Event Processing,5.4.0,https://docs.tibco.com/products/tibco-businessevents-5-4-0,TRUE,TRUE,Do Not Migrate
TIBCO BusinessEvents® Enterprise Edition,Event Processing,5.3.0,https://docs.tibco.com/products/tibco-businessevents-5-3-0,TRUE,TRUE,Do Not Migrate
TIBCO BusinessEvents® Enterprise Edition,Event Processing,5.2.2,https://docs.tibco.com/products/tibco-businessevents-5-2-2,TRUE,TRUE,Do Not Migrate
TIBCO BusinessEvents® Enterprise Edition,Event Processing,5.2.1,https://docs.tibco.com/products/tibco-businessevents-5-2-1,TRUE,TRUE,Do Not Migrate
TIBCO BusinessEvents® Enterprise Edition,Event Processing,5.2.0,https://docs.tibco.com/products/tibco-businessevents-5-2-0,TRUE,TRUE,Do Not Migrate
TIBCO BusinessEvents® Enterprise Edition,Event Processing,5.1.4,https://docs.tibco.com/products/tibco-businessevents-5-1-4,TRUE,TRUE,Do Not Migrate
TIBCO BusinessEvents® Enterprise Edition,Event Processing,5.1.3,https://docs.tibco.com/products/tibco-businessevents-5-1-3,TRUE,TRUE,Do Not Migrate
TIBCO BusinessEvents® Enterprise Edition,Event Processing,5.1.2,https://docs.tibco.com/products/tibco-businessevents-5-1-2,TRUE,TRUE,Do Not Migrate
TIBCO BusinessEvents® Enterprise Edition,Event Processing,5.1.1,https://docs.tibco.com/products/tibco-businessevents-5-1-1,TRUE,TRUE,Do Not Migrate
TIBCO BusinessEvents® Enterprise Edition,Event Processing,5.1.0,https://docs.tibco.com/products/tibco-businessevents-5-1-0,TRUE,TRUE,Do Not Migrate
TIBCO BusinessEvents® Enterprise Edition,Event Processing,5.0.1,https://docs.tibco.com/products/tibco-businessevents-5-0-1,TRUE,TRUE,Do Not Migrate
TIBCO BusinessEvents® Enterprise Edition,Event Processing,5.0.0,https://docs.tibco.com/products/tibco-businessevents-5-0-0,TRUE,TRUE,Do Not Migrate
TIBCO BusinessEvents® Enterprise Edition,Event Processing,4.0.2,https://docs.tibco.com/products/tibco-businessevents-4-0-2,TRUE,TRUE,Do Not Migrate
TIBCO BusinessEvents® Enterprise Edition,Event Processing,4.0.1,https://docs.tibco.com/products/tibco-businessevents-4-0-1,TRUE,TRUE,Do Not Migrate
TIBCO BusinessEvents® Enterprise Edition,Event Processing,4.0.0,https://docs.tibco.com/products/tibco-businessevents-4-0-0,TRUE,FALSE,Do Not Migrate
TIBCO BusinessEvents® Enterprise Edition,Event Processing,3.0.3,https://docs.tibco.com/products/tibco-businessevents-3-0-3,TRUE,FALSE,Do Not Migrate
TIBCO BusinessEvents® Enterprise Edition,Event Processing,3.0.2,https://docs.tibco.com/products/tibco-businessevents-3-0-2,TRUE,TRUE,Do Not Migrate
TIBCO BusinessEvents® Event Stream Processing,Event Processing,5.4.1,https://docs.tibco.com/products/tibco-businessevents-event-stream-processing-5-4-1,TRUE,FALSE,Do Not Migrate
TIBCO BusinessEvents® Event Stream Processing,Event Processing,5.4.0,https://docs.tibco.com/products/tibco-businessevents-event-stream-processing-5-4-0,TRUE,FALSE,Do Not Migrate
TIBCO BusinessEvents® Event Stream Processing,Event Processing,5.3.0,https://docs.tibco.com/products/tibco-businessevents-event-stream-processing-5-3-0,TRUE,FALSE,Do Not Migrate
TIBCO BusinessEvents® Event Stream Processing,Event Processing,5.2.2,https://docs.tibco.com/products/tibco-businessevents-event-stream-processing-5-2-2,TRUE,FALSE,Do Not Migrate
TIBCO BusinessEvents® Event Stream Processing,Event Processing,5.2.1,https://docs.tibco.com/products/tibco-businessevents-event-stream-processing-5-2-1,TRUE,FALSE,Do Not Migrate
TIBCO BusinessEvents® Event Stream Processing,Event Processing,5.2.0,https://docs.tibco.com/products/tibco-businessevents-event-stream-processing-5-2-0,TRUE,FALSE,Do Not Migrate
TIBCO BusinessEvents® Event Stream Processing,Event Processing,5.1.4,https://docs.tibco.com/products/tibco-businessevents-event-stream-processing-5-1-4,TRUE,FALSE,Do Not Migrate
TIBCO BusinessEvents® Event Stream Processing,Event Processing,5.1.3,https://docs.tibco.com/products/tibco-businessevents-event-stream-processing-5-1-3,TRUE,FALSE,Do Not Migrate
TIBCO BusinessEvents® Event Stream Processing,Event Processing,5.1.2,https://docs.tibco.com/products/tibco-businessevents-event-stream-processing-5-1-2,TRUE,FALSE,Do Not Migrate
TIBCO BusinessEvents® Event Stream Processing,Event Processing,5.1.1,https://docs.tibco.com/products/tibco-businessevents-event-stream-processing-5-1-1,TRUE,FALSE,Do Not Migrate
TIBCO BusinessEvents® Event Stream Processing,Event Processing,5.1.0,https://docs.tibco.com/products/tibco-businessevents-event-stream-processing-5-1-0,TRUE,FALSE,Do Not Migrate
TIBCO BusinessEvents® Event Stream Processing,Event Processing,5,https://docs.tibco.com/products/tibco-businessevents-event-stream-processing-5-0,FALSE,FALSE,Migrate
TIBCO BusinessEvents® Event Stream Processing,Event Processing,5.0.1,https://docs.tibco.com/products/tibco-businessevents-event-stream-processing-5-0-1,TRUE,FALSE,Do Not Migrate
TIBCO BusinessEvents® Event Stream Processing,Event Processing,4.0.2,https://docs.tibco.com/products/tibco-businessevents-event-stream-processing-4-0-2,TRUE,FALSE,Do Not Migrate
TIBCO BusinessEvents® Event Stream Processing,Event Processing,4.0.1,https://docs.tibco.com/products/tibco-businessevents-event-stream-processing-4-0-1,TRUE,FALSE,Do Not Migrate
TIBCO BusinessEvents® Event Stream Processing,Event Processing,4.0.0,https://docs.tibco.com/products/tibco-businessevents-event-stream-processing-4-0-0,TRUE,FALSE,Do Not Migrate
TIBCO BusinessEvents® Extreme,Event Processing,1.3.6,https://docs.tibco.com/products/tibco-businessevents-extreme-1-3-6,TRUE,TRUE,Do Not Migrate
TIBCO BusinessEvents® Extreme,Event Processing,1.3.5,https://docs.tibco.com/products/tibco-businessevents-extreme-1-3-5,TRUE,TRUE,Do Not Migrate
TIBCO BusinessEvents® Extreme,Event Processing,1.3.4,https://docs.tibco.com/products/tibco-businessevents-extreme-1-3-4,TRUE,TRUE,Do Not Migrate
TIBCO BusinessEvents® Extreme,Event Processing,1.3.3,https://docs.tibco.com/products/tibco-businessevents-extreme-1-3-3,TRUE,TRUE,Do Not Migrate
TIBCO BusinessEvents® Extreme,Event Processing,1.3.2,https://docs.tibco.com/products/tibco-businessevents-extreme-1-3-2,TRUE,TRUE,Do Not Migrate
TIBCO BusinessEvents® Extreme,Event Processing,1.3.1,https://docs.tibco.com/products/tibco-businessevents-extreme-1-3-1,TRUE,TRUE,Do Not Migrate
TIBCO BusinessEvents® Extreme,Event Processing,1.3.0,https://docs.tibco.com/products/tibco-businessevents-extreme-1-3-0,TRUE,TRUE,Do Not Migrate
TIBCO BusinessEvents® Extreme,Event Processing,1.2.1,https://docs.tibco.com/products/tibco-businessevents-extreme-1-2-1,TRUE,TRUE,Do Not Migrate
TIBCO BusinessEvents® Extreme,Event Processing,1.2.0,https://docs.tibco.com/products/tibco-businessevents-extreme-1-2-0,TRUE,TRUE,Do Not Migrate
TIBCO BusinessEvents® Extreme,Event Processing,1.1.4,https://docs.tibco.com/products/tibco-businessevents-extreme-1-1-4,TRUE,TRUE,Do Not Migrate
TIBCO BusinessEvents® Extreme,Event Processing,1.1.3,https://docs.tibco.com/products/tibco-businessevents-extreme-1-1-3,TRUE,TRUE,Do Not Migrate
TIBCO BusinessEvents® Extreme,Event Processing,1.1.2,https://docs.tibco.com/products/tibco-businessevents-extreme-1-1-2,TRUE,TRUE,Do Not Migrate
TIBCO BusinessEvents® Extreme,Event Processing,1.1.1,https://docs.tibco.com/products/tibco-businessevents-extreme-1-1-1,TRUE,TRUE,Do Not Migrate
TIBCO BusinessEvents® Extreme,Event Processing,1.1.0,https://docs.tibco.com/products/tibco-businessevents-extreme-1-1-0,TRUE,TRUE,Do Not Migrate
TIBCO BusinessEvents® Extreme,Event Processing,1.0.5,https://docs.tibco.com/products/tibco-businessevents-extreme-1-0-5,TRUE,TRUE,Do Not Migrate
TIBCO BusinessEvents® Extreme,Event Processing,1.0.4,https://docs.tibco.com/products/tibco-businessevents-extreme-1-0-4,TRUE,TRUE,Do Not Migrate
TIBCO BusinessEvents® Extreme,Event Processing,1.0.3,https://docs.tibco.com/products/tibco-businessevents-extreme-1-0-3,TRUE,TRUE,Do Not Migrate
TIBCO BusinessEvents® Extreme,Event Processing,1.0.2,https://docs.tibco.com/products/tibco-businessevents-extreme-1-0-2,TRUE,TRUE,Do Not Migrate
TIBCO BusinessEvents® Extreme,Event Processing,1.0.1,https://docs.tibco.com/products/tibco-businessevents-extreme-1-0-1,TRUE,TRUE,Do Not Migrate
TIBCO BusinessEvents® Extreme,Event Processing,1.0.0,https://docs.tibco.com/products/tibco-businessevents-extreme-1-0-0,TRUE,TRUE,Do Not Migrate
TIBCO BusinessEvents® Plug-in for EDI Healthcare Edition,Event Processing,2.0.0,https://docs.tibco.com/products/tibco-businessevents-plug-in-for-edi-healthcare-edition-2-0-0,TRUE,FALSE,Migrate
TIBCO BusinessEvents® Plug-in for EDI Standard Edition,Event Processing,2.0.0,https://docs.tibco.com/products/tibco-businessevents-plug-in-for-edi-standard-edition-2-0-0,TRUE,FALSE,Migrate
TIBCO BusinessEvents® Process Orchestration,Event Processing,6.2.2,https://docs.tibco.com/products/tibco-businessevents-process-orchestration-6-2-2,TRUE,FALSE,Do Not Migrate
TIBCO BusinessEvents® Process Orchestration,Event Processing,6.2.1,https://docs.tibco.com/products/tibco-businessevents-process-orchestration-6-2-1,TRUE,FALSE,Do Not Migrate
TIBCO BusinessEvents® Process Orchestration,Event Processing,6.2.0,https://docs.tibco.com/products/tibco-businessevents-process-orchestration-6-2-0,TRUE,FALSE,Do Not Migrate
TIBCO BusinessEvents® Process Orchestration,Event Processing,6.1.2,https://docs.tibco.com/products/tibco-businessevents-process-orchestration-6-1-2,TRUE,FALSE,Do Not Migrate
TIBCO BusinessEvents® Process Orchestration,Event Processing,6.1.1,https://docs.tibco.com/products/tibco-businessevents-process-orchestration-6-1-1,TRUE,FALSE,Do Not Migrate
TIBCO BusinessEvents® Process Orchestration,Event Processing,6.1.0,https://docs.tibco.com/products/tibco-businessevents-process-orchestration-6-1-0,TRUE,FALSE,Do Not Migrate
TIBCO BusinessEvents® Process Orchestration,Event Processing,6.0.0,https://docs.tibco.com/products/tibco-businessevents-process-orchestration-6-0-0,TRUE,FALSE,Do Not Migrate
TIBCO BusinessEvents® Process Orchestration,Event Processing,5.6.1,https://docs.tibco.com/products/tibco-businessevents-process-orchestration-5-6-1,TRUE,FALSE,Do Not Migrate
TIBCO BusinessEvents® Process Orchestration,Event Processing,5.6.0,https://docs.tibco.com/products/tibco-businessevents-process-orchestration-5-6-0,TRUE,FALSE,Do Not Migrate
TIBCO BusinessEvents® Process Orchestration,Event Processing,5.5.0,https://docs.tibco.com/products/tibco-businessevents-process-orchestration-5-5-0,TRUE,FALSE,Do Not Migrate
TIBCO BusinessEvents® Process Orchestration,Event Processing,5.4.1,https://docs.tibco.com/products/tibco-businessevents-process-orchestration-5-4-1,TRUE,FALSE,Do Not Migrate
TIBCO BusinessEvents® Process Orchestration,Event Processing,5.4.0,https://docs.tibco.com/products/tibco-businessevents-process-orchestration-5-4-0,TRUE,FALSE,Do Not Migrate
TIBCO BusinessEvents® Process Orchestration,Event Processing,5.3.0,https://docs.tibco.com/products/tibco-businessevents-process-orchestration-5-3-0,TRUE,FALSE,Do Not Migrate
TIBCO BusinessEvents® Process Orchestration,Event Processing,1.2.2,https://docs.tibco.com/products/tibco-businessevents-process-orchestration-1-2-2,TRUE,FALSE,Do Not Migrate
TIBCO BusinessEvents® Process Orchestration,Event Processing,1.2.1,https://docs.tibco.com/products/tibco-businessevents-process-orchestration-1-2-1,TRUE,FALSE,Do Not Migrate
TIBCO BusinessEvents® Process Orchestration,Event Processing,1.2.0,https://docs.tibco.com/products/tibco-businessevents-process-orchestration-1-2-0,TRUE,FALSE,Do Not Migrate
TIBCO BusinessEvents® Process Orchestration,Event Processing,1.1.2,https://docs.tibco.com/products/tibco-businessevents-process-orchestration-1-1-2,TRUE,FALSE,Do Not Migrate
TIBCO BusinessEvents® Process Orchestration,Event Processing,1.1.0,https://docs.tibco.com/products/tibco-businessevents-process-orchestration-1-1-0,TRUE,FALSE,Do Not Migrate
TIBCO BusinessEvents® Process Orchestration,Event Processing,1.0.1,https://docs.tibco.com/products/tibco-businessevents-process-orchestration-1-0-1,TRUE,FALSE,Do Not Migrate
TIBCO BusinessEvents® Process Orchestration,Event Processing,1.0.0,https://docs.tibco.com/products/tibco-businessevents-process-orchestration-1-0-0,TRUE,FALSE,Do Not Migrate
TIBCO BusinessEvents® Views,Event Processing,5.6.1,https://docs.tibco.com/products/tibco-businessevents-views-5-6-1,TRUE,FALSE,Do Not Migrate
TIBCO BusinessEvents® Views,Event Processing,5.6.0,https://docs.tibco.com/products/tibco-businessevents-views-5-6-0,TRUE,FALSE,Do Not Migrate
TIBCO BusinessEvents® Views,Event Processing,5.5.0,https://docs.tibco.com/products/tibco-businessevents-views-5-5-0,TRUE,FALSE,Do Not Migrate
TIBCO BusinessEvents® Views,Event Processing,5.4.1,https://docs.tibco.com/products/tibco-businessevents-views-5-4-1,TRUE,FALSE,Do Not Migrate
TIBCO BusinessEvents® Views,Event Processing,5.4.0,https://docs.tibco.com/products/tibco-businessevents-views-5-4-0,TRUE,FALSE,Do Not Migrate
TIBCO BusinessEvents® Views,Event Processing,5.3.0,https://docs.tibco.com/products/tibco-businessevents-views-5-3-0,TRUE,FALSE,Do Not Migrate
TIBCO BusinessEvents® Views,Event Processing,5.2.2,https://docs.tibco.com/products/tibco-businessevents-views-5-2-2,TRUE,FALSE,Do Not Migrate
TIBCO BusinessEvents® Views,Event Processing,5.2.1,https://docs.tibco.com/products/tibco-businessevents-views-5-2-1,TRUE,FALSE,Do Not Migrate
TIBCO BusinessEvents® Views,Event Processing,5.2.0,https://docs.tibco.com/products/tibco-businessevents-views-5-2-0,TRUE,FALSE,Do Not Migrate
TIBCO BusinessEvents® Views,Event Processing,5.1.4,https://docs.tibco.com/products/tibco-businessevents-views-5-1-4,TRUE,FALSE,Do Not Migrate
TIBCO BusinessEvents® Views,Event Processing,5.1.3,https://docs.tibco.com/products/tibco-businessevents-views-5-1-3,TRUE,FALSE,Do Not Migrate
TIBCO BusinessEvents® Views,Event Processing,5.1.2,https://docs.tibco.com/products/tibco-businessevents-views-5-1-2,TRUE,FALSE,Do Not Migrate
TIBCO BusinessEvents® Views,Event Processing,5.1.1,https://docs.tibco.com/products/tibco-businessevents-views-5-1-1,TRUE,FALSE,Do Not Migrate
TIBCO BusinessEvents® Views,Event Processing,5.1.0,https://docs.tibco.com/products/tibco-businessevents-views-5-1-0,TRUE,FALSE,Do Not Migrate
TIBCO BusinessEvents® Views,Event Processing,5.0.1,https://docs.tibco.com/products/tibco-businessevents-views-5-0-1,TRUE,FALSE,Do Not Migrate
TIBCO BusinessEvents® Views,Event Processing,5.0.0,https://docs.tibco.com/products/tibco-businessevents-views-5-0-0,TRUE,FALSE,Do Not Migrate
TIBCO BusinessEvents® Views,Event Processing,4.0.2,https://docs.tibco.com/products/tibco-businessevents-views-4-0-2,TRUE,FALSE,Do Not Migrate
TIBCO BusinessEvents® Views,Event Processing,4.0.1,https://docs.tibco.com/products/tibco-businessevents-views-4-0-1,TRUE,FALSE,Do Not Migrate
TIBCO BusinessEvents® Views,Event Processing,4.0.0,https://docs.tibco.com/products/tibco-businessevents-views-4-0-0,TRUE,FALSE,Do Not Migrate
TIBCO BusinessWorks™ COBOL Copybook Plug-in,Unassigned,2.5.0,https://docs.tibco.com/products/tibco-businessworks-cobol-copybook-plug-in-2-5,FALSE,TRUE,Do Not Migrate
TIBCO BusinessWorks™ Collaborator,Unassigned,5.6.3,https://docs.tibco.com/products/tibco-businessworks-collaborator-5-6-3,TRUE,TRUE,Do Not Migrate
TIBCO BusinessWorks™ Collaborator,Unassigned,5.6.2,https://docs.tibco.com/products/tibco-businessworks-collaborator-5-6-2,TRUE,TRUE,Do Not Migrate
TIBCO BusinessWorks™ Collaborator,Unassigned,5.6.1,https://docs.tibco.com/products/tibco-businessworks-collaborator-5-6-1,TRUE,TRUE,Do Not Migrate
TIBCO BusinessWorks™ Collaborator,Unassigned,5.6.0,https://docs.tibco.com/products/tibco-businessworks-collaborator-5-6-0,FALSE,FALSE,Migrate
TIBCO BusinessWorks™ Collaborator,Unassigned,5.5.1,https://docs.tibco.com/products/tibco-businessworks-collaborator-5-5-1,TRUE,TRUE,Do Not Migrate
TIBCO BusinessWorks™ Container Edition,Integration,2.10.0,https://docs.tibco.com/products/tibco-businessworks-container-edition-2-10-0,FALSE,FALSE,Migrate
TIBCO BusinessWorks™ Container Edition,Integration,2.9.2,https://docs.tibco.com/products/tibco-businessworks-container-edition-2-9-2,FALSE,FALSE,Migrate
TIBCO BusinessWorks™ Container Edition,Integration,2.9.1,https://docs.tibco.com/products/tibco-businessworks-container-edition-2-9-1,FALSE,FALSE,Migrate
TIBCO BusinessWorks™ Container Edition,Integration,2.9.0,https://docs.tibco.com/products/tibco-businessworks-container-edition-2-9-0,FALSE,FALSE,Migrate
TIBCO BusinessWorks™ Container Edition,Integration,2.8.3,https://docs.tibco.com/products/tibco-businessworks-container-edition-2-8-3,FALSE,TRUE,Do Not Migrate
TIBCO BusinessWorks™ Container Edition,Integration,2.8.2,https://docs.tibco.com/products/tibco-businessworks-container-edition-2-8-2,FALSE,TRUE,Do Not Migrate
TIBCO BusinessWorks™ Container Edition,Integration,2.8.1,https://docs.tibco.com/products/tibco-businessworks-container-edition-2-8-1,FALSE,TRUE,Do Not Migrate
TIBCO BusinessWorks™ Container Edition,Integration,2.8.0,https://docs.tibco.com/products/tibco-businessworks-container-edition-2-8-0,TRUE,TRUE,Do Not Migrate
TIBCO BusinessWorks™ Container Edition,Integration,2.7.3,https://docs.tibco.com/products/tibco-businessworks-container-edition-2-7-3,TRUE,TRUE,Do Not Migrate
TIBCO BusinessWorks™ Container Edition,Integration,2.7.2,https://docs.tibco.com/products/tibco-businessworks-container-edition-2-7-2,TRUE,TRUE,Do Not Migrate
TIBCO BusinessWorks™ Container Edition,Integration,2.7.1,https://docs.tibco.com/products/tibco-businessworks-container-edition-2-7-1,TRUE,TRUE,Do Not Migrate
TIBCO BusinessWorks™ Container Edition,Integration,2.7.0,https://docs.tibco.com/products/tibco-businessworks-container-edition-2-7-0,TRUE,TRUE,Do Not Migrate
TIBCO BusinessWorks™ Container Edition,Integration,2.6.3,https://docs.tibco.com/products/tibco-businessworks-container-edition-2-6-3,TRUE,TRUE,Do Not Migrate
TIBCO BusinessWorks™ Container Edition,Integration,2.6.2,https://docs.tibco.com/products/tibco-businessworks-container-edition-2-6-2,TRUE,TRUE,Do Not Migrate
TIBCO BusinessWorks™ Container Edition,Integration,2.6.1,https://docs.tibco.com/products/tibco-businessworks-container-edition-2-6-1,TRUE,TRUE,Do Not Migrate
TIBCO BusinessWorks™ Container Edition,Integration,2.6.0,https://docs.tibco.com/products/tibco-businessworks-container-edition-2-6-0,TRUE,TRUE,Do Not Migrate
TIBCO BusinessWorks™ Container Edition,Integration,2.5.4,https://docs.tibco.com/products/tibco-businessworks-container-edition-2-5-4,TRUE,TRUE,Do Not Migrate
TIBCO BusinessWorks™ Container Edition,Integration,2.5.3,https://docs.tibco.com/products/tibco-businessworks-container-edition-2-5-3,TRUE,TRUE,Do Not Migrate
TIBCO BusinessWorks™ Container Edition,Integration,2.5.2,https://docs.tibco.com/products/tibco-businessworks-container-edition-2-5-2,TRUE,TRUE,Do Not Migrate
TIBCO BusinessWorks™ Container Edition,Integration,2.5.1,https://docs.tibco.com/products/tibco-businessworks-container-edition-2-5-1,TRUE,TRUE,Do Not Migrate
TIBCO BusinessWorks™ Container Edition,Integration,2.5.0,https://docs.tibco.com/products/tibco-businessworks-container-edition-2-5-0,TRUE,TRUE,Do Not Migrate
TIBCO BusinessWorks™ Container Edition,Integration,2.4.5,https://docs.tibco.com/products/tibco-businessworks-container-edition-2-4-5,TRUE,TRUE,Do Not Migrate
TIBCO BusinessWorks™ Container Edition,Integration,2.4.4,https://docs.tibco.com/products/tibco-businessworks-container-edition-2-4-4,TRUE,TRUE,Do Not Migrate
TIBCO BusinessWorks™ Container Edition,Integration,2.4.3,https://docs.tibco.com/products/tibco-businessworks-container-edition-2-4-3,TRUE,TRUE,Do Not Migrate
TIBCO BusinessWorks™ Container Edition,Integration,2.4.2,https://docs.tibco.com/products/tibco-businessworks-container-edition-2-4-2,TRUE,TRUE,Do Not Migrate
TIBCO BusinessWorks™ Container Edition,Integration,2.4.1,https://docs.tibco.com/products/tibco-businessworks-container-edition-2-4-1,TRUE,TRUE,Do Not Migrate
TIBCO BusinessWorks™ Container Edition,Integration,2.4.0,https://docs.tibco.com/products/tibco-businessworks-container-edition-2-4-0,TRUE,TRUE,Do Not Migrate
TIBCO BusinessWorks™ Container Edition,Integration,2.3.4,https://docs.tibco.com/products/tibco-businessworks-container-edition-2-3-4,TRUE,TRUE,Do Not Migrate
TIBCO BusinessWorks™ Container Edition,Integration,2.3.3,https://docs.tibco.com/products/tibco-businessworks-container-edition-2-3-3,TRUE,TRUE,Do Not Migrate
TIBCO BusinessWorks™ Container Edition,Integration,2.3.2,https://docs.tibco.com/products/tibco-businessworks-container-edition-2-3-2,TRUE,TRUE,Do Not Migrate
TIBCO BusinessWorks™ Container Edition,Integration,2.3.1,https://docs.tibco.com/products/tibco-businessworks-container-edition-2-3-1,TRUE,TRUE,Do Not Migrate
TIBCO BusinessWorks™ Container Edition,Integration,2.3.0,https://docs.tibco.com/products/tibco-businessworks-container-edition-2-3-0,TRUE,TRUE,Do Not Migrate
TIBCO BusinessWorks™ Container Edition,Integration,2.2.1,https://docs.tibco.com/products/tibco-businessworks-container-edition-2-2-1,TRUE,TRUE,Do Not Migrate
TIBCO BusinessWorks™ Container Edition,Integration,2.2.0,https://docs.tibco.com/products/tibco-businessworks-container-edition-2-2-0,TRUE,TRUE,Do Not Migrate
TIBCO BusinessWorks™ Container Edition,Integration,2.1.1,https://docs.tibco.com/products/tibco-businessworks-container-edition-2-1-1,TRUE,TRUE,Do Not Migrate
TIBCO BusinessWorks™ Container Edition,Integration,2.1.0,https://docs.tibco.com/products/tibco-businessworks-container-edition-2-1-0,TRUE,TRUE,Do Not Migrate
TIBCO BusinessWorks™ Container Edition,Integration,2.0.0,https://docs.tibco.com/products/tibco-businessworks-container-edition-2-0-0,TRUE,TRUE,Do Not Migrate
TIBCO BusinessWorks™ Container Edition,Integration,1.0.1,https://docs.tibco.com/products/tibco-businessworks-container-edition-1-0-1,TRUE,FALSE,Do Not Migrate
TIBCO BusinessWorks™ Container Edition,Integration,1.0.0,https://docs.tibco.com/products/tibco-businessworks-container-edition-1-0-0,TRUE,FALSE,Do Not Migrate
TIBCO BusinessWorks™ Container Edition Buildpack for PCF,Unassigned,2.2.1,https://docs.tibco.com/products/tibco-businessworks-container-edition-buildpack-for-pcf-2-2-1,FALSE,FALSE,Migrate
TIBCO BusinessWorks™ Enterprise,Unassigned,3.12.0,https://docs.tibco.com/products/tibco-businessworks-enterprise-3-12-0,FALSE,FALSE,Migrate
TIBCO BusinessWorks™ Enterprise,Unassigned,3.11.0,https://docs.tibco.com/products/tibco-businessworks-enterprise-3-11-0,FALSE,FALSE,Migrate
TIBCO BusinessWorks™ Enterprise,Unassigned,3.10.0,https://docs.tibco.com/products/tibco-businessworks-enterprise-3-10-0,FALSE,FALSE,Migrate
TIBCO BusinessWorks™ Enterprise,Unassigned,3.9.0,https://docs.tibco.com/products/tibco-businessworks-enterprise-3-9-0,FALSE,FALSE,Migrate
TIBCO BusinessWorks™ Enterprise,Unassigned,3.8.0,https://docs.tibco.com/products/tibco-businessworks-enterprise-3-8-0,FALSE,FALSE,Migrate
TIBCO BusinessWorks™ Enterprise,Unassigned,3.7.0,https://docs.tibco.com/products/tibco-businessworks-enterprise-3-7-0,FALSE,FALSE,Migrate
TIBCO BusinessWorks™ Enterprise,Unassigned,3.6.0,https://docs.tibco.com/products/tibco-businessworks-enterprise-3-6-0,FALSE,FALSE,Migrate
TIBCO BusinessWorks™ Enterprise,Unassigned,3.4.0,https://docs.tibco.com/products/tibco-businessworks-enterprise-3-4-0,FALSE,FALSE,Migrate
TIBCO BusinessWorks™ Enterprise,Unassigned,3.3.0,https://docs.tibco.com/products/tibco-businessworks-enterprise-3-3-0,FALSE,FALSE,Migrate
TIBCO BusinessWorks™ Enterprise,Unassigned,3.1.0,https://docs.tibco.com/products/tibco-businessworks-enterprise-3-1-0,FALSE,FALSE,Migrate
TIBCO BusinessWorks™ Enterprise,Unassigned,3.0.0,https://docs.tibco.com/products/tibco-businessworks-enterprise-3-0-0,FALSE,FALSE,Migrate
TIBCO BusinessWorks™ Enterprise,Unassigned,2.9.0,https://docs.tibco.com/products/tibco-businessworks-enterprise-2-9-0,FALSE,FALSE,Migrate
TIBCO BusinessWorks™ Enterprise,Unassigned,2.8.0,https://docs.tibco.com/products/tibco-businessworks-enterprise-2-8-0,FALSE,FALSE,Migrate
TIBCO BusinessWorks™ Enterprise,Unassigned,2.7.0,https://docs.tibco.com/products/tibco-businessworks-enterprise-2-7-0,FALSE,FALSE,Migrate
TIBCO BusinessWorks™ Enterprise,Unassigned,2.6.0,https://docs.tibco.com/products/tibco-businessworks-enterprise-2-6-0,FALSE,FALSE,Migrate
TIBCO BusinessWorks™ Enterprise,Unassigned,2.5.0,https://docs.tibco.com/products/tibco-businessworks-enterprise-2-5-0,FALSE,FALSE,Migrate
TIBCO BusinessWorks™ Enterprise,Unassigned,2.4.0,https://docs.tibco.com/products/tibco-businessworks-enterprise-2-4-0,FALSE,FALSE,Migrate
TIBCO BusinessWorks™ Enterprise,Unassigned,2.3.0,https://docs.tibco.com/products/tibco-businessworks-enterprise-2-3-0,FALSE,FALSE,Migrate
TIBCO BusinessWorks™ Enterprise,Unassigned,2.2.0,https://docs.tibco.com/products/tibco-businessworks-enterprise-2-2-0,FALSE,FALSE,Migrate
TIBCO BusinessWorks™ Enterprise,Unassigned,2.1.0,https://docs.tibco.com/products/tibco-businessworks-enterprise-2-1-0,FALSE,FALSE,Migrate
TIBCO BusinessWorks™ Enterprise,Unassigned,2.0.0,https://docs.tibco.com/products/tibco-businessworks-enterprise-2-0-0,FALSE,FALSE,Migrate
TIBCO BusinessWorks™ Enterprise,Unassigned,1.9.0,https://docs.tibco.com/products/tibco-businessworks-enterprise-1-9-0,FALSE,FALSE,Migrate
TIBCO BusinessWorks™ Enterprise,Unassigned,1.8.0,https://docs.tibco.com/products/tibco-businessworks-enterprise-1-8-0,FALSE,FALSE,Migrate
TIBCO BusinessWorks™ Enterprise,Unassigned,1.7.0,https://docs.tibco.com/products/tibco-businessworks-enterprise-1-7-0,FALSE,FALSE,Migrate
TIBCO BusinessWorks™ Enterprise,Unassigned,1.6.0,https://docs.tibco.com/products/tibco-businessworks-enterprise-1-6-0,FALSE,FALSE,Migrate
TIBCO BusinessWorks™ Enterprise,Unassigned,1.5.0,https://docs.tibco.com/products/tibco-businessworks-enterprise-1-5-0,FALSE,FALSE,Migrate
TIBCO BusinessWorks™ Enterprise,Unassigned,1.4.0,https://docs.tibco.com/products/tibco-businessworks-enterprise-1-4-0,FALSE,FALSE,Migrate
TIBCO BusinessWorks™ Enterprise,Unassigned,1.3.0,https://docs.tibco.com/products/tibco-businessworks-enterprise-1-3-0,TRUE,FALSE,Do Not Migrate
TIBCO BusinessWorks™ Enterprise,Unassigned,1.2.0,https://docs.tibco.com/products/tibco-businessworks-enterprise-1-2-0,TRUE,FALSE,Do Not Migrate
TIBCO BusinessWorks™ Enterprise,Unassigned,1.1.0,https://docs.tibco.com/products/tibco-businessworks-enterprise-1-1-0,TRUE,FALSE,Do Not Migrate
TIBCO BusinessWorks™ FormBuilder,Unassigned,5.3,https://docs.tibco.com/products/tibco-formbuilder-5-3,FALSE,FALSE,Migrate
TIBCO BusinessWorks™ FormBuilder,Unassigned,5.3.2,https://docs.tibco.com/products/tibco-businessworks-formbuilder-5-3-2,FALSE,FALSE,Migrate
TIBCO BusinessWorks™ FormBuilder,Unassigned,5.3.1,https://docs.tibco.com/products/tibco-businessworks-formbuilder-5-3-1,FALSE,FALSE,Migrate
TIBCO BusinessWorks™ IntegrationManager Plug-in,Unassigned,1,https://docs.tibco.com/products/tibco-businessworks-integrationmanager-plug-in-1-0,FALSE,FALSE,Migrate
TIBCO BusinessWorks™ Plug-in for AI,Integration,6.0.1,https://docs.tibco.com/products/tibco-businessworks-plug-in-for-ai-6-0-1,FALSE,FALSE,Migrate
TIBCO BusinessWorks™ Plug-in for AI,Integration,6.0.0,https://docs.tibco.com/products/tibco-businessworks-plug-in-for-ai-6-0-0,FALSE,FALSE,Migrate
TIBCO BusinessWorks™ Plug-in for TIBCO® AuditSafe for TIBCO® Platform,Integration,6.0.0,https://docs.tibco.com/products/tibco-businessworks-plug-in-for-tibco-auditsafe-for-tibco-platform-6-0-0,FALSE,FALSE,Migrate
TIBCO BusinessWorks™ ProcessMonitor,Unassigned,3.2.0,https://docs.tibco.com/products/tibco-businessworks-processmonitor-3-2-0,TRUE,TRUE,Do Not Migrate
TIBCO BusinessWorks™ ProcessMonitor,Unassigned,3.1.0,https://docs.tibco.com/products/tibco-businessworks-processmonitor-3-1-0,FALSE,TRUE,Do Not Migrate
TIBCO BusinessWorks™ ProcessMonitor,Unassigned,3.0.2,https://docs.tibco.com/products/tibco-businessworks-processmonitor-3-0-2,FALSE,TRUE,Do Not Migrate
TIBCO BusinessWorks™ ProcessMonitor,Unassigned,3.0.1,https://docs.tibco.com/products/tibco-businessworks-processmonitor-3-0-1,FALSE,TRUE,Do Not Migrate
TIBCO BusinessWorks™ ProcessMonitor,Unassigned,3.0.0,https://docs.tibco.com/products/tibco-businessworks-processmonitor-3-0-0,FALSE,TRUE,Do Not Migrate
TIBCO BusinessWorks™ ProcessMonitor,Unassigned,2.2.1,https://docs.tibco.com/products/tibco-businessworks-processmonitor-2-2-1,FALSE,TRUE,Do Not Migrate
TIBCO BusinessWorks™ ProcessMonitor,Unassigned,2.2.0,https://docs.tibco.com/products/tibco-businessworks-processmonitor-2-2-0,FALSE,TRUE,Do Not Migrate
TIBCO BusinessWorks™ ProcessMonitor,Unassigned,2.1.2,https://docs.tibco.com/products/tibco-businessworks-processmonitor-2-1-2,FALSE,TRUE,Do Not Migrate
TIBCO BusinessWorks™ ProcessMonitor,Unassigned,2.1.0,https://docs.tibco.com/products/tibco-businessworks-processmonitor-2-1-0,FALSE,TRUE,Do Not Migrate
TIBCO BusinessWorks™ ProcessMonitor,Unassigned,2.0.0,https://docs.tibco.com/products/tibco-businessworks-processmonitor-2-0-0,FALSE,TRUE,Do Not Migrate
TIBCO BusinessWorks™ XA Transaction Manager,Unassigned,1.1.2,https://docs.tibco.com/products/tibco-businessworks-xa-transaction-manager-1-1-2,TRUE,TRUE,Do Not Migrate
TIBCO BusinessWorks™ XA Transaction Manager,Unassigned,1.1.1,https://docs.tibco.com/products/tibco-businessworks-xa-transaction-manager-1-1-1,FALSE,TRUE,Do Not Migrate
TIBCO Cloud Bus™,Unassigned,1.2.0,https://docs.tibco.com/products/tibco-cloud-bus-1-2-0,FALSE,FALSE,Do Not Migrate
TIBCO Cloud™,Unassigned,Cloud™,https://docs.tibco.com/products/tibco-cloud,FALSE,FALSE,Do Not Migrate
TIBCO Cloud™ Administration,Unassigned,Administration,https://docs.tibco.com/products/tibco-cloud-administration,FALSE,FALSE,Do Not Migrate
TIBCO Cloud™ API Modeler,Unassigned,1.5.0,https://docs.tibco.com/products/tibco-cloud-api-modeler-1-5-0,FALSE,FALSE,Do Not Migrate
TIBCO Cloud™ API Modeler,Unassigned,1.4.0,https://docs.tibco.com/products/tibco-cloud-api-modeler-1-4-0,FALSE,FALSE,Do Not Migrate
TIBCO Cloud™ API Modeler,Unassigned,1.3.0,https://docs.tibco.com/products/tibco-cloud-api-modeler-1-3-0,FALSE,FALSE,Do Not Migrate
TIBCO Cloud™ API Modeler,Unassigned,1.2.0,https://docs.tibco.com/products/tibco-cloud-api-modeler-1-2-0,FALSE,FALSE,Do Not Migrate
TIBCO Cloud™ API Modeler,Unassigned,1.1.0,https://docs.tibco.com/products/tibco-cloud-api-modeler-1-1-0,FALSE,FALSE,Do Not Migrate
TIBCO Cloud™ API Modeler,Unassigned,1.0.0,https://docs.tibco.com/products/tibco-cloud-api-modeler-1-0-0,FALSE,FALSE,Do Not Migrate
TIBCO Cloud™ AuditSafe,Unassigned,1.5.1,https://docs.tibco.com/products/tibco-cloud-auditsafe-1-5-1,FALSE,FALSE,Do Not Migrate
TIBCO Cloud™ AuditSafe,Unassigned,1.5.0,https://docs.tibco.com/products/tibco-cloud-auditsafe-1-5-0,FALSE,FALSE,Do Not Migrate
TIBCO Cloud™ AuditSafe,Unassigned,1.0.0,https://docs.tibco.com/products/tibco-cloud-auditsafe-1-0-0,FALSE,FALSE,Do Not Migrate
TIBCO Cloud™ Data Streams,Data Science & Streaming,1.2.0,https://docs.tibco.com/products/tibco-cloud-data-streams-1-2-0,TRUE,FALSE,Do Not Migrate
TIBCO Cloud™ Events,Unassigned,Events,https://docs.tibco.com/products/tibco-cloud-events,FALSE,FALSE,Do Not Migrate
TIBCO Cloud™ Integration - BusinessWorks™ (PAYG),Unassigned,2.8.0,https://docs.tibco.com/products/tibco-cloud-integration-businessworks-payg-2-8-0,FALSE,FALSE,Do Not Migrate
TIBCO Cloud™ Integration - BusinessWorks™ (PAYG),Unassigned,2.6.1,https://docs.tibco.com/products/tibco-cloud-integration-businessworks-payg-2-6-1,FALSE,FALSE,Do Not Migrate
TIBCO Cloud™ Integration - BusinessWorks™ (PAYG),Unassigned,2.6.0,https://docs.tibco.com/products/tibco-cloud-integration-businessworks-payg-2-6-0,FALSE,FALSE,Do Not Migrate
TIBCO Cloud™ Integration - BusinessWorks™ (PAYG),Unassigned,2.5.4,https://docs.tibco.com/products/tibco-cloud-integration-businessworks-payg-2-5-4,FALSE,FALSE,Do Not Migrate
TIBCO Cloud™ Integration - BusinessWorks™ (PAYG),Unassigned,2.5.3,https://docs.tibco.com/products/tibco-cloud-integration-businessworks-payg-2-5-3,FALSE,FALSE,Do Not Migrate
TIBCO Cloud™ Integration - BusinessWorks™ (PAYG),Unassigned,2.5.0,https://docs.tibco.com/products/tibco-cloud-integration-businessworks-payg-2-5-0,FALSE,FALSE,Do Not Migrate
TIBCO Cloud™ Integration - BusinessWorks™ (PAYG),Unassigned,2.4.5,https://docs.tibco.com/products/tibco-cloud-integration-businessworks-payg-2-4-5,FALSE,FALSE,Do Not Migrate
TIBCO Cloud™ Integration - BusinessWorks™ (PAYG),Unassigned,2.4.3,https://docs.tibco.com/products/tibco-cloud-integration-businessworks-payg-2-4-3,FALSE,FALSE,Do Not Migrate
TIBCO Cloud™ Integration - BusinessWorks™ (PAYG),Unassigned,2.4.2,https://docs.tibco.com/products/tibco-cloud-integration-businessworks-payg-2-4-2,FALSE,FALSE,Do Not Migrate
TIBCO Cloud™ Integration - BusinessWorks™ (PAYG),Unassigned,2.4.0,https://docs.tibco.com/products/tibco-cloud-integration-businessworks-payg-2-4-0,FALSE,FALSE,Do Not Migrate
TIBCO Cloud™ Integration - BusinessWorks™ (PAYG),Unassigned,2.3.4,https://docs.tibco.com/products/tibco-cloud-integration-businessworks-payg-2-3-4,FALSE,FALSE,Do Not Migrate
TIBCO Cloud™ Integration - BusinessWorks™ (PAYG),Unassigned,2.3.3,https://docs.tibco.com/products/tibco-businessworks-container-edition-and-plug-ins-for-aws-marketplace-2-3-3,FALSE,FALSE,Do Not Migrate
TIBCO Cloud™ Integration - BusinessWorks™ (PAYG),Unassigned,2.3.1,https://docs.tibco.com/products/tibco-businessworks-container-edition-and-plug-ins-for-aws-marketplace-2-3-1,FALSE,FALSE,Do Not Migrate
TIBCO Cloud™ Integration - Flogo® (PAYG),Unassigned,2.11.0,https://docs.tibco.com/products/tibco-cloud-integration-flogo-payg-2-11-0,FALSE,FALSE,Do Not Migrate
TIBCO Cloud™ Integration - Flogo® (PAYG),Unassigned,2.9.0,https://docs.tibco.com/products/tibco-cloud-integration-flogo-payg-2-9-0,FALSE,FALSE,Do Not Migrate
TIBCO Cloud™ Integration - Flogo® (PAYG),Unassigned,2.8.0,https://docs.tibco.com/products/tibco-cloud-integration-flogo-payg-2-8-0,FALSE,FALSE,Do Not Migrate
TIBCO Cloud™ Integration - Flogo® (PAYG),Unassigned,2.7.0,https://docs.tibco.com/products/tibco-cloud-integration-flogo-payg-2-7-0,FALSE,FALSE,Do Not Migrate
TIBCO Cloud™ Integration - Flogo® (PAYG),Unassigned,2.6.1,https://docs.tibco.com/products/tibco-cloud-integration-flogo-payg-2-6-1,FALSE,FALSE,Do Not Migrate
TIBCO Cloud™ Integration - Flogo® (PAYG),Unassigned,2.4.0,https://docs.tibco.com/products/tibco-cloud-integration-flogo-payg-2-4-0,FALSE,FALSE,Do Not Migrate
TIBCO Cloud™ Integration - Hybrid,Unassigned,3.12.0,https://docs.tibco.com/products/tibco-cloud-integration-hybrid-3-12-0,FALSE,FALSE,Do Not Migrate
TIBCO Cloud™ Integration - Hybrid,Unassigned,3.11.0,https://docs.tibco.com/products/tibco-cloud-integration-hybrid-3-11-0,FALSE,FALSE,Do Not Migrate
TIBCO Cloud™ Integration - Hybrid,Unassigned,3.10.0,https://docs.tibco.com/products/tibco-cloud-integration-hybrid-3-10-0,FALSE,FALSE,Do Not Migrate
TIBCO Cloud™ Integration - Hybrid,Unassigned,3.9.0,https://docs.tibco.com/products/tibco-cloud-integration-hybrid-3-9-0,FALSE,FALSE,Do Not Migrate
TIBCO Cloud™ Integration - Hybrid,Unassigned,3.8.0,https://docs.tibco.com/products/tibco-cloud-integration-hybrid-3-8-0,FALSE,FALSE,Do Not Migrate
TIBCO Cloud™ Integration - Hybrid,Unassigned,3.7.0,https://docs.tibco.com/products/tibco-cloud-integration-hybrid-3-7-0,FALSE,FALSE,Do Not Migrate
TIBCO Cloud™ Integration - Hybrid,Unassigned,3.6.0,https://docs.tibco.com/products/tibco-cloud-integration-hybrid-3-6-0,FALSE,FALSE,Do Not Migrate
TIBCO Cloud™ Integration - Hybrid,Unassigned,3.5.0,https://docs.tibco.com/products/tibco-cloud-integration-hybrid-3-5-0,FALSE,FALSE,Do Not Migrate
TIBCO Cloud™ Integration - Hybrid,Unassigned,3.4.0,https://docs.tibco.com/products/tibco-cloud-integration-hybrid-3-4-0,FALSE,FALSE,Do Not Migrate
TIBCO Cloud™ Integration - Hybrid,Unassigned,3.3.0,https://docs.tibco.com/products/tibco-cloud-integration-hybrid-3-3-0,FALSE,FALSE,Do Not Migrate
TIBCO Cloud™ Integration - Hybrid,Unassigned,3.2.0,https://docs.tibco.com/products/tibco-cloud-integration-hybrid-3-2-0,FALSE,FALSE,Do Not Migrate
TIBCO Cloud™ Integration - Hybrid,Unassigned,3.1.0,https://docs.tibco.com/products/tibco-cloud-integration-hybrid-3-1-0,FALSE,FALSE,Do Not Migrate
TIBCO Cloud™ Integration - Hybrid,Unassigned,3.0.0,https://docs.tibco.com/products/tibco-cloud-integration-hybrid-3-0-0,FALSE,FALSE,Do Not Migrate
TIBCO Cloud™ Integration - Hybrid,Unassigned,2.9.0,https://docs.tibco.com/products/tibco-cloud-integration-hybrid-2-9-0,FALSE,FALSE,Do Not Migrate
TIBCO Cloud™ Integration - Hybrid,Unassigned,2.8.0,https://docs.tibco.com/products/tibco-cloud-integration-hybrid-2-8-0,FALSE,FALSE,Do Not Migrate
TIBCO Cloud™ Integration - Hybrid,Unassigned,2.7.0,https://docs.tibco.com/products/tibco-cloud-integration-hybrid-2-7-0,FALSE,FALSE,Do Not Migrate
TIBCO Cloud™ Integration - Hybrid,Unassigned,2.6.1,https://docs.tibco.com/products/tibco-cloud-integration-hybrid-2-6-1,FALSE,FALSE,Do Not Migrate
TIBCO Cloud™ Integration - Hybrid,Unassigned,2.6.0,https://docs.tibco.com/products/tibco-cloud-integration-hybrid-2-6-0,FALSE,FALSE,Do Not Migrate
TIBCO Cloud™ Integration - Hybrid,Unassigned,2.5.0,https://docs.tibco.com/products/tibco-cloud-integration-hybrid-2-5-0,FALSE,FALSE,Do Not Migrate
TIBCO Cloud™ Integration - Hybrid,Unassigned,2.3.0,https://docs.tibco.com/products/tibco-cloud-integration-hybrid-2-3-0,FALSE,FALSE,Do Not Migrate
TIBCO Cloud™ Integration - Hybrid,Unassigned,2.2.0,https://docs.tibco.com/products/tibco-cloud-integration-hybrid-2-2-0,FALSE,FALSE,Do Not Migrate
TIBCO Cloud™ Integration - Hybrid,Unassigned,2.1.1,https://docs.tibco.com/products/tibco-cloud-integration-hybrid-2-1-1,FALSE,FALSE,Do Not Migrate
TIBCO Cloud™ Integration - Hybrid,Unassigned,2.1.0,https://docs.tibco.com/products/tibco-cloud-integration-hybrid-2-1-0,FALSE,FALSE,Do Not Migrate
TIBCO Cloud™ Integration - Hybrid,Unassigned,2.0.0,https://docs.tibco.com/products/tibco-cloud-integration-hybrid-2-0-0,FALSE,FALSE,Do Not Migrate
TIBCO Cloud™ Integration - Hybrid,Unassigned,1.8.0,https://docs.tibco.com/products/tibco-cloud-integration-1-8-0,FALSE,FALSE,Do Not Migrate
TIBCO Cloud™ Integration - Hybrid,Unassigned,1.7.0,https://docs.tibco.com/products/tibco-cloud-integration-1-7-0,FALSE,FALSE,Do Not Migrate
TIBCO Cloud™ Integration - Hybrid,Unassigned,1.6.0,https://docs.tibco.com/products/tibco-cloud-integration-1-6-0,FALSE,FALSE,Do Not Migrate
TIBCO Cloud™ Integration - Hybrid,Unassigned,1.5.0,https://docs.tibco.com/products/tibco-cloud-integration-1-5-0,FALSE,FALSE,Do Not Migrate
TIBCO Cloud™ Integration - Hybrid,Unassigned,1.4.0,https://docs.tibco.com/products/tibco-cloud-integration-1-4-0,FALSE,FALSE,Do Not Migrate
TIBCO Cloud™ Integration - Hybrid,Unassigned,1.3.0,https://docs.tibco.com/products/tibco-cloud-integration-1-3-0,FALSE,FALSE,Do Not Migrate
TIBCO Cloud™ Integration - Hybrid,Unassigned,1.2.0,https://docs.tibco.com/products/tibco-cloud-integration-1-2-0,FALSE,FALSE,Do Not Migrate
TIBCO Cloud™ Integration - Hybrid,Unassigned,1.1.0,https://docs.tibco.com/products/tibco-cloud-integration-1-1-0,FALSE,FALSE,Do Not Migrate
TIBCO Cloud™ Integration - Hybrid,Unassigned,1.0.0,https://docs.tibco.com/products/tibco-cloud-integration-1-0-0,FALSE,FALSE,Do Not Migrate
TIBCO Cloud™ Integration - Hybrid - Connectivity Add-On,Unassigned,3.10.0,https://docs.tibco.com/products/tibco-cloud-integration-hybrid-connectivity-add-on-3-10-0,FALSE,FALSE,Do Not Migrate
TIBCO Cloud™ Integration - Hybrid - Connectivity Add-On,Unassigned,3.9.0,https://docs.tibco.com/products/tibco-cloud-integration-hybrid-connectivity-add-on-3-9-0,FALSE,FALSE,Do Not Migrate
TIBCO Cloud™ Integration - Hybrid - Connectivity Add-On,Unassigned,3.8.0,https://docs.tibco.com/products/tibco-cloud-integration-hybrid-connectivity-add-on-3-8-0,FALSE,FALSE,Do Not Migrate
TIBCO Cloud™ Integration - Hybrid - Connectivity Add-On,Unassigned,3.7.0,https://docs.tibco.com/products/tibco-cloud-integration-hybrid-connectivity-add-on-3-7-0,FALSE,FALSE,Do Not Migrate
TIBCO Cloud™ Integration - Hybrid - Connectivity Add-On,Unassigned,3.6.0,https://docs.tibco.com/products/tibco-cloud-integration-hybrid-connectivity-add-on-3-6-0,FALSE,FALSE,Do Not Migrate
TIBCO Cloud™ Integration - Hybrid - Connectivity Add-On,Unassigned,3.5.0,https://docs.tibco.com/products/tibco-cloud-integration-hybrid-connectivity-add-on-3-5-0,FALSE,FALSE,Do Not Migrate
TIBCO Cloud™ Integration - Hybrid - Connectivity Add-On,Unassigned,3.4.1,https://docs.tibco.com/products/tibco-cloud-integration-hybrid-connectivity-add-on-3-4-1,FALSE,FALSE,Do Not Migrate
TIBCO Cloud™ Integration - Hybrid - Connectivity Add-On,Unassigned,3.4.0,https://docs.tibco.com/products/tibco-cloud-integration-hybrid-connectivity-add-on-3-4-0,FALSE,FALSE,Do Not Migrate
TIBCO Cloud™ Integration - Hybrid - Connectivity Add-On,Unassigned,3.3.0,https://docs.tibco.com/products/tibco-cloud-integration-hybrid-connectivity-add-on-3-3-0,FALSE,FALSE,Do Not Migrate
TIBCO Cloud™ Integration - Hybrid - Connectivity Add-On,Unassigned,3.2.0,https://docs.tibco.com/products/tibco-cloud-integration-hybrid-connectivity-add-on-3-2-0,FALSE,FALSE,Do Not Migrate
TIBCO Cloud™ Integration - Hybrid - Connectivity Add-On,Unassigned,3.1.0,https://docs.tibco.com/products/tibco-cloud-integration-hybrid-connectivity-add-on-3-1-0,FALSE,FALSE,Do Not Migrate
TIBCO Cloud™ Integration - Hybrid - Connectivity Add-On,Unassigned,3.0.0,https://docs.tibco.com/products/tibco-cloud-integration-hybrid-connectivity-add-on-3-0-0,FALSE,FALSE,Do Not Migrate
TIBCO Cloud™ Integration - Hybrid - Connectivity Add-On,Unassigned,2.9.1,https://docs.tibco.com/products/tibco-cloud-integration-hybrid-connectivity-add-on-2-9-1,FALSE,FALSE,Do Not Migrate
TIBCO Cloud™ Integration - Hybrid - Connectivity Add-On,Unassigned,2.9.0,https://docs.tibco.com/products/tibco-cloud-integration-hybrid-connectivity-add-on-2-9-0,FALSE,FALSE,Do Not Migrate
TIBCO Cloud™ Integration - Hybrid - Connectivity Add-On,Unassigned,2.7.0,https://docs.tibco.com/products/tibco-cloud-integration-hybrid-connectivity-add-on-2-7-0,FALSE,FALSE,Do Not Migrate
TIBCO Cloud™ Integration - Hybrid - Connectivity Add-On,Unassigned,2.6.1,https://docs.tibco.com/products/tibco-cloud-integration-hybrid-connectivity-add-on-2-6-1,FALSE,FALSE,Do Not Migrate
TIBCO Cloud™ Integration - Hybrid - Connectivity Add-On,Unassigned,2.6.0,https://docs.tibco.com/products/tibco-cloud-integration-hybrid-connectivity-add-on-2-6-0,FALSE,FALSE,Do Not Migrate
TIBCO Cloud™ Integration - Hybrid - Connectivity Add-On,Unassigned,2.5.3,https://docs.tibco.com/products/tibco-cloud-integration-hybrid-connectivity-add-on-2-5-3,FALSE,FALSE,Do Not Migrate
TIBCO Cloud™ Integration - Hybrid - Connectivity Add-On,Unassigned,2.5.2,https://docs.tibco.com/products/tibco-cloud-integration-hybrid-connectivity-add-on-2-5-2,FALSE,FALSE,Do Not Migrate
TIBCO Cloud™ Integration - Hybrid - Connectivity Add-On,Unassigned,2.5.1,https://docs.tibco.com/products/tibco-cloud-integration-hybrid-connectivity-add-on-2-5-1,FALSE,FALSE,Do Not Migrate
TIBCO Cloud™ Integration - Hybrid - Connectivity Add-On,Unassigned,2.5.0,https://docs.tibco.com/products/tibco-cloud-integration-hybrid-connectivity-add-on-2-5-0,FALSE,FALSE,Do Not Migrate
TIBCO Cloud™ Integration - Hybrid - Connectivity Add-On,Unassigned,2.4.0,https://docs.tibco.com/products/tibco-cloud-integration-hybrid-connectivity-add-on-2-4-0,FALSE,FALSE,Do Not Migrate
TIBCO Cloud™ Integration - Hybrid - Connectivity Add-On,Unassigned,2.3.0,https://docs.tibco.com/products/tibco-cloud-integration-hybrid-connectivity-add-on-2-3-0,FALSE,FALSE,Do Not Migrate
TIBCO Cloud™ Integration - Hybrid - Connectivity Add-On,Unassigned,2.2.0,https://docs.tibco.com/products/tibco-cloud-integration-hybrid-connectivity-add-on-2-2-0,FALSE,FALSE,Do Not Migrate
TIBCO Cloud™ Integration - Hybrid - Connectivity Add-On,Unassigned,2.1.1,https://docs.tibco.com/products/tibco-cloud-integration-hybrid-connectivity-add-on-2-1-1,FALSE,FALSE,Do Not Migrate
TIBCO Cloud™ Integration - Hybrid - Connectivity Add-On,Unassigned,2.1.0,https://docs.tibco.com/products/tibco-cloud-integration-hybrid-connectivity-add-on-2-1-0,FALSE,FALSE,Do Not Migrate
TIBCO Cloud™ Integration - Hybrid - Connectivity Add-On,Unassigned,2.0.0,https://docs.tibco.com/products/tibco-cloud-integration-hybrid-connectivity-add-on-2-0-0,FALSE,FALSE,Do Not Migrate
TIBCO Cloud™ Integration - Hybrid - Connectivity Add-On,Unassigned,1.8.0,https://docs.tibco.com/products/tibco-cloud-integration-hybrid-connectivity-add-on-1-8-0,FALSE,FALSE,Do Not Migrate
TIBCO Cloud™ Integration - Hybrid - Connectivity Add-On,Unassigned,1.7.0,https://docs.tibco.com/products/tibco-cloud-integration-hybrid-connectivity-add-on-1-7-0,FALSE,FALSE,Do Not Migrate
TIBCO Cloud™ Integration - Hybrid - Connectivity Add-On,Unassigned,1.3.0,https://docs.tibco.com/products/tibco-cloud-integration-hybrid-connectivity-add-on-1-3-0,FALSE,FALSE,Do Not Migrate
TIBCO Cloud™ Integration - Hybrid - Connectivity Add-On,Unassigned,1.2.0,https://docs.tibco.com/products/tibco-cloud-integration-hybrid-connectivity-add-on-1-2-0,FALSE,FALSE,Do Not Migrate
TIBCO Cloud™ Integration - Hybrid - Connectivity Add-On,Unassigned,1.1.0,https://docs.tibco.com/products/tibco-cloud-integration-hybrid-connectivity-add-on-1-1-0,FALSE,FALSE,Do Not Migrate
TIBCO Cloud™ Integration - Hybrid - Connectivity Add-On,Unassigned,1.0.0,https://docs.tibco.com/products/tibco-cloud-integration-hybrid-connectivity-add-on-1-0-0,FALSE,FALSE,Do Not Migrate
TIBCO Cloud™ Integration - Hybrid Plan,Unassigned,3.12.0,https://docs.tibco.com/products/tibco-cloud-integration-hybrid-plan-3-12-0,FALSE,FALSE,Do Not Migrate
TIBCO Cloud™ Integration - Hybrid Plan,Unassigned,3.11.0,https://docs.tibco.com/products/tibco-cloud-integration-hybrid-plan-3-11-0,FALSE,FALSE,Do Not Migrate
TIBCO Cloud™ Integration - Hybrid Plan,Unassigned,3.10.0,https://docs.tibco.com/products/tibco-cloud-integration-hybrid-plan-3-10-0,FALSE,FALSE,Do Not Migrate
TIBCO Cloud™ Integration - Hybrid Plan,Unassigned,3.9.0,https://docs.tibco.com/products/tibco-cloud-integration-hybrid-plan-3-9-0,FALSE,FALSE,Do Not Migrate
TIBCO Cloud™ Integration - Hybrid Plan,Unassigned,3.8.0,https://docs.tibco.com/products/tibco-cloud-integration-hybrid-plan-3-8-0,FALSE,FALSE,Do Not Migrate
TIBCO Cloud™ Integration - Hybrid Plan,Unassigned,3.7.0,https://docs.tibco.com/products/tibco-cloud-integration-hybrid-plan-3-7-0,FALSE,FALSE,Do Not Migrate
TIBCO Cloud™ Integration - Hybrid Plan,Unassigned,3.6.0,https://docs.tibco.com/products/tibco-cloud-integration-hybrid-plan-3-6-0,FALSE,FALSE,Do Not Migrate
TIBCO Cloud™ Integration - Hybrid Plan,Unassigned,3.5.0,https://docs.tibco.com/products/tibco-cloud-integration-hybrid-plan-3-5-0,FALSE,FALSE,Do Not Migrate
TIBCO Cloud™ Integration - Hybrid Plan,Unassigned,3.4.0,https://docs.tibco.com/products/tibco-cloud-integration-hybrid-plan-3-4-0,FALSE,FALSE,Do Not Migrate
TIBCO Cloud™ Integration - Hybrid Plan,Unassigned,3.3.0,https://docs.tibco.com/products/tibco-cloud-integration-hybrid-plan-3-3-0,TRUE,FALSE,Do Not Migrate
TIBCO Cloud™ Integration - Hybrid Plan,Unassigned,3.2.0,https://docs.tibco.com/products/tibco-cloud-integration-hybrid-plan-3-2-0,TRUE,FALSE,Do Not Migrate
TIBCO Cloud™ Integration - Hybrid Plan,Unassigned,3.1.0,https://docs.tibco.com/products/tibco-cloud-integration-hybrid-plan-3-1-0,TRUE,FALSE,Do Not Migrate
TIBCO Cloud™ Integration - Hybrid Plan,Unassigned,3.0.0,https://docs.tibco.com/products/tibco-cloud-integration-hybrid-plan-3-0-0,TRUE,FALSE,Do Not Migrate
TIBCO Cloud™ Integration - Hybrid Plan,Unassigned,2.9.1,https://docs.tibco.com/products/tibco-cloud-integration-hybrid-plan-2-9-1,TRUE,FALSE,Do Not Migrate
TIBCO Cloud™ Integration - Hybrid Plan,Unassigned,2.9.0,https://docs.tibco.com/products/tibco-cloud-integration-hybrid-plan-2-9-0,TRUE,FALSE,Do Not Migrate
TIBCO Cloud™ Integration - Hybrid Plan,Unassigned,2.8.0,https://docs.tibco.com/products/tibco-cloud-integration-hybrid-plan-2-8-0,TRUE,FALSE,Do Not Migrate
TIBCO Cloud™ Integration - Hybrid Plan,Unassigned,2.7.0,https://docs.tibco.com/products/tibco-cloud-integration-hybrid-plan-2-7-0,TRUE,FALSE,Do Not Migrate
TIBCO Cloud™ Integration - Hybrid Plan,Unassigned,2.6.1,https://docs.tibco.com/products/tibco-cloud-integration-hybrid-plan-2-6-1,TRUE,FALSE,Do Not Migrate
TIBCO Cloud™ Integration - Hybrid Plan,Unassigned,2.6.0,https://docs.tibco.com/products/tibco-cloud-integration-hybrid-plan-2-6-0,TRUE,FALSE,Do Not Migrate
TIBCO Cloud™ Integration - Hybrid Plan,Unassigned,2.5.0,https://docs.tibco.com/products/tibco-cloud-integration-hybrid-plan-2-5-0,TRUE,FALSE,Do Not Migrate
TIBCO Cloud™ Integration - Hybrid Plan,Unassigned,2.4.0,https://docs.tibco.com/products/tibco-cloud-integration-hybrid-plan-2-4-0,TRUE,FALSE,Do Not Migrate
TIBCO Cloud™ Integration - Hybrid Plan,Unassigned,2.3.0,https://docs.tibco.com/products/tibco-cloud-integration-hybrid-plan-2-3-0,TRUE,FALSE,Do Not Migrate
TIBCO Cloud™ Integration - Hybrid Plan,Unassigned,2.2.0,https://docs.tibco.com/products/tibco-cloud-integration-hybrid-plan-2-2-0,TRUE,FALSE,Do Not Migrate
TIBCO Cloud™ Integration - Hybrid Plan,Unassigned,2.1.0,https://docs.tibco.com/products/tibco-cloud-integration-hybrid-plan-2-1-0,TRUE,FALSE,Do Not Migrate
TIBCO Cloud™ Integration - Hybrid Plan,Unassigned,2.0.0,https://docs.tibco.com/products/tibco-cloud-integration-hybrid-plan-2-0-0,TRUE,FALSE,Do Not Migrate
TIBCO Cloud™ Integration - Hybrid Plan,Unassigned,1.1.0,https://docs.tibco.com/products/tibco-cloud-integration-hybrid-plan-1-1-0,TRUE,FALSE,Do Not Migrate
TIBCO Cloud™ Integration - Hybrid Plan,Unassigned,1.0.0,https://docs.tibco.com/products/tibco-cloud-integration-hybrid-plan-1-0-0,TRUE,FALSE,Do Not Migrate
TIBCO Cloud™ Integration for Salesforce,Unassigned,1.0.0,https://docs.tibco.com/products/tibco-cloud-integration-for-salesforce-1-0-0,FALSE,FALSE,Do Not Migrate
TIBCO Cloud™ Integration for Salesforce,Unassigned,0.1.0,https://docs.tibco.com/products/tibco-cloud-integration-for-salesforce-0-1-0,FALSE,FALSE,Do Not Migrate
TIBCO Cloud™ Live Apps,Unassigned,Apps,https://docs.tibco.com/products/tibco-cloud-live-apps,FALSE,FALSE,Do Not Migrate
TIBCO Cloud™ Messaging,Unassigned,Messaging,https://docs.tibco.com/products/tibco-cloud-messaging,FALSE,FALSE,Do Not Migrate
TIBCO Cloud™ Metadata,Unassigned,Metadata,https://docs.tibco.com/products/tibco-cloud-metadata,FALSE,FALSE,Do Not Migrate
TIBCO Cloud™ Nimbus® Essentials,Unassigned,Essentials,https://docs.tibco.com/products/tibco-cloud-nimbus-essentials,FALSE,FALSE,Do Not Migrate
TIBCO Cloud™ Nimbus® Professional,Unassigned,Professional,https://docs.tibco.com/products/tibco-cloud-nimbus-professional,FALSE,FALSE,Do Not Migrate
TIBCO Cloud™ Passport,Unassigned,Passport,https://docs.tibco.com/products/tibco-cloud-passport,FALSE,FALSE,Do Not Migrate
TIBCO ComputeDB™ - Enterprise Edition,Data Virtualization,1.2.0,https://docs.tibco.com/products/tibco-computedb-enterprise-edition-1-2-0,TRUE,FALSE,Do Not Migrate
TIBCO ComputeDB™ - Enterprise Edition,Data Virtualization,1.1.1,https://docs.tibco.com/products/tibco-computedb-enterprise-edition-1-1-1,TRUE,FALSE,Do Not Migrate
TIBCO ComputeDB™ - Enterprise Edition,Data Virtualization,1.1.0,https://docs.tibco.com/products/tibco-computedb-enterprise-edition-1-1-0,TRUE,FALSE,Do Not Migrate
TIBCO Configuration Tool,Unassigned,1.3.0,https://docs.tibco.com/products/tibco-configuration-tool-1-3-0,FALSE,FALSE,Migrate
TIBCO Designer™,Integration,5.10.0,https://docs.tibco.com/products/tibco-designer-5-10-0,TRUE,FALSE,Migrate
TIBCO Designer™,Integration,5.9.0,https://docs.tibco.com/products/tibco-designer-5-9-0,TRUE,FALSE,Do Not Migrate
TIBCO Designer™,Integration,5.8.0,https://docs.tibco.com/products/tibco-designer-5-8-0,TRUE,FALSE,Do Not Migrate
TIBCO Designer™,Integration,5.7.3,https://docs.tibco.com/products/tibco-designer-5-7-3,TRUE,FALSE,Do Not Migrate
TIBCO Designer™,Integration,5.7.2,https://docs.tibco.com/products/tibco-designer-5-7-2,TRUE,FALSE,Do Not Migrate
TIBCO Designer™,Integration,5.7.1,https://docs.tibco.com/products/tibco-designer-5-7-1,TRUE,FALSE,Do Not Migrate
TIBCO Designer™,Integration,5.7.0,https://docs.tibco.com/products/tibco-designer-5-7-0,TRUE,FALSE,Do Not Migrate
TIBCO Designer™ Add-in for TIBCO Business Studio™,Unassigned,1.5.0,https://docs.tibco.com/products/tibco-designer-add-in-for-tibco-business-studio-1-5-0,FALSE,FALSE,Migrate
TIBCO Designer™ Add-in for TIBCO Business Studio™,Unassigned,1.4.0,https://docs.tibco.com/products/tibco-designer-add-in-for-tibco-business-studio-1-4-0,FALSE,FALSE,Migrate
TIBCO Designer™ Add-in for TIBCO Business Studio™,Unassigned,1.3.2,https://docs.tibco.com/products/tibco-designer-add-in-for-tibco-business-studio-1-3-2,FALSE,FALSE,Migrate
TIBCO Designer™ Add-in for TIBCO Business Studio™,Unassigned,1.3.1,https://docs.tibco.com/products/tibco-designer-add-in-for-tibco-business-studio-1-3-1,FALSE,FALSE,Migrate
TIBCO Designer™ Add-in for TIBCO Business Studio™,Unassigned,1.2.0,https://docs.tibco.com/products/tibco-designer-add-in-for-tibco-business-studio-1-2-0,FALSE,FALSE,Migrate
TIBCO Designer™ Add-in for TIBCO Business Studio™,Unassigned,1.1.1,https://docs.tibco.com/products/tibco-designer-add-in-for-tibco-business-studio-1-1-1,FALSE,FALSE,Migrate
TIBCO Designer™ Add-in for TIBCO Business Studio™,Unassigned,1.1.0,https://docs.tibco.com/products/tibco-designer-add-in-for-tibco-business-studio-1-1-0,FALSE,FALSE,Migrate
TIBCO Designer™ Add-in for TIBCO Business Studio™,Unassigned,1.0.0,https://docs.tibco.com/products/tibco-designer-add-in-for-tibco-business-studio-1-0-0,FALSE,FALSE,Migrate
TIBCO eFTL™ - Enterprise Edition,Messaging,7.3.0,https://docs.tibco.com/products/tibco-eftl-enterprise-edition-7-3-0,FALSE,FALSE,Migrate
TIBCO eFTL™ - Enterprise Edition,Messaging,7.2.0,https://docs.tibco.com/products/tibco-eftl-enterprise-edition-7-2-0,FALSE,FALSE,Migrate
TIBCO eFTL™ - Enterprise Edition,Messaging,7.1.2,https://docs.tibco.com/products/tibco-eftl-enterprise-edition-7-1-2,FALSE,FALSE,Migrate
TIBCO eFTL™ - Enterprise Edition,Messaging,7.1.1,https://docs.tibco.com/products/tibco-eftl-enterprise-edition-7-1-1,FALSE,FALSE,Migrate
TIBCO eFTL™ - Enterprise Edition,Messaging,7.1.0,https://docs.tibco.com/products/tibco-eftl-enterprise-edition-7-1-0,FALSE,FALSE,Migrate
TIBCO eFTL™ - Enterprise Edition,Messaging,7.0.1,https://docs.tibco.com/products/tibco-eftl-enterprise-edition-7-0-1,FALSE,FALSE,Do Not Migrate
TIBCO eFTL™ - Enterprise Edition,Messaging,7.0.0,https://docs.tibco.com/products/tibco-eftl-enterprise-edition-7-0-0,FALSE,FALSE,Do Not Migrate
TIBCO eFTL™ - Enterprise Edition,Messaging,6.10.2,https://docs.tibco.com/products/tibco-eftl-enterprise-edition-6-10-2,FALSE,FALSE,Do Not Migrate
TIBCO eFTL™ - Enterprise Edition,Messaging,6.10.1,https://docs.tibco.com/products/tibco-eftl-enterprise-edition-6-10-1,FALSE,FALSE,Do Not Migrate
TIBCO eFTL™ - Enterprise Edition,Messaging,6.10.0,https://docs.tibco.com/products/tibco-eftl-enterprise-edition-6-10-0,FALSE,FALSE,Do Not Migrate
TIBCO eFTL™ - Enterprise Edition,Messaging,6.9.1,https://docs.tibco.com/products/tibco-eftl-enterprise-edition-6-9-1,TRUE,FALSE,Do Not Migrate
TIBCO eFTL™ - Enterprise Edition,Messaging,6.9.0,https://docs.tibco.com/products/tibco-eftl-enterprise-edition-6-9-0,TRUE,FALSE,Do Not Migrate
TIBCO eFTL™ - Enterprise Edition,Messaging,6.8.1,https://docs.tibco.com/products/tibco-eftl-enterprise-edition-6-8-1,TRUE,FALSE,Do Not Migrate
TIBCO eFTL™ - Enterprise Edition,Messaging,6.8.0,https://docs.tibco.com/products/tibco-eftl-enterprise-edition-6-8-0,TRUE,FALSE,Do Not Migrate
TIBCO eFTL™ - Enterprise Edition,Messaging,6.7.4,https://docs.tibco.com/products/tibco-eftl-enterprise-edition-6-7-4,TRUE,FALSE,Do Not Migrate
TIBCO eFTL™ - Enterprise Edition,Messaging,6.7.3,https://docs.tibco.com/products/tibco-eftl-enterprise-edition-6-7-3,TRUE,FALSE,Do Not Migrate
TIBCO eFTL™ - Enterprise Edition,Messaging,6.7.2,https://docs.tibco.com/products/tibco-eftl-enterprise-edition-6-7-2,TRUE,FALSE,Do Not Migrate
TIBCO eFTL™ - Enterprise Edition,Messaging,6.7.1,https://docs.tibco.com/products/tibco-eftl-enterprise-edition-6-7-1,TRUE,FALSE,Do Not Migrate
TIBCO eFTL™ - Enterprise Edition,Messaging,6.7.0,https://docs.tibco.com/products/tibco-eftl-enterprise-edition-6-7-0,TRUE,FALSE,Do Not Migrate
TIBCO eFTL™ - Enterprise Edition,Messaging,6.6.1,https://docs.tibco.com/products/tibco-eftl-enterprise-edition-6-6-1,TRUE,FALSE,Do Not Migrate
TIBCO eFTL™ - Enterprise Edition,Messaging,6.6.0,https://docs.tibco.com/products/tibco-eftl-enterprise-edition-6-6-0,TRUE,FALSE,Do Not Migrate
TIBCO eFTL™ - Enterprise Edition,Messaging,6.5.0,https://docs.tibco.com/products/tibco-eftl-enterprise-edition-6-5-0,TRUE,FALSE,Do Not Migrate
TIBCO eFTL™ - Enterprise Edition,Messaging,6.4.0,https://docs.tibco.com/products/tibco-eftl-enterprise-edition-6-4-0,TRUE,FALSE,Do Not Migrate
TIBCO eFTL™ - Enterprise Edition,Messaging,6.3.1,https://docs.tibco.com/products/tibco-eftl-enterprise-edition-6-3-1,TRUE,FALSE,Do Not Migrate
TIBCO eFTL™ - Enterprise Edition,Messaging,6.3.0,https://docs.tibco.com/products/tibco-eftl-enterprise-edition-6-3-0,TRUE,FALSE,Do Not Migrate
TIBCO eFTL™ - Enterprise Edition,Messaging,6.2.0,https://docs.tibco.com/products/tibco-eftl-enterprise-edition-6-2-0,TRUE,FALSE,Do Not Migrate
TIBCO eFTL™ - Enterprise Edition,Messaging,6.1.0,https://docs.tibco.com/products/tibco-eftl-enterprise-edition-6-1-0,TRUE,FALSE,Do Not Migrate
TIBCO eFTL™ - Enterprise Edition,Messaging,6.0.1,https://docs.tibco.com/products/tibco-eftl-enterprise-edition-6-0-1,TRUE,FALSE,Do Not Migrate
TIBCO eFTL™ - Enterprise Edition,Messaging,6.0.0,https://docs.tibco.com/products/tibco-eftl-enterprise-edition-6-0-0,TRUE,FALSE,Do Not Migrate
TIBCO eFTL™ - Enterprise Edition,Messaging,3.4.2,https://docs.tibco.com/products/tibco-eftl-enterprise-edition-3-4-2,TRUE,FALSE,Do Not Migrate
TIBCO eFTL™ - Enterprise Edition,Messaging,3.4.0,https://docs.tibco.com/products/tibco-eftl-enterprise-edition-3-4-0,TRUE,FALSE,Do Not Migrate
TIBCO eFTL™ - Enterprise Edition,Messaging,3.3.2,https://docs.tibco.com/products/tibco-eftl-enterprise-edition-3-3-2,TRUE,FALSE,Do Not Migrate
TIBCO eFTL™ - Enterprise Edition,Messaging,3.3.1,https://docs.tibco.com/products/tibco-eftl-enterprise-edition-3-3-1,TRUE,FALSE,Do Not Migrate
TIBCO eFTL™ - Enterprise Edition,Messaging,3.3.0,https://docs.tibco.com/products/tibco-eftl-enterprise-edition-3-3-0,TRUE,FALSE,Do Not Migrate
TIBCO eFTL™ - Enterprise Edition,Messaging,3.2.0,https://docs.tibco.com/products/tibco-eftl-3-2-0,TRUE,FALSE,Do Not Migrate
TIBCO eFTL™ - Enterprise Edition,Messaging,3.1.0,https://docs.tibco.com/products/tibco-eftl-3-1-0,TRUE,FALSE,Do Not Migrate
TIBCO eFTL™ - Enterprise Edition,Messaging,3.0.0,https://docs.tibco.com/products/tibco-eftl-3-0-0,TRUE,FALSE,Do Not Migrate
TIBCO eFTL™ - Enterprise Edition,Messaging,2.0.0,https://docs.tibco.com/products/tibco-eftl-2-0-0,TRUE,FALSE,Do Not Migrate
TIBCO eFTL™ - Enterprise Edition,Messaging,1.1.1,https://docs.tibco.com/products/tibco-eftl-1-1-1,TRUE,FALSE,Do Not Migrate
TIBCO eFTL™ - Enterprise Edition,Messaging,1.1.0,https://docs.tibco.com/products/tibco-eftl-1-1-0,TRUE,FALSE,Do Not Migrate
TIBCO eFTL™ - Enterprise Edition,Messaging,1.0.0,https://docs.tibco.com/products/tibco-eftl-1-0-0,TRUE,FALSE,Do Not Migrate
TIBCO Enterprise Message Service™,Messaging,10.5.1,https://docs.tibco.com/products/tibco-enterprise-message-service-10-5-1,FALSE,FALSE,Migrate
TIBCO Enterprise Message Service™,Messaging,10.5.0,https://docs.tibco.com/products/tibco-enterprise-message-service-10-5-0,FALSE,FALSE,Migrate
TIBCO Enterprise Message Service™,Messaging,10.4.4,https://docs.tibco.com/products/tibco-enterprise-message-service-10-4-4,FALSE,FALSE,Migrate
TIBCO Enterprise Message Service™,Messaging,10.4.3,https://docs.tibco.com/products/tibco-enterprise-message-service-10-4-3,FALSE,FALSE,Migrate
TIBCO Enterprise Message Service™,Messaging,10.4.1,https://docs.tibco.com/products/tibco-enterprise-message-service-10-4-1,FALSE,FALSE,Migrate
TIBCO Enterprise Message Service™,Messaging,10.4.0,https://docs.tibco.com/products/tibco-enterprise-message-service-10-4-0,FALSE,FALSE,Migrate
TIBCO Enterprise Message Service™,Messaging,10.3.0,https://docs.tibco.com/products/tibco-enterprise-message-service-10-3-0,FALSE,TRUE,Do Not Migrate
TIBCO Enterprise Message Service™,Messaging,10.2.1,https://docs.tibco.com/products/tibco-enterprise-message-service-10-2-1,TRUE,TRUE,Do Not Migrate
TIBCO Enterprise Message Service™,Messaging,10.2.0,https://docs.tibco.com/products/tibco-enterprise-message-service-10-2-0,TRUE,TRUE,Do Not Migrate
TIBCO Enterprise Message Service™,Messaging,10.1.0,https://docs.tibco.com/products/tibco-enterprise-message-service-10-1-0,TRUE,TRUE,Do Not Migrate
TIBCO Enterprise Message Service™,Messaging,8.7.0,https://docs.tibco.com/products/tibco-enterprise-message-service-8-7-0,TRUE,TRUE,Do Not Migrate
TIBCO Enterprise Message Service™,Messaging,8.6.0,https://docs.tibco.com/products/tibco-enterprise-message-service-8-6-0,TRUE,TRUE,Do Not Migrate
TIBCO Enterprise Message Service™,Messaging,8.5.1,https://docs.tibco.com/products/tibco-enterprise-message-service-8-5-1,TRUE,TRUE,Do Not Migrate
TIBCO Enterprise Message Service™,Messaging,8.5.0,https://docs.tibco.com/products/tibco-enterprise-message-service-8-5-0,TRUE,TRUE,Do Not Migrate
TIBCO Enterprise Message Service™,Messaging,8.4.1,https://docs.tibco.com/products/tibco-enterprise-message-service-8-4-1,TRUE,TRUE,Do Not Migrate
TIBCO Enterprise Message Service™,Messaging,8.4.0,https://docs.tibco.com/products/tibco-enterprise-message-service-8-4-0,TRUE,TRUE,Do Not Migrate
TIBCO Enterprise Message Service™,Messaging,8.3.0,https://docs.tibco.com/products/tibco-enterprise-message-service-8-3-0,TRUE,TRUE,Do Not Migrate
TIBCO Enterprise Message Service™,Messaging,8.2.2,https://docs.tibco.com/products/tibco-enterprise-message-service-8-2-2,TRUE,TRUE,Do Not Migrate
TIBCO Enterprise Message Service™,Messaging,8.2.1,https://docs.tibco.com/products/tibco-enterprise-message-service-8-2-1,TRUE,TRUE,Do Not Migrate
TIBCO Enterprise Message Service™,Messaging,8.2.0,https://docs.tibco.com/products/tibco-enterprise-message-service-8-2-0,TRUE,TRUE,Do Not Migrate
TIBCO Enterprise Message Service™,Messaging,8.1.0,https://docs.tibco.com/products/tibco-enterprise-message-service-8-1-0,TRUE,TRUE,Do Not Migrate
TIBCO Enterprise Message Service™,Messaging,8.0.0,https://docs.tibco.com/products/tibco-enterprise-message-service-8-0-0,TRUE,TRUE,Do Not Migrate
TIBCO Enterprise Message Service™,Messaging,7.0.1,https://docs.tibco.com/products/tibco-enterprise-message-service-7-0-1,TRUE,TRUE,Do Not Migrate
TIBCO Enterprise Message Service™,Messaging,7.0.0,https://docs.tibco.com/products/tibco-enterprise-message-service-7-0-0,TRUE,TRUE,Do Not Migrate
TIBCO Enterprise Message Service™,Messaging,6.3.0,https://docs.tibco.com/products/tibco-enterprise-message-service-6-3-0,TRUE,TRUE,Do Not Migrate
TIBCO Enterprise Message Service™,Messaging,6.2.0,https://docs.tibco.com/products/tibco-enterprise-message-service-6-2-0,TRUE,FALSE,Do Not Migrate
TIBCO Enterprise Message Service™,Messaging,6.1.0,https://docs.tibco.com/products/tibco-enterprise-message-service-6-1-0,TRUE,TRUE,Do Not Migrate
TIBCO Enterprise Message Service™,Messaging,6.0.1,https://docs.tibco.com/products/tibco-enterprise-message-service-6-0-1,TRUE,TRUE,Do Not Migrate
TIBCO Enterprise Message Service™,Messaging,6.0.0,https://docs.tibco.com/products/tibco-enterprise-message-service-6-0-0,TRUE,TRUE,Do Not Migrate
TIBCO Enterprise Message Service™,Messaging,5.1.5,https://docs.tibco.com/products/tibco-enterprise-message-service-5-1-5,TRUE,TRUE,Do Not Migrate
TIBCO Enterprise Message Service™,Messaging,5.1.4,https://docs.tibco.com/products/tibco-enterprise-message-service-5-1-4,TRUE,TRUE,Do Not Migrate
TIBCO Enterprise Message Service™,Messaging,5.1.3,https://docs.tibco.com/products/tibco-enterprise-message-service-5-1-3,TRUE,TRUE,Do Not Migrate
TIBCO Enterprise Message Service™,Messaging,5.1.2,https://docs.tibco.com/products/tibco-enterprise-message-service-5-1-2,TRUE,TRUE,Do Not Migrate
TIBCO Enterprise Message Service™,Messaging,5.1.1,https://docs.tibco.com/products/tibco-enterprise-message-service-5-1-1,TRUE,TRUE,Do Not Migrate
TIBCO Enterprise Message Service™,Messaging,5.1.0,https://docs.tibco.com/products/tibco-enterprise-message-service-5-1-0,TRUE,TRUE,Do Not Migrate
TIBCO Flogo®,Integration,3.0.0,https://docs.tibco.com/products/tibco-flogo-tech-preview-3-0-0,FALSE,FALSE,Migrate
TIBCO Flogo®,Integration,2.26.7,https://docs.tibco.com/products/tibco-flogo-2-26-7,FALSE,FALSE,Migrate
TIBCO Flogo®,Integration,2.26.6,https://docs.tibco.com/products/tibco-flogo-2-26-6,FALSE,FALSE,Migrate
TIBCO Flogo®,Integration,2.26.5,https://docs.tibco.com/products/tibco-flogo-2-26-5,FALSE,FALSE,Migrate
TIBCO Flogo®,Integration,2.26.4,https://docs.tibco.com/products/tibco-flogo-2-26-4,FALSE,FALSE,Migrate
TIBCO Flogo®,Integration,2.26.3,https://docs.tibco.com/products/tibco-flogo-2-26-3,FALSE,FALSE,Migrate
TIBCO Flogo®,Integration,2.26.2,https://docs.tibco.com/products/tibco-flogo-2-26-2,FALSE,FALSE,Migrate
TIBCO Flogo®,Integration,2.26.1,https://docs.tibco.com/products/tibco-flogo-2-26-1,FALSE,FALSE,Migrate
TIBCO Flogo®,Integration,2.26.0,https://docs.tibco.com/products/tibco-flogo-2-26-0,FALSE,FALSE,Migrate
TIBCO Flogo®,Integration,2.25.11,https://docs.tibco.com/products/tibco-flogo-2-25-11,FALSE,FALSE,Migrate
TIBCO Flogo®,Integration,2.25.10,https://docs.tibco.com/products/tibco-flogo-2-25-10,FALSE,FALSE,Migrate
TIBCO Flogo®,Integration,2.25.9,https://docs.tibco.com/products/tibco-flogo-enterprise-2-25-9,FALSE,FALSE,Migrate
TIBCO Flogo®,Integration,2.25.8,https://docs.tibco.com/products/tibco-flogo-enterprise-2-25-8,FALSE,FALSE,Migrate
TIBCO Flogo®,Integration,2.25.7,https://docs.tibco.com/products/tibco-flogo-enterprise-2-25-7,FALSE,FALSE,Migrate
TIBCO Flogo®,Integration,2.25.6,https://docs.tibco.com/products/tibco-flogo-enterprise-2-25-6,FALSE,FALSE,Migrate
TIBCO Flogo®,Integration,2.25.5,https://docs.tibco.com/products/tibco-flogo-enterprise-2-25-5,FALSE,FALSE,Migrate
TIBCO Flogo®,Integration,2.25.4,https://docs.tibco.com/products/tibco-flogo-enterprise-2-25-4,FALSE,FALSE,Migrate
TIBCO Flogo®,Integration,2.25.3,https://docs.tibco.com/products/tibco-flogo-enterprise-2-25-3,FALSE,FALSE,Migrate
TIBCO Flogo®,Integration,2.25.2,https://docs.tibco.com/products/tibco-flogo-enterprise-2-25-2,FALSE,FALSE,Migrate
TIBCO Flogo®,Integration,2.25.1,https://docs.tibco.com/products/tibco-flogo-enterprise-2-25-1,FALSE,FALSE,Migrate
TIBCO Flogo®,Integration,2.25.0,https://docs.tibco.com/products/tibco-flogo-enterprise-2-25-0,FALSE,FALSE,Migrate
TIBCO Flogo®,Integration,2.24.0,https://docs.tibco.com/products/tibco-flogo-enterprise-2-24-0,FALSE,FALSE,Migrate
TIBCO Flogo®,Integration,2.23.0,https://docs.tibco.com/products/tibco-flogo-enterprise-2-23-0,FALSE,FALSE,Migrate
TIBCO Flogo®,Integration,2.22.0,https://docs.tibco.com/products/tibco-flogo-enterprise-2-22-0,FALSE,FALSE,Migrate
TIBCO Flogo®,Integration,2.21.0,https://docs.tibco.com/products/tibco-flogo-enterprise-2-21-0,FALSE,FALSE,Migrate
TIBCO Flogo®,Integration,2.20.0,https://docs.tibco.com/products/tibco-flogo-enterprise-2-20-0,FALSE,FALSE,Migrate
TIBCO Flogo®,Integration,2.19.0,https://docs.tibco.com/products/tibco-flogo-enterprise-2-19-0,TRUE,FALSE,Do Not Migrate
TIBCO Flogo®,Integration,2.18.0,https://docs.tibco.com/products/tibco-flogo-enterprise-2-18-0,TRUE,FALSE,Do Not Migrate
TIBCO Flogo®,Integration,2.17.0,https://docs.tibco.com/products/tibco-flogo-enterprise-2-17-0,TRUE,FALSE,Do Not Migrate
TIBCO Flogo®,Integration,2.16.0,https://docs.tibco.com/products/tibco-flogo-enterprise-2-16-0,TRUE,FALSE,Do Not Migrate
TIBCO Flogo®,Integration,2.15.0,https://docs.tibco.com/products/tibco-flogo-enterprise-2-15-0,TRUE,FALSE,Do Not Migrate
TIBCO Flogo®,Integration,2.14.1,https://docs.tibco.com/products/tibco-flogo-enterprise-2-14-1,TRUE,FALSE,Do Not Migrate
TIBCO Flogo®,Integration,2.14.0,https://docs.tibco.com/products/tibco-flogo-enterprise-2-14-0,TRUE,FALSE,Do Not Migrate
TIBCO Flogo®,Integration,2.13.0,https://docs.tibco.com/products/tibco-flogo-enterprise-2-13-0,TRUE,FALSE,Do Not Migrate
TIBCO Flogo®,Integration,2.12.0,https://docs.tibco.com/products/tibco-flogo-enterprise-2-12-0,TRUE,FALSE,Do Not Migrate
TIBCO Flogo®,Integration,2.11.0,https://docs.tibco.com/products/tibco-flogo-enterprise-2-11-0,TRUE,FALSE,Do Not Migrate
TIBCO Flogo®,Integration,2.10.0,https://docs.tibco.com/products/tibco-flogo-enterprise-2-10-0,TRUE,FALSE,Do Not Migrate
TIBCO Flogo®,Integration,2.9.0,https://docs.tibco.com/products/tibco-flogo-enterprise-2-9-0,TRUE,TRUE,Do Not Migrate
TIBCO Flogo®,Integration,2.8.1,https://docs.tibco.com/products/tibco-flogo-enterprise-2-8-1,TRUE,TRUE,Do Not Migrate
TIBCO Flogo®,Integration,2.8.0,https://docs.tibco.com/products/tibco-flogo-enterprise-2-8-0,TRUE,TRUE,Do Not Migrate
TIBCO Flogo®,Integration,2.7.0,https://docs.tibco.com/products/tibco-flogo-enterprise-2-7-0,TRUE,TRUE,Do Not Migrate
TIBCO Flogo®,Integration,2.6.1,https://docs.tibco.com/products/tibco-flogo-enterprise-2-6-1,TRUE,TRUE,Do Not Migrate
TIBCO Flogo®,Integration,2.6.0,https://docs.tibco.com/products/tibco-flogo-enterprise-2-6-0,TRUE,TRUE,Do Not Migrate
TIBCO Flogo®,Integration,2.5.0,https://docs.tibco.com/products/tibco-flogo-enterprise-2-5-0,TRUE,TRUE,Do Not Migrate
TIBCO Flogo®,Integration,2.4.0,https://docs.tibco.com/products/tibco-flogo-enterprise-2-4-0,TRUE,TRUE,Do Not Migrate
TIBCO Flogo®,Integration,2.3.0,https://docs.tibco.com/products/tibco-flogo-enterprise-2-3-0,TRUE,TRUE,Do Not Migrate
TIBCO Flogo®,Integration,2.2.0,https://docs.tibco.com/products/tibco-flogo-enterprise-2-2-0,TRUE,TRUE,Do Not Migrate
TIBCO Flogo®,Integration,2.1.0,https://docs.tibco.com/products/tibco-flogo-enterprise-2-1-0,TRUE,TRUE,Do Not Migrate
TIBCO Flogo®,Integration,2.0.0,https://docs.tibco.com/products/tibco-flogo-enterprise-2-0-0,TRUE,TRUE,Do Not Migrate
TIBCO Flogo® Connection for Microsoft Azure,Integration,1.0.0,https://docs.tibco.com/products/tibco-flogo-connection-for-microsoft-azure-1-0-0,TRUE,FALSE,Do Not Migrate
TIBCO Flogo® Connection for SAP,Unassigned,1.0.0,https://docs.tibco.com/products/tibco-flogo-connection-for-sap-1-0-0,FALSE,FALSE,Migrate
TIBCO Flogo® Connector DB Service,Unassigned,2.2.0,https://docs.tibco.com/products/tibco-flogo-connector-db-service-2-2-0,FALSE,FALSE,Migrate
TIBCO Flogo® Connector DB Service,Unassigned,2.1.1,https://docs.tibco.com/products/tibco-flogo-connector-db-service-2-1-1,FALSE,FALSE,Migrate
TIBCO Flogo® Connector DB Service,Unassigned,2.1.0,https://docs.tibco.com/products/tibco-flogo-connector-db-service-2-1-0,FALSE,FALSE,Migrate
TIBCO Flogo® Connector DB Service,Unassigned,2.0.1,https://docs.tibco.com/products/tibco-flogo-connector-db-service-2-0-1,FALSE,FALSE,Migrate
TIBCO Flogo® Connector DB Service,Unassigned,2.0.0,https://docs.tibco.com/products/tibco-flogo-connector-db-service-2-0-0,FALSE,FALSE,Migrate
TIBCO Flogo® Connector for Amazon DynamoDB,Unassigned,1.1.0,https://docs.tibco.com/products/tibco-flogo-connector-for-amazon-dynamodb-1-1-0,FALSE,FALSE,Migrate
TIBCO Flogo® Connector for Amazon DynamoDB,Unassigned,1.0.1,https://docs.tibco.com/products/tibco-flogo-connector-for-amazon-dynamodb-1-0-1,FALSE,FALSE,Migrate
TIBCO Flogo® Connector for Amazon DynamoDB,Unassigned,1.0.0,https://docs.tibco.com/products/tibco-flogo-connector-for-amazon-dynamodb-1-0-0,FALSE,FALSE,Migrate
TIBCO Flogo® Connector for Amazon Elastic File System,Unassigned,1.0.0,https://docs.tibco.com/products/tibco-flogo-connector-for-amazon-elastic-file-system-1-0-0,FALSE,FALSE,Migrate
TIBCO Flogo® Connector for Amazon Glacier,Unassigned,1.0.0,https://docs.tibco.com/products/tibco-flogo-connector-for-amazon-glacier-1-0-0,FALSE,FALSE,Migrate
TIBCO Flogo® Connector for Amazon Kinesis,Integration,1.1.1,https://docs.tibco.com/products/tibco-flogo-connector-for-amazon-kinesis-1-1-1,FALSE,FALSE,Migrate
TIBCO Flogo® Connector for Amazon Kinesis,Integration,1.1.0,https://docs.tibco.com/products/tibco-flogo-connector-for-amazon-kinesis-1-1-0,TRUE,FALSE,Do Not Migrate
TIBCO Flogo® Connector for Amazon Redshift,Unassigned,2.1.0,https://docs.tibco.com/products/tibco-flogo-connector-for-amazon-redshift-2-1-0,FALSE,FALSE,Migrate
TIBCO Flogo® Connector for Amazon Redshift,Unassigned,2.0.1,https://docs.tibco.com/products/tibco-flogo-connector-for-amazon-redshift-2-0-1,TRUE,TRUE,Do Not Migrate
TIBCO Flogo® Connector for Amazon Redshift,Unassigned,2.0.0,https://docs.tibco.com/products/tibco-flogo-connector-for-amazon-redshift-2-0-0,TRUE,TRUE,Do Not Migrate
TIBCO Flogo® Connector for Amazon S3,Integration,1.3.1,https://docs.tibco.com/products/tibco-flogo-connector-for-amazon-s3-1-3-1,FALSE,FALSE,Migrate
TIBCO Flogo® Connector for Amazon S3,Integration,1.2.0,https://docs.tibco.com/products/tibco-flogo-connector-for-amazon-s3-1-2-0,TRUE,FALSE,Do Not Migrate
TIBCO Flogo® Connector for Amazon S3,Integration,1.1.0,https://docs.tibco.com/products/tibco-flogo-connector-for-amazon-s3-1-1-0,TRUE,FALSE,Do Not Migrate
TIBCO Flogo® Connector for Amazon S3,Integration,1.0.0,https://docs.tibco.com/products/tibco-flogo-connector-for-amazon-s3-1-0-0,TRUE,FALSE,Do Not Migrate
TIBCO Flogo® Connector for Amazon SNS,Integration,1.0.1,https://docs.tibco.com/products/tibco-flogo-connector-for-amazon-sns-1-0-1,FALSE,FALSE,Migrate
TIBCO Flogo® Connector for Amazon SNS,Integration,1.0.0,https://docs.tibco.com/products/tibco-flogo-connector-for-amazon-sns-1-0-0,TRUE,FALSE,Do Not Migrate
TIBCO Flogo® Connector for Amazon SQS,Integration,1.0.1,https://docs.tibco.com/products/tibco-flogo-connector-for-amazon-sqs-1-0-1,FALSE,FALSE,Migrate
TIBCO Flogo® Connector for Amazon SQS,Integration,1.0.0,https://docs.tibco.com/products/tibco-flogo-connector-for-amazon-sqs-1-0-0,TRUE,FALSE,Do Not Migrate
TIBCO Flogo® Connector for Apache Avro,Unassigned,1.1.1,https://docs.tibco.com/products/tibco-flogo-connector-for-apache-avro-1-1-1,FALSE,FALSE,Migrate
TIBCO Flogo® Connector for Apache Avro,Unassigned,1.1.0,https://docs.tibco.com/products/tibco-flogo-connector-for-apache-avro-1-1-0,FALSE,FALSE,Migrate
TIBCO Flogo® Connector for Apache Avro,Unassigned,1.0.0,https://docs.tibco.com/products/tibco-flogo-connector-for-apache-avro-1-0-0,FALSE,FALSE,Migrate
TIBCO Flogo® Connector for Apache CouchDB,Unassigned,1.0.0,https://docs.tibco.com/products/tibco-flogo-connector-for-apache-couchdb-1-0-0,FALSE,FALSE,Migrate
TIBCO Flogo® Connector for Apache Kafka,Integration,1.3.3,https://docs.tibco.com/products/tibco-flogo-connector-for-apache-kafka-1-3-3,FALSE,FALSE,Migrate
TIBCO Flogo® Connector for Apache Kafka,Integration,1.3.2,https://docs.tibco.com/products/tibco-flogo-connector-for-apache-kafka-1-3-2,FALSE,FALSE,Migrate
TIBCO Flogo® Connector for Apache Kafka,Integration,1.3.1,https://docs.tibco.com/products/tibco-flogo-connector-for-apache-kafka-1-3-1,FALSE,FALSE,Migrate
TIBCO Flogo® Connector for Apache Kafka,Integration,1.1.1,https://docs.tibco.com/products/tibco-flogo-connector-for-apache-kafka-1-1-1,TRUE,FALSE,Do Not Migrate
TIBCO Flogo® Connector for Apache Kafka,Integration,1.1.0,https://docs.tibco.com/products/tibco-flogo-connector-for-apache-kafka-1-1-0,TRUE,FALSE,Do Not Migrate
TIBCO Flogo® Connector for Apache Kafka,Integration,1.0.0,https://docs.tibco.com/products/tibco-flogo-connector-for-apache-kafka-1-0-0,TRUE,FALSE,Do Not Migrate
TIBCO Flogo® Connector for Apache Pulsar,Integration,1.3.4,https://docs.tibco.com/products/tibco-flogo-connector-for-apache-pulsar-1-3-4,FALSE,FALSE,Migrate
TIBCO Flogo® Connector for Apache Pulsar,Integration,1.3.3,https://docs.tibco.com/products/tibco-flogo-connector-for-apache-pulsar-1-3-3,FALSE,FALSE,Migrate
TIBCO Flogo® Connector for Apache Pulsar,Integration,1.3.2,https://docs.tibco.com/products/tibco-flogo-connector-for-apache-pulsar-1-3-2,FALSE,FALSE,Migrate
TIBCO Flogo® Connector for Apache Pulsar,Integration,1.3.1,https://docs.tibco.com/products/tibco-flogo-connector-for-apache-pulsar-1-3-1,FALSE,FALSE,Migrate
TIBCO Flogo® Connector for Apache Solr,Unassigned,1.1.0,https://docs.tibco.com/products/tibco-flogo-connector-for-apache-solr-1-1-0,FALSE,FALSE,Migrate
TIBCO Flogo® Connector for Apache Solr,Unassigned,1.0.0,https://docs.tibco.com/products/tibco-flogo-connector-for-apache-solr-1-0-0,FALSE,FALSE,Migrate
TIBCO Flogo® Connector for Data Conversion,Unassigned,1.0.0,https://docs.tibco.com/products/tibco-flogo-connector-for-data-conversion-1-0-0,FALSE,FALSE,Migrate
TIBCO Flogo® Connector for DocuSign,Integration,3.0.1,https://docs.tibco.com/products/tibco-flogo-connector-for-docusign-3-0-1,FALSE,FALSE,Migrate
TIBCO Flogo® Connector for GitHub,Unassigned,1.0.0,https://docs.tibco.com/products/tibco-flogo-connector-for-github-1-0-0,FALSE,FALSE,Migrate
TIBCO Flogo® Connector for Google Cloud Pub/Sub,Integration,1.0.1,https://docs.tibco.com/products/tibco-flogo-connector-for-google-cloud-pub-sub-1-0-1,FALSE,FALSE,Migrate
TIBCO Flogo® Connector for Google Cloud Pub/Sub,Integration,1.0.0,https://docs.tibco.com/products/tibco-flogo-connector-for-google-cloud-pub-sub-1-0-0,TRUE,FALSE,Do Not Migrate
TIBCO Flogo® Connector for Google Cloud SQL,Unassigned,1.0.0,https://docs.tibco.com/products/tibco-flogo-connector-for-google-cloud-sql-1-0-0,FALSE,FALSE,Migrate
TIBCO Flogo® Connector for Google Cloud Storage,Unassigned,1.0.0,https://docs.tibco.com/products/tibco-flogo-connector-for-google-cloud-storage-1-0-0,FALSE,FALSE,Migrate
TIBCO Flogo® Connector for Google Docs,Unassigned,1.1.0,https://docs.tibco.com/products/tibco-flogo-connector-for-google-docs-1-1-0,FALSE,FALSE,Migrate
TIBCO Flogo® Connector for Google Docs,Unassigned,1.0.0,https://docs.tibco.com/products/tibco-flogo-connector-for-google-docs-1-0-0,FALSE,FALSE,Migrate
TIBCO Flogo® Connector for Google Sheets,Unassigned,1.0.0,https://docs.tibco.com/products/tibco-flogo-connector-for-google-sheets-1-0-0,FALSE,FALSE,Migrate
TIBCO Flogo® Connector for Greenplum Database,Unassigned,2.1.0,https://docs.tibco.com/products/tibco-flogo-connector-for-greenplum-database-2-1-0,FALSE,FALSE,Migrate
TIBCO Flogo® Connector for Greenplum Database,Unassigned,2.0.0,https://docs.tibco.com/products/tibco-flogo-connector-for-greenplum-database-2-0-0,TRUE,TRUE,Do Not Migrate
TIBCO Flogo® Connector for HTTP,Integration,1.1.1,https://docs.tibco.com/products/tibco-flogo-connector-for-http-1-1-1,FALSE,FALSE,Migrate
TIBCO Flogo® Connector for HubSpot,Unassigned,2.1.0,https://docs.tibco.com/products/tibco-flogo-connector-for-hubspot-2-1-0,FALSE,FALSE,Migrate
TIBCO Flogo® Connector for IBM MQ,Integration,2.2.0,https://docs.tibco.com/products/tibco-flogo-connector-for-ibm-mq-2-2-0,FALSE,FALSE,Migrate
TIBCO Flogo® Connector for IBM MQ,Integration,1.0.0,https://docs.tibco.com/products/tibco-flogo-connector-for-ibm-mq-1-0-0,FALSE,FALSE,Migrate
TIBCO Flogo® Connector for Jira,Unassigned,1.0.1,https://docs.tibco.com/products/tibco-flogo-connector-for-jira-1-0-1,FALSE,FALSE,Migrate
TIBCO Flogo® Connector for Jira,Unassigned,1.0.0,https://docs.tibco.com/products/tibco-flogo-connector-for-jira-1-0-0,FALSE,FALSE,Migrate
TIBCO Flogo® Connector for Magento,Unassigned,2.0.0,https://docs.tibco.com/products/tibco-flogo-connector-for-magento-2-0-0,FALSE,FALSE,Migrate
TIBCO Flogo® Connector for MailChimp,Unassigned,1.0.1,https://docs.tibco.com/products/tibco-flogo-connector-for-mailchimp-1-0-1,FALSE,FALSE,Migrate
TIBCO Flogo® Connector for MailChimp,Unassigned,1.0.0,https://docs.tibco.com/products/tibco-flogo-connector-for-mailchimp-1-0-0,FALSE,FALSE,Migrate
TIBCO Flogo® Connector for Marketo,Unassigned,1.2.1,https://docs.tibco.com/products/tibco-flogo-connector-for-marketo-1-2-1,FALSE,FALSE,Migrate
TIBCO Flogo® Connector for Marketo,Unassigned,1.2.0,https://docs.tibco.com/products/tibco-flogo-connector-for-marketo-1-2-0,FALSE,FALSE,Migrate
TIBCO Flogo® Connector for Marketo,Unassigned,1.1.1,https://docs.tibco.com/products/tibco-flogo-connector-for-marketo-1-1-1,FALSE,FALSE,Migrate
TIBCO Flogo® Connector for Marketo,Unassigned,1.1.0,https://docs.tibco.com/products/tibco-flogo-connector-for-marketo-1-1-0,FALSE,FALSE,Migrate
TIBCO Flogo® Connector for Marketo,Unassigned,1.0.0,https://docs.tibco.com/products/tibco-flogo-connector-for-marketo-1-0-0,FALSE,FALSE,Migrate
TIBCO Flogo® Connector for Microsoft Azure Data Factory,Integration,1.1.1,https://docs.tibco.com/products/tibco-flogo-connector-for-microsoft-azure-data-factory-1-1-1,FALSE,FALSE,Migrate
TIBCO Flogo® Connector for Microsoft Azure Data Factory,Integration,1.0.1,https://docs.tibco.com/products/tibco-flogo-connector-for-microsoft-azure-data-factory-1-0-1,TRUE,FALSE,Do Not Migrate
TIBCO Flogo® Connector for Microsoft Azure Data Factory,Integration,1.0.0,https://docs.tibco.com/products/tibco-flogo-connector-for-microsoft-azure-data-factory-1-0-0,TRUE,FALSE,Do Not Migrate
TIBCO Flogo® Connector for Microsoft Azure Service Bus,Integration,1.4.3,https://docs.tibco.com/products/tibco-flogo-connector-for-microsoft-azure-service-bus-1-4-3,FALSE,FALSE,Migrate
TIBCO Flogo® Connector for Microsoft Azure Service Bus,Integration,1.4.1,https://docs.tibco.com/products/tibco-flogo-connector-for-microsoft-azure-service-bus-1-4-1,FALSE,FALSE,Migrate
TIBCO Flogo® Connector for Microsoft Azure Service Bus,Integration,1.2.1,https://docs.tibco.com/products/tibco-flogo-connector-for-microsoft-azure-service-bus-1-2-1,TRUE,FALSE,Do Not Migrate
TIBCO Flogo® Connector for Microsoft Azure Service Bus,Integration,1.2.0,https://docs.tibco.com/products/tibco-flogo-connector-for-microsoft-azure-service-bus-1-2-0,TRUE,FALSE,Do Not Migrate
TIBCO Flogo® Connector for Microsoft Azure Service Bus,Integration,1.1.0,https://docs.tibco.com/products/tibco-flogo-connector-for-microsoft-azure-service-bus-1-1-0,TRUE,FALSE,Do Not Migrate
TIBCO Flogo® Connector for Microsoft Azure Service Bus,Integration,1.0.0,https://docs.tibco.com/products/tibco-flogo-connector-for-microsoft-azure-service-bus-1-0-0,TRUE,FALSE,Do Not Migrate
TIBCO Flogo® Connector for Microsoft Azure Storage,Integration,1.2.0,https://docs.tibco.com/products/tibco-flogo-connector-for-microsoft-azure-storage-1-2-0,FALSE,FALSE,Migrate
TIBCO Flogo® Connector for Microsoft Azure Storage,Integration,1.1.3,https://docs.tibco.com/products/tibco-flogo-connector-for-microsoft-azure-storage-1-1-3,FALSE,FALSE,Migrate
TIBCO Flogo® Connector for Microsoft Azure Storage,Integration,1.1.1,https://docs.tibco.com/products/tibco-flogo-connector-for-microsoft-azure-storage-1-1-1,TRUE,FALSE,Do Not Migrate
TIBCO Flogo® Connector for Microsoft Azure Storage,Integration,1.1.0,https://docs.tibco.com/products/tibco-flogo-connector-for-microsoft-azure-storage-1-1-0,TRUE,FALSE,Do Not Migrate
TIBCO Flogo® Connector for Microsoft Azure Storage,Integration,1.0.0,https://docs.tibco.com/products/tibco-flogo-connector-for-microsoft-azure-storage-1-0-0,TRUE,FALSE,Do Not Migrate
TIBCO Flogo® Connector for Microsoft SQL Server,Integration,2.6.1,https://docs.tibco.com/products/tibco-flogo-connector-for-microsoft-sql-server-2-6-1,FALSE,FALSE,Migrate
TIBCO Flogo® Connector for Microsoft SQL Server,Integration,2.1.0,https://docs.tibco.com/products/tibco-flogo-connector-for-microsoft-sql-server-2-1-0,TRUE,FALSE,Do Not Migrate
TIBCO Flogo® Connector for Microsoft SQL Server,Integration,2.0.0,https://docs.tibco.com/products/tibco-flogo-connector-for-microsoft-sql-server-2-0-0,TRUE,FALSE,Do Not Migrate
TIBCO Flogo® Connector for MongoDB,Integration,1.1.1,https://docs.tibco.com/products/tibco-flogo-connector-for-mongodb-1-1-1,FALSE,FALSE,Migrate
TIBCO Flogo® Connector for MongoDB,Integration,1.0.0,https://docs.tibco.com/products/tibco-flogo-connector-for-mongodb-1-0-0,TRUE,FALSE,Do Not Migrate
TIBCO Flogo® Connector for MQTT,Integration,1.3.1,https://docs.tibco.com/products/tibco-flogo-connector-for-mqtt-1-3-1,FALSE,FALSE,Migrate
TIBCO Flogo® Connector for MQTT,Integration,1.1.0,https://docs.tibco.com/products/tibco-flogo-connector-for-mqtt-1-1-0,TRUE,FALSE,Do Not Migrate
TIBCO Flogo® Connector for MQTT,Integration,1.0.0,https://docs.tibco.com/products/tibco-flogo-connector-for-mqtt-1-0-0,TRUE,FALSE,Do Not Migrate
TIBCO Flogo® Connector for OData,Integration,1.0.0,https://docs.tibco.com/products/tibco-flogo-connector-for-odata-1-0-0,FALSE,FALSE,Migrate
TIBCO Flogo® Connector for Oracle Database,Integration,1.2.2,https://docs.tibco.com/products/tibco-flogo-connector-for-oracle-database-1-2-2,FALSE,FALSE,Migrate
TIBCO Flogo® Connector for Oracle Database,Integration,1.2.1,https://docs.tibco.com/products/tibco-flogo-connector-for-oracle-database-1-2-1,FALSE,FALSE,Migrate
TIBCO Flogo® Connector for Oracle Database,Integration,1.0.1,https://docs.tibco.com/products/tibco-flogo-connector-for-oracle-database-1-0-1,TRUE,FALSE,Do Not Migrate
TIBCO Flogo® Connector for Oracle Database,Integration,1.0.0,https://docs.tibco.com/products/tibco-flogo-connector-for-oracle-database-1-0-0,TRUE,FALSE,Do Not Migrate
TIBCO Flogo® Connector for Oracle MySQL,Integration,2.4.5,https://docs.tibco.com/products/tibco-flogo-connector-for-oracle-mysql-2-4-5,FALSE,FALSE,Migrate
TIBCO Flogo® Connector for Oracle MySQL,Integration,2.2.0,https://docs.tibco.com/products/tibco-flogo-connector-for-oracle-mysql-2-2-0,TRUE,FALSE,Do Not Migrate
TIBCO Flogo® Connector for Oracle MySQL,Integration,2.1.0,https://docs.tibco.com/products/tibco-flogo-connector-for-oracle-mysql-2-1-0,TRUE,FALSE,Do Not Migrate
TIBCO Flogo® Connector for Oracle MySQL,Integration,2.0.0,https://docs.tibco.com/products/tibco-flogo-connector-for-oracle-mysql-2-0-0,TRUE,FALSE,Do Not Migrate
TIBCO Flogo® Connector for PostgreSQL,Integration,2.7.1,https://docs.tibco.com/products/tibco-flogo-connector-for-postgresql-2-7-1,FALSE,FALSE,Migrate
TIBCO Flogo® Connector for PostgreSQL,Integration,2.1.0,https://docs.tibco.com/products/tibco-flogo-connector-for-postgresql-2-1-0,TRUE,FALSE,Do Not Migrate
TIBCO Flogo® Connector for PostgreSQL,Integration,2.0.1,https://docs.tibco.com/products/tibco-flogo-connector-for-postgresql-2-0-1,TRUE,FALSE,Do Not Migrate
TIBCO Flogo® Connector for PostgreSQL,Integration,2.0.0,https://docs.tibco.com/products/tibco-flogo-connector-for-postgresql-2-0-0,TRUE,FALSE,Do Not Migrate
TIBCO Flogo® Connector for Redis,Integration,1.3.0,https://docs.tibco.com/products/tibco-flogo-connector-for-redis-1-3-0,FALSE,FALSE,Migrate
TIBCO Flogo® Connector for Redis,Integration,1.1.0,https://docs.tibco.com/products/tibco-flogo-connector-for-redis-1-1-0,TRUE,FALSE,Do Not Migrate
TIBCO Flogo® Connector for Redis,Integration,1.0.0,https://docs.tibco.com/products/tibco-flogo-connector-for-redis-1-0-0,TRUE,FALSE,Do Not Migrate
TIBCO Flogo® Connector for Riak,Unassigned,1.0.0,https://docs.tibco.com/products/tibco-flogo-connector-for-riak-1-0-0,FALSE,FALSE,Migrate
TIBCO Flogo® Connector for Salesforce Pardot,Unassigned,2.0.0,https://docs.tibco.com/products/tibco-flogo-connector-for-salesforce-pardot-2-0-0,FALSE,FALSE,Migrate
TIBCO Flogo® Connector for Salesforce Pardot,Unassigned,1.0.2,https://docs.tibco.com/products/tibco-flogo-connector-for-salesforce-pardot-1-0-2,FALSE,FALSE,Migrate
TIBCO Flogo® Connector for Salesforce Pardot,Unassigned,1.0.1,https://docs.tibco.com/products/tibco-flogo-connector-for-salesforce-pardot-1-0-1,FALSE,FALSE,Migrate
TIBCO Flogo® Connector for Salesforce Pardot,Unassigned,1.0.0,https://docs.tibco.com/products/tibco-flogo-connector-for-salesforce-pardot-1-0-0,FALSE,FALSE,Migrate
TIBCO Flogo® Connector for Salesforce.com,Integration,1.3.7,https://docs.tibco.com/products/tibco-flogo-connector-for-salesforce-com-1-3-7,FALSE,FALSE,Migrate
TIBCO Flogo® Connector for Salesforce.com,Integration,1.3.5,https://docs.tibco.com/products/tibco-flogo-connector-for-salesforce-com-1-3-5,FALSE,FALSE,Migrate
TIBCO Flogo® Connector for Salesforce.com,Integration,1.3.3,https://docs.tibco.com/products/tibco-flogo-connector-for-salesforce-com-1-3-3,FALSE,FALSE,Migrate
TIBCO Flogo® Connector for Salesforce.com,Integration,1.3.2,https://docs.tibco.com/products/tibco-flogo-connector-for-salesforce-com-1-3-2,FALSE,FALSE,Migrate
TIBCO Flogo® Connector for Salesforce.com,Integration,1.3.1,https://docs.tibco.com/products/tibco-flogo-connector-for-salesforce-com-1-3-1,FALSE,FALSE,Migrate
TIBCO Flogo® Connector for Salesforce.com,Integration,1.3.0,https://docs.tibco.com/products/tibco-flogo-connector-for-salesforce-com-1-3-0,FALSE,FALSE,Migrate
TIBCO Flogo® Connector for Salesforce.com,Integration,1.2.0,https://docs.tibco.com/products/tibco-flogo-connector-for-salesforce-com-1-2-0,FALSE,FALSE,Migrate
TIBCO Flogo® Connector for Salesforce.com,Integration,1.1.1,https://docs.tibco.com/products/tibco-flogo-connector-for-salesforce-com-1-1-1,FALSE,FALSE,Migrate
TIBCO Flogo® Connector for Salesforce.com,Integration,1.1.0,https://docs.tibco.com/products/tibco-flogo-connector-for-salesforce-com-1-1-0,FALSE,FALSE,Migrate
TIBCO Flogo® Connector for Salesforce.com,Integration,1.0.0,https://docs.tibco.com/products/tibco-flogo-connector-for-salesforce-com-1-0-0,FALSE,FALSE,Migrate
TIBCO Flogo® Connector for Salesforce.com Einstein Analytics,Unassigned,1.0.1,https://docs.tibco.com/products/tibco-flogo-connector-for-salesforce-com-einstein-analytics-1-0-1,FALSE,FALSE,Migrate
TIBCO Flogo® Connector for Salesforce.com Einstein Analytics,Unassigned,1.0.0,https://docs.tibco.com/products/tibco-flogo-connector-for-salesforce-com-einstein-analytics-1-0-0,FALSE,FALSE,Migrate
TIBCO Flogo® Connector for SAP Cloud for Customer,Unassigned,1.0.0,https://docs.tibco.com/products/tibco-flogo-connector-for-sap-cloud-for-customer-1-0-0,FALSE,FALSE,Migrate
TIBCO Flogo® Connector for SAP HANA Database,Unassigned,1.0.0,https://docs.tibco.com/products/tibco-flogo-connector-for-sap-hana-database-1-0-0,FALSE,FALSE,Migrate
TIBCO Flogo® Connector for SAP S/4HANA Cloud,Unassigned,1.1.0,https://docs.tibco.com/products/tibco-flogo-connector-for-sap-s-4hana-cloud-1-1-0,FALSE,FALSE,Migrate
TIBCO Flogo® Connector for SAP S/4HANA Cloud,Unassigned,1.0.0,https://docs.tibco.com/products/tibco-flogo-connector-for-sap-s-4hana-cloud-1-0-0,FALSE,FALSE,Migrate
TIBCO Flogo® Connector for SAP SuccessFactors,Unassigned,1.0.0,https://docs.tibco.com/products/tibco-flogo-connector-for-sap-successfactors-1-0-0,FALSE,FALSE,Migrate
TIBCO Flogo® Connector for sFTP,Integration,1.0.0,https://docs.tibco.com/products/tibco-flogo-connector-for-sftp-1-0-0,FALSE,FALSE,Migrate
TIBCO Flogo® Connector for Slack,Unassigned,1.0.2,https://docs.tibco.com/products/tibco-flogo-connector-for-slack-1-0-2,FALSE,FALSE,Migrate
TIBCO Flogo® Connector for Slack,Unassigned,1.0.1,https://docs.tibco.com/products/tibco-flogo-connector-for-slack-1-0-1,FALSE,FALSE,Migrate
TIBCO Flogo® Connector for Slack,Unassigned,1.0.0,https://docs.tibco.com/products/tibco-flogo-connector-for-slack-1-0-0,FALSE,FALSE,Migrate
TIBCO Flogo® Connector for Snowflake,Integration,1.2.0,https://docs.tibco.com/products/tibco-flogo-connector-for-snowflake-1-2-0,FALSE,FALSE,Migrate
TIBCO Flogo® Connector for Snowflake,Integration,1.0.0,https://docs.tibco.com/products/tibco-flogo-connector-for-snowflake-1-0-0,TRUE,FALSE,Do Not Migrate
TIBCO Flogo® Connector for Stripe,Unassigned,3.0.1,https://docs.tibco.com/products/tibco-flogo-connector-for-stripe-3-0-1,FALSE,FALSE,Migrate
TIBCO Flogo® Connector for Stripe,Unassigned,3.0.0,https://docs.tibco.com/products/tibco-flogo-connector-for-stripe-3-0-0,FALSE,FALSE,Migrate
TIBCO Flogo® Connector for SugarCRM,Unassigned,1.3.2,https://docs.tibco.com/products/tibco-flogo-connector-for-sugarcrm-1-3-2,FALSE,FALSE,Migrate
TIBCO Flogo® Connector for SugarCRM,Unassigned,1.3.1,https://docs.tibco.com/products/tibco-flogo-connector-for-sugarcrm-1-3-1,FALSE,FALSE,Migrate
TIBCO Flogo® Connector for SugarCRM,Unassigned,1.3.0,https://docs.tibco.com/products/tibco-flogo-connector-for-sugarcrm-1-3-0,FALSE,FALSE,Migrate
TIBCO Flogo® Connector for SugarCRM,Unassigned,1.0.0,https://docs.tibco.com/products/tibco-flogo-connector-for-sugarcrm-1-0-0,FALSE,FALSE,Migrate
TIBCO Flogo® Connector for TIBCO Cloud™ AuditSafe,Unassigned,1.3.0,https://docs.tibco.com/products/tibco-flogo-connector-for-tibco-cloud-auditsafe-1-3-0,FALSE,FALSE,Migrate
TIBCO Flogo® Connector for TIBCO Cloud™ Messaging,Integration,1.3.3,https://docs.tibco.com/products/tibco-flogo-connector-for-tibco-cloud-messaging-1-3-3,FALSE,FALSE,Migrate
TIBCO Flogo® Connector for TIBCO Cloud™ Messaging,Integration,1.3.2,https://docs.tibco.com/products/tibco-flogo-connector-for-tibco-cloud-messaging-1-3-2,FALSE,FALSE,Migrate
TIBCO Flogo® Connector for TIBCO Cloud™ Messaging,Integration,1.1.0,https://docs.tibco.com/products/tibco-flogo-connector-for-tibco-cloud-messaging-1-1-0,FALSE,FALSE,Migrate
TIBCO Flogo® Connector for TIBCO Cloud™ Messaging,Integration,1.0.0,https://docs.tibco.com/products/tibco-flogo-connector-for-tibco-cloud-messaging-1-0-0,FALSE,FALSE,Migrate
TIBCO Flogo® Connector for TIBCO Enterprise Message Service™,Integration,1.0.1,https://docs.tibco.com/products/tibco-flogo-connector-for-tibco-enterprise-message-service-1-0-1,FALSE,FALSE,Migrate
TIBCO Flogo® Connector for TIBCO Enterprise Message Service™,Integration,1.0.0,https://docs.tibco.com/products/tibco-flogo-connector-for-tibco-enterprise-message-service-1-0-0,FALSE,FALSE,Migrate
TIBCO Flogo® Connector for TIBCO® Data Virtualization,Integration,1.1.2,https://docs.tibco.com/products/tibco-flogo-connector-for-tibco-data-virtualization-1-1-2,FALSE,FALSE,Migrate
TIBCO Flogo® Connector for Twilio,Unassigned,2.1.0,https://docs.tibco.com/products/tibco-flogo-connector-for-twilio-2-1-0,FALSE,FALSE,Migrate
TIBCO Flogo® Connector for WebSockets,Integration,1.0.1,https://docs.tibco.com/products/tibco-flogo-connector-for-websockets-1-0-1,FALSE,FALSE,Migrate
TIBCO Flogo® Connector for Zoho CRM,Unassigned,1.1.0,https://docs.tibco.com/products/tibco-flogo-connector-for-zoho-crm-1-1-0,FALSE,FALSE,Migrate
TIBCO Flogo® Connector for Zoho CRM,Unassigned,1.0.1,https://docs.tibco.com/products/tibco-flogo-connector-for-zoho-crm-1-0-1,FALSE,FALSE,Migrate
TIBCO Flogo® Connector for Zoho CRM,Unassigned,1.0.0,https://docs.tibco.com/products/tibco-flogo-connector-for-zoho-crm-1-0-0,FALSE,FALSE,Migrate
TIBCO Flogo® Connector for Zuora,Unassigned,2.0.0,https://docs.tibco.com/products/tibco-flogo-connector-for-zuora-2-0-0,FALSE,FALSE,Migrate
TIBCO Flogo® Extension for Visual Studio Code,Integration,1.3.5,https://docs.tibco.com/products/tibco-flogo-extension-for-visual-studio-code-1-3-5,FALSE,FALSE,Migrate
TIBCO Flogo® Extension for Visual Studio Code,Integration,1.3.4,https://docs.tibco.com/products/tibco-flogo-extension-for-visual-studio-code-1-3-4,FALSE,FALSE,Migrate
TIBCO Flogo® Extension for Visual Studio Code,Integration,1.3.3,https://docs.tibco.com/products/tibco-flogo-extension-for-visual-studio-code-1-3-3,FALSE,FALSE,Migrate
TIBCO Flogo® Extension for Visual Studio Code,Integration,1.3.2,https://docs.tibco.com/products/tibco-flogo-extension-for-visual-studio-code-1-3-2,FALSE,FALSE,Migrate
TIBCO Flogo® Extension for Visual Studio Code,Integration,1.3.1,https://docs.tibco.com/products/tibco-flogo-extension-for-visual-studio-code-1-3-1,FALSE,FALSE,Migrate
TIBCO Flogo® Extension for Visual Studio Code,Integration,1.3.0,https://docs.tibco.com/products/tibco-flogo-extension-for-visual-studio-code-1-3-0,FALSE,FALSE,Migrate
TIBCO Flogo® Extension for Visual Studio Code,Integration,1.2.1,https://docs.tibco.com/products/tibco-flogo-extension-for-visual-studio-code-1-2-1,FALSE,FALSE,Migrate
TIBCO Flogo® Extension for Visual Studio Code,Integration,1.2.0,https://docs.tibco.com/products/tibco-flogo-extension-for-visual-studio-code-1-2-0,FALSE,FALSE,Migrate
TIBCO Flogo® Extension for Visual Studio Code,Integration,1.1.1,https://docs.tibco.com/products/tibco-flogo-extension-for-visual-studio-code-1-1-1,FALSE,FALSE,Migrate
TIBCO Flogo® Extension for Visual Studio Code,Integration,1.1.0,https://docs.tibco.com/products/tibco-flogo-extension-for-visual-studio-code-1-1-0,FALSE,FALSE,Migrate
TIBCO Flogo® Extension for Visual Studio Code,Integration,1.0.0,https://docs.tibco.com/products/tibco-flogo-extension-for-visual-studio-code-1-0-0,FALSE,FALSE,Migrate
TIBCO Foresight BusinessConnect™ Insight,Unassigned,1.0.0,https://docs.tibco.com/products/tibco-foresight-businessconnect-insight-1-0-0,FALSE,FALSE,Migrate
TIBCO Foresight® Connect with FHIR,Foresight,1.0.1,https://docs.tibco.com/products/tibco-foresight-connect-with-fhir-1-0-1,TRUE,FALSE,Migrate
TIBCO Foresight® Connect with FHIR,Foresight,1.0.0,https://docs.tibco.com/products/tibco-foresight-connect-with-fhir-1-0-0,TRUE,FALSE,Migrate
TIBCO Foresight® EDISIM®,Foresight,6.21.0,https://docs.tibco.com/products/tibco-foresight-edisim-6-21-0,FALSE,FALSE,Migrate
TIBCO Foresight® EDISIM®,Foresight,6.20.0,https://docs.tibco.com/products/tibco-foresight-edisim-6-20-0,TRUE,FALSE,Migrate
TIBCO Foresight® EDISIM®,Foresight,6.19.0,https://docs.tibco.com/products/tibco-foresight-edisim-6-19-0,TRUE,FALSE,Migrate
TIBCO Foresight® EDISIM®,Foresight,6.18.0,https://docs.tibco.com/products/tibco-foresight-edisim-6-18-0,TRUE,TRUE,Do Not Migrate
TIBCO Foresight® EDISIM®,Foresight,6.17.0,https://docs.tibco.com/products/tibco-foresight-edisim-6-17-0,TRUE,TRUE,Do Not Migrate
TIBCO Foresight® EDISIM®,Foresight,6.16.0,https://docs.tibco.com/products/tibco-foresight-edisim-6-16-0,TRUE,TRUE,Do Not Migrate
TIBCO Foresight® EDISIM®,Foresight,6.15.0,https://docs.tibco.com/products/tibco-foresight-edisim-6-15-0,TRUE,FALSE,Do Not Migrate
TIBCO Foresight® EDISIM®,Foresight,6.14.0,https://docs.tibco.com/products/tibco-foresight-edisim-6-14-0,TRUE,FALSE,Do Not Migrate
TIBCO Foresight® HIPAA Validator® Desktop,Foresight,9.2.0,https://docs.tibco.com/products/tibco-foresight-hipaa-validator-desktop-9-2-0,TRUE,FALSE,Do Not Migrate
TIBCO Foresight® HIPAA Validator® Desktop,Foresight,9.1.0,https://docs.tibco.com/products/tibco-foresight-hipaa-validator-desktop-9-1-0,TRUE,FALSE,Do Not Migrate
TIBCO Foresight® HIPAA Validator® Desktop,Foresight,9.0.0,https://docs.tibco.com/products/tibco-foresight-hipaa-validator-desktop-9-0-0,TRUE,FALSE,Do Not Migrate
TIBCO Foresight® HIPAA Validator® Desktop,Foresight,8.8.0,https://docs.tibco.com/products/tibco-foresight-hipaa-validator-desktop-8-8-0,TRUE,TRUE,Do Not Migrate
TIBCO Foresight® HIPAA Validator® Desktop,Foresight,8.7.0,https://docs.tibco.com/products/tibco-foresight-hipaa-validator-desktop-8-7-0,TRUE,TRUE,Do Not Migrate
TIBCO Foresight® HIPAA Validator® Desktop,Foresight,8.6.0,https://docs.tibco.com/products/tibco-foresight-hipaa-validator-desktop-8-6-0,TRUE,FALSE,Do Not Migrate
TIBCO Foresight® HIPAA Validator® Desktop,Foresight,8.5.0,https://docs.tibco.com/products/tibco-foresight-hipaa-validator-desktop-8-5-0,TRUE,FALSE,Do Not Migrate
TIBCO Foresight® HIPAA Validator® Desktop,Foresight,8.4.0,https://docs.tibco.com/products/tibco-foresight-hipaa-validator-desktop-8-4-0,TRUE,FALSE,Do Not Migrate
TIBCO Foresight® ICD-10 Conversion Adapter,Unassigned,1.3.0,https://docs.tibco.com/products/tibco-foresight-icd-10-conversion-adapter-1-3-0,FALSE,FALSE,Migrate
TIBCO Foresight® ICD-10 Conversion Adapter,Unassigned,1.2.0,https://docs.tibco.com/products/tibco-foresight-icd-10-conversion-adapter-1-2-0,FALSE,FALSE,Migrate
TIBCO Foresight® Instream® MAC Adapter,Foresight,5.0.0,https://docs.tibco.com/products/tibco-foresight-instream-mac-adapter-5-0-0,TRUE,FALSE,Do Not Migrate
TIBCO Foresight® Instream® MAC Adapter,Foresight,4.0.0,https://docs.tibco.com/products/tibco-foresight-instream-mac-adapter-4-0-0,TRUE,FALSE,Do Not Migrate
TIBCO Foresight® Operational Monitor,Foresight,6.0.0,https://docs.tibco.com/products/tibco-foresight-operational-monitor-6-0-0,FALSE,FALSE,Migrate
TIBCO Foresight® Operational Monitor,Foresight,5.5.0,https://docs.tibco.com/products/tibco-foresight-operational-monitor-5-5-0,FALSE,FALSE,Migrate
TIBCO Foresight® Operational Monitor,Foresight,5.4.0,https://docs.tibco.com/products/tibco-foresight-operational-monitor-5-4-0,FALSE,FALSE,Migrate
TIBCO Foresight® Operational Monitor,Foresight,5.3.0,https://docs.tibco.com/products/tibco-foresight-operational-monitor-5-3-0,TRUE,FALSE,Do Not Migrate
TIBCO Foresight® Operational Monitor,Foresight,5.2.1,https://docs.tibco.com/products/tibco-foresight-operational-monitor-5-2-1,TRUE,FALSE,Do Not Migrate
TIBCO Foresight® Operational Monitor,Foresight,5.2.0,https://docs.tibco.com/products/tibco-foresight-operational-monitor-5-2-0,TRUE,FALSE,Do Not Migrate
TIBCO Foresight® Operational Monitor,Foresight,5.1.1,https://docs.tibco.com/products/tibco-foresight-operational-monitor-5-1-1,TRUE,FALSE,Do Not Migrate
TIBCO Foresight® Operational Monitor,Foresight,5.1.0,https://docs.tibco.com/products/tibco-foresight-operational-monitor-5-1-0,TRUE,FALSE,Do Not Migrate
TIBCO Foresight® REST API,Foresight,1.2.0,https://docs.tibco.com/products/tibco-foresight-rest-api-1-2-0,FALSE,FALSE,Migrate
TIBCO Foresight® REST API,Foresight,1.1.0,https://docs.tibco.com/products/tibco-foresight-rest-api-1-1-0,FALSE,FALSE,Migrate
TIBCO Foresight® REST API,Foresight,1.0.3,https://docs.tibco.com/products/tibco-foresight-rest-api-1-0-3,FALSE,FALSE,Migrate
TIBCO Foresight® REST API,Foresight,1.0.2,https://docs.tibco.com/products/tibco-foresight-rest-api-1-0-2,TRUE,FALSE,Do Not Migrate
TIBCO Foresight® REST API,Foresight,1.0.1,https://docs.tibco.com/products/tibco-foresight-rest-api-1-0-1,TRUE,FALSE,Do Not Migrate
TIBCO Foresight® REST API,Foresight,1.0.0,https://docs.tibco.com/products/tibco-foresight-rest-api-1-0-0,TRUE,FALSE,Do Not Migrate
TIBCO Foresight® Transaction Insight®,Foresight,6.0.0,https://docs.tibco.com/products/tibco-foresight-transaction-insight-6-0-0,FALSE,FALSE,Migrate
TIBCO Foresight® Transaction Insight®,Foresight,5.5.0,https://docs.tibco.com/products/tibco-foresight-transaction-insight-5-5-0,FALSE,FALSE,Migrate
TIBCO Foresight® Transaction Insight®,Foresight,5.4.0,https://docs.tibco.com/products/tibco-foresight-transaction-insight-5-4-0,FALSE,FALSE,Migrate
TIBCO Foresight® Transaction Insight®,Foresight,5.3.0,https://docs.tibco.com/products/tibco-foresight-transaction-insight-5-3-0,TRUE,FALSE,Do Not Migrate
TIBCO Foresight® Transaction Insight®,Foresight,5.2.1,https://docs.tibco.com/products/tibco-foresight-transaction-insight-5-2-1,TRUE,FALSE,Do Not Migrate
TIBCO Foresight® Transaction Insight®,Foresight,5.2.0,https://docs.tibco.com/products/tibco-foresight-transaction-insight-5-2-0,TRUE,FALSE,Do Not Migrate
TIBCO Foresight® Transaction Insight®,Foresight,5.1.1,https://docs.tibco.com/products/tibco-foresight-transaction-insight-5-1-1,TRUE,TRUE,Do Not Migrate
TIBCO Foresight® Transaction Insight®,Foresight,5.1.0,https://docs.tibco.com/products/tibco-foresight-transaction-insight-5-1-0,TRUE,FALSE,Do Not Migrate
TIBCO Foresight® Transaction Insight® Standard Edition,Unassigned,5.2.0,https://docs.tibco.com/products/tibco-foresight-transaction-insight-standard-edition-5-2-0,TRUE,FALSE,Do Not Migrate
TIBCO Foresight® Translator,Foresight,4.2.0,https://docs.tibco.com/products/tibco-foresight-translator-4-2-0,FALSE,FALSE,Migrate
TIBCO Foresight® Translator,Foresight,4.1.0,https://docs.tibco.com/products/tibco-foresight-translator-4-1-0,TRUE,FALSE,Migrate
TIBCO Foresight® Translator,Foresight,4.0.0,https://docs.tibco.com/products/tibco-foresight-translator-4-0-0,TRUE,FALSE,Migrate
TIBCO Foresight® Translator,Foresight,3.8.0,https://docs.tibco.com/products/tibco-foresight-translator-3-8-0,TRUE,TRUE,Do Not Migrate
TIBCO Foresight® Translator,Foresight,3.7.0,https://docs.tibco.com/products/tibco-foresight-translator-3-7-0,TRUE,TRUE,Do Not Migrate
TIBCO Foresight® Translator,Foresight,3.6.0,https://docs.tibco.com/products/tibco-foresight-translator-3-6-0,TRUE,FALSE,Do Not Migrate
TIBCO Foresight® Translator,Foresight,3.5.0,https://docs.tibco.com/products/tibco-foresight-translator-3-5-0,TRUE,FALSE,Do Not Migrate
TIBCO Foresight® Translator,Foresight,3.4.0,https://docs.tibco.com/products/tibco-foresight-translator-3-4-0,TRUE,FALSE,Do Not Migrate
TIBCO Foresight® Translator,Foresight,3.3.0,https://docs.tibco.com/products/tibco-foresight-translator-3-3-0,TRUE,FALSE,Do Not Migrate
TIBCO Foresight® Translator,Foresight,3.2.1,https://docs.tibco.com/products/tibco-foresight-translator-3-2-1,TRUE,FALSE,Do Not Migrate
TIBCO Foresight® Translator,Foresight,3.2.0,https://docs.tibco.com/products/tibco-foresight-translator-3-2-0,TRUE,FALSE,Do Not Migrate
TIBCO Foresight® Translator,Foresight,3.1.0,https://docs.tibco.com/products/tibco-foresight-translator-3-1-0,TRUE,FALSE,Do Not Migrate
TIBCO Foresight® Translator,Foresight,3.0.0,https://docs.tibco.com/products/tibco-foresight-translator-3-0-0,TRUE,FALSE,Do Not Migrate
TIBCO Foresight® Translator Attachment Adapter,Unassigned,3.0.0,https://docs.tibco.com/products/tibco-foresight-translator-attachment-adapter-3-0-0,FALSE,FALSE,Migrate
TIBCO Foresight® Translator Attachment Adapter,Unassigned,2.0.0,https://docs.tibco.com/products/tibco-foresight-translator-attachment-adapter-2-0-0,FALSE,FALSE,Migrate
TIBCO Foresight® Translator Attachment Adapter,Unassigned,1.1.0,https://docs.tibco.com/products/tibco-foresight-translator-claims-attachment-adapter-1-1-0,FALSE,FALSE,Migrate
TIBCO Foresight® Translator Attachment Adapter,Unassigned,1.0.0,https://docs.tibco.com/products/tibco-foresight-translator-claims-attachment-adapter-1-0-0,FALSE,FALSE,Migrate
TIBCO Foresight™ Archive and Retrieval System,Foresight,6.0.0,https://docs.tibco.com/products/tibco-foresight-archive-and-retrieval-system-6-0-0,FALSE,FALSE,Migrate
TIBCO Foresight™ Archive and Retrieval System,Foresight,5.5.0,https://docs.tibco.com/products/tibco-foresight-archive-and-retrieval-system-5-5-0,FALSE,FALSE,Migrate
TIBCO Foresight™ Archive and Retrieval System,Foresight,5.4.0,https://docs.tibco.com/products/tibco-foresight-archive-and-retrieval-system-5-4-0,FALSE,FALSE,Migrate
TIBCO Foresight™ Archive and Retrieval System,Foresight,5.3.0,https://docs.tibco.com/products/tibco-foresight-archive-and-retrieval-system-5-3-0,TRUE,FALSE,Do Not Migrate
TIBCO Foresight™ Archive and Retrieval System,Foresight,5.2.1,https://docs.tibco.com/products/tibco-foresight-archive-and-retrieval-system-5-2-1,TRUE,FALSE,Do Not Migrate
TIBCO Foresight™ Archive and Retrieval System,Foresight,5.2.0,https://docs.tibco.com/products/tibco-foresight-archive-and-retrieval-system-5-2-0,TRUE,FALSE,Do Not Migrate
TIBCO Foresight™ Archive and Retrieval System,Foresight,5.1.1,https://docs.tibco.com/products/tibco-foresight-archive-and-retrieval-system-5-1-1,TRUE,FALSE,Do Not Migrate
TIBCO Foresight™ Archive and Retrieval System,Foresight,5.1.0,https://docs.tibco.com/products/tibco-foresight-archive-and-retrieval-system-5-1-0,TRUE,FALSE,Do Not Migrate
TIBCO Foresight™ Instream®,Foresight,9.4.0,https://docs.tibco.com/products/tibco-foresight-instream-9-4-0,FALSE,FALSE,Migrate
TIBCO Foresight™ Instream®,Foresight,9.3.0,https://docs.tibco.com/products/tibco-foresight-instream-9-3-0,FALSE,FALSE,Migrate
TIBCO Foresight™ Instream®,Foresight,9.2.0,https://docs.tibco.com/products/tibco-foresight-instream-9-2-0,TRUE,FALSE,Migrate
TIBCO Foresight™ Instream®,Foresight,9.1.0,https://docs.tibco.com/products/tibco-foresight-instream-9-1-0,TRUE,FALSE,Migrate
TIBCO Foresight™ Instream®,Foresight,9.0.0,https://docs.tibco.com/products/tibco-foresight-instream-9-0-0,TRUE,FALSE,Migrate
TIBCO Foresight™ Instream®,Foresight,8.8.0,https://docs.tibco.com/products/tibco-foresight-instream-8-8-0,TRUE,TRUE,Do Not Migrate
TIBCO Foresight™ Instream®,Foresight,8.7.0,https://docs.tibco.com/products/tibco-foresight-instream-8-7-0,TRUE,TRUE,Do Not Migrate
TIBCO Foresight™ Instream®,Foresight,8.6.0,https://docs.tibco.com/products/tibco-foresight-instream-8-6-0,TRUE,FALSE,Do Not Migrate
TIBCO Foresight™ Instream®,Foresight,8.5.0,https://docs.tibco.com/products/tibco-foresight-instream-8-5-0,TRUE,FALSE,Do Not Migrate
TIBCO Foresight™ Instream®,Foresight,8.4.0,https://docs.tibco.com/products/tibco-foresight-instream-8-4-0,TRUE,FALSE,Do Not Migrate
TIBCO Foresight™ Instream®,Foresight,8.3.0,https://docs.tibco.com/products/tibco-foresight-instream-8-3-0,TRUE,FALSE,Do Not Migrate
TIBCO Foresight™ Instream®,Foresight,8.2.1,https://docs.tibco.com/products/tibco-foresight-instream-8-2-1,TRUE,FALSE,Do Not Migrate
TIBCO Foresight™ Instream®,Foresight,8.2.0,https://docs.tibco.com/products/tibco-foresight-instream-8-2-0,TRUE,FALSE,Do Not Migrate
TIBCO Foresight™ Instream®,Foresight,8.1.0,https://docs.tibco.com/products/tibco-foresight-instream-8-1-0,TRUE,FALSE,Do Not Migrate
TIBCO Foresight™ Instream®,Foresight,8.0.0,https://docs.tibco.com/products/tibco-foresight-instream-8-0-0,TRUE,FALSE,Do Not Migrate
TIBCO Foresight™ Instream®,Foresight,7.15.0,https://docs.tibco.com/products/tibco-foresight-instream-7-15-0,TRUE,FALSE,Do Not Migrate
TIBCO Foresight™ Studio,Foresight,9.3.0,https://docs.tibco.com/products/tibco-foresight-studio-9-3-0,FALSE,FALSE,Migrate
TIBCO Foresight™ Studio,Foresight,9.2.0,https://docs.tibco.com/products/tibco-foresight-studio-9-2-0,TRUE,FALSE,Migrate
TIBCO Foresight™ Studio,Foresight,9.1.0,https://docs.tibco.com/products/tibco-foresight-studio-9-1-0,TRUE,FALSE,Migrate
TIBCO Foresight™ Studio,Foresight,9.0.1,https://docs.tibco.com/products/tibco-foresight-studio-9-0-1,TRUE,FALSE,Migrate
TIBCO Foresight™ Studio,Foresight,9.0.0,https://docs.tibco.com/products/tibco-foresight-studio-9-0-0,TRUE,FALSE,Migrate
TIBCO Foresight™ Studio,Foresight,8.8.1,https://docs.tibco.com/products/tibco-foresight-studio-8-8-1,TRUE,FALSE,Do Not Migrate
TIBCO Foresight™ Studio,Foresight,8.8.0,https://docs.tibco.com/products/tibco-foresight-studio-8-8-0,TRUE,TRUE,Do Not Migrate
TIBCO Foresight™ Studio,Foresight,8.7.0,https://docs.tibco.com/products/tibco-foresight-studio-8-7-0,TRUE,TRUE,Do Not Migrate
TIBCO Foresight™ Studio,Foresight,8.2.0,https://docs.tibco.com/products/tibco-foresight-studio-8-2-0,TRUE,TRUE,Do Not Migrate
TIBCO Foresight™ Studio,Foresight,8.0.0,https://docs.tibco.com/products/tibco-foresight-studio-8-0-0,TRUE,FALSE,Do Not Migrate
TIBCO Foresight™ Studio,Foresight,7.16.0,https://docs.tibco.com/products/tibco-foresight-studio-7-16-0,TRUE,FALSE,Do Not Migrate
TIBCO Foresight™ Studio,Foresight,7.15.0,https://docs.tibco.com/products/tibco-foresight-studio-7-15-0,TRUE,FALSE,Do Not Migrate
TIBCO Foresight™ Studio,Foresight,7.14.0,https://docs.tibco.com/products/tibco-foresight-studio-7-14-0,TRUE,FALSE,Do Not Migrate
TIBCO Foresight™ Studio,Foresight,7.13.0,https://docs.tibco.com/products/tibco-foresight-studio-7-13-0,TRUE,FALSE,Do Not Migrate
TIBCO Formvine®,Unassigned,3.3.3,https://docs.tibco.com/products/tibco-formvine-3-3-3,TRUE,TRUE,Do Not Migrate
TIBCO Formvine®,Unassigned,3.3.1,https://docs.tibco.com/products/tibco-formvine-3-3-1,TRUE,TRUE,Do Not Migrate
TIBCO Formvine®,Unassigned,3.3.0,https://docs.tibco.com/products/tibco-formvine-3-3-0,TRUE,TRUE,Do Not Migrate
TIBCO Formvine®,Unassigned,3.2.2,https://docs.tibco.com/products/tibco-formvine-3-2-2,TRUE,TRUE,Do Not Migrate
TIBCO Formvine®,Unassigned,3.2.1,https://docs.tibco.com/products/tibco-formvine-3-2-1,TRUE,TRUE,Do Not Migrate
TIBCO Formvine®,Unassigned,2.0.5,https://docs.tibco.com/products/tibco-formvine-2-0-5,TRUE,TRUE,Do Not Migrate
TIBCO Formvine®,Unassigned,2.0.4,https://docs.tibco.com/products/tibco-formvine-2-0-4,TRUE,TRUE,Do Not Migrate
TIBCO Formvine®,Unassigned,2.0.2,https://docs.tibco.com/products/tibco-formvine-2-0-2,TRUE,TRUE,Do Not Migrate
TIBCO Formvine®,Unassigned,2.0.1,https://docs.tibco.com/products/tibco-formvine-2-0-1,TRUE,TRUE,Do Not Migrate
TIBCO FTL® - Enterprise Edition,Messaging,7.3.0,https://docs.tibco.com/products/tibco-ftl-enterprise-edition-7-3-0,FALSE,FALSE,Migrate
TIBCO FTL® - Enterprise Edition,Messaging,7.2.0,https://docs.tibco.com/products/tibco-ftl-enterprise-edition-7-2-0,FALSE,FALSE,Migrate
TIBCO FTL® - Enterprise Edition,Messaging,7.1.2,https://docs.tibco.com/products/tibco-ftl-enterprise-edition-7-1-2,FALSE,FALSE,Migrate
TIBCO FTL® - Enterprise Edition,Messaging,7.1.1,https://docs.tibco.com/products/tibco-ftl-enterprise-edition-7-1-1,FALSE,FALSE,Migrate
TIBCO FTL® - Enterprise Edition,Messaging,7.1.0,https://docs.tibco.com/products/tibco-ftl-enterprise-edition-7-1-0,FALSE,FALSE,Migrate
TIBCO FTL® - Enterprise Edition,Messaging,7.0.1,https://docs.tibco.com/products/tibco-ftl-enterprise-edition-7-0-1,FALSE,FALSE,Migrate
TIBCO FTL® - Enterprise Edition,Messaging,7.0.0,https://docs.tibco.com/products/tibco-ftl-enterprise-edition-7-0-0,FALSE,FALSE,Migrate
TIBCO FTL® - Enterprise Edition,Messaging,6.10.2,https://docs.tibco.com/products/tibco-ftl-enterprise-edition-6-10-2,FALSE,FALSE,Do Not Migrate
TIBCO FTL® - Enterprise Edition,Messaging,6.10.1,https://docs.tibco.com/products/tibco-ftl-enterprise-edition-6-10-1,FALSE,FALSE,Do Not Migrate
TIBCO FTL® - Enterprise Edition,Messaging,6.10.0,https://docs.tibco.com/products/tibco-ftl-enterprise-edition-6-10-0,FALSE,FALSE,Do Not Migrate
TIBCO FTL® - Enterprise Edition,Messaging,6.9.1,https://docs.tibco.com/products/tibco-ftl-enterprise-edition-6-9-1,TRUE,FALSE,Do Not Migrate
TIBCO FTL® - Enterprise Edition,Messaging,6.9.0,https://docs.tibco.com/products/tibco-ftl-enterprise-edition-6-9-0,TRUE,FALSE,Do Not Migrate
TIBCO FTL® - Enterprise Edition,Messaging,6.8.1,https://docs.tibco.com/products/tibco-ftl-enterprise-edition-6-8-1,TRUE,FALSE,Do Not Migrate
TIBCO FTL® - Enterprise Edition,Messaging,6.8.0,https://docs.tibco.com/products/tibco-ftl-enterprise-edition-6-8-0,TRUE,FALSE,Do Not Migrate
TIBCO FTL® - Enterprise Edition,Messaging,6.7.4,https://docs.tibco.com/products/tibco-ftl-enterprise-edition-6-7-4,TRUE,FALSE,Do Not Migrate
TIBCO FTL® - Enterprise Edition,Messaging,6.7.3,https://docs.tibco.com/products/tibco-ftl-enterprise-edition-6-7-3,TRUE,FALSE,Do Not Migrate
TIBCO FTL® - Enterprise Edition,Messaging,6.7.2,https://docs.tibco.com/products/tibco-ftl-enterprise-edition-6-7-2,TRUE,FALSE,Do Not Migrate
TIBCO FTL® - Enterprise Edition,Messaging,6.7.1,https://docs.tibco.com/products/tibco-ftl-enterprise-edition-6-7-1,TRUE,FALSE,Do Not Migrate
TIBCO FTL® - Enterprise Edition,Messaging,6.7.0,https://docs.tibco.com/products/tibco-ftl-enterprise-edition-6-7-0,TRUE,FALSE,Do Not Migrate
TIBCO FTL® - Enterprise Edition,Messaging,6.6.1,https://docs.tibco.com/products/tibco-ftl-enterprise-edition-6-6-1,TRUE,FALSE,Do Not Migrate
TIBCO FTL® - Enterprise Edition,Messaging,6.6.0,https://docs.tibco.com/products/tibco-ftl-enterprise-edition-6-6-0,TRUE,FALSE,Do Not Migrate
TIBCO FTL® - Enterprise Edition,Messaging,6.5.0,https://docs.tibco.com/products/tibco-ftl-enterprise-edition-6-5-0,TRUE,FALSE,Do Not Migrate
TIBCO FTL® - Enterprise Edition,Messaging,6.4.0,https://docs.tibco.com/products/tibco-ftl-enterprise-edition-6-4-0,TRUE,FALSE,Do Not Migrate
TIBCO FTL® - Enterprise Edition,Messaging,6.3.1,https://docs.tibco.com/products/tibco-ftl-enterprise-edition-6-3-1,TRUE,FALSE,Do Not Migrate
TIBCO FTL® - Enterprise Edition,Messaging,6.3.0,https://docs.tibco.com/products/tibco-ftl-enterprise-edition-6-3-0,TRUE,FALSE,Do Not Migrate
TIBCO FTL® - Enterprise Edition,Messaging,6.2.0,https://docs.tibco.com/products/tibco-ftl-enterprise-edition-6-2-0,TRUE,FALSE,Do Not Migrate
TIBCO FTL® - Enterprise Edition,Messaging,6.1.0,https://docs.tibco.com/products/tibco-ftl-enterprise-edition-6-1-0,TRUE,FALSE,Do Not Migrate
TIBCO FTL® - Enterprise Edition,Messaging,6.0.1,https://docs.tibco.com/products/tibco-ftl-enterprise-edition-6-0-1,TRUE,FALSE,Do Not Migrate
TIBCO FTL® - Enterprise Edition,Messaging,6.0.0,https://docs.tibco.com/products/tibco-ftl-enterprise-edition-6-0-0,TRUE,FALSE,Do Not Migrate
TIBCO FTL® - Enterprise Edition,Messaging,5.4.2,https://docs.tibco.com/products/tibco-ftl-enterprise-edition-5-4-2,TRUE,FALSE,Do Not Migrate
TIBCO FTL® - Enterprise Edition,Messaging,5.4.1,https://docs.tibco.com/products/tibco-ftl-enterprise-edition-5-4-1,TRUE,FALSE,Do Not Migrate
TIBCO FTL® - Enterprise Edition,Messaging,5.4.0,https://docs.tibco.com/products/tibco-ftl-enterprise-edition-5-4-0,TRUE,FALSE,Do Not Migrate
TIBCO FTL® - Enterprise Edition,Messaging,5.3.2,https://docs.tibco.com/products/tibco-ftl-enterprise-edition-5-3-2,TRUE,FALSE,Do Not Migrate
TIBCO FTL® - Enterprise Edition,Messaging,5.3.1,https://docs.tibco.com/products/tibco-ftl-enterprise-edition-5-3-1,TRUE,FALSE,Do Not Migrate
TIBCO FTL® - Enterprise Edition,Messaging,5.3.0,https://docs.tibco.com/products/tibco-ftl-enterprise-edition-5-3-0,TRUE,FALSE,Do Not Migrate
TIBCO FTL® - Enterprise Edition,Messaging,5.2.1,https://docs.tibco.com/products/tibco-ftl-5-2-1,TRUE,FALSE,Do Not Migrate
TIBCO FTL® - Enterprise Edition,Messaging,5.2.0,https://docs.tibco.com/products/tibco-ftl-5-2-0,TRUE,FALSE,Do Not Migrate
TIBCO FTL® - Enterprise Edition,Messaging,5.1.0,https://docs.tibco.com/products/tibco-ftl-5-1-0,TRUE,FALSE,Do Not Migrate
TIBCO FTL® - Enterprise Edition,Messaging,5.0.0,https://docs.tibco.com/products/tibco-ftl-5-0-0,TRUE,FALSE,Do Not Migrate
TIBCO FTL® - Enterprise Edition,Messaging,4.3.0,https://docs.tibco.com/products/tibco-ftl-4-3-0,TRUE,FALSE,Do Not Migrate
TIBCO FTL® - Enterprise Edition,Messaging,4.2.0,https://docs.tibco.com/products/tibco-ftl-4-2-0,TRUE,FALSE,Do Not Migrate
TIBCO FTL® - Enterprise Edition,Messaging,4.1.0,https://docs.tibco.com/products/tibco-ftl-4-1-0,TRUE,FALSE,Do Not Migrate
TIBCO FTL® - Enterprise Edition,Messaging,4.0.0,https://docs.tibco.com/products/tibco-ftl-4-0-0,TRUE,FALSE,Do Not Migrate
TIBCO FTL® - Enterprise Edition,Messaging,3.1.0,https://docs.tibco.com/products/tibco-ftl-3-1-0,TRUE,FALSE,Do Not Migrate
TIBCO FTL® - Enterprise Edition,Messaging,3.0.0,https://docs.tibco.com/products/tibco-ftl-3-0-0,TRUE,FALSE,Do Not Migrate
TIBCO FTL® - Enterprise Edition,Messaging,2.1.0,https://docs.tibco.com/products/tibco-ftl-2-1-0,TRUE,FALSE,Do Not Migrate
TIBCO FTL® - Enterprise Edition,Messaging,2.0.1,https://docs.tibco.com/products/tibco-ftl-2-0-1,TRUE,FALSE,Do Not Migrate
TIBCO FTL® - Enterprise Edition,Messaging,2.0.0,https://docs.tibco.com/products/tibco-ftl-2-0-0,TRUE,FALSE,Do Not Migrate
TIBCO FTL® - Enterprise Edition,Messaging,1.1.0,https://docs.tibco.com/products/tibco-ftl-1-1-0,TRUE,FALSE,Do Not Migrate
TIBCO FTL® - Enterprise Edition,Messaging,1.0.0,https://docs.tibco.com/products/tibco-ftl-1-0-0,TRUE,FALSE,Do Not Migrate
TIBCO GEMS™,Messaging,1.1.0,https://docs.tibco.com/products/tibco-gems-1-1-0,FALSE,FALSE,Migrate
TIBCO GeoAnalytics,Visual Analytics,1.3.1,https://docs.tibco.com/products/tibco-geoanalytics-1-3-1,TRUE,FALSE,Do Not Migrate
TIBCO GeoAnalytics,Visual Analytics,1.2.4,https://docs.tibco.com/products/tibco-geoanalytics-1-2-4,TRUE,FALSE,Do Not Migrate
TIBCO GeoAnalytics Builder,Visual Analytics,1.9.3,https://docs.tibco.com/products/tibco-geoanalytics-builder-1-9-3,TRUE,FALSE,Do Not Migrate
TIBCO Hawk ActiveMatrix® Plug-in,Unassigned,1.2.0,https://docs.tibco.com/products/tibco-hawk-activematrix-plug-in-1-2-0,FALSE,FALSE,Migrate
TIBCO Hawk ActiveMatrix® Plug-in,Unassigned,1.1,https://docs.tibco.com/products/tibco-hawk-activematrix-plug-in-1-1,FALSE,FALSE,Migrate
TIBCO Hawk® - Container Edition,Unassigned,2.0.0,https://docs.tibco.com/products/tibco-hawk-container-edition-2-0-0,TRUE,TRUE,Do Not Migrate
TIBCO Hawk® - Container Edition,Unassigned,1.0.0,https://docs.tibco.com/products/tibco-hawk-container-edition-1-0-0,TRUE,TRUE,Do Not Migrate
TIBCO Hawk® Database Adapter,Unassigned,6.2.1,https://docs.tibco.com/products/tibco-hawk-database-adapter-6-2-1,FALSE,FALSE,Migrate
TIBCO Hawk® Database Adapter,Unassigned,6.2.0,https://docs.tibco.com/products/tibco-hawk-database-adapter-6-2-0,FALSE,FALSE,Migrate
TIBCO Hawk® Database Adapter,Unassigned,6.0.0,https://docs.tibco.com/products/tibco-hawk-database-adapter-6-0-0,TRUE,TRUE,Do Not Migrate
TIBCO Hawk® Database Adapter,Unassigned,5.2.0,https://docs.tibco.com/products/tibco-hawk-database-adapter-5-2-0,TRUE,TRUE,Do Not Migrate
TIBCO Hawk® Database Adapter,Unassigned,5.1.0,https://docs.tibco.com/products/tibco-hawk-database-adapter-5-1-0,FALSE,FALSE,Migrate
TIBCO Hawk® Database Adapter,Unassigned,4.6.0,https://docs.tibco.com/products/tibco-hawk-database-adapter-4-6-0,TRUE,TRUE,Do Not Migrate
TIBCO Hawk® JMX Plug-in,Unassigned,6.0.0,https://docs.tibco.com/products/tibco-hawk-jmx-plug-in-6-0-0,FALSE,FALSE,Migrate
TIBCO Hawk® JMX Plug-in,Unassigned,5.2.0,https://docs.tibco.com/products/tibco-hawk-jmx-plug-in-5-2-0,TRUE,TRUE,Do Not Migrate
TIBCO Hawk® JMX Plug-in,Unassigned,2.1.0,https://docs.tibco.com/products/tibco-hawk-jmx-plug-in-2-1-0,FALSE,FALSE,Migrate
TIBCO Hawk® Microagent for TIBCO Activematrix BusinessWorks™ 6,Monitoring,6.8.0,https://docs.tibco.com/products/tibco-hawk-microagent-for-tibco-activematrix-businessworks-6-6-8-0,FALSE,FALSE,Migrate
TIBCO Hawk® Microagent for TIBCO Activematrix BusinessWorks™ 6,Monitoring,6.7.2,https://docs.tibco.com/products/tibco-hawk-microagent-for-tibco-activematrix-businessworks-6-6-7-2,FALSE,FALSE,Migrate
TIBCO Hawk® Microagent for TIBCO Activematrix BusinessWorks™ 6,Monitoring,6.7.1,https://docs.tibco.com/products/tibco-hawk-microagent-for-tibco-activematrix-businessworks-6-6-7-1,FALSE,FALSE,Migrate
TIBCO Hawk® Microagent for TIBCO Activematrix BusinessWorks™ 6,Monitoring,6.7.0,https://docs.tibco.com/products/tibco-hawk-microagent-for-tibco-activematrix-businessworks-6-6-7-0,FALSE,FALSE,Migrate
TIBCO Hawk® Microagent for TIBCO Activematrix BusinessWorks™ 6,Monitoring,6.6.2,https://docs.tibco.com/products/tibco-hawk-microagent-for-tibco-activematrix-businessworks-6-6-6-2,FALSE,FALSE,Migrate
TIBCO Hawk® Microagent for TIBCO Activematrix BusinessWorks™ 6,Monitoring,6.6.1,https://docs.tibco.com/products/tibco-hawk-microagent-for-tibco-activematrix-businessworks-6-6-6-1,FALSE,FALSE,Migrate
TIBCO Hawk® Microagent for TIBCO Activematrix BusinessWorks™ 6,Monitoring,6.6.0,https://docs.tibco.com/products/tibco-hawk-microagent-for-tibco-activematrix-businessworks-6-6-6-0,TRUE,FALSE,Do Not Migrate
TIBCO Hawk® Microagent for TIBCO Activematrix BusinessWorks™ 6,Monitoring,6.5.0,https://docs.tibco.com/products/tibco-hawk-microagent-for-tibco-activematrix-businessworks-6-6-5-0,TRUE,FALSE,Do Not Migrate
TIBCO Hawk® Microagent for TIBCO BusinessWorks™ Container Edition,Unassigned,2.2.0,https://docs.tibco.com/products/tibco-hawk-microagent-for-tibco-businessworks-container-edition-2-2-0,FALSE,FALSE,Migrate
TIBCO Hawk® Microagent for TIBCO BusinessWorks™ Container Edition,Unassigned,2.1.1,https://docs.tibco.com/products/tibco-hawk-microagent-for-tibco-businessworks-container-edition-2-1-1,FALSE,FALSE,Migrate
TIBCO Hawk® Microagent for TIBCO BusinessWorks™ Container Edition,Unassigned,2.1.0,https://docs.tibco.com/products/tibco-hawk-microagent-for-tibco-businessworks-container-edition-2-1-0,FALSE,FALSE,Migrate
TIBCO Hawk® Microagent for TIBCO BusinessWorks™ Container Edition,Unassigned,2.0.0,https://docs.tibco.com/products/tibco-hawk-microagent-for-tibco-businessworks-container-edition-2-0-0,FALSE,FALSE,Migrate
TIBCO Hawk® Microagent for TIBCO BusinessWorks™ Container Edition,Unassigned,1.0.0,https://docs.tibco.com/products/tibco-hawk-microagent-for-tibco-businessworks-container-edition-1-0-0,TRUE,TRUE,Do Not Migrate
TIBCO Hawk® Microagent for TIBCO FTL®/TIBCO eFTL™,Unassigned,1.1.0,https://docs.tibco.com/products/tibco-hawk-microagent-for-tibco-ftl-tibco-eftl-1-1-0,FALSE,FALSE,Migrate
TIBCO Hawk® Microagent for TIBCO FTL®/TIBCO eFTL™,Unassigned,1.0.0,https://docs.tibco.com/products/tibco-hawk-microagent-for-tibco-ftl-tibco-eftl-1-0-0,TRUE,TRUE,Do Not Migrate
TIBCO Hawk® SNMP Adapter,Monitoring,6.0.0,https://docs.tibco.com/products/tibco-hawk-snmp-adapter-6-0-0,TRUE,FALSE,Migrate
TIBCO Hawk® SNMP Adapter,Monitoring,5.2.0,https://docs.tibco.com/products/tibco-hawk-snmp-adapter-5-2-0,TRUE,TRUE,Do Not Migrate
TIBCO Hawk® SNMP Adapter,Monitoring,5.1.0,https://docs.tibco.com/products/tibco-hawk-snmp-adapter-5-1-0,TRUE,TRUE,Do Not Migrate
TIBCO Hawk® SNMP Adapter,Monitoring,4.9.0,https://docs.tibco.com/products/tibco-hawk-snmp-adapter-4-9-0,TRUE,TRUE,Do Not Migrate
TIBCO iProcess® Client (ASP),Unassigned,9.2,https://docs.tibco.com/products/tibco-iprocess-client-asp-9-2,FALSE,FALSE,Migrate
TIBCO iProcess® Client (JSP),Unassigned,9.2,https://docs.tibco.com/products/tibco-iprocess-client-jsp-9-2,FALSE,FALSE,Migrate
TIBCO iProcess® Conductor,Unassigned,11.2.1,https://docs.tibco.com/products/tibco-iprocess-conductor-11-2-1,FALSE,FALSE,Do Not Migrate
TIBCO iProcess® Decisions,Unassigned,5.4.1,https://docs.tibco.com/products/tibco-iprocess-decisions-5-4-1,FALSE,FALSE,Do Not Migrate
TIBCO iProcess® Decisions,Unassigned,4.3.2,https://docs.tibco.com/products/tibco-iprocess-decisions-4-3-2,FALSE,FALSE,Migrate
TIBCO iProcess® Engine,iProcess,11.10.0,https://docs.tibco.com/products/tibco-iprocess-engine-11-10-0,FALSE,FALSE,Migrate
TIBCO iProcess® Engine,iProcess,11.9.2,https://docs.tibco.com/products/tibco-iprocess-engine-11-9-2,FALSE,FALSE,Migrate
TIBCO iProcess® Engine,iProcess,11.9.1,https://docs.tibco.com/products/tibco-iprocess-engine-11-9-1,FALSE,FALSE,Migrate
TIBCO iProcess® Engine,iProcess,11.9.0,https://docs.tibco.com/products/tibco-iprocess-engine-11-9-0,FALSE,FALSE,Migrate
TIBCO iProcess® Engine,iProcess,11.8.1,https://docs.tibco.com/products/tibco-iprocess-engine-11-8-1,FALSE,FALSE,Migrate
TIBCO iProcess® Engine,iProcess,11.8.0,https://docs.tibco.com/products/tibco-iprocess-engine-11-8-0,TRUE,FALSE,Migrate
TIBCO iProcess® Engine,iProcess,11.7.0,https://docs.tibco.com/products/tibco-iprocess-engine-11-7-0,TRUE,FALSE,Migrate
TIBCO iProcess® Engine,iProcess,11.6.1,https://docs.tibco.com/products/tibco-iprocess-engine-11-6-1,TRUE,FALSE,Migrate
TIBCO iProcess® Engine,iProcess,11.6.0,https://docs.tibco.com/products/tibco-iprocess-engine-11-6-0,TRUE,FALSE,Migrate
TIBCO iProcess® Engine,iProcess,11.5.0,https://docs.tibco.com/products/tibco-iprocess-engine-11-5-0,TRUE,FALSE,Migrate
TIBCO iProcess® Engine,iProcess,11.4.1,https://docs.tibco.com/products/tibco-iprocess-engine-11-4-1,TRUE,FALSE,Do Not Migrate
TIBCO iProcess® Engine,iProcess,11.4.0,https://docs.tibco.com/products/tibco-iprocess-engine-11-4-0,TRUE,FALSE,Do Not Migrate
TIBCO iProcess® Engine,iProcess,11.3.1,https://docs.tibco.com/products/tibco-iprocess-engine-11-3-1,TRUE,FALSE,Do Not Migrate
TIBCO iProcess® Engine,iProcess,11.3.0,https://docs.tibco.com/products/tibco-iprocess-engine-11-3-0,TRUE,FALSE,Do Not Migrate
TIBCO iProcess® Engine,iProcess,11.1.0,https://docs.tibco.com/products/tibco-iprocess-engine-11-1-0,TRUE,FALSE,Do Not Migrate
TIBCO iProcess® Modeler,Unassigned,11.4.0,https://docs.tibco.com/products/tibco-iprocess-modeler-11-4-0,FALSE,FALSE,Do Not Migrate
TIBCO iProcess® Modeler,Unassigned,11.3,https://docs.tibco.com/products/tibco-iprocess-modeler-11-3,FALSE,FALSE,Do Not Migrate
TIBCO iProcess® Modeler,Unassigned,11.3.1,https://docs.tibco.com/products/tibco-iprocess-modeler-11-3-1,FALSE,FALSE,Do Not Migrate
TIBCO iProcess® Modeler,Unassigned,11.1,https://docs.tibco.com/products/tibco-iprocess-modeler-11-1,FALSE,FALSE,Do Not Migrate
TIBCO iProcess® Objects,Unassigned,10.x,https://docs.tibco.com/products/tibco-iprocess-objects-10-x,FALSE,FALSE,Migrate
TIBCO iProcess® Server Objects (.Net),Unassigned,11.10.0,https://docs.tibco.com/products/tibco-iprocess-server-objects-net-11-10-0,FALSE,FALSE,Migrate
TIBCO iProcess® Server Objects (.Net),Unassigned,11.9.0,https://docs.tibco.com/products/tibco-iprocess-server-objects-net-11-9-0,FALSE,FALSE,Migrate
TIBCO iProcess® Server Objects (.Net),Unassigned,11.4.1,https://docs.tibco.com/products/tibco-iprocess-server-objects-net-11-4-1,FALSE,FALSE,Migrate
TIBCO iProcess® Server Objects (.Net),Unassigned,11.4.0,https://docs.tibco.com/products/tibco-iprocess-server-objects-net-11-4-0,FALSE,FALSE,Migrate
TIBCO iProcess® Server Objects (.Net),Unassigned,11.3.0,https://docs.tibco.com/products/tibco-iprocess-server-objects-net-11-3-0,TRUE,TRUE,Do Not Migrate
TIBCO iProcess® Server Objects (Java),Unassigned,11.10.0,https://docs.tibco.com/products/tibco-iprocess-server-objects-java-11-10-0,FALSE,FALSE,Migrate
TIBCO iProcess® Server Objects (Java),Unassigned,11.9.0,https://docs.tibco.com/products/tibco-iprocess-server-objects-java-11-9-0,FALSE,FALSE,Migrate
TIBCO iProcess® Server Objects (Java),Unassigned,11.4.1,https://docs.tibco.com/products/tibco-iprocess-server-objects-java-11-4-1,FALSE,FALSE,Migrate
TIBCO iProcess® Server Objects (Java),Unassigned,11.4.0,https://docs.tibco.com/products/tibco-iprocess-server-objects-java-11-4-0,FALSE,FALSE,Migrate
TIBCO iProcess® Server Objects (Java),Unassigned,11.3.0,https://docs.tibco.com/products/tibco-iprocess-server-objects-java-11-3-0,TRUE,TRUE,Do Not Migrate
TIBCO iProcess® Suite,Unassigned,1.0.0,https://docs.tibco.com/products/tibco-iprocess-suite-1-0-0,FALSE,FALSE,Migrate
TIBCO iProcess® Technology Plug-ins,Unassigned,11.10.0,https://docs.tibco.com/products/tibco-iprocess-technology-plug-ins-11-10-0,FALSE,FALSE,Migrate
TIBCO iProcess® Technology Plug-ins,Unassigned,11.9.2,https://docs.tibco.com/products/tibco-iprocess-technology-plug-ins-11-9-2,FALSE,FALSE,Migrate
TIBCO iProcess® Technology Plug-ins,Unassigned,11.9.0,https://docs.tibco.com/products/tibco-iprocess-technology-plug-ins-11-9-0,FALSE,FALSE,Migrate
TIBCO iProcess® Technology Plug-ins,Unassigned,11.8.1,https://docs.tibco.com/products/tibco-iprocess-technology-plug-ins-11-8-1,FALSE,FALSE,Migrate
TIBCO iProcess® Technology Plug-ins,Unassigned,11.8.0,https://docs.tibco.com/products/tibco-iprocess-technology-plug-ins-11-8-0,FALSE,FALSE,Migrate
TIBCO iProcess® Technology Plug-ins,Unassigned,11.7.0,https://docs.tibco.com/products/tibco-iprocess-technology-plug-ins-11-7-0,TRUE,TRUE,Do Not Migrate
TIBCO iProcess® Technology Plug-ins,Unassigned,11.6.2,https://docs.tibco.com/products/tibco-iprocess-technology-plug-ins-11-6-2,TRUE,TRUE,Do Not Migrate
TIBCO iProcess® Technology Plug-ins,Unassigned,11.6.1,https://docs.tibco.com/products/tibco-iprocess-technology-plug-ins-11-6-1,TRUE,TRUE,Do Not Migrate
TIBCO iProcess® Technology Plug-ins,Unassigned,11.6.0,https://docs.tibco.com/products/tibco-iprocess-technology-plug-ins-11-6-0,TRUE,TRUE,Do Not Migrate
TIBCO iProcess® Technology Plug-ins,Unassigned,11.5.0,https://docs.tibco.com/products/tibco-iprocess-technology-plug-ins-11-5-0,TRUE,TRUE,Do Not Migrate
TIBCO iProcess® Technology Plug-ins,Unassigned,11.4.1,https://docs.tibco.com/products/tibco-iprocess-technology-plug-ins-11-4-1,TRUE,TRUE,Do Not Migrate
TIBCO iProcess® Technology Plug-ins,Unassigned,11.4.0,https://docs.tibco.com/products/tibco-iprocess-technology-plug-ins-11-4-0,TRUE,TRUE,Do Not Migrate
TIBCO iProcess® Technology Plug-ins,Unassigned,11.3.1,https://docs.tibco.com/products/tibco-iprocess-technology-plug-ins-11-3-1,TRUE,TRUE,Do Not Migrate
TIBCO iProcess® Technology Plug-ins,Unassigned,11.3.0,https://docs.tibco.com/products/tibco-iprocess-technology-plug-ins-11-3-0,TRUE,TRUE,Do Not Migrate
TIBCO iProcess® Web Services Client Plug-in,Unassigned,11.9.0,https://docs.tibco.com/products/tibco-iprocess-web-services-client-plug-in-11-9-0,FALSE,FALSE,Migrate
TIBCO iProcess® Web Services Client Plug-in,Unassigned,11.8.1,https://docs.tibco.com/products/tibco-iprocess-web-services-client-plug-in-11-8-1,FALSE,FALSE,Migrate
TIBCO iProcess® Web Services Client Plug-in,Unassigned,11.8.0,https://docs.tibco.com/products/tibco-iprocess-web-services-client-plug-in-11-8-0,FALSE,FALSE,Migrate
TIBCO iProcess® Web Services Client Plug-in,Unassigned,10.6.0,https://docs.tibco.com/products/tibco-iprocess-web-services-client-plug-in-10-6-0,TRUE,TRUE,Do Not Migrate
TIBCO iProcess® Web Services Server Plug-in,Unassigned,11.9.0,https://docs.tibco.com/products/tibco-iprocess-web-services-server-plug-in-11-9-0,FALSE,FALSE,Migrate
TIBCO iProcess® Web Services Server Plug-in,Unassigned,11.8.1,https://docs.tibco.com/products/tibco-iprocess-web-services-server-plug-in-11-8-1,FALSE,FALSE,Migrate
TIBCO iProcess® Web Services Server Plug-in,Unassigned,11.8.0,https://docs.tibco.com/products/tibco-iprocess-web-services-server-plug-in-11-8-0,FALSE,FALSE,Migrate
TIBCO iProcess® Web Services Server Plug-in,Unassigned,11.3,https://docs.tibco.com/products/tibco-iprocess-web-services-server-plug-in-11-3,FALSE,FALSE,Migrate
TIBCO iProcess® Web Services Server Plug-in,Unassigned,10.6.1,https://docs.tibco.com/products/tibco-iprocess-web-services-server-plug-in-10-6-1,TRUE,TRUE,Do Not Migrate
TIBCO iProcess® Workspace (Browser),iProcess,11.10.0,https://docs.tibco.com/products/tibco-iprocess-workspace-browser-11-10-0,FALSE,FALSE,Migrate
TIBCO iProcess® Workspace (Browser),iProcess,11.9.0,https://docs.tibco.com/products/tibco-iprocess-workspace-browser-11-9-0,TRUE,FALSE,Migrate
TIBCO iProcess® Workspace (Browser),iProcess,11.8.1,https://docs.tibco.com/products/tibco-iprocess-workspace-browser-11-8-1,TRUE,FALSE,Migrate
TIBCO iProcess® Workspace (Browser),iProcess,11.8.0,https://docs.tibco.com/products/tibco-iprocess-workspace-browser-11-8-0,TRUE,FALSE,Migrate
TIBCO iProcess® Workspace (Browser),iProcess,11.6.0,https://docs.tibco.com/products/tibco-iprocess-workspace-browser-11-6-0,TRUE,TRUE,Do Not Migrate
TIBCO iProcess® Workspace (Browser),iProcess,11.4.1,https://docs.tibco.com/products/tibco-iprocess-workspace-browser-11-4-1,TRUE,TRUE,Do Not Migrate
TIBCO iProcess® Workspace (Browser),iProcess,11.4.0,https://docs.tibco.com/products/tibco-iprocess-workspace-browser-11-4-0,TRUE,TRUE,Do Not Migrate
TIBCO iProcess® Workspace (Browser),iProcess,11.3.1,https://docs.tibco.com/products/tibco-iprocess-workspace-browser-11-3-1,TRUE,TRUE,Do Not Migrate
TIBCO iProcess® Workspace (Windows),iProcess,11.10.0,https://docs.tibco.com/products/tibco-iprocess-workspace-windows-11-10-0,FALSE,FALSE,Migrate
TIBCO iProcess® Workspace (Windows),iProcess,11.9.2,https://docs.tibco.com/products/tibco-iprocess-workspace-windows-11-9-2,FALSE,FALSE,Migrate
TIBCO iProcess® Workspace (Windows),iProcess,11.9.0,https://docs.tibco.com/products/tibco-iprocess-workspace-windows-11-9-0,TRUE,FALSE,Migrate
TIBCO iProcess® Workspace (Windows),iProcess,11.8.0,https://docs.tibco.com/products/tibco-iprocess-workspace-windows-11-8-0,TRUE,FALSE,Migrate
TIBCO iProcess® Workspace (Windows),iProcess,11.7.0,https://docs.tibco.com/products/tibco-iprocess-workspace-windows-11-7-0,TRUE,TRUE,Do Not Migrate
TIBCO iProcess® Workspace (Windows),iProcess,11.6.1,https://docs.tibco.com/products/tibco-iprocess-workspace-windows-11-6-1,TRUE,TRUE,Do Not Migrate
TIBCO iProcess® Workspace (Windows),iProcess,11.6.0,https://docs.tibco.com/products/tibco-iprocess-workspace-windows-11-6-0,TRUE,TRUE,Do Not Migrate
TIBCO iProcess® Workspace (Windows),iProcess,11.5.0,https://docs.tibco.com/products/tibco-iprocess-workspace-windows-11-5-0,TRUE,TRUE,Do Not Migrate
TIBCO iProcess® Workspace (Windows),iProcess,11.4.2,https://docs.tibco.com/products/tibco-iprocess-workspace-windows-11-4-2,TRUE,TRUE,Do Not Migrate
TIBCO iProcess® Workspace (Windows),iProcess,11.4.1,https://docs.tibco.com/products/tibco-iprocess-workspace-windows-11-4-1,TRUE,TRUE,Do Not Migrate
TIBCO iProcess® Workspace (Windows),iProcess,11.4.0,https://docs.tibco.com/products/tibco-iprocess-workspace-windows-11-4-0,TRUE,TRUE,Do Not Migrate
TIBCO iProcess® Workspace (Windows),iProcess,11.3.1,https://docs.tibco.com/products/tibco-iprocess-workspace-windows-11-3-1,TRUE,TRUE,Do Not Migrate
TIBCO iProcess® Workspace (Windows),iProcess,11.3.0,https://docs.tibco.com/products/tibco-iprocess-workspace-windows-11-3-0,TRUE,TRUE,Do Not Migrate
TIBCO iProcess® Workspace (Windows),iProcess,11.1.3,https://docs.tibco.com/products/tibco-iprocess-workspace-windows-11-1-3,TRUE,TRUE,Do Not Migrate
TIBCO iProcess® Workspace Lite,Unassigned,1.2,https://docs.tibco.com/products/tibco-iprocess-workspace-lite-1-2,FALSE,FALSE,Migrate
TIBCO iProcess® Workspace Plug-ins,Unassigned,11.10.0,https://docs.tibco.com/products/tibco-iprocess-workspace-plug-ins-11-10-0,FALSE,FALSE,Migrate
TIBCO iProcess® Workspace Plug-ins,Unassigned,11.9.0,https://docs.tibco.com/products/tibco-iprocess-workspace-plug-ins-11-9-0,FALSE,FALSE,Migrate
TIBCO iProcess® Workspace Plug-ins,Unassigned,11.8.1,https://docs.tibco.com/products/tibco-iprocess-workspace-plug-ins-11-8-1,FALSE,FALSE,Migrate
TIBCO iProcess® Workspace Plug-ins,Unassigned,11.8.0,https://docs.tibco.com/products/tibco-iprocess-workspace-plug-ins-11-8-0,FALSE,FALSE,Migrate
TIBCO iProcess® Workspace Plug-ins,Unassigned,11.7.0,https://docs.tibco.com/products/tibco-iprocess-workspace-plug-ins-11-7-0,TRUE,TRUE,Do Not Migrate
TIBCO iProcess® Workspace Plug-ins,Unassigned,11.6.2,https://docs.tibco.com/products/tibco-iprocess-workspace-plug-ins-11-6-2,TRUE,TRUE,Do Not Migrate
TIBCO iProcess® Workspace Plug-ins,Unassigned,11.6.1,https://docs.tibco.com/products/tibco-iprocess-workspace-plug-ins-11-6-1,TRUE,TRUE,Do Not Migrate
TIBCO iProcess® Workspace Plug-ins,Unassigned,11.6.0,https://docs.tibco.com/products/tibco-iprocess-workspace-plug-ins-11-6-0,TRUE,TRUE,Do Not Migrate
TIBCO iProcess® Workspace Plug-ins,Unassigned,11.5.0,https://docs.tibco.com/products/tibco-iprocess-workspace-plug-ins-11-5-0,TRUE,TRUE,Do Not Migrate
TIBCO iProcess® Workspace Plug-ins,Unassigned,11.4.1,https://docs.tibco.com/products/tibco-iprocess-workspace-plug-ins-11-4-1,TRUE,TRUE,Do Not Migrate
TIBCO iProcess® Workspace Plug-ins,Unassigned,11.4.0,https://docs.tibco.com/products/tibco-iprocess-workspace-plug-ins-11-4-0,TRUE,TRUE,Do Not Migrate
TIBCO iProcess® Workspace Plug-ins,Unassigned,11.3.1,https://docs.tibco.com/products/tibco-iprocess-workspace-plug-ins-11-3-1,TRUE,TRUE,Do Not Migrate
TIBCO iProcess® Workspace Plug-ins,Unassigned,11.3.0,https://docs.tibco.com/products/tibco-iprocess-workspace-plug-ins-11-3-0,TRUE,TRUE,Do Not Migrate
TIBCO iProcess® Workspace Plug-ins,Unassigned,11.2.0,https://docs.tibco.com/products/tibco-iprocess-workspace-plug-ins-11-2-0,TRUE,TRUE,Do Not Migrate
TIBCO iWay® Business Activity Monitor,Unassigned,8.0.5,https://docs.tibco.com/products/tibco-iway-business-activity-monitor-8-0-5,FALSE,FALSE,Migrate
TIBCO iWay® Trading Partner Manager,Unassigned,8.0.5,https://docs.tibco.com/products/tibco-iway-trading-partner-manager-8-0-5,FALSE,FALSE,Migrate
TIBCO Kabira® Adapter Factory for JAVA,Unassigned,5.8.3,https://docs.tibco.com/products/tibco-kabira-adapter-factory-for-java-5-8-3,FALSE,FALSE,Migrate
TIBCO Kabira® Adapter Factory for Persistence,Unassigned,5.8.3,https://docs.tibco.com/products/tibco-kabira-adapter-factory-for-persistence-5-8-3,FALSE,FALSE,Migrate
TIBCO Kabira® Adapter Factory for SNMP,Unassigned,5.9.5,https://docs.tibco.com/products/tibco-kabira-adapter-factory-for-snmp-5-9-5,FALSE,FALSE,Migrate
TIBCO Kabira® Builder,Unassigned,3.6.5,https://docs.tibco.com/products/tibco-kabira-builder-3-6-5,FALSE,FALSE,Migrate
TIBCO LiveView™ Desktop,Data Science & Streaming,2.7.0,https://docs.tibco.com/products/tibco-liveview-desktop-2-7-0,TRUE,TRUE,Do Not Migrate
TIBCO LiveView™ Desktop,Data Science & Streaming,2.6.4,https://docs.tibco.com/products/tibco-liveview-desktop-2-6-4,TRUE,TRUE,Do Not Migrate
TIBCO LiveView™ Desktop,Data Science & Streaming,2.6.3,https://docs.tibco.com/products/tibco-liveview-desktop-2-6-3,TRUE,TRUE,Do Not Migrate
TIBCO LiveView™ Desktop,Data Science & Streaming,2.6.2,https://docs.tibco.com/products/tibco-liveview-desktop-2-6-2,TRUE,TRUE,Do Not Migrate
TIBCO LiveView™ Desktop,Data Science & Streaming,2.6.1,https://docs.tibco.com/products/tibco-liveview-desktop-2-6-1,TRUE,TRUE,Do Not Migrate
TIBCO LiveView™ Desktop,Data Science & Streaming,2.6.0,https://docs.tibco.com/products/tibco-liveview-desktop-2-6-0,TRUE,TRUE,Do Not Migrate
TIBCO LiveView™ Desktop,Data Science & Streaming,2.5.0,https://docs.tibco.com/products/tibco-liveview-desktop-2-5-0,TRUE,TRUE,Do Not Migrate
TIBCO LiveView™ Desktop,Data Science & Streaming,2.4.1,https://docs.tibco.com/products/tibco-liveview-desktop-2-4-1,TRUE,TRUE,Do Not Migrate
TIBCO LiveView™ Desktop,Data Science & Streaming,2.4.0,https://docs.tibco.com/products/tibco-liveview-desktop-2-4-0,TRUE,TRUE,Do Not Migrate
TIBCO LiveView™ Desktop,Data Science & Streaming,2.3.1,https://docs.tibco.com/products/tibco-liveview-desktop-2-3-1,TRUE,TRUE,Do Not Migrate
TIBCO LiveView™ Desktop,Data Science & Streaming,2.1.8,https://docs.tibco.com/products/tibco-liveview-desktop-2-1-8,TRUE,TRUE,Do Not Migrate
TIBCO LiveView™ Desktop,Data Science & Streaming,2.1.7,https://docs.tibco.com/products/tibco-liveview-desktop-2-1-7,TRUE,TRUE,Do Not Migrate
TIBCO LiveView™ Desktop,Data Science & Streaming,2.1.6,https://docs.tibco.com/products/tibco-liveview-desktop-2-1-6,TRUE,TRUE,Do Not Migrate
TIBCO LiveView™ Desktop,Data Science & Streaming,2.1.5,https://docs.tibco.com/products/tibco-liveview-desktop-2-1-5,TRUE,TRUE,Do Not Migrate
TIBCO LiveView™ Desktop,Data Science & Streaming,2.1.4,https://docs.tibco.com/products/tibco-liveview-desktop-2-1-4,TRUE,TRUE,Do Not Migrate
TIBCO LiveView™ Desktop,Data Science & Streaming,2.1.3,https://docs.tibco.com/products/tibco-liveview-desktop-2-1-3,TRUE,TRUE,Do Not Migrate
TIBCO LiveView™ Desktop,Data Science & Streaming,2.1.2,https://docs.tibco.com/products/tibco-liveview-desktop-2-1-2,TRUE,TRUE,Do Not Migrate
TIBCO LiveView™ Desktop,Data Science & Streaming,2.1.1,https://docs.tibco.com/products/tibco-liveview-desktop-2-1-1,TRUE,TRUE,Do Not Migrate
TIBCO LiveView™ Desktop,Data Science & Streaming,2.1.0,https://docs.tibco.com/products/tibco-liveview-desktop-2-1-0,TRUE,TRUE,Do Not Migrate
TIBCO LiveView™ Desktop,Data Science & Streaming,2.0.6,https://docs.tibco.com/products/tibco-liveview-desktop-2-0-6,TRUE,FALSE,Do Not Migrate
TIBCO LiveView™ Desktop,Data Science & Streaming,2.0.5,https://docs.tibco.com/products/tibco-liveview-desktop-2-0-5,TRUE,TRUE,Do Not Migrate
TIBCO LiveView™ Desktop,Data Science & Streaming,2.0.4,https://docs.tibco.com/products/tibco-streambase-liveview-desktop-2-0-4,TRUE,FALSE,Do Not Migrate
TIBCO LiveView™ Desktop,Data Science & Streaming,2.0.3,https://docs.tibco.com/products/tibco-streambase-liveview-desktop-2-0-3,TRUE,FALSE,Do Not Migrate
TIBCO LiveView™ Desktop,Data Science & Streaming,2.0.2,https://docs.tibco.com/products/tibco-streambase-liveview-desktop-2-0-2,TRUE,FALSE,Do Not Migrate
TIBCO LiveView™ Desktop,Data Science & Streaming,2.0.1,https://docs.tibco.com/products/tibco-streambase-liveview-desktop-2-0-1,TRUE,FALSE,Do Not Migrate
TIBCO LiveView™ Desktop,Data Science & Streaming,2.0.0,https://docs.tibco.com/products/tibco-streambase-liveview-desktop-2-0-0,TRUE,FALSE,Do Not Migrate
TIBCO LiveView™ Desktop,Data Science & Streaming,1.6.4,https://docs.tibco.com/products/tibco-streambase-liveview-desktop-1-6-4,TRUE,FALSE,Do Not Migrate
TIBCO LiveView™ Desktop,Data Science & Streaming,1.6.0,https://docs.tibco.com/products/tibco-streambase-liveview-desktop-1-6-0,TRUE,FALSE,Do Not Migrate
TIBCO LiveView™ Desktop,Data Science & Streaming,1.5.7,https://docs.tibco.com/products/tibco-streambase-liveview-desktop-1-5-7,TRUE,FALSE,Do Not Migrate
TIBCO LogLogic®,Unassigned,-,https://docs.tibco.com/products/tibco-loglogic-,TRUE,FALSE,Do Not Migrate
TIBCO LogLogic® Compliance Manager,Unassigned,2.1.1,https://docs.tibco.com/products/tibco-loglogic-compliance-manager-2-1-1,TRUE,TRUE,Do Not Migrate
TIBCO LogLogic® Compliance Manager,Unassigned,2.1.0,https://docs.tibco.com/products/tibco-loglogic-compliance-manager-2-1-0,TRUE,TRUE,Do Not Migrate
TIBCO LogLogic® Compliance Manager,Unassigned,2.0.0,https://docs.tibco.com/products/tibco-loglogic-compliance-manager-2-0-0,TRUE,TRUE,Do Not Migrate
TIBCO LogLogic® Compliance Suite - FISMA Edition,Unassigned,4.0.0,https://docs.tibco.com/products/tibco-loglogic-compliance-suite-fisma-edition-4-0-0,TRUE,TRUE,Do Not Migrate
TIBCO LogLogic® Compliance Suite - FISMA Edition,Unassigned,3.9.0,https://docs.tibco.com/products/tibco-loglogic-compliance-suite-fisma-edition-3-9-0,TRUE,TRUE,Do Not Migrate
TIBCO LogLogic® Compliance Suite - FISMA Edition,Unassigned,3.8.0,https://docs.tibco.com/products/tibco-loglogic-compliance-suite-fisma-edition-3-8-0,TRUE,TRUE,Do Not Migrate
TIBCO LogLogic® Compliance Suite - FISMA Edition,Unassigned,3.7.0,https://docs.tibco.com/products/tibco-loglogic-compliance-suite-fisma-edition-3-7-0,TRUE,TRUE,Do Not Migrate
TIBCO LogLogic® Compliance Suite - FISMA Edition,Unassigned,3.6.0,https://docs.tibco.com/products/tibco-loglogic-compliance-suite-fisma-edition-3-6-0,TRUE,TRUE,Do Not Migrate
TIBCO LogLogic® Compliance Suite - FISMA Edition,Unassigned,3.5.0,https://docs.tibco.com/products/tibco-loglogic-compliance-suite-fisma-edition-3-5-0,TRUE,TRUE,Do Not Migrate
TIBCO LogLogic® Compliance Suite - FISMA Edition,Unassigned,3.4.0,https://docs.tibco.com/products/tibco-loglogic-compliance-suite-fisma-edition-3-4-0,TRUE,TRUE,Do Not Migrate
TIBCO LogLogic® Compliance Suite - GDPR Enterprise Edition,Unassigned,4.0.0,https://docs.tibco.com/products/tibco-loglogic-compliance-suite-gdpr-enterprise-edition-4-0-0,FALSE,FALSE,Do Not Migrate
TIBCO LogLogic® Compliance Suite - GDPR Enterprise Edition,Unassigned,3.9.0,https://docs.tibco.com/products/tibco-loglogic-compliance-suite-gdpr-enterprise-edition-3-9-0,FALSE,FALSE,Do Not Migrate
TIBCO LogLogic® Compliance Suite - GPG 13 Edition,Unassigned,4.0.0,https://docs.tibco.com/products/tibco-loglogic-compliance-suite-gpg-13-edition-4-0-0,FALSE,FALSE,Do Not Migrate
TIBCO LogLogic® Compliance Suite - GPG 13 Edition,Unassigned,3.9.0,https://docs.tibco.com/products/tibco-loglogic-compliance-suite-gpg-13-edition-3-9-0,TRUE,FALSE,Do Not Migrate
TIBCO LogLogic® Compliance Suite - HIPAA Edition,Unassigned,4.0.0,https://docs.tibco.com/products/tibco-loglogic-compliance-suite-hipaa-edition-4-0-0,TRUE,TRUE,Do Not Migrate
TIBCO LogLogic® Compliance Suite - HIPAA Edition,Unassigned,3.9.0,https://docs.tibco.com/products/tibco-loglogic-compliance-suite-hipaa-edition-3-9-0,TRUE,TRUE,Do Not Migrate
TIBCO LogLogic® Compliance Suite - HIPAA Edition,Unassigned,3.8.0,https://docs.tibco.com/products/tibco-loglogic-compliance-suite-hipaa-edition-3-8-0,TRUE,TRUE,Do Not Migrate
TIBCO LogLogic® Compliance Suite - HIPAA Edition,Unassigned,3.7.0,https://docs.tibco.com/products/tibco-loglogic-compliance-suite-hipaa-edition-3-7-0,TRUE,TRUE,Do Not Migrate
TIBCO LogLogic® Compliance Suite - HIPAA Edition,Unassigned,3.6.0,https://docs.tibco.com/products/tibco-loglogic-compliance-suite-hipaa-edition-3-6-0,TRUE,TRUE,Do Not Migrate
TIBCO LogLogic® Compliance Suite - HIPAA Edition,Unassigned,3.5.0,https://docs.tibco.com/products/tibco-loglogic-compliance-suite-hipaa-edition-3-5-0,TRUE,TRUE,Do Not Migrate
TIBCO LogLogic® Compliance Suite - HIPAA Edition,Unassigned,3.4.0,https://docs.tibco.com/products/tibco-loglogic-compliance-suite-hipaa-edition-3-4-0,TRUE,TRUE,Do Not Migrate
TIBCO LogLogic® Compliance Suite - HIPAA Edition,Unassigned,3.3.0,https://docs.tibco.com/products/tibco-loglogic-compliance-suite-hipaa-edition-3-3-0,TRUE,TRUE,Do Not Migrate
TIBCO LogLogic® Compliance Suite - HIPAA Edition,Unassigned,3.2.0,https://docs.tibco.com/products/tibco-loglogic-compliance-suite-hipaa-edition-3-2-0,TRUE,TRUE,Do Not Migrate
TIBCO LogLogic® Compliance Suite - ISO Edition,Unassigned,4.0.0,https://docs.tibco.com/products/tibco-loglogic-compliance-suite-iso-edition-4-0-0,TRUE,TRUE,Do Not Migrate
TIBCO LogLogic® Compliance Suite - ISO Edition,Unassigned,3.9.0,https://docs.tibco.com/products/tibco-loglogic-compliance-suite-iso-edition-3-9-0,TRUE,TRUE,Do Not Migrate
TIBCO LogLogic® Compliance Suite - ISO Edition,Unassigned,3.8.0,https://docs.tibco.com/products/tibco-loglogic-compliance-suite-iso-edition-3-8-0,TRUE,TRUE,Do Not Migrate
TIBCO LogLogic® Compliance Suite - ISO Edition,Unassigned,3.7.0,https://docs.tibco.com/products/tibco-loglogic-compliance-suite-iso-edition-3-7-0,TRUE,TRUE,Do Not Migrate
TIBCO LogLogic® Compliance Suite - ISO Edition,Unassigned,3.6.0,https://docs.tibco.com/products/tibco-loglogic-compliance-suite-iso-edition-3-6-0,TRUE,TRUE,Do Not Migrate
TIBCO LogLogic® Compliance Suite - ISO Edition,Unassigned,3.5.0,https://docs.tibco.com/products/tibco-loglogic-compliance-suite-iso-edition-3-5-0,TRUE,TRUE,Do Not Migrate
TIBCO LogLogic® Compliance Suite - ISO Edition,Unassigned,3.4.0,https://docs.tibco.com/products/tibco-loglogic-compliance-suite-iso-edition-3-4-0,TRUE,TRUE,Do Not Migrate
TIBCO LogLogic® Compliance Suite - ISO Edition,Unassigned,3.3.0,https://docs.tibco.com/products/tibco-loglogic-compliance-suite-iso-edition-3-3-0,TRUE,TRUE,Do Not Migrate
TIBCO LogLogic® Compliance Suite - ISO Edition,Unassigned,3.2.0,https://docs.tibco.com/products/tibco-loglogic-compliance-suite-iso-edition-3-2-0,TRUE,TRUE,Do Not Migrate
TIBCO LogLogic® Compliance Suite - ITIL Edition,Unassigned,4.0.0,https://docs.tibco.com/products/tibco-loglogic-compliance-suite-itil-edition-4-0-0,TRUE,TRUE,Do Not Migrate
TIBCO LogLogic® Compliance Suite - ITIL Edition,Unassigned,3.9.0,https://docs.tibco.com/products/tibco-loglogic-compliance-suite-itil-edition-3-9-0,TRUE,TRUE,Do Not Migrate
TIBCO LogLogic® Compliance Suite - ITIL Edition,Unassigned,3.8.0,https://docs.tibco.com/products/tibco-loglogic-compliance-suite-itil-edition-3-8-0,TRUE,TRUE,Do Not Migrate
TIBCO LogLogic® Compliance Suite - ITIL Edition,Unassigned,3.7.0,https://docs.tibco.com/products/tibco-loglogic-compliance-suite-itil-edition-3-7-0,TRUE,TRUE,Do Not Migrate
TIBCO LogLogic® Compliance Suite - ITIL Edition,Unassigned,3.6.0,https://docs.tibco.com/products/tibco-loglogic-compliance-suite-itil-edition-3-6-0,TRUE,TRUE,Do Not Migrate
TIBCO LogLogic® Compliance Suite - ITIL Edition,Unassigned,3.5.0,https://docs.tibco.com/products/tibco-loglogic-compliance-suite-itil-edition-3-5-0,TRUE,TRUE,Do Not Migrate
TIBCO LogLogic® Compliance Suite - ITIL Edition,Unassigned,3.4.0,https://docs.tibco.com/products/tibco-loglogic-compliance-suite-itil-edition-3-4-0,TRUE,TRUE,Do Not Migrate
TIBCO LogLogic® Compliance Suite - ITIL Edition,Unassigned,3.3.0,https://docs.tibco.com/products/tibco-loglogic-compliance-suite-itil-edition-3-3-0,TRUE,TRUE,Do Not Migrate
TIBCO LogLogic® Compliance Suite - ITIL Edition,Unassigned,3.2.0,https://docs.tibco.com/products/tibco-loglogic-compliance-suite-itil-edition-3-2-0,TRUE,TRUE,Do Not Migrate
TIBCO LogLogic® Compliance Suite - NERC Edition,Unassigned,4.0.0,https://docs.tibco.com/products/tibco-loglogic-compliance-suite-nerc-edition-4-0-0,TRUE,TRUE,Do Not Migrate
TIBCO LogLogic® Compliance Suite - NERC Edition,Unassigned,3.9.0,https://docs.tibco.com/products/tibco-loglogic-compliance-suite-nerc-edition-3-9-0,TRUE,TRUE,Do Not Migrate
TIBCO LogLogic® Compliance Suite - NERC Edition,Unassigned,3.8.0,https://docs.tibco.com/products/tibco-loglogic-compliance-suite-nerc-edition-3-8-0,TRUE,TRUE,Do Not Migrate
TIBCO LogLogic® Compliance Suite - NERC Edition,Unassigned,3.7.0,https://docs.tibco.com/products/tibco-loglogic-compliance-suite-nerc-edition-3-7-0,TRUE,TRUE,Do Not Migrate
TIBCO LogLogic® Compliance Suite - NERC Edition,Unassigned,3.6.0,https://docs.tibco.com/products/tibco-loglogic-compliance-suite-nerc-edition-3-6-0,TRUE,TRUE,Do Not Migrate
TIBCO LogLogic® Compliance Suite - NERC Edition,Unassigned,3.5.0,https://docs.tibco.com/products/tibco-loglogic-compliance-suite-nerc-edition-3-5-0,TRUE,TRUE,Do Not Migrate
TIBCO LogLogic® Compliance Suite - NERC Edition,Unassigned,3.4.0,https://docs.tibco.com/products/tibco-loglogic-compliance-suite-nerc-edition-3-4-0,TRUE,TRUE,Do Not Migrate
TIBCO LogLogic® Compliance Suite - NERC Edition,Unassigned,3.3.0,https://docs.tibco.com/products/tibco-loglogic-compliance-suite-nerc-edition-3-3-0,TRUE,TRUE,Do Not Migrate
TIBCO LogLogic® Compliance Suite - NERC Edition,Unassigned,3.2.0,https://docs.tibco.com/products/tibco-loglogic-compliance-suite-nerc-edition-3-2-0,TRUE,TRUE,Do Not Migrate
TIBCO LogLogic® Compliance Suite - PCI Edition,Unassigned,4.0.0,https://docs.tibco.com/products/tibco-loglogic-compliance-suite-pci-edition-4-0-0,TRUE,TRUE,Do Not Migrate
TIBCO LogLogic® Compliance Suite - PCI Edition,Unassigned,3.9.0,https://docs.tibco.com/products/tibco-loglogic-compliance-suite-pci-edition-3-9-0,TRUE,TRUE,Do Not Migrate
TIBCO LogLogic® Compliance Suite - PCI Edition,Unassigned,3.8.0,https://docs.tibco.com/products/tibco-loglogic-compliance-suite-pci-edition-3-8-0,TRUE,TRUE,Do Not Migrate
TIBCO LogLogic® Compliance Suite - PCI Edition,Unassigned,3.7.0,https://docs.tibco.com/products/tibco-loglogic-compliance-suite-pci-edition-3-7-0,TRUE,TRUE,Do Not Migrate
TIBCO LogLogic® Compliance Suite - PCI Edition,Unassigned,3.6.0,https://docs.tibco.com/products/tibco-loglogic-compliance-suite-pci-edition-3-6-0,TRUE,TRUE,Do Not Migrate
TIBCO LogLogic® Compliance Suite - PCI Edition,Unassigned,3.5.0,https://docs.tibco.com/products/tibco-loglogic-compliance-suite-pci-edition-3-5-0,TRUE,TRUE,Do Not Migrate
TIBCO LogLogic® Compliance Suite - PCI Edition,Unassigned,3.4.0,https://docs.tibco.com/products/tibco-loglogic-compliance-suite-pci-edition-3-4-0,TRUE,TRUE,Do Not Migrate
TIBCO LogLogic® Compliance Suite - PCI Edition,Unassigned,3.3.0,https://docs.tibco.com/products/tibco-loglogic-compliance-suite-pci-edition-3-3-0,TRUE,TRUE,Do Not Migrate
TIBCO LogLogic® Compliance Suite - PCI Edition,Unassigned,3.2.0,https://docs.tibco.com/products/tibco-loglogic-compliance-suite-pci-edition-3-2-0,TRUE,TRUE,Do Not Migrate
TIBCO LogLogic® Compliance Suite - Sarbanes-Oxley Edition,Unassigned,4.0.0,https://docs.tibco.com/products/tibco-loglogic-compliance-suite-sarbanes-oxley-edition-4-0-0,TRUE,TRUE,Do Not Migrate
TIBCO LogLogic® Compliance Suite - Sarbanes-Oxley Edition,Unassigned,3.9.0,https://docs.tibco.com/products/tibco-loglogic-compliance-suite-sarbanes-oxley-edition-3-9-0,TRUE,TRUE,Do Not Migrate
TIBCO LogLogic® Compliance Suite - Sarbanes-Oxley Edition,Unassigned,3.8.0,https://docs.tibco.com/products/tibco-loglogic-compliance-suite-sarbanes-oxley-edition-3-8-0,TRUE,TRUE,Do Not Migrate
TIBCO LogLogic® Compliance Suite - Sarbanes-Oxley Edition,Unassigned,3.7.0,https://docs.tibco.com/products/tibco-loglogic-compliance-suite-sarbanes-oxley-edition-3-7-0,TRUE,TRUE,Do Not Migrate
TIBCO LogLogic® Compliance Suite - Sarbanes-Oxley Edition,Unassigned,3.6.0,https://docs.tibco.com/products/tibco-loglogic-compliance-suite-sarbanes-oxley-edition-3-6-0,TRUE,TRUE,Do Not Migrate
TIBCO LogLogic® Compliance Suite - Sarbanes-Oxley Edition,Unassigned,3.5.0,https://docs.tibco.com/products/tibco-loglogic-compliance-suite-sarbanes-oxley-edition-3-5-0,TRUE,TRUE,Do Not Migrate
TIBCO LogLogic® Compliance Suite - Sarbanes-Oxley Edition,Unassigned,3.4.0,https://docs.tibco.com/products/tibco-loglogic-compliance-suite-sarbanes-oxley-edition-3-4-0,TRUE,TRUE,Do Not Migrate
TIBCO LogLogic® Compliance Suite - Sarbanes-Oxley Edition,Unassigned,3.3.0,https://docs.tibco.com/products/tibco-loglogic-compliance-suite-sarbanes-oxley-edition-3-3-0,TRUE,TRUE,Do Not Migrate
TIBCO LogLogic® Compliance Suite - Sarbanes-Oxley Edition,Unassigned,3.2.0,https://docs.tibco.com/products/tibco-loglogic-compliance-suite-sarbanes-oxley-edition-3-2-0,TRUE,TRUE,Do Not Migrate
TIBCO LogLogic® Database Security Manager - Server,Unassigned,4.2.1,https://docs.tibco.com/products/tibco-loglogic-database-security-manager-server-4-2-1,TRUE,FALSE,Do Not Migrate
TIBCO LogLogic® Database Security Manager Vulnerability Assessment,Unassigned,4.2.1,https://docs.tibco.com/products/tibco-loglogic-database-security-manager-vulnerability-assessment-4-2-1,TRUE,FALSE,Do Not Migrate
TIBCO LogLogic® Enterprise Virtual Appliance,Unassigned,6.4.0,https://docs.tibco.com/products/tibco-loglogic-enterprise-virtual-appliance-6-4-0,TRUE,TRUE,Do Not Migrate
TIBCO LogLogic® Enterprise Virtual Appliance,Unassigned,6.3.1,https://docs.tibco.com/products/tibco-loglogic-enterprise-virtual-appliance-6-3-1,TRUE,TRUE,Do Not Migrate
TIBCO LogLogic® Enterprise Virtual Appliance,Unassigned,6.3.0,https://docs.tibco.com/products/tibco-loglogic-enterprise-virtual-appliance-6-3-0,TRUE,TRUE,Do Not Migrate
TIBCO LogLogic® Enterprise Virtual Appliance,Unassigned,6.2.1,https://docs.tibco.com/products/tibco-loglogic-enterprise-virtual-appliance-6-2-1,TRUE,TRUE,Do Not Migrate
TIBCO LogLogic® Enterprise Virtual Appliance,Unassigned,6.2.0,https://docs.tibco.com/products/tibco-loglogic-enterprise-virtual-appliance-6-2-0,TRUE,TRUE,Do Not Migrate
TIBCO LogLogic® Enterprise Virtual Appliance,Unassigned,6.1.1,https://docs.tibco.com/products/tibco-loglogic-enterprise-virtual-appliance-6-1-1,TRUE,TRUE,Do Not Migrate
TIBCO LogLogic® Enterprise Virtual Appliance,Unassigned,6.1.0,https://docs.tibco.com/products/tibco-loglogic-enterprise-virtual-appliance-6-1-0,TRUE,FALSE,Do Not Migrate
TIBCO LogLogic® Enterprise Virtual Appliance,Unassigned,5.7.0,https://docs.tibco.com/products/tibco-loglogic-enterprise-virtual-appliance-5-7-0,TRUE,TRUE,Do Not Migrate
TIBCO LogLogic® Enterprise Virtual Appliance,Unassigned,5.6.3,https://docs.tibco.com/products/tibco-loglogic-enterprise-virtual-appliance-5-6-3,TRUE,TRUE,Do Not Migrate
TIBCO LogLogic® Enterprise Virtual Appliance,Unassigned,5.6.1,https://docs.tibco.com/products/tibco-loglogic-enterprise-virtual-appliance-5-6-1,TRUE,TRUE,Do Not Migrate
TIBCO LogLogic® Enterprise Virtual Appliance,Unassigned,5.6.0,https://docs.tibco.com/products/tibco-loglogic-enterprise-virtual-appliance-5-6-0,TRUE,TRUE,Do Not Migrate
TIBCO LogLogic® Enterprise Virtual Appliance,Unassigned,5.5.1,https://docs.tibco.com/products/tibco-loglogic-enterprise-virtual-appliance-5-5-1,TRUE,TRUE,Do Not Migrate
TIBCO LogLogic® Enterprise Virtual Appliance,Unassigned,5.5.0,https://docs.tibco.com/products/tibco-loglogic-enterprise-virtual-appliance-5-5-0,TRUE,TRUE,Do Not Migrate
TIBCO LogLogic® Enterprise Virtual Appliance,Unassigned,5.4.2,https://docs.tibco.com/products/tibco-loglogic-enterprise-virtual-appliance-5-4-2,TRUE,TRUE,Do Not Migrate
TIBCO LogLogic® Enterprise Virtual Appliance,Unassigned,5.4.1,https://docs.tibco.com/products/tibco-loglogic-enterprise-virtual-appliance-5-4-1,TRUE,TRUE,Do Not Migrate
TIBCO LogLogic® Enterprise Virtual Appliance,Unassigned,5.4.0,https://docs.tibco.com/products/tibco-loglogic-enterprise-virtual-appliance-5-4-0,TRUE,TRUE,Do Not Migrate
TIBCO LogLogic® Enterprise Virtual Appliance,Unassigned,5.3.1,https://docs.tibco.com/products/tibco-loglogic-enterprise-virtual-appliance-5-3-1,TRUE,TRUE,Do Not Migrate
TIBCO LogLogic® Enterprise Virtual Appliance,Unassigned,5.3.0,https://docs.tibco.com/products/tibco-loglogic-enterprise-virtual-appliance-5-3-0,TRUE,TRUE,Do Not Migrate
TIBCO LogLogic® Enterprise Virtual Appliance - Container Edition,Unassigned,6.4.0,https://docs.tibco.com/products/tibco-loglogic-enterprise-virtual-appliance-container-edition-6-4-0,FALSE,FALSE,Do Not Migrate
TIBCO LogLogic® Enterprise Virtual Appliance - Container Edition,Unassigned,6.3.1,https://docs.tibco.com/products/tibco-loglogic-enterprise-virtual-appliance-container-edition-6-3-1,FALSE,FALSE,Do Not Migrate
TIBCO LogLogic® Log Management Intelligence,Unassigned,6.4.0,https://docs.tibco.com/products/tibco-loglogic-log-management-intelligence-6-4-0,TRUE,TRUE,Do Not Migrate
TIBCO LogLogic® Log Management Intelligence,Unassigned,6.3.1,https://docs.tibco.com/products/tibco-loglogic-log-management-intelligence-6-3-1,TRUE,TRUE,Do Not Migrate
TIBCO LogLogic® Log Management Intelligence,Unassigned,6.3.0,https://docs.tibco.com/products/tibco-loglogic-log-management-intelligence-6-3-0,TRUE,TRUE,Do Not Migrate
TIBCO LogLogic® Log Management Intelligence,Unassigned,6.2.1,https://docs.tibco.com/products/tibco-loglogic-log-management-intelligence-6-2-1,TRUE,TRUE,Do Not Migrate
TIBCO LogLogic® Log Management Intelligence,Unassigned,6.2.0,https://docs.tibco.com/products/tibco-loglogic-log-management-intelligence-6-2-0,TRUE,TRUE,Do Not Migrate
TIBCO LogLogic® Log Management Intelligence,Unassigned,6.1.1,https://docs.tibco.com/products/tibco-loglogic-log-management-intelligence-6-1-1,TRUE,TRUE,Do Not Migrate
TIBCO LogLogic® Log Management Intelligence,Unassigned,6.1.0,https://docs.tibco.com/products/tibco-loglogic-log-management-intelligence-6-1-0,TRUE,TRUE,Do Not Migrate
TIBCO LogLogic® Log Management Intelligence,Unassigned,5.7.0,https://docs.tibco.com/products/tibco-loglogic-log-management-intelligence-5-7-0,TRUE,TRUE,Do Not Migrate
TIBCO LogLogic® Log Management Intelligence,Unassigned,5.6.3,https://docs.tibco.com/products/tibco-loglogic-log-management-intelligence-5-6-3,TRUE,TRUE,Do Not Migrate
TIBCO LogLogic® Log Management Intelligence,Unassigned,5.6.2,https://docs.tibco.com/products/tibco-loglogic-log-management-intelligence-5-6-2,TRUE,TRUE,Do Not Migrate
TIBCO LogLogic® Log Management Intelligence,Unassigned,5.6.1,https://docs.tibco.com/products/tibco-loglogic-log-management-intelligence-5-6-1,TRUE,TRUE,Do Not Migrate
TIBCO LogLogic® Log Management Intelligence,Unassigned,5.6.0,https://docs.tibco.com/products/tibco-loglogic-log-management-intelligence-5-6-0,TRUE,TRUE,Do Not Migrate
TIBCO LogLogic® Log Management Intelligence,Unassigned,5.5.1,https://docs.tibco.com/products/tibco-loglogic-log-management-intelligence-5-5-1,TRUE,TRUE,Do Not Migrate
TIBCO LogLogic® Log Management Intelligence,Unassigned,5.5.0,https://docs.tibco.com/products/tibco-loglogic-log-management-intelligence-5-5-0,TRUE,TRUE,Do Not Migrate
TIBCO LogLogic® Log Management Intelligence,Unassigned,5.4.2,https://docs.tibco.com/products/tibco-loglogic-log-management-intelligence-5-4-2,TRUE,TRUE,Do Not Migrate
TIBCO LogLogic® Log Management Intelligence,Unassigned,5.4.1,https://docs.tibco.com/products/tibco-loglogic-log-management-intelligence-5-4-1,TRUE,TRUE,Do Not Migrate
TIBCO LogLogic® Log Management Intelligence,Unassigned,5.4.0,https://docs.tibco.com/products/tibco-loglogic-log-management-intelligence-5-4-0,TRUE,TRUE,Do Not Migrate
TIBCO LogLogic® Log Management Intelligence,Unassigned,5.3.1,https://docs.tibco.com/products/tibco-loglogic-log-management-intelligence-5-3-1,TRUE,TRUE,Do Not Migrate
TIBCO LogLogic® Log Management Intelligence,Unassigned,5.3.0,https://docs.tibco.com/products/tibco-loglogic-log-management-intelligence-5-3-0,TRUE,TRUE,Do Not Migrate
TIBCO LogLogic® Log Management Intelligence,Unassigned,5.1.0,https://docs.tibco.com/products/tibco-loglogic-log-management-intelligence-5-1-0,TRUE,TRUE,Do Not Migrate
TIBCO LogLogic® Log Source Packages,Unassigned,34.1.0,https://docs.tibco.com/products/tibco-loglogic-log-source-packages-34-1-0,TRUE,FALSE,Do Not Migrate
TIBCO LogLogic® Management Center,Unassigned,2.1.1,https://docs.tibco.com/products/tibco-loglogic-management-center-2-1-1,TRUE,TRUE,Do Not Migrate
TIBCO LogLogic® Management Center,Unassigned,2.1.0,https://docs.tibco.com/products/tibco-loglogic-management-center-2-1-0,TRUE,TRUE,Do Not Migrate
TIBCO LogLogic® Management Center,Unassigned,2.0.0,https://docs.tibco.com/products/tibco-loglogic-management-center-2-0-0,TRUE,TRUE,Do Not Migrate
TIBCO LogLogic® Unity,Unassigned,2.6.0,https://docs.tibco.com/products/tibco-loglogic-unity-2-6-0,TRUE,TRUE,Do Not Migrate
TIBCO LogLogic® Unity,Unassigned,2.5.0,https://docs.tibco.com/products/tibco-loglogic-unity-2-5-0,TRUE,TRUE,Do Not Migrate
TIBCO LogLogic® Unity,Unassigned,2.4.0,https://docs.tibco.com/products/tibco-loglogic-unity-2-4-0,TRUE,TRUE,Do Not Migrate
TIBCO LogLogic® Unity,Unassigned,2.3.0,https://docs.tibco.com/products/tibco-loglogic-unity-2-3-0,TRUE,TRUE,Do Not Migrate
TIBCO LogLogic® Unity,Unassigned,2.2.0,https://docs.tibco.com/products/tibco-loglogic-unity-2-2-0,TRUE,TRUE,Do Not Migrate
TIBCO LogLogic® Unity,Unassigned,2.1.0,https://docs.tibco.com/products/tibco-loglogic-unity-2-1-0,TRUE,TRUE,Do Not Migrate
TIBCO LogLogic® Unity,Unassigned,2.0.0,https://docs.tibco.com/products/tibco-loglogic-unity-2-0-0,TRUE,TRUE,Do Not Migrate
TIBCO LogLogic® Unity,Unassigned,1.1.1,https://docs.tibco.com/products/tibco-loglogic-unity-1-1-1,TRUE,TRUE,Do Not Migrate
TIBCO LogLogic® Unity,Unassigned,1.0.0,https://docs.tibco.com/products/tibco-loglogic-unity-1-0-0,TRUE,TRUE,Do Not Migrate
TIBCO LogLogic® Unity Plug-in for ActiveMatrix BusinessWorks™,Unassigned,1.0.0,https://docs.tibco.com/products/tibco-loglogic-unity-plug-in-for-activematrix-businessworks-1-0-0,TRUE,FALSE,Do Not Migrate
TIBCO LogLogic® Universal Collector,Unassigned,2.9.0,https://docs.tibco.com/products/tibco-loglogic-universal-collector-2-9-0,TRUE,TRUE,Do Not Migrate
TIBCO LogLogic® Universal Collector,Unassigned,2.8.0,https://docs.tibco.com/products/tibco-loglogic-universal-collector-2-8-0,TRUE,TRUE,Do Not Migrate
TIBCO LogLogic® Universal Collector,Unassigned,2.7.0,https://docs.tibco.com/products/tibco-loglogic-universal-collector-2-7-0,TRUE,TRUE,Do Not Migrate
TIBCO LogLogic® Universal Collector,Unassigned,2.6.0,https://docs.tibco.com/products/tibco-loglogic-universal-collector-uc-2-6-0,TRUE,TRUE,Do Not Migrate
TIBCO LogLogic® Universal Collector,Unassigned,2.5.0,https://docs.tibco.com/products/tibco-loglogic-universal-collector-uc-2-5-0,TRUE,TRUE,Do Not Migrate
TIBCO LogLogic® Universal Collector,Unassigned,2.4.0,https://docs.tibco.com/products/tibco-loglogic-universal-collector-uc-2-4-0,TRUE,TRUE,Do Not Migrate
TIBCO LogLogic® Universal Collector,Unassigned,2.3.0,https://docs.tibco.com/products/tibco-loglogic-universal-collector-uc-2-3-0,TRUE,TRUE,Do Not Migrate
TIBCO LogLogic® Universal Collector,Unassigned,2.2.0,https://docs.tibco.com/products/tibco-loglogic-universal-collector-uc-2-2-0,TRUE,TRUE,Do Not Migrate
TIBCO LogLogic® Visual Analytics,Unassigned,2.2.0,https://docs.tibco.com/products/tibco-loglogic-visual-analytics-2-2-0,TRUE,TRUE,Do Not Migrate
TIBCO LogLogic® Visual Analytics,Unassigned,2.1.0,https://docs.tibco.com/products/tibco-loglogic-visual-analytics-2-1-0,TRUE,TRUE,Do Not Migrate
TIBCO LogLogic® Visual Analytics,Unassigned,2.0.0,https://docs.tibco.com/products/tibco-loglogic-visual-analytics-2-0-0,TRUE,TRUE,Do Not Migrate
TIBCO Mainframe Service Tracker™,Unassigned,1.2.0,https://docs.tibco.com/products/tibco-mainframe-service-tracker-1-2-0,FALSE,FALSE,Migrate
TIBCO MDM,Master Data Management,11.1.0,https://docs.tibco.com/products/tibco-mdm-11-1-0,FALSE,FALSE,Migrate
TIBCO MDM,Master Data Management,11.0.0,https://docs.tibco.com/products/ibi-mdm-11-0-0,FALSE,FALSE,Migrate
TIBCO MDM,Master Data Management,10.0.0,https://docs.tibco.com/products/ibi-mdm-10-0-0,FALSE,FALSE,Migrate
TIBCO MDM,Master Data Management,9.3.2,https://docs.tibco.com/products/tibco-mdm-9-3-2,FALSE,FALSE,Migrate
TIBCO MDM,Master Data Management,9.3.1,https://docs.tibco.com/products/tibco-mdm-9-3-1,TRUE,TRUE,Do Not Migrate
TIBCO MDM,Master Data Management,9.3.0,https://docs.tibco.com/products/tibco-mdm-9-3-0,TRUE,TRUE,Do Not Migrate
TIBCO MDM,Master Data Management,9.2.0,https://docs.tibco.com/products/tibco-mdm-9-2-0,TRUE,TRUE,Do Not Migrate
TIBCO MDM,Master Data Management,9.1.2,https://docs.tibco.com/products/tibco-mdm-9-1-2,TRUE,TRUE,Do Not Migrate
TIBCO MDM,Master Data Management,9.1.0,https://docs.tibco.com/products/tibco-mdm-9-1-0,TRUE,TRUE,Do Not Migrate
TIBCO MDM,Master Data Management,9.0.2,https://docs.tibco.com/products/tibco-mdm-9-0-2,TRUE,TRUE,Do Not Migrate
TIBCO MDM,Master Data Management,9.0.1,https://docs.tibco.com/products/tibco-mdm-9-0-1,TRUE,TRUE,Do Not Migrate
TIBCO MDM,Master Data Management,9.0.0,https://docs.tibco.com/products/tibco-mdm-9-0-0,TRUE,TRUE,Do Not Migrate
TIBCO MDM,Master Data Management,8.3.2,https://docs.tibco.com/products/tibco-mdm-8-3-2,TRUE,TRUE,Do Not Migrate
TIBCO MDM,Master Data Management,8.3.1,https://docs.tibco.com/products/tibco-mdm-8-3-1,TRUE,TRUE,Do Not Migrate
TIBCO Microflow™ Container Edition,Unassigned,1.2.0,https://docs.tibco.com/products/tibco-microflow-container-edition-1-2-0,TRUE,TRUE,Do Not Migrate
TIBCO Microflow™ Container Edition,Unassigned,1.1.0,https://docs.tibco.com/products/tibco-microflow-container-edition-1-1-0,TRUE,TRUE,Do Not Migrate
TIBCO Microflow™ Container Edition,Unassigned,1.0.0,https://docs.tibco.com/products/tibco-microflow-container-edition-1-0-0,TRUE,TRUE,Do Not Migrate
TIBCO Nimbus®,Unassigned,10.6.1,https://docs.tibco.com/products/tibco-nimbus-10-6-1,FALSE,FALSE,Migrate
TIBCO Nimbus®,Unassigned,10.6.0,https://docs.tibco.com/products/tibco-nimbus-10-6-0,FALSE,FALSE,Migrate
TIBCO Nimbus®,Unassigned,10.5.1,https://docs.tibco.com/products/tibco-nimbus-10-5-1,FALSE,FALSE,Migrate
TIBCO Nimbus®,Unassigned,10.5.0,https://docs.tibco.com/products/tibco-nimbus-10-5-0,FALSE,FALSE,Migrate
TIBCO Nimbus®,Unassigned,10.4.1,https://docs.tibco.com/products/tibco-nimbus-10-4-1,TRUE,TRUE,Do Not Migrate
TIBCO Nimbus®,Unassigned,10.4.0,https://docs.tibco.com/products/tibco-nimbus-10-4-0,TRUE,TRUE,Do Not Migrate
TIBCO Nimbus®,Unassigned,10.3.0,https://docs.tibco.com/products/tibco-nimbus-10-3-0,TRUE,TRUE,Do Not Migrate
TIBCO Nimbus®,Unassigned,10.2.2,https://docs.tibco.com/products/tibco-nimbus-10-2-2,TRUE,TRUE,Do Not Migrate
TIBCO Nimbus®,Unassigned,10.2.0,https://docs.tibco.com/products/tibco-nimbus-10-2-0,TRUE,TRUE,Do Not Migrate
TIBCO Nimbus®,Unassigned,10.1.0,https://docs.tibco.com/products/tibco-nimbus-10-1-0,TRUE,TRUE,Do Not Migrate
TIBCO Nimbus®,Unassigned,10.0.0,https://docs.tibco.com/products/tibco-nimbus-10-0-0,FALSE,FALSE,Migrate
TIBCO Nimbus®,Unassigned,9.5.2,https://docs.tibco.com/products/tibco-nimbus-9-5-2,TRUE,TRUE,Do Not Migrate
TIBCO Nimbus®,Unassigned,9.4.1,https://docs.tibco.com/products/tibco-nimbus-9-4-1,TRUE,TRUE,Do Not Migrate
TIBCO Nimbus®,Unassigned,9.4.0,https://docs.tibco.com/products/tibco-nimbus-9-4-0,TRUE,TRUE,Do Not Migrate
TIBCO Nimbus®,Unassigned,9.3.2,https://docs.tibco.com/products/tibco-nimbus-9-3-2,TRUE,TRUE,Do Not Migrate
TIBCO Nimbus®,Unassigned,9.3.1,https://docs.tibco.com/products/tibco-nimbus-9-3-1,TRUE,TRUE,Do Not Migrate
TIBCO Nimbus®,Unassigned,9.3.0,https://docs.tibco.com/products/tibco-nimbus-9-3-0,TRUE,TRUE,Do Not Migrate
TIBCO Nimbus®,Unassigned,9.2.2,https://docs.tibco.com/products/tibco-nimbus-9-2-2,TRUE,TRUE,Do Not Migrate
TIBCO Nimbus®,Unassigned,9.2.1,https://docs.tibco.com/products/tibco-nimbus-9-2-1,TRUE,TRUE,Do Not Migrate
TIBCO Nimbus®,Unassigned,9.2.0,https://docs.tibco.com/products/tibco-nimbus-9-2-0,FALSE,TRUE,Do Not Migrate
TIBCO Nimbus®,Unassigned,9.1.2,https://docs.tibco.com/products/tibco-nimbus-control-9-1-2,FALSE,TRUE,Do Not Migrate
TIBCO Nimbus®,Unassigned,9.1.1,https://docs.tibco.com/products/tibco-nimbus-control-9-1-1,FALSE,TRUE,Do Not Migrate
TIBCO Nimbus®,Unassigned,9.1.0,https://docs.tibco.com/products/tibco-nimbus-control-9-1-0,FALSE,TRUE,Do Not Migrate
TIBCO Nimbus®,Unassigned,9.0.1,https://docs.tibco.com/products/tibco-nimbus-control-9-0-1,FALSE,TRUE,Do Not Migrate
TIBCO Nimbus®,Unassigned,8.1.5,https://docs.tibco.com/products/tibco-nimbus-control-8-1-5,FALSE,TRUE,Do Not Migrate
TIBCO Nimbus®,Unassigned,8.1.4,https://docs.tibco.com/products/tibco-nimbus-control-8-1-4,FALSE,TRUE,Do Not Migrate
TIBCO Nimbus®,Unassigned,8.1.3,https://docs.tibco.com/products/tibco-nimbus-control-8-1-3,FALSE,TRUE,Do Not Migrate
TIBCO Nimbus®,Unassigned,8.1.2,https://docs.tibco.com/products/tibco-nimbus-control-8-1-2,FALSE,TRUE,Do Not Migrate
TIBCO Nimbus™  Player Desktop Edition,Social BPM,2.0.0,https://docs.tibco.com/products/tibco-nimbus-control-player-desktop-edition-2-0-0,TRUE,FALSE,Migrate
TIBCO Nimbus™  Player Desktop Edition,Social BPM,1.1.0,https://docs.tibco.com/products/tibco-nimbus-control-player-desktop-edition-1-1-0,TRUE,FALSE,Migrate
TIBCO Nimbus™ iPhone Edition,Unassigned,2.5.1,https://docs.tibco.com/products/tibco-nimbus-iphone-edition-2-5-1,FALSE,FALSE,Migrate
TIBCO Nimbus™ iPhone Edition,Unassigned,2.3.0,https://docs.tibco.com/products/tibco-nimbus-control-iphone-edition-2-3,FALSE,FALSE,Migrate
TIBCO Nimbus™ iPhone Edition,Unassigned,2.2.0,https://docs.tibco.com/products/tibco-nimbus-control-iphone-edition-2-2,FALSE,FALSE,Migrate
TIBCO Nimbus™ Maps,Unassigned,1.5.0,https://docs.tibco.com/products/tibco-nimbus-maps-1-5-0,FALSE,FALSE,Migrate
TIBCO Nimbus™ Maps,Unassigned,1.4.0,https://docs.tibco.com/products/tibco-nimbus-maps-1-4-0,FALSE,FALSE,Migrate
TIBCO Nimbus™ Storyboard Player,Unassigned,3.0.0,https://docs.tibco.com/products/tibco-nimbus-storyboard-player-3-0-0,FALSE,FALSE,Migrate
TIBCO Omni-HealthData® Cohort Builder,Visual Analytics,3.16.0,https://docs.tibco.com/products/tibco-omni-healthdata-cohort-builder-3-16-0,TRUE,FALSE,Do Not Migrate
TIBCO Omni-HealthData® Healthviews,Visual Analytics,1.0.0,https://docs.tibco.com/products/tibco-omni-healthdata-healthviews-1-0-0,TRUE,FALSE,Do Not Migrate
TIBCO Omni-HealthData® Reference Data,Visual Analytics,1.0.0,https://docs.tibco.com/products/tibco-omni-healthdata-reference-data-1-0-0,TRUE,FALSE,Do Not Migrate
TIBCO Omni-Insurance™ Business Release,Others,19.0.0,https://docs.tibco.com/products/tibco-omni-insurance-business-release-19-0-0,TRUE,FALSE,Do Not Migrate
TIBCO OpenSpirit® Adapter for Petrel,Unassigned,32.0.0,https://docs.tibco.com/products/tibco-openspirit-adapter-for-petrel-32-0-0,TRUE,TRUE,Do Not Migrate
TIBCO OpenSpirit® Adapter for Petrel,Unassigned,31.0.0,https://docs.tibco.com/products/tibco-openspirit-adapter-for-petrel-31-0-0,TRUE,TRUE,Do Not Migrate
TIBCO OpenSpirit® Adapter for Petrel,Unassigned,30.0.0,https://docs.tibco.com/products/tibco-openspirit-adapter-for-petrel-30-0-0,TRUE,TRUE,Do Not Migrate
TIBCO OpenSpirit® Adapter for Petrel,Unassigned,29.0.0,https://docs.tibco.com/products/tibco-openspirit-adapter-for-petrel-29-0-0,TRUE,TRUE,Do Not Migrate
TIBCO OpenSpirit® Adapter for Petrel,Unassigned,28.0.0,https://docs.tibco.com/products/tibco-openspirit-adapter-for-petrel-28-0-0,TRUE,TRUE,Do Not Migrate
TIBCO OpenSpirit® Adapter for Petrel,Unassigned,27.0.0,https://docs.tibco.com/products/tibco-openspirit-adapter-for-petrel-27-0-0,TRUE,TRUE,Do Not Migrate
TIBCO OpenSpirit® Adapter for Petrel,Unassigned,26.0.0,https://docs.tibco.com/products/tibco-openspirit-adapter-for-petrel-26-0-0,TRUE,TRUE,Do Not Migrate
TIBCO OpenSpirit® Adapter for Petrel,Unassigned,25.0.0,https://docs.tibco.com/products/tibco-openspirit-adapter-for-petrel-25-0-0,TRUE,TRUE,Do Not Migrate
TIBCO OpenSpirit® Adapter for Petrel,Unassigned,24.0.0,https://docs.tibco.com/products/tibco-openspirit-adapter-for-petrel-24-0-0,TRUE,TRUE,Do Not Migrate
TIBCO OpenSpirit® Adapter for Petrel,Unassigned,23.0.0,https://docs.tibco.com/products/tibco-openspirit-adapter-for-petrel-23-0-0,TRUE,TRUE,Do Not Migrate
TIBCO OpenSpirit® Adapter for Petrel,Unassigned,22.0.0,https://docs.tibco.com/products/tibco-openspirit-adapter-for-petrel-22-0-0,TRUE,TRUE,Do Not Migrate
TIBCO OpenSpirit® Adapter for Petrel,Unassigned,21.1.0,https://docs.tibco.com/products/tibco-openspirit-adapter-for-petrel-21-1-0,TRUE,TRUE,Do Not Migrate
TIBCO OpenSpirit® Adapter for Petrel,Unassigned,21.0.0,https://docs.tibco.com/products/tibco-openspirit-adapter-for-petrel-21-0-0,TRUE,TRUE,Do Not Migrate
TIBCO OpenSpirit® Adapter for Petrel,Unassigned,20.10.3.1,https://docs.tibco.com/products/tibco-openspirit-adapter-for-petrel-2010-3-1,FALSE,FALSE,Do Not Migrate
TIBCO OpenSpirit® Adapter for Petrel,Unassigned,20.10.3.0,https://docs.tibco.com/products/tibco-openspirit-adapter-for-petrel-2010-3-0,FALSE,FALSE,Do Not Migrate
TIBCO OpenSpirit® Adapter for Petrel,Unassigned,20.1.0,https://docs.tibco.com/products/tibco-openspirit-adapter-for-petrel-20-1-0,TRUE,TRUE,Do Not Migrate
TIBCO OpenSpirit® Adapter for Petrel,Unassigned,20.0.2,https://docs.tibco.com/products/tibco-openspirit-adapter-for-petrel-20-0-2,TRUE,TRUE,Do Not Migrate
TIBCO OpenSpirit® Adapter for Petrel,Unassigned,20.0.0,https://docs.tibco.com/products/tibco-openspirit-adapter-for-petrel-20-0-0,TRUE,TRUE,Do Not Migrate
TIBCO OpenSpirit® Adapter for Petrel,Unassigned,9.3.2,https://docs.tibco.com/products/tibco-openspirit-adapter-for-petrel-9-3-2,FALSE,FALSE,Do Not Migrate
TIBCO OpenSpirit® ArcGIS Extension,Unassigned,2010,https://docs.tibco.com/products/tibco-openspirit-arcgis-extension-2010,FALSE,FALSE,Do Not Migrate
TIBCO OpenSpirit® ArcGIS Extension,Unassigned,2010.1.1,https://docs.tibco.com/products/tibco-openspirit-arcgis-extension-2010-1-1,FALSE,FALSE,Do Not Migrate
TIBCO OpenSpirit® ArcGIS Extension,Unassigned,2010.1.0,https://docs.tibco.com/products/tibco-openspirit-arcgis-extension-2010-1-0,FALSE,FALSE,Do Not Migrate
TIBCO OpenSpirit® ArcGIS Extension,Unassigned,2010.0.1,https://docs.tibco.com/products/tibco-openspirit-arcgis-extension-2010-0-1,FALSE,FALSE,Do Not Migrate
TIBCO OpenSpirit® Connect Sub-Surface Viewer,Unassigned,1.0.1,https://docs.tibco.com/products/tibco-openspirit-connect-sub-surface-viewer-1-0-1,TRUE,TRUE,Do Not Migrate
TIBCO OpenSpirit® Connect Sub-Surface Viewer,Unassigned,1.0.0,https://docs.tibco.com/products/tibco-openspirit-connect-sub-surface-viewer-1-0-0,TRUE,TRUE,Do Not Migrate
TIBCO OpenSpirit® Copy Manager,Unassigned,2015.1.1,https://docs.tibco.com/products/tibco-openspirit-copy-manager-2015-1-1,TRUE,TRUE,Do Not Migrate
TIBCO OpenSpirit® Copy Manager,Unassigned,2015.1.0,https://docs.tibco.com/products/tibco-openspirit-copy-manager-2015-1-0,TRUE,TRUE,Do Not Migrate
TIBCO OpenSpirit® Copy Manager,Unassigned,2015.0.1,https://docs.tibco.com/products/tibco-openspirit-copy-manager-2015-0-1,TRUE,TRUE,Do Not Migrate
TIBCO OpenSpirit® Copy Manager,Unassigned,2015.0.0,https://docs.tibco.com/products/tibco-openspirit-copy-manager-2015-0-0,TRUE,TRUE,Do Not Migrate
TIBCO OpenSpirit® Copy Manager,Unassigned,2013.1.0,https://docs.tibco.com/products/tibco-openspirit-copy-manager-2013-1-0,TRUE,TRUE,Do Not Migrate
TIBCO OpenSpirit® Copy Manager,Unassigned,2013.0.0,https://docs.tibco.com/products/tibco-openspirit-copy-manager-2013-0-0,TRUE,TRUE,Do Not Migrate
TIBCO OpenSpirit® Copy Manager,Unassigned,2012.0.0,https://docs.tibco.com/products/tibco-openspirit-copy-manager-2012-0-0,TRUE,TRUE,Do Not Migrate
TIBCO OpenSpirit® Copy Manager,Unassigned,2010,https://docs.tibco.com/products/tibco-openspirit-copy-manager-2010,FALSE,FALSE,Do Not Migrate
TIBCO OpenSpirit® Copy Rule Manager,Unassigned,2015.1.1,https://docs.tibco.com/products/tibco-openspirit-copy-rule-manager-2015-1-1,FALSE,FALSE,Do Not Migrate
TIBCO OpenSpirit® Copy Rule Manager,Unassigned,2015.1.0,https://docs.tibco.com/products/tibco-openspirit-copy-rule-manager-2015-1-0,FALSE,FALSE,Do Not Migrate
TIBCO OpenSpirit® Copy Rule Manager,Unassigned,2015.0.1,https://docs.tibco.com/products/tibco-openspirit-copy-rule-manager-2015-0-1,FALSE,FALSE,Do Not Migrate
TIBCO OpenSpirit® Copy Rule Manager,Unassigned,2015.0.0,https://docs.tibco.com/products/tibco-openspirit-copy-rule-manager-2015-0-0,FALSE,FALSE,Do Not Migrate
TIBCO OpenSpirit® Copy Rule Manager,Unassigned,2013.1.0,https://docs.tibco.com/products/tibco-openspirit-copy-rules-manager-2013-1-0,FALSE,FALSE,Do Not Migrate
TIBCO OpenSpirit® Copy Rule Manager,Unassigned,2013.0.0,https://docs.tibco.com/products/tibco-openspirit-copy-rules-manager-2013-0-0,FALSE,FALSE,Do Not Migrate
TIBCO OpenSpirit® Copy Rule Manager,Unassigned,2012.0.0,https://docs.tibco.com/products/tibco-openspirit-copy-rules-manager-2012-0-0,FALSE,FALSE,Do Not Migrate
TIBCO OpenSpirit® Data Connector for Epos,Unassigned,2.8.0,https://docs.tibco.com/products/tibco-openspirit-data-connector-for-epos-2-8-0,TRUE,TRUE,Do Not Migrate
TIBCO OpenSpirit® Data Connector for Epos,Unassigned,2.7.0,https://docs.tibco.com/products/tibco-openspirit-data-connector-for-epos-2-7-0,TRUE,TRUE,Do Not Migrate
TIBCO OpenSpirit® Data Connector for Epos,Unassigned,2.6.0,https://docs.tibco.com/products/tibco-openspirit-data-connector-for-epos-2-6-0,TRUE,TRUE,Do Not Migrate
TIBCO OpenSpirit® Data Connector for Epos,Unassigned,2.5.0,https://docs.tibco.com/products/tibco-openspirit-data-connector-for-epos-2-5-0,TRUE,TRUE,Do Not Migrate
TIBCO OpenSpirit® Data Connector for Epos,Unassigned,2.4.0,https://docs.tibco.com/products/tibco-openspirit-data-connector-for-epos-2-4-0,TRUE,TRUE,Do Not Migrate
TIBCO OpenSpirit® Data Connector for Epos,Unassigned,2.3.0,https://docs.tibco.com/products/tibco-openspirit-data-connector-for-epos-2-3-0,TRUE,TRUE,Do Not Migrate
TIBCO OpenSpirit® Data Connector for Epos,Unassigned,2.2.0,https://docs.tibco.com/products/tibco-openspirit-data-connector-for-epos-2-2-0,TRUE,TRUE,Do Not Migrate
TIBCO OpenSpirit® Data Connector for Epos,Unassigned,2.1.0,https://docs.tibco.com/products/tibco-openspirit-data-connector-for-epos-2-1-0,TRUE,TRUE,Do Not Migrate
TIBCO OpenSpirit® Data Connector for Epos,Unassigned,2.0.0,https://docs.tibco.com/products/tibco-openspirit-data-connector-for-epos-2-0-0,TRUE,TRUE,Do Not Migrate
TIBCO OpenSpirit® Data Connector for Epos,Unassigned,1.0.0,https://docs.tibco.com/products/tibco-openspirit-data-connector-for-epos-1-0-0,TRUE,TRUE,Do Not Migrate
TIBCO OpenSpirit® Data Connector for GeoFrame,Unassigned,2.1.1,https://docs.tibco.com/products/tibco-openspirit-data-connector-for-geoframe-2-1-1,TRUE,TRUE,Do Not Migrate
TIBCO OpenSpirit® Data Connector for GeoFrame,Unassigned,2.1.0,https://docs.tibco.com/products/tibco-openspirit-data-connector-for-geoframe-2-1-0,TRUE,TRUE,Do Not Migrate
TIBCO OpenSpirit® Data Connector for GeoFrame,Unassigned,2.0.1,https://docs.tibco.com/products/tibco-openspirit-data-connector-for-geoframe-2-0-1,TRUE,TRUE,Do Not Migrate
TIBCO OpenSpirit® Data Connector for KINGDOM,Unassigned,2.9.0,https://docs.tibco.com/products/tibco-openspirit-data-connector-for-kingdom-2-9-0,TRUE,TRUE,Do Not Migrate
TIBCO OpenSpirit® Data Connector for KINGDOM,Unassigned,2.8.0,https://docs.tibco.com/products/tibco-openspirit-data-connector-for-kingdom-2-8-0,TRUE,TRUE,Do Not Migrate
TIBCO OpenSpirit® Data Connector for KINGDOM,Unassigned,2.7.0,https://docs.tibco.com/products/tibco-openspirit-data-connector-for-kingdom-2-7-0,TRUE,TRUE,Do Not Migrate
TIBCO OpenSpirit® Data Connector for KINGDOM,Unassigned,2.6.0,https://docs.tibco.com/products/tibco-openspirit-data-connector-for-kingdom-2-6-0,TRUE,TRUE,Do Not Migrate
TIBCO OpenSpirit® Data Connector for KINGDOM,Unassigned,2.5.0,https://docs.tibco.com/products/tibco-openspirit-data-connector-for-kingdom-2-5-0,TRUE,TRUE,Do Not Migrate
TIBCO OpenSpirit® Data Connector for KINGDOM,Unassigned,2.4.0,https://docs.tibco.com/products/tibco-openspirit-data-connector-for-kingdom-2-4-0,TRUE,TRUE,Do Not Migrate
TIBCO OpenSpirit® Data Connector for KINGDOM,Unassigned,2.3.0,https://docs.tibco.com/products/tibco-openspirit-data-connector-for-kingdom-2-3-0,TRUE,TRUE,Do Not Migrate
TIBCO OpenSpirit® Data Connector for KINGDOM,Unassigned,2.2.0,https://docs.tibco.com/products/tibco-openspirit-data-connector-for-kingdom-2-2-0,TRUE,TRUE,Do Not Migrate
TIBCO OpenSpirit® Data Connector for KINGDOM,Unassigned,2.1.1,https://docs.tibco.com/products/tibco-openspirit-data-connector-for-kingdom-2-1-1,TRUE,TRUE,Do Not Migrate
TIBCO OpenSpirit® Data Connector for KINGDOM,Unassigned,2.1.0,https://docs.tibco.com/products/tibco-openspirit-data-connector-for-kingdom-2-1-0,TRUE,TRUE,Do Not Migrate
TIBCO OpenSpirit® Data Connector for KINGDOM,Unassigned,2.0.0,https://docs.tibco.com/products/tibco-openspirit-data-connector-for-kingdom-2-0-0,TRUE,TRUE,Do Not Migrate
TIBCO OpenSpirit® Data Connector for OpenWorks,Unassigned,2.6.2,https://docs.tibco.com/products/tibco-openspirit-data-connector-for-openworks-2-6-2,TRUE,TRUE,Do Not Migrate
TIBCO OpenSpirit® Data Connector for OpenWorks,Unassigned,2.6.1,https://docs.tibco.com/products/tibco-openspirit-data-connector-for-openworks-2-6-1,TRUE,TRUE,Do Not Migrate
TIBCO OpenSpirit® Data Connector for OpenWorks,Unassigned,2.6.0,https://docs.tibco.com/products/tibco-openspirit-data-connector-for-openworks-2-6-0,TRUE,TRUE,Do Not Migrate
TIBCO OpenSpirit® Data Connector for OpenWorks,Unassigned,2.5.1,https://docs.tibco.com/products/tibco-openspirit-data-connector-for-openworks-2-5-1,TRUE,TRUE,Do Not Migrate
TIBCO OpenSpirit® Data Connector for OpenWorks,Unassigned,2.5.0,https://docs.tibco.com/products/tibco-openspirit-data-connector-for-openworks-2-5-0,TRUE,TRUE,Do Not Migrate
TIBCO OpenSpirit® Data Connector for OpenWorks,Unassigned,2.4.0,https://docs.tibco.com/products/tibco-openspirit-data-connector-for-openworks-2-4-0,TRUE,TRUE,Do Not Migrate
TIBCO OpenSpirit® Data Connector for OpenWorks,Unassigned,2.3.0,https://docs.tibco.com/products/tibco-openspirit-data-connector-for-openworks-2-3-0,TRUE,TRUE,Do Not Migrate
TIBCO OpenSpirit® Data Connector for OpenWorks,Unassigned,2.2.0,https://docs.tibco.com/products/tibco-openspirit-data-connector-for-openworks-2-2-0,TRUE,TRUE,Do Not Migrate
TIBCO OpenSpirit® Data Connector for OpenWorks,Unassigned,2.1.0,https://docs.tibco.com/products/tibco-openspirit-data-connector-for-openworks-2-1-0,TRUE,TRUE,Do Not Migrate
TIBCO OpenSpirit® Data Connector for Petra,Unassigned,2.4.0,https://docs.tibco.com/products/tibco-openspirit-data-connector-for-petra-2-4-0,TRUE,TRUE,Do Not Migrate
TIBCO OpenSpirit® Data Connector for Petra,Unassigned,2.3.0,https://docs.tibco.com/products/tibco-openspirit-data-connector-for-petra-2-3-0,TRUE,TRUE,Do Not Migrate
TIBCO OpenSpirit® Data Connector for Petra,Unassigned,2.2.0,https://docs.tibco.com/products/tibco-openspirit-data-connector-for-petra-2-2-0,TRUE,TRUE,Do Not Migrate
TIBCO OpenSpirit® Data Connector for Petra,Unassigned,2.1.0,https://docs.tibco.com/products/tibco-openspirit-data-connector-for-petra-2-1-0,TRUE,TRUE,Do Not Migrate
TIBCO OpenSpirit® Data Connector for PPDM,Unassigned,2.2.1,https://docs.tibco.com/products/tibco-openspirit-data-connector-for-ppdm-2-2-1,TRUE,TRUE,Do Not Migrate
TIBCO OpenSpirit® Data Connector for PPDM,Unassigned,2.2.0,https://docs.tibco.com/products/tibco-openspirit-data-connector-for-ppdm-2-2-0,TRUE,TRUE,Do Not Migrate
TIBCO OpenSpirit® Data Connector for PPDM,Unassigned,2.1.1,https://docs.tibco.com/products/tibco-openspirit-data-connector-for-ppdm-2-1-1,TRUE,TRUE,Do Not Migrate
TIBCO OpenSpirit® Data Connector for PPDM,Unassigned,2.1.0,https://docs.tibco.com/products/tibco-openspirit-data-connector-for-ppdm-2-1-0,TRUE,TRUE,Do Not Migrate
TIBCO OpenSpirit® Data Connector for Recall,Unassigned,2.2.0,https://docs.tibco.com/products/tibco-openspirit-data-connector-for-recall-2-2-0,TRUE,TRUE,Do Not Migrate
TIBCO OpenSpirit® Data Connector for Recall,Unassigned,2.1.0,https://docs.tibco.com/products/tibco-openspirit-data-connector-for-recall-2-1-0,TRUE,TRUE,Do Not Migrate
TIBCO OpenSpirit® Data Connector for Recall,Unassigned,2.0.1,https://docs.tibco.com/products/tibco-openspirit-data-connector-for-recall-2-0-1,TRUE,TRUE,Do Not Migrate
TIBCO OpenSpirit® Data Connector for SEGY,Unassigned,2.2.0,https://docs.tibco.com/products/tibco-openspirit-data-connector-for-segy-2-2-0,TRUE,TRUE,Do Not Migrate
TIBCO OpenSpirit® Data Connector for SEGY,Unassigned,2.1.0,https://docs.tibco.com/products/tibco-openspirit-data-connector-for-segy-2-1-0,TRUE,TRUE,Do Not Migrate
TIBCO OpenSpirit® Data Connector for SEGY,Unassigned,2.0.1,https://docs.tibco.com/products/tibco-openspirit-data-connector-for-segy-2-0-1,TRUE,TRUE,Do Not Migrate
TIBCO OpenSpirit® Data Connector for Studio,Unassigned,3.12.1,https://docs.tibco.com/products/tibco-openspirit-data-connector-for-studio-3-12-1,TRUE,TRUE,Do Not Migrate
TIBCO OpenSpirit® Data Connector for Studio,Unassigned,3.12.0,https://docs.tibco.com/products/tibco-openspirit-data-connector-for-studio-3-12-0,TRUE,TRUE,Do Not Migrate
TIBCO OpenSpirit® Data Connector for Studio,Unassigned,3.11.0,https://docs.tibco.com/products/tibco-openspirit-data-connector-for-studio-3-11-0,TRUE,TRUE,Do Not Migrate
TIBCO OpenSpirit® Data Connector for Studio,Unassigned,3.10.0,https://docs.tibco.com/products/tibco-openspirit-data-connector-for-studio-3-10-0,TRUE,TRUE,Do Not Migrate
TIBCO OpenSpirit® Data Connector for Studio,Unassigned,3.9.0,https://docs.tibco.com/products/tibco-openspirit-data-connector-for-studio-3-9-0,TRUE,TRUE,Do Not Migrate
TIBCO OpenSpirit® Data Connector for Studio,Unassigned,3.8.0,https://docs.tibco.com/products/tibco-openspirit-data-connector-for-studio-3-8-0,TRUE,TRUE,Do Not Migrate
TIBCO OpenSpirit® Data Connector for Studio,Unassigned,3.7.0,https://docs.tibco.com/products/tibco-openspirit-data-connector-for-studio-3-7-0,TRUE,TRUE,Do Not Migrate
TIBCO OpenSpirit® Data Connector for Studio,Unassigned,3.6.0,https://docs.tibco.com/products/tibco-openspirit-data-connector-for-studio-3-6-0,TRUE,TRUE,Do Not Migrate
TIBCO OpenSpirit® Data Connector for Studio,Unassigned,3.5.1,https://docs.tibco.com/products/tibco-openspirit-data-connector-for-studio-3-5-1,TRUE,TRUE,Do Not Migrate
TIBCO OpenSpirit® Data Connector for Studio,Unassigned,3.5.0,https://docs.tibco.com/products/tibco-openspirit-data-connector-for-studio-3-5-0,TRUE,TRUE,Do Not Migrate
TIBCO OpenSpirit® Data Connector for Studio,Unassigned,3.4.1,https://docs.tibco.com/products/tibco-openspirit-data-connector-for-studio-3-4-1,TRUE,TRUE,Do Not Migrate
TIBCO OpenSpirit® Data Connector for Studio,Unassigned,3.4.0,https://docs.tibco.com/products/tibco-openspirit-data-connector-for-studio-3-4-0,TRUE,TRUE,Do Not Migrate
TIBCO OpenSpirit® Data Connector for Studio,Unassigned,3.3.0,https://docs.tibco.com/products/tibco-openspirit-data-connector-for-studio-3-3-0,TRUE,TRUE,Do Not Migrate
TIBCO OpenSpirit® Data Connector for Studio,Unassigned,3.2.0,https://docs.tibco.com/products/tibco-openspirit-data-connector-for-studio-3-2-0,TRUE,TRUE,Do Not Migrate
TIBCO OpenSpirit® Data Connector for Studio,Unassigned,3.1.0,https://docs.tibco.com/products/tibco-openspirit-data-connector-for-studio-3-1-0,TRUE,TRUE,Do Not Migrate
TIBCO OpenSpirit® Data Connector for Studio,Unassigned,3.0.0,https://docs.tibco.com/products/tibco-openspirit-data-connector-for-studio-3-0-0,TRUE,TRUE,Do Not Migrate
TIBCO OpenSpirit® Data Connector for Studio,Unassigned,2.0.0,https://docs.tibco.com/products/tibco-openspirit-data-connector-for-studio-knowledge-2-0-0,FALSE,FALSE,Do Not Migrate
TIBCO OpenSpirit® Data Connector for Studio,Unassigned,1.0.0,https://docs.tibco.com/products/tibco-openspirit-data-connector-for-studio-knowledge-1-0-0,FALSE,FALSE,Do Not Migrate
TIBCO OpenSpirit® Developer Kit,Unassigned,4.3.0,https://docs.tibco.com/products/tibco-openspirit-developer-kit-4-3-0,TRUE,TRUE,Do Not Migrate
TIBCO OpenSpirit® Developer Kit,Unassigned,4.2.0,https://docs.tibco.com/products/tibco-openspirit-developer-kit-4-2-0,TRUE,TRUE,Do Not Migrate
TIBCO OpenSpirit® Developer Kit,Unassigned,4.1.0,https://docs.tibco.com/products/tibco-openspirit-developer-kit-4-1-0,TRUE,TRUE,Do Not Migrate
TIBCO OpenSpirit® Extension for ArcGIS,Unassigned,2019.0.0,https://docs.tibco.com/products/tibco-openspirit-extension-for-arcgis-2019-0-0,TRUE,TRUE,Do Not Migrate
TIBCO OpenSpirit® Extension for ArcGIS,Unassigned,2018.0.0,https://docs.tibco.com/products/tibco-openspirit-extension-for-arcgis-2018-0-0,TRUE,TRUE,Do Not Migrate
TIBCO OpenSpirit® Extension for ArcGIS,Unassigned,2015.1.0,https://docs.tibco.com/products/tibco-openspirit-extension-for-arcgis-2015-1-0,TRUE,TRUE,Do Not Migrate
TIBCO OpenSpirit® Extension for ArcGIS,Unassigned,2015.0.0,https://docs.tibco.com/products/tibco-openspirit-extension-for-arcgis-2015-0-0,TRUE,TRUE,Do Not Migrate
TIBCO OpenSpirit® Runtime,Unassigned,4.3.1,https://docs.tibco.com/products/tibco-openspirit-runtime-4-3-1,TRUE,TRUE,Do Not Migrate
TIBCO OpenSpirit® Runtime,Unassigned,4.3.0,https://docs.tibco.com/products/tibco-openspirit-runtime-4-3-0,TRUE,TRUE,Do Not Migrate
TIBCO OpenSpirit® Runtime,Unassigned,4.2.0,https://docs.tibco.com/products/tibco-openspirit-runtime-4-2-0,TRUE,TRUE,Do Not Migrate
TIBCO OpenSpirit® Runtime,Unassigned,4.1.0,https://docs.tibco.com/products/tibco-openspirit-runtime-4-1-0,TRUE,TRUE,Do Not Migrate
TIBCO OpenSpirit® Runtime,Unassigned,4.0.3,https://docs.tibco.com/products/tibco-openspirit-runtime-4-0-3,TRUE,TRUE,Do Not Migrate
TIBCO OpenSpirit® Runtime,Unassigned,4.0.2,https://docs.tibco.com/products/tibco-openspirit-runtime-4-0-2,TRUE,TRUE,Do Not Migrate
TIBCO OpenSpirit® Runtime,Unassigned,4.0.1,https://docs.tibco.com/products/tibco-openspirit-runtime-4-0-1,TRUE,TRUE,Do Not Migrate
TIBCO OpenSpirit® Runtime,Unassigned,4.0.0,https://docs.tibco.com/products/tibco-openspirit-runtime-4-0-0,TRUE,TRUE,Do Not Migrate
TIBCO OpenSpirit® Runtime,Unassigned,3.2.3,https://docs.tibco.com/products/tibco-openspirit-runtime-3-2-3,TRUE,TRUE,Do Not Migrate
TIBCO OpenSpirit® Runtime,Unassigned,3.2.2,https://docs.tibco.com/products/tibco-openspirit-runtime-3-2-2,TRUE,TRUE,Do Not Migrate
TIBCO OpenSpirit® Runtime,Unassigned,3.1.5,https://docs.tibco.com/products/tibco-openspirit-runtime-3-1-5,TRUE,TRUE,Do Not Migrate
TIBCO OpenSpirit® Scan for Studio,Unassigned,9.0.0,https://docs.tibco.com/products/tibco-openspirit-scan-for-studio-9-0-0,TRUE,TRUE,Do Not Migrate
TIBCO OpenSpirit® Scan for Studio,Unassigned,8.0.0,https://docs.tibco.com/products/tibco-openspirit-scan-for-studio-8-0-0,TRUE,TRUE,Do Not Migrate
TIBCO OpenSpirit® Scan for Studio,Unassigned,7.0.0,https://docs.tibco.com/products/tibco-openspirit-scan-for-studio-7-0-0,TRUE,TRUE,Do Not Migrate
TIBCO OpenSpirit® Scan for Studio,Unassigned,6.0.0,https://docs.tibco.com/products/tibco-openspirit-scan-for-studio-6-0-0,FALSE,TRUE,Do Not Migrate
TIBCO OpenSpirit® Scan for Studio,Unassigned,5.0.0,https://docs.tibco.com/products/tibco-openspirit-scan-for-studio-5-0-0,FALSE,FALSE,Do Not Migrate
TIBCO OpenSpirit® Scan for Studio,Unassigned,4.0.0,https://docs.tibco.com/products/tibco-openspirit-scan-for-studio-4-0-0,TRUE,TRUE,Do Not Migrate
TIBCO OpenSpirit® Scan for Studio,Unassigned,3.0.0,https://docs.tibco.com/products/tibco-openspirit-scan-for-studio-3-0-0,TRUE,TRUE,Do Not Migrate
TIBCO OpenSpirit® Scan for Studio,Unassigned,2.0.0,https://docs.tibco.com/products/tibco-openspirit-scan-for-studio-2-0-0,TRUE,TRUE,Do Not Migrate
TIBCO OpenSpirit® Scan for Studio,Unassigned,1.0.0,https://docs.tibco.com/products/tibco-openspirit-scan-for-studio-1-0-0,TRUE,TRUE,Do Not Migrate
TIBCO OpenSpirit® Scan Utility,Unassigned,2018.0.1,https://docs.tibco.com/products/tibco-openspirit-scan-utility-2018-0-1,TRUE,TRUE,Do Not Migrate
TIBCO OpenSpirit® Scan Utility,Unassigned,2018.0.0,https://docs.tibco.com/products/tibco-openspirit-scan-utility-2018-0-0,TRUE,TRUE,Do Not Migrate
TIBCO OpenSpirit® Scan Utility,Unassigned,2016.1.0,https://docs.tibco.com/products/tibco-openspirit-scan-utility-2016-1-0,TRUE,TRUE,Do Not Migrate
TIBCO OpenSpirit® Scan Utility,Unassigned,2016.0.0,https://docs.tibco.com/products/tibco-openspirit-scan-utility-2016-0-0,TRUE,TRUE,Do Not Migrate
TIBCO OpenSpirit® Scan Utility,Unassigned,2013.0.0,https://docs.tibco.com/products/tibco-openspirit-scan-utility-2013-0-0,TRUE,TRUE,Do Not Migrate
TIBCO OpenSpirit® Scan Utility,Unassigned,2011.0.1,https://docs.tibco.com/products/tibco-openspirit-scan-utility-2011-0-1,TRUE,TRUE,Do Not Migrate
TIBCO OpenSpirit® Scan Utility,Unassigned,2011.0.0,https://docs.tibco.com/products/tibco-openspirit-scan-utility-2011-0-0,TRUE,TRUE,Do Not Migrate
TIBCO OpenSpirit® Web Server 2008,Unassigned,2008,https://docs.tibco.com/products/tibco-openspirit-web-server-2008,FALSE,FALSE,Do Not Migrate
TIBCO OpenSpirit® Web Services,Unassigned,1.0.0,https://docs.tibco.com/products/tibco-openspirit-web-services-1-0-0,FALSE,FALSE,Do Not Migrate
TIBCO PartnerExpress™,B2B,6.2.2,https://docs.tibco.com/products/tibco-partnerexpress-6-2-2,TRUE,FALSE,Do Not Migrate
TIBCO PartnerExpress™,B2B,6.2.1,https://docs.tibco.com/products/tibco-partnerexpress-6-2-1,TRUE,FALSE,Do Not Migrate
TIBCO PartnerExpress™,B2B,6.2.0,https://docs.tibco.com/products/tibco-partnerexpress-6-2-0,TRUE,FALSE,Do Not Migrate
TIBCO PartnerExpress™,B2B,6.1.0,https://docs.tibco.com/products/tibco-partnerexpress-6-1-0,TRUE,TRUE,Do Not Migrate
TIBCO PartnerExpress™,B2B,6.0.0,https://docs.tibco.com/products/tibco-partnerexpress-6-0,FALSE,TRUE,Do Not Migrate
TIBCO Rendezvous®,Messaging,9.0.0,https://docs.tibco.com/products/tibco-rendezvous-9-0-0,FALSE,FALSE,Migrate
TIBCO Rendezvous®,Messaging,8.8.1,https://docs.tibco.com/products/tibco-rendezvous-8-8-1,FALSE,FALSE,Migrate
TIBCO Rendezvous®,Messaging,8.8.0,https://docs.tibco.com/products/tibco-rendezvous-8-8-0,FALSE,FALSE,Migrate
TIBCO Rendezvous®,Messaging,8.7.0,https://docs.tibco.com/products/tibco-rendezvous-8-7-0,FALSE,TRUE,Do Not Migrate
TIBCO Rendezvous®,Messaging,8.6.1,https://docs.tibco.com/products/tibco-rendezvous-8-6-1,TRUE,TRUE,Do Not Migrate
TIBCO Rendezvous®,Messaging,8.6.0,https://docs.tibco.com/products/tibco-rendezvous-8-6-0,TRUE,TRUE,Do Not Migrate
TIBCO Rendezvous®,Messaging,8.5.2,https://docs.tibco.com/products/tibco-rendezvous-8-5-2,TRUE,TRUE,Do Not Migrate
TIBCO Rendezvous®,Messaging,8.5.1,https://docs.tibco.com/products/tibco-rendezvous-8-5-1,TRUE,TRUE,Do Not Migrate
TIBCO Rendezvous®,Messaging,8.5.0,https://docs.tibco.com/products/tibco-rendezvous-8-5-0,TRUE,TRUE,Do Not Migrate
TIBCO Rendezvous®,Messaging,8.4.6,https://docs.tibco.com/products/tibco-rendezvous-8-4-6,TRUE,TRUE,Do Not Migrate
TIBCO Rendezvous®,Messaging,8.4.5,https://docs.tibco.com/products/tibco-rendezvous-8-4-5,TRUE,TRUE,Do Not Migrate
TIBCO Rendezvous®,Messaging,8.4.4,https://docs.tibco.com/products/tibco-rendezvous-8-4-4,TRUE,TRUE,Do Not Migrate
TIBCO Rendezvous®,Messaging,8.4.3,https://docs.tibco.com/products/tibco-rendezvous-8-4-3,TRUE,TRUE,Do Not Migrate
TIBCO Rendezvous®,Messaging,8.4.2,https://docs.tibco.com/products/tibco-rendezvous-8-4-2,TRUE,TRUE,Do Not Migrate
TIBCO Rendezvous®,Messaging,8.4.1,https://docs.tibco.com/products/tibco-rendezvous-8-4-1,TRUE,TRUE,Do Not Migrate
TIBCO Rendezvous®,Messaging,8.4.0,https://docs.tibco.com/products/tibco-rendezvous-8-4-0,TRUE,TRUE,Do Not Migrate
TIBCO Rendezvous®,Messaging,8.3.2,https://docs.tibco.com/products/tibco-rendezvous-8-3-2,TRUE,TRUE,Do Not Migrate
TIBCO Rendezvous®,Messaging,8.3.1,https://docs.tibco.com/products/tibco-rendezvous-8-3-1,TRUE,TRUE,Do Not Migrate
TIBCO Rendezvous®,Messaging,8.3.0,https://docs.tibco.com/products/tibco-rendezvous-8-3-0,TRUE,TRUE,Do Not Migrate
TIBCO Rendezvous®,Messaging,8.2.2,https://docs.tibco.com/products/tibco-rendezvous-8-2-2,TRUE,TRUE,Do Not Migrate
TIBCO Rendezvous®,Messaging,8.2.1,https://docs.tibco.com/products/tibco-rendezvous-8-2-1,TRUE,TRUE,Do Not Migrate
TIBCO Rendezvous® Network Service,Messaging,2.2.0,https://docs.tibco.com/products/tibco-rendezvous-network-service-2-2-0,FALSE,FALSE,Migrate
TIBCO Rendezvous® Network Service,Messaging,2.1.0,https://docs.tibco.com/products/tibco-rendezvous-network-service-2-1-0,FALSE,FALSE,Migrate
TIBCO Rendezvous® Network Service,Messaging,2.0.0,https://docs.tibco.com/products/tibco-rendezvous-network-service-2-0-0,TRUE,TRUE,Do Not Migrate
TIBCO Runtime Agent™,Integration,5.13.0,https://docs.tibco.com/products/tibco-runtime-agent-5-13-0,FALSE,FALSE,Migrate
TIBCO Runtime Agent™,Integration,5.12.4,https://docs.tibco.com/products/tibco-runtime-agent-5-12-4,FALSE,FALSE,Migrate
TIBCO Runtime Agent™,Integration,5.12.3,https://docs.tibco.com/products/tibco-runtime-agent-5-12-3,FALSE,FALSE,Migrate
TIBCO Runtime Agent™,Integration,5.12.2,https://docs.tibco.com/products/tibco-runtime-agent-5-12-2,FALSE,FALSE,Migrate
TIBCO Runtime Agent™,Integration,5.12.1,https://docs.tibco.com/products/tibco-runtime-agent-5-12-1,TRUE,FALSE,Migrate
TIBCO Runtime Agent™,Integration,5.12.0,https://docs.tibco.com/products/tibco-runtime-agent-5-12-0,TRUE,FALSE,Migrate
TIBCO Runtime Agent™,Integration,5.11.3,https://docs.tibco.com/products/tibco-runtime-agent-5-11-3,TRUE,FALSE,Migrate
TIBCO Runtime Agent™,Integration,5.11.2,https://docs.tibco.com/products/tibco-runtime-agent-5-11-2,TRUE,FALSE,Migrate
TIBCO Runtime Agent™,Integration,5.11.1,https://docs.tibco.com/products/tibco-runtime-agent-5-11-1,TRUE,FALSE,Migrate
TIBCO Runtime Agent™,Integration,5.11.0,https://docs.tibco.com/products/tibco-runtime-agent-5-11-0,TRUE,FALSE,Migrate
TIBCO Runtime Agent™,Integration,5.10.3,https://docs.tibco.com/products/tibco-runtime-agent-5-10-3,TRUE,FALSE,Migrate
TIBCO Runtime Agent™,Integration,5.10.2,https://docs.tibco.com/products/tibco-runtime-agent-5-10-2,TRUE,FALSE,Migrate
TIBCO Runtime Agent™,Integration,5.10.1,https://docs.tibco.com/products/tibco-runtime-agent-5-10-1,TRUE,FALSE,Do Not Migrate
TIBCO Runtime Agent™,Integration,5.10.0,https://docs.tibco.com/products/tibco-runtime-agent-5-10-0,TRUE,FALSE,Do Not Migrate
TIBCO Runtime Agent™,Integration,5.9.1,https://docs.tibco.com/products/tibco-runtime-agent-5-9-1,TRUE,FALSE,Do Not Migrate
TIBCO Runtime Agent™,Integration,5.9.0,https://docs.tibco.com/products/tibco-runtime-agent-5-9-0,TRUE,FALSE,Do Not Migrate
TIBCO Runtime Agent™,Integration,5.8.0,https://docs.tibco.com/products/tibco-runtime-agent-5-8-0,TRUE,FALSE,Do Not Migrate
TIBCO Runtime Agent™,Integration,5.7.4,https://docs.tibco.com/products/tibco-runtime-agent-5-7-4,TRUE,FALSE,Do Not Migrate
TIBCO Runtime Agent™,Integration,5.7.3,https://docs.tibco.com/products/tibco-runtime-agent-5-7-3,TRUE,FALSE,Do Not Migrate
TIBCO Runtime Agent™,Integration,5.7.2,https://docs.tibco.com/products/tibco-runtime-agent-5-7-2,TRUE,FALSE,Do Not Migrate
TIBCO Runtime Agent™,Integration,5.7.1,https://docs.tibco.com/products/tibco-runtime-agent-5-7-1,TRUE,FALSE,Do Not Migrate
TIBCO Runtime Agent™,Integration,5.7.0,https://docs.tibco.com/products/tibco-runtime-agent-5-7-0,TRUE,FALSE,Do Not Migrate
TIBCO Scribe®,Visual Analytics,Online,https://docs.tibco.com/products/tibco-scribe,FALSE,FALSE,Migrate
TIBCO Service Gateway™ for Files,Unassigned,6.0.0,https://docs.tibco.com/products/tibco-service-gateway-for-files-6-0-0,FALSE,FALSE,Migrate
TIBCO Service Gateway™ for Files,Unassigned,5.3.0,https://docs.tibco.com/products/tibco-service-gateway-for-files-5-3-0,FALSE,FALSE,Migrate
TIBCO Service Gateway™ for Files,Unassigned,5.2.0,https://docs.tibco.com/products/tibco-service-gateway-for-files-5-2-0,FALSE,FALSE,Migrate
TIBCO Service Gateway™ for Files,Unassigned,5.1.0,https://docs.tibco.com/products/tibco-service-gateway-for-files-5-1-0,FALSE,FALSE,Migrate
TIBCO Silver® Fabric,Unassigned,6.0.4,https://docs.tibco.com/products/tibco-silver-fabric-6-0-4,TRUE,TRUE,Do Not Migrate
TIBCO Silver® Fabric,Unassigned,6.0.3,https://docs.tibco.com/products/tibco-silver-fabric-6-0-3,TRUE,TRUE,Do Not Migrate
TIBCO Silver® Fabric,Unassigned,6.0.2,https://docs.tibco.com/products/tibco-silver-fabric-6-0-2,FALSE,FALSE,Do Not Migrate
TIBCO Silver® Fabric,Unassigned,6.0.1,https://docs.tibco.com/products/tibco-silver-fabric-6-0-1,FALSE,FALSE,Do Not Migrate
TIBCO Silver® Fabric,Unassigned,6.0.0,https://docs.tibco.com/products/tibco-silver-fabric-6-0-0,FALSE,FALSE,Do Not Migrate
TIBCO Silver® Fabric,Unassigned,5.8.1,https://docs.tibco.com/products/tibco-silver-fabric-5-8-1,FALSE,FALSE,Do Not Migrate
TIBCO Silver® Fabric,Unassigned,5.8.0,https://docs.tibco.com/products/tibco-silver-fabric-5-8-0,TRUE,TRUE,Do Not Migrate
TIBCO Silver® Fabric,Unassigned,5.7.1,https://docs.tibco.com/products/tibco-silver-fabric-5-7-1,TRUE,TRUE,Do Not Migrate
TIBCO Silver® Fabric,Unassigned,5.7.0,https://docs.tibco.com/products/tibco-silver-fabric-5-7-0,TRUE,TRUE,Do Not Migrate
TIBCO Silver® Fabric,Unassigned,5.6.0,https://docs.tibco.com/products/tibco-silver-fabric-5-6-0,TRUE,TRUE,Do Not Migrate
TIBCO Silver® Fabric,Unassigned,5.5.1,https://docs.tibco.com/products/tibco-silver-fabric-5-5-1,TRUE,TRUE,Do Not Migrate
TIBCO Silver® Fabric,Unassigned,5.5.0,https://docs.tibco.com/products/tibco-silver-fabric-5-5-0,TRUE,TRUE,Do Not Migrate
TIBCO Silver® Fabric Asset Manager for Cloud,Unassigned,1.0.0,https://docs.tibco.com/products/tibco-silver-fabric-asset-manager-for-cloud-1-0-0,FALSE,FALSE,Migrate
TIBCO Silver® Fabric Continuity,Unassigned,1.0.0,https://docs.tibco.com/products/tibco-silver-fabric-continuity-1-0-0,FALSE,FALSE,Migrate
TIBCO Silver® Fabric Enabler for ActiveMatrix BusinessWorks™,Unassigned,3.6.0,https://docs.tibco.com/products/tibco-silver-fabric-enabler-for-activematrix-businessworks-3-6-0,TRUE,TRUE,Do Not Migrate
TIBCO Silver® Fabric Enabler for ActiveMatrix BusinessWorks™,Unassigned,3.5.0,https://docs.tibco.com/products/tibco-silver-fabric-enabler-for-activematrix-businessworks-3-5-0,TRUE,TRUE,Do Not Migrate
TIBCO Silver® Fabric Enabler for ActiveMatrix BusinessWorks™,Unassigned,3.4.0,https://docs.tibco.com/products/tibco-silver-fabric-enabler-for-activematrix-businessworks-3-4-0,TRUE,TRUE,Do Not Migrate
TIBCO Silver® Fabric Enabler for ActiveMatrix BusinessWorks™,Unassigned,3.3.0,https://docs.tibco.com/products/tibco-silver-fabric-enabler-for-activematrix-businessworks-3-3-0,TRUE,TRUE,Do Not Migrate
TIBCO Silver® Fabric Enabler for ActiveMatrix BusinessWorks™,Unassigned,3.2.0,https://docs.tibco.com/products/tibco-silver-fabric-enabler-for-activematrix-businessworks-3-2-0,TRUE,TRUE,Do Not Migrate
TIBCO Silver® Fabric Enabler for ActiveMatrix BusinessWorks™,Unassigned,3.1.0,https://docs.tibco.com/products/tibco-silver-fabric-enabler-for-activematrix-businessworks-3-1-0,TRUE,TRUE,Do Not Migrate
TIBCO Silver® Fabric Enabler for ActiveMatrix BusinessWorks™,Unassigned,3.0.0,https://docs.tibco.com/products/tibco-silver-fabric-enabler-for-activematrix-businessworks-3-0-0,TRUE,TRUE,Do Not Migrate
TIBCO Silver® Fabric Enabler for ActiveMatrix BusinessWorks™,Unassigned,2.6.0,https://docs.tibco.com/products/tibco-silver-fabric-enabler-for-activematrix-businessworks-2-6-0,TRUE,TRUE,Do Not Migrate
TIBCO Silver® Fabric Enabler for ActiveMatrix BusinessWorks™,Unassigned,2.5.1,https://docs.tibco.com/products/tibco-silver-fabric-enabler-for-activematrix-businessworks-2-5-1,FALSE,TRUE,Do Not Migrate
TIBCO Silver® Fabric Enabler for ActiveMatrix BusinessWorks™,Unassigned,2.5.0,https://docs.tibco.com/products/tibco-silver-fabric-enabler-for-activematrix-businessworks-2-5-0,TRUE,TRUE,Do Not Migrate
TIBCO Silver® Fabric Enabler for ActiveMatrix® BPM,Unassigned,1.4.2,https://docs.tibco.com/products/tibco-silver-fabric-enabler-for-activematrix-bpm-1-4-2,TRUE,TRUE,Do Not Migrate
TIBCO Silver® Fabric Enabler for ActiveMatrix® BPM,Unassigned,1.4.1,https://docs.tibco.com/products/tibco-silver-fabric-enabler-for-activematrix-bpm-1-4-1,TRUE,TRUE,Do Not Migrate
TIBCO Silver® Fabric Enabler for ActiveMatrix® BPM,Unassigned,1.4.0,https://docs.tibco.com/products/tibco-silver-fabric-enabler-for-activematrix-bpm-1-4-0,TRUE,TRUE,Do Not Migrate
TIBCO Silver® Fabric Enabler for ActiveMatrix® BPM,Unassigned,1.3.0,https://docs.tibco.com/products/tibco-silver-fabric-enabler-for-activematrix-bpm-1-3-0,TRUE,TRUE,Do Not Migrate
TIBCO Silver® Fabric Enabler for ActiveMatrix® BPM,Unassigned,1.2.0,https://docs.tibco.com/products/tibco-silver-fabric-enabler-for-activematrix-bpm-1-2-0,TRUE,TRUE,Do Not Migrate
TIBCO Silver® Fabric Enabler for ActiveMatrix® BPM,Unassigned,1.1.0,https://docs.tibco.com/products/tibco-silver-fabric-enabler-for-activematrix-bpm-1-1-0,TRUE,TRUE,Do Not Migrate
TIBCO Silver® Fabric Enabler for ActiveMatrix® BPM,Unassigned,1.0.0,https://docs.tibco.com/products/tibco-silver-fabric-enabler-for-activematrix-bpm-1-0-0,TRUE,TRUE,Do Not Migrate
TIBCO Silver® Fabric Enabler for ActiveMatrix® Service Grid,Unassigned,1.3.2,https://docs.tibco.com/products/tibco-silver-fabric-enabler-for-activematrix-service-grid-1-3-2,TRUE,TRUE,Do Not Migrate
TIBCO Silver® Fabric Enabler for ActiveMatrix® Service Grid,Unassigned,1.3.1,https://docs.tibco.com/products/tibco-silver-fabric-enabler-for-activematrix-service-grid-1-3-1,TRUE,TRUE,Do Not Migrate
TIBCO Silver® Fabric Enabler for ActiveMatrix® Service Grid,Unassigned,1.3.0,https://docs.tibco.com/products/tibco-silver-fabric-enabler-for-activematrix-service-grid-1-3-0,TRUE,TRUE,Do Not Migrate
TIBCO Silver® Fabric Enabler for ActiveMatrix® Service Grid,Unassigned,1.2.1,https://docs.tibco.com/products/tibco-silver-fabric-enabler-for-activematrix-service-grid-1-2-1,TRUE,TRUE,Do Not Migrate
TIBCO Silver® Fabric Enabler for ActiveSpaces® Enterprise Edition,Unassigned,1.2.0,https://docs.tibco.com/products/tibco-silver-fabric-enabler-for-activespaces-enterprise-edition-1-2-0,FALSE,FALSE,Migrate
TIBCO Silver® Fabric Enabler for ActiveSpaces® Enterprise Edition,Unassigned,1.1.0,https://docs.tibco.com/products/tibco-silver-fabric-enabler-for-activespaces-enterprise-edition-1-1-0,TRUE,TRUE,Do Not Migrate
TIBCO Silver® Fabric Enabler for ActiveSpaces® Enterprise Edition,Unassigned,1.0.1,https://docs.tibco.com/products/tibco-silver-fabric-enabler-for-activespaces-enterprise-edition-1-0-1,TRUE,TRUE,Do Not Migrate
TIBCO Silver® Fabric Enabler for ActiveSpaces® Enterprise Edition,Unassigned,1.0.0,https://docs.tibco.com/products/tibco-silver-fabric-enabler-for-activespaces-enterprise-edition-1-0-0,TRUE,TRUE,Do Not Migrate
TIBCO Silver® Fabric Enabler for Adapter for Database,Unassigned,3.0.0,https://docs.tibco.com/products/tibco-silver-fabric-enabler-for-adapter-for-database-3-0-0,TRUE,TRUE,Do Not Migrate
TIBCO Silver® Fabric Enabler for Adapter for Database,Unassigned,2.5.0,https://docs.tibco.com/products/tibco-silver-fabric-enabler-for-adapter-for-database-2-5-0,TRUE,TRUE,Do Not Migrate
TIBCO Silver® Fabric Enabler for Adapter for Database,Unassigned,2.0.0,https://docs.tibco.com/products/tibco-silver-fabric-enabler-for-adapter-for-database-2-0-0,TRUE,TRUE,Do Not Migrate
TIBCO Silver® Fabric Enabler for Adapter for Files (Unix/Win),Unassigned,3.0.0,https://docs.tibco.com/products/tibco-silver-fabric-enabler-for-adapter-for-files-unix-win-3-0-0,TRUE,TRUE,Do Not Migrate
TIBCO Silver® Fabric Enabler for Adapter for Files (Unix/Win),Unassigned,2.5.0,https://docs.tibco.com/products/tibco-silver-fabric-enabler-for-adapter-for-files-unix-win-2-5-0,TRUE,TRUE,Do Not Migrate
TIBCO Silver® Fabric Enabler for Adapter for Files (Unix/Win),Unassigned,2.0.0,https://docs.tibco.com/products/tibco-silver-fabric-enabler-for-adapter-for-files-unix-win-2-0-0,TRUE,TRUE,Do Not Migrate
TIBCO Silver® Fabric Enabler for Adapter for LDAP,Unassigned,3.0.0,https://docs.tibco.com/products/tibco-silver-fabric-enabler-for-adapter-for-ldap-3-0-0,TRUE,TRUE,Do Not Migrate
TIBCO Silver® Fabric Enabler for Adapter for LDAP,Unassigned,2.0.0,https://docs.tibco.com/products/tibco-silver-fabric-enabler-for-adapter-for-ldap-2-0-0,TRUE,TRUE,Do Not Migrate
TIBCO Silver® Fabric Enabler for Adapter for SAP,Unassigned,3.0.0,https://docs.tibco.com/products/tibco-silver-fabric-enabler-for-adapter-for-sap-3-0-0,TRUE,TRUE,Do Not Migrate
TIBCO Silver® Fabric Enabler for Adapter for SAP,Unassigned,2.0.0,https://docs.tibco.com/products/tibco-silver-fabric-enabler-for-adapter-for-sap-2-0-0,TRUE,TRUE,Do Not Migrate
TIBCO Silver® Fabric Enabler for Apache Tomcat,Unassigned,6.0.0,https://docs.tibco.com/products/tibco-silver-fabric-enabler-for-apache-tomcat-6-0-0,TRUE,TRUE,Do Not Migrate
TIBCO Silver® Fabric Enabler for Apache Tomcat,Unassigned,5.6.0,https://docs.tibco.com/products/tibco-silver-fabric-enabler-for-apache-tomcat-5-6-0,TRUE,TRUE,Do Not Migrate
TIBCO Silver® Fabric Enabler for BEA WebLogic,Unassigned,5.6.0,https://docs.tibco.com/products/tibco-silver-fabric-enabler-for-bea-weblogic-5-6-0,TRUE,TRUE,Do Not Migrate
TIBCO Silver® Fabric Enabler for BEA WebLogic,Unassigned,5.5.1,https://docs.tibco.com/products/tibco-silver-fabric-enabler-for-bea-weblogic-5-5-1,FALSE,TRUE,Do Not Migrate
TIBCO Silver® Fabric Enabler for BusinessConnect™,Unassigned,1.0.0,https://docs.tibco.com/products/tibco-silver-fabric-enabler-for-businessconnect-1-0-0,TRUE,TRUE,Do Not Migrate
TIBCO Silver® Fabric Enabler for Docker,Unassigned,2.0.0,https://docs.tibco.com/products/tibco-silver-fabric-enabler-for-docker-2-0-0,TRUE,TRUE,Do Not Migrate
TIBCO Silver® Fabric Enabler for Docker,Unassigned,1.0.0,https://docs.tibco.com/products/tibco-silver-fabric-enabler-for-docker-1-0-0,TRUE,TRUE,Do Not Migrate
TIBCO Silver® Fabric Enabler for Generic Adapter,Unassigned,1.0.0,https://docs.tibco.com/products/tibco-silver-fabric-enabler-for-generic-adapter-1-0-0,TRUE,TRUE,Do Not Migrate
TIBCO Silver® Fabric Enabler for IBM WebSphere,Unassigned,6.0.0,https://docs.tibco.com/products/tibco-silver-fabric-enabler-for-ibm-websphere-6-0-0,TRUE,TRUE,Do Not Migrate
TIBCO Silver® Fabric Enabler for IBM WebSphere,Unassigned,5.6.0,https://docs.tibco.com/products/tibco-silver-fabric-enabler-for-ibm-websphere-5-6-0,TRUE,TRUE,Do Not Migrate
TIBCO Silver® Fabric Enabler for IBM WebSphere,Unassigned,5.5.1,https://docs.tibco.com/products/tibco-silver-fabric-enabler-for-ibm-websphere-5-5-1,TRUE,TRUE,Do Not Migrate
TIBCO Silver® Fabric Enabler for RedHat JBoss,Unassigned,6.0.0,https://docs.tibco.com/products/tibco-silver-fabric-enabler-for-redhat-jboss-enterprise-application-platform-6-0-0,FALSE,FALSE,Migrate
TIBCO Silver® Fabric Enabler for RedHat JBoss,Unassigned,5.6.0,https://docs.tibco.com/products/tibco-silver-fabric-enabler-for-redhat-jboss-5-6-0,TRUE,TRUE,Do Not Migrate
TIBCO Silver® Fabric Enabler for RedHat JBoss,Unassigned,5.5.1,https://docs.tibco.com/products/tibco-silver-fabric-enabler-for-redhat-jboss-5-5-1,TRUE,TRUE,Do Not Migrate
TIBCO Silver® Fabric Enabler for Spotfire® Web Player,Unassigned,2.1.3,https://docs.tibco.com/products/tibco-silver-fabric-enabler-for-spotfire-web-player-2-1-3,TRUE,TRUE,Do Not Migrate
TIBCO Silver® Fabric Enabler for Spotfire® Web Player,Unassigned,2.1.2,https://docs.tibco.com/products/tibco-silver-fabric-enabler-for-spotfire-web-player-2-1-2,TRUE,TRUE,Do Not Migrate
TIBCO Silver® Fabric Enabler for Spotfire® Web Player,Unassigned,2.1.1,https://docs.tibco.com/products/tibco-silver-fabric-enabler-for-spotfire-web-player-2-1-1,TRUE,TRUE,Do Not Migrate
TIBCO Silver® Fabric Enabler for Spotfire® Web Player,Unassigned,2.1.0,https://docs.tibco.com/products/tibco-silver-fabric-enabler-for-spotfire-web-player-2-1-0,TRUE,TRUE,Do Not Migrate
TIBCO Silver® Fabric Enabler for Spotfire® Web Player,Unassigned,2.0.0,https://docs.tibco.com/products/tibco-silver-fabric-enabler-for-spotfire-web-player-2-0-0,TRUE,TRUE,Do Not Migrate
TIBCO Silver® Fabric Enabler for Spotfire® Web Player,Unassigned,1.6.1,https://docs.tibco.com/products/tibco-silver-fabric-enabler-for-spotfire-web-player-1-6-1,TRUE,TRUE,Do Not Migrate
TIBCO Silver® Fabric Enabler for TIBCO Administrator™ - Enterprise Edition,Unassigned,2.9.0,https://docs.tibco.com/products/tibco-silver-fabric-enabler-for-tibco-administrator-enterprise-edition-2-9-0,FALSE,FALSE,Migrate
TIBCO Silver® Fabric Enabler for TIBCO Administrator™ - Enterprise Edition,Unassigned,2.8.0,https://docs.tibco.com/products/tibco-silver-fabric-enabler-for-tibco-administrator-enterprise-edition-2-8-0,FALSE,FALSE,Do Not Migrate
TIBCO Silver® Fabric Enabler for TIBCO BusinessEvents®,Unassigned,3.4.0,https://docs.tibco.com/products/tibco-silver-fabric-enabler-for-tibco-businessevents-3-4-0,TRUE,TRUE,Do Not Migrate
TIBCO Silver® Fabric Enabler for TIBCO BusinessEvents®,Unassigned,3.3.0,https://docs.tibco.com/products/tibco-silver-fabric-enabler-for-tibco-businessevents-3-3-0,TRUE,TRUE,Do Not Migrate
TIBCO Silver® Fabric Enabler for TIBCO BusinessEvents®,Unassigned,3.2.0,https://docs.tibco.com/products/tibco-silver-fabric-enabler-for-tibco-businessevents-3-2-0,TRUE,TRUE,Do Not Migrate
TIBCO Silver® Fabric Enabler for TIBCO BusinessEvents®,Unassigned,3.1.0,https://docs.tibco.com/products/tibco-silver-fabric-enabler-for-tibco-businessevents-3-1-0,TRUE,TRUE,Do Not Migrate
TIBCO Silver® Fabric Enabler for TIBCO BusinessEvents®,Unassigned,3.0.0,https://docs.tibco.com/products/tibco-silver-fabric-enabler-for-tibco-businessevents-3-0-0,TRUE,TRUE,Do Not Migrate
TIBCO Silver® Fabric Enabler for TIBCO BusinessEvents®,Unassigned,2.5.0,https://docs.tibco.com/products/tibco-silver-fabric-enabler-for-tibco-businessevents-2-5-0,TRUE,TRUE,Do Not Migrate
TIBCO Silver® Fabric Enabler for TIBCO BusinessEvents®,Unassigned,2.0.0,https://docs.tibco.com/products/tibco-silver-fabric-enabler-for-tibco-businessevents-2-0-0,TRUE,TRUE,Do Not Migrate
TIBCO Silver® Fabric Enabler for TIBCO Enterprise Message Service™,Unassigned,2.3.0,https://docs.tibco.com/products/tibco-silver-fabric-enabler-for-tibco-enterprise-message-service-2-3-0,TRUE,TRUE,Do Not Migrate
TIBCO Silver® Fabric Enabler for TIBCO Enterprise Message Service™,Unassigned,2.2.0,https://docs.tibco.com/products/tibco-silver-fabric-enabler-for-tibco-enterprise-message-service-2-2-0,TRUE,TRUE,Do Not Migrate
TIBCO Silver® Fabric Enabler for TIBCO Enterprise Message Service™,Unassigned,2.1.0,https://docs.tibco.com/products/tibco-silver-fabric-enabler-for-tibco-enterprise-message-service-2-1-0,TRUE,TRUE,Do Not Migrate
TIBCO Silver® Fabric Enabler for TIBCO Enterprise Message Service™,Unassigned,2.0.0,https://docs.tibco.com/products/tibco-silver-fabric-enabler-for-tibco-enterprise-message-service-2-0-0,TRUE,TRUE,Do Not Migrate
TIBCO Silver® Fabric Enabler for TIBCO Hawk®,Unassigned,1.3.0,https://docs.tibco.com/products/tibco-silver-fabric-enabler-for-tibco-hawk-1-3-0,TRUE,TRUE,Do Not Migrate
TIBCO Silver® Fabric Enabler for TIBCO Hawk®,Unassigned,1.2.0,https://docs.tibco.com/products/tibco-silver-fabric-enabler-for-tibco-hawk-1-2-0,TRUE,TRUE,Do Not Migrate
TIBCO Silver® Fabric Enabler for TIBCO Hawk®,Unassigned,1.1.0,https://docs.tibco.com/products/tibco-silver-fabric-enabler-for-tibco-hawk-1-1-0,TRUE,TRUE,Do Not Migrate
TIBCO Silver® Fabric Enabler for TIBCO Hawk®,Unassigned,1.0.0,https://docs.tibco.com/products/tibco-silver-fabric-enabler-for-tibco-hawk-1-0-0,TRUE,TRUE,Do Not Migrate
TIBCO Silver® Fabric Enabler for TIBCO® API Exchange Gateway,Unassigned,1.1.0,https://docs.tibco.com/products/tibco-silver-fabric-enabler-for-tibco-api-exchange-gateway-1-1-0,TRUE,TRUE,Do Not Migrate
TIBCO Silver® Fabric Enabler for TIBCO® API Exchange Gateway,Unassigned,1.0.0,https://docs.tibco.com/products/tibco-silver-fabric-enabler-for-tibco-api-exchange-gateway-1-0-0,TRUE,TRUE,Do Not Migrate
TIBCO Silver® Fabric Enabler for TIBCO® Enterprise Administrator,Unassigned,1.0.0,https://docs.tibco.com/products/tibco-silver-fabric-enabler-for-tibco-enterprise-administrator-1-0-0,TRUE,TRUE,Do Not Migrate
TIBCO Silver® Mobile Core for Android,Unassigned,2.1.0,https://docs.tibco.com/products/tibco-silver-mobile-core-for-android-2-1-0,FALSE,FALSE,Do Not Migrate
TIBCO Silver® Mobile Core for Android,Unassigned,2.0.0,https://docs.tibco.com/products/tibco-silver-mobile-core-for-android-2-0-0,FALSE,FALSE,Do Not Migrate
TIBCO Silver® Mobile Core For iOS,Unassigned,2.1.0,https://docs.tibco.com/products/tibco-silver-mobile-core-for-ios-2-1-0,FALSE,FALSE,Do Not Migrate
TIBCO Silver® Mobile Core For iOS,Unassigned,2.0.0,https://docs.tibco.com/products/tibco-silver-mobile-core-for-ios-2-0-0,FALSE,FALSE,Do Not Migrate
TIBCO Silver® Mobile Server,Unassigned,2.1.0,https://docs.tibco.com/products/tibco-silver-mobile-server-2-1-0,FALSE,FALSE,Do Not Migrate
TIBCO Silver® Mobile Server,Unassigned,2.0.0,https://docs.tibco.com/products/tibco-silver-mobile-server-2-0-0,FALSE,FALSE,Do Not Migrate
TIBCO Silver® Mobile Server,Unassigned,1.1.0,https://docs.tibco.com/products/tibco-silver-mobile-server-1-1-0,FALSE,FALSE,Do Not Migrate
TIBCO Silver® Mobile Server,Unassigned,1.0.0,https://docs.tibco.com/products/tibco-silver-mobile-server-1-0-0,FALSE,FALSE,Do Not Migrate
TIBCO Slingshot™,Unassigned,1.9.4,https://docs.tibco.com/products/tibco-slingshot-1-9-4,TRUE,TRUE,Do Not Migrate
TIBCO Slingshot™,Unassigned,1.9.3,https://docs.tibco.com/products/tibco-slingshot-1-9-3,TRUE,TRUE,Do Not Migrate
TIBCO Slingshot™,Unassigned,1.9.2,https://docs.tibco.com/products/tibco-slingshot-1-9-2,TRUE,TRUE,Do Not Migrate
TIBCO Slingshot™,Unassigned,1.9.1,https://docs.tibco.com/products/tibco-slingshot-1-9-1,TRUE,TRUE,Do Not Migrate
TIBCO Slingshot™,Unassigned,1.9.0,https://docs.tibco.com/products/tibco-slingshot-1-9-0,TRUE,TRUE,Do Not Migrate
TIBCO Slingshot™,Unassigned,1.8,https://docs.tibco.com/products/tibco-slingshot-1-8-0,TRUE,FALSE,Do Not Migrate
TIBCO Slingshot™,Unassigned,1.8.1,https://docs.tibco.com/products/tibco-slingshot-1-8-1,TRUE,TRUE,Do Not Migrate
TIBCO Slingshot™,Unassigned,1.7.0,https://docs.tibco.com/products/tibco-slingshot-1-7-0,TRUE,TRUE,Do Not Migrate
TIBCO StreamBase®,Data Science & Streaming,10.3.0,https://docs.tibco.com/products/tibco-streambase-10-3-0,TRUE,FALSE,Do Not Migrate
TIBCO StreamBase®,Data Science & Streaming,10.2.1,https://docs.tibco.com/products/tibco-streambase-10-2-1,TRUE,FALSE,Do Not Migrate
TIBCO StreamBase®,Data Science & Streaming,10.2.0,https://docs.tibco.com/products/tibco-streambase-10-2-0,TRUE,FALSE,Do Not Migrate
TIBCO StreamBase®,Data Science & Streaming,7.7.8,https://docs.tibco.com/products/tibco-streambase-7-7-8,TRUE,FALSE,Do Not Migrate
TIBCO StreamBase®,Data Science & Streaming,7.7.7,https://docs.tibco.com/products/tibco-streambase-7-7-7,TRUE,FALSE,Do Not Migrate
TIBCO StreamBase®,Data Science & Streaming,7.7.6,https://docs.tibco.com/products/tibco-streambase-7-7-6,TRUE,FALSE,Do Not Migrate
TIBCO StreamBase®,Data Science & Streaming,7.7.5,https://docs.tibco.com/products/tibco-streambase-7-7-5,TRUE,FALSE,Do Not Migrate
TIBCO StreamBase®,Data Science & Streaming,7.7.4,https://docs.tibco.com/products/tibco-streambase-7-7-4,TRUE,FALSE,Do Not Migrate
TIBCO StreamBase®,Data Science & Streaming,7.7.3,https://docs.tibco.com/products/tibco-streambase-7-7-3,TRUE,FALSE,Do Not Migrate
TIBCO StreamBase®,Data Science & Streaming,7.7.2,https://docs.tibco.com/products/tibco-streambase-7-7-2,TRUE,FALSE,Do Not Migrate
TIBCO StreamBase®,Data Science & Streaming,7.7.1,https://docs.tibco.com/products/tibco-streambase-7-7-1,TRUE,FALSE,Do Not Migrate
TIBCO StreamBase®,Data Science & Streaming,7.7.0,https://docs.tibco.com/products/tibco-streambase-7-7-0,TRUE,FALSE,Do Not Migrate
TIBCO StreamBase®,Data Science & Streaming,7.6.8,https://docs.tibco.com/products/tibco-streambase-7-6-8,TRUE,FALSE,Do Not Migrate
TIBCO StreamBase®,Data Science & Streaming,7.6.7,https://docs.tibco.com/products/tibco-streambase-7-6-7,TRUE,FALSE,Do Not Migrate
TIBCO StreamBase®,Data Science & Streaming,7.6.6,https://docs.tibco.com/products/tibco-streambase-7-6-6,TRUE,FALSE,Do Not Migrate
TIBCO StreamBase®,Data Science & Streaming,7.6.5,https://docs.tibco.com/products/tibco-streambase-7-6-5,TRUE,FALSE,Do Not Migrate
TIBCO StreamBase®,Data Science & Streaming,7.6.4,https://docs.tibco.com/products/tibco-streambase-7-6-4,TRUE,FALSE,Do Not Migrate
TIBCO StreamBase®,Data Science & Streaming,7.6.3,https://docs.tibco.com/products/tibco-streambase-7-6-3,TRUE,FALSE,Do Not Migrate
TIBCO StreamBase®,Data Science & Streaming,7.6.2,https://docs.tibco.com/products/tibco-streambase-7-6-2,TRUE,FALSE,Do Not Migrate
TIBCO StreamBase®,Data Science & Streaming,7.6.1,https://docs.tibco.com/products/tibco-streambase-7-6-1,TRUE,FALSE,Do Not Migrate
TIBCO StreamBase®,Data Science & Streaming,7.6.0,https://docs.tibco.com/products/tibco-streambase-7-6-0,TRUE,FALSE,Do Not Migrate
TIBCO StreamBase® Add-in for Microsoft Excel,Data Science & Streaming,2.7.0,https://docs.tibco.com/products/tibco-streambase-add-in-for-microsoft-excel-2-7-0,TRUE,FALSE,Do Not Migrate
TIBCO StreamBase® Add-in for Microsoft Excel,Data Science & Streaming,2.6.0,https://docs.tibco.com/products/tibco-streambase-add-in-for-microsoft-excel-2-6-0,TRUE,TRUE,Do Not Migrate
TIBCO StreamBase® Add-in for Microsoft Excel,Data Science & Streaming,2.5.1,https://docs.tibco.com/products/tibco-streambase-add-in-for-microsoft-excel-2-5-1,TRUE,TRUE,Do Not Migrate
TIBCO StreamBase® Add-in for Microsoft Excel,Data Science & Streaming,2.4.0,https://docs.tibco.com/products/tibco-streambase-add-in-for-microsoft-excel-2-4-0,TRUE,TRUE,Do Not Migrate
TIBCO StreamBase® Add-in for Microsoft Excel,Data Science & Streaming,2.3.0,https://docs.tibco.com/products/tibco-streambase-add-in-for-microsoft-excel-2-3-0,TRUE,TRUE,Do Not Migrate
TIBCO StreamBase® CEP Connectivity Package,Data Science & Streaming,7.7.5,https://docs.tibco.com/products/tibco-streambase-cep-connectivity-package-7-7-5,TRUE,FALSE,Do Not Migrate
TIBCO StreamBase® CEP Connectivity Package,Data Science & Streaming,7.7.4,https://docs.tibco.com/products/tibco-streambase-cep-connectivity-package-7-7-4,TRUE,FALSE,Do Not Migrate
TIBCO StreamBase® CEP Connectivity Package,Data Science & Streaming,7.7.3,https://docs.tibco.com/products/tibco-streambase-cep-connectivity-package-7-7-3,TRUE,FALSE,Do Not Migrate
TIBCO StreamBase® CEP Connectivity Package,Data Science & Streaming,7.7.2,https://docs.tibco.com/products/tibco-streambase-cep-connectivity-package-7-7-2,TRUE,FALSE,Do Not Migrate
TIBCO StreamBase® CEP Connectivity Package,Data Science & Streaming,7.7.1,https://docs.tibco.com/products/tibco-streambase-cep-connectivity-package-7-7-1,TRUE,FALSE,Do Not Migrate
TIBCO StreamBase® CEP Connectivity Package,Data Science & Streaming,7.7.0,https://docs.tibco.com/products/tibco-streambase-cep-connectivity-package-7-7-0,TRUE,FALSE,Do Not Migrate
TIBCO StreamBase® CEP Connectivity Package,Data Science & Streaming,7.6.8,https://docs.tibco.com/products/tibco-streambase-cep-connectivity-package-7-6-8,TRUE,FALSE,Do Not Migrate
TIBCO StreamBase® CEP Connectivity Package,Data Science & Streaming,7.6.7,https://docs.tibco.com/products/tibco-streambase-cep-connectivity-package-7-6-7,TRUE,FALSE,Do Not Migrate
TIBCO StreamBase® High-Performance FIX Engine,Data Science & Streaming,11.2.1,https://docs.tibco.com/products/tibco-streambase-high-performance-fix-engine-11-2-1,FALSE,FALSE,Migrate
TIBCO StreamBase® High-Performance FIX Engine,Data Science & Streaming,11.2.0,https://docs.tibco.com/products/tibco-streambase-high-performance-fix-engine-11-2-0,FALSE,FALSE,Migrate
TIBCO StreamBase® High-Performance FIX Engine,Data Science & Streaming,11.1.3,https://docs.tibco.com/products/tibco-streambase-high-performance-fix-engine-11-1-3,FALSE,FALSE,Migrate
TIBCO StreamBase® High-Performance FIX Engine,Data Science & Streaming,11.1.2,https://docs.tibco.com/products/tibco-streambase-high-performance-fix-engine-11-1-2,FALSE,FALSE,Migrate
TIBCO StreamBase® High-Performance FIX Engine,Data Science & Streaming,11.1.1,https://docs.tibco.com/products/spotfire-streambase-high-performance-fix-engine-11-1-1,FALSE,FALSE,Migrate
TIBCO StreamBase® High-Performance FIX Engine,Data Science & Streaming,11.1.0,https://docs.tibco.com/products/spotfire-streambase-high-performance-fix-engine-11-1-0,FALSE,FALSE,Migrate
TIBCO StreamBase® High-Performance FIX Engine,Data Science & Streaming,11.0.1,https://docs.tibco.com/products/tibco-streambase-high-performance-fix-engine-11-0-1,FALSE,FALSE,Do Not Migrate
TIBCO StreamBase® High-Performance FIX Engine,Data Science & Streaming,11.0.0,https://docs.tibco.com/products/tibco-streambase-high-performance-fix-engine-11-0-0,TRUE,FALSE,Do Not Migrate
TIBCO StreamBase® High-Performance FIX Engine,Data Science & Streaming,10.6.6,https://docs.tibco.com/products/spotfire-streambase-high-performance-fix-engine-10-6-6,FALSE,FALSE,Do Not Migrate
TIBCO StreamBase® High-Performance FIX Engine,Data Science & Streaming,10.6.5,https://docs.tibco.com/products/spotfire-streambase-high-performance-fix-engine-10-6-5,FALSE,FALSE,Do Not Migrate
TIBCO StreamBase® High-Performance FIX Engine,Data Science & Streaming,10.6.4,https://docs.tibco.com/products/tibco-streambase-high-performance-fix-engine-10-6-4,FALSE,FALSE,Do Not Migrate
TIBCO StreamBase® High-Performance FIX Engine,Data Science & Streaming,10.6.3,https://docs.tibco.com/products/tibco-streambase-high-performance-fix-engine-10-6-3,TRUE,FALSE,Do Not Migrate
TIBCO StreamBase® High-Performance FIX Engine,Data Science & Streaming,10.6.2,https://docs.tibco.com/products/tibco-streambase-high-performance-fix-engine-10-6-2,TRUE,FALSE,Do Not Migrate
TIBCO StreamBase® High-Performance FIX Engine,Data Science & Streaming,10.6.1,https://docs.tibco.com/products/tibco-streambase-high-performance-fix-engine-10-6-1,TRUE,FALSE,Do Not Migrate
TIBCO StreamBase® High-Performance FIX Engine,Data Science & Streaming,10.6.0,https://docs.tibco.com/products/tibco-streambase-high-performance-fix-engine-10-6-0,TRUE,FALSE,Do Not Migrate
TIBCO StreamBase® High-Performance FIX Engine,Data Science & Streaming,10.5.0,https://docs.tibco.com/products/tibco-streambase-high-performance-fix-engine-10-5-0,TRUE,FALSE,Do Not Migrate
TIBCO StreamBase® High-Performance FIX Engine,Data Science & Streaming,10.4.5,https://docs.tibco.com/products/tibco-streambase-high-performance-fix-engine-10-4-5,TRUE,FALSE,Do Not Migrate
TIBCO StreamBase® High-Performance FIX Engine,Data Science & Streaming,10.4.4,https://docs.tibco.com/products/tibco-streambase-high-performance-fix-engine-10-4-4,TRUE,FALSE,Do Not Migrate
TIBCO StreamBase® High-Performance FIX Engine,Data Science & Streaming,10.4.3,https://docs.tibco.com/products/tibco-streambase-high-performance-fix-engine-10-4-3,TRUE,FALSE,Do Not Migrate
TIBCO StreamBase® High-Performance FIX Engine,Data Science & Streaming,10.4.2,https://docs.tibco.com/products/tibco-streambase-high-performance-fix-engine-10-4-2,TRUE,FALSE,Do Not Migrate
TIBCO StreamBase® High-Performance FIX Engine,Data Science & Streaming,10.4.1,https://docs.tibco.com/products/tibco-streambase-high-performance-fix-engine-10-4-1,TRUE,FALSE,Do Not Migrate
TIBCO StreamBase® High-Performance FIX Engine,Data Science & Streaming,10.4.0,https://docs.tibco.com/products/tibco-streambase-high-performance-fix-engine-10-4-0,TRUE,FALSE,Do Not Migrate
TIBCO StreamBase® High-Performance FIX Engine,Data Science & Streaming,10.3.0,https://docs.tibco.com/products/tibco-streambase-high-performance-fix-engine-10-3-0,TRUE,FALSE,Do Not Migrate
TIBCO StreamBase® High-Performance FIX Engine,Data Science & Streaming,10.2.1,https://docs.tibco.com/products/tibco-streambase-high-performance-fix-engine-10-2-1,TRUE,FALSE,Do Not Migrate
TIBCO StreamBase® High-Performance FIX Engine,Data Science & Streaming,10.2.0,https://docs.tibco.com/products/tibco-streambase-high-performance-fix-engine-10-2-0,TRUE,FALSE,Do Not Migrate
TIBCO StreamBase® High-Performance FIX Engine,Data Science & Streaming,7.7.8,https://docs.tibco.com/products/tibco-streambase-high-performance-fix-engine-7-7-8,TRUE,FALSE,Do Not Migrate
TIBCO StreamBase® High-Performance FIX Engine,Data Science & Streaming,7.7.7,https://docs.tibco.com/products/tibco-streambase-high-performance-fix-engine-7-7-7,TRUE,FALSE,Do Not Migrate
TIBCO StreamBase® High-Performance FIX Engine,Data Science & Streaming,7.7.6,https://docs.tibco.com/products/tibco-streambase-high-performance-fix-engine-7-7-6,TRUE,FALSE,Do Not Migrate
TIBCO StreamBase® High-Performance FIX Engine,Data Science & Streaming,7.7.5,https://docs.tibco.com/products/tibco-streambase-high-performance-fix-engine-7-7-5,TRUE,FALSE,Do Not Migrate
TIBCO StreamBase® High-Performance FIX Engine,Data Science & Streaming,7.7.4,https://docs.tibco.com/products/tibco-streambase-high-performance-fix-engine-7-7-4,TRUE,FALSE,Do Not Migrate
TIBCO StreamBase® High-Performance FIX Engine,Data Science & Streaming,7.7.3,https://docs.tibco.com/products/tibco-streambase-high-performance-fix-engine-7-7-3,TRUE,FALSE,Do Not Migrate
TIBCO StreamBase® High-Performance FIX Engine,Data Science & Streaming,7.7.2,https://docs.tibco.com/products/tibco-streambase-high-performance-fix-engine-7-7-2,TRUE,FALSE,Do Not Migrate
TIBCO StreamBase® High-Performance FIX Engine,Data Science & Streaming,7.7.1,https://docs.tibco.com/products/tibco-streambase-high-performance-fix-engine-7-7-1,TRUE,FALSE,Do Not Migrate
TIBCO StreamBase® High-Performance FIX Engine,Data Science & Streaming,7.7.0,https://docs.tibco.com/products/tibco-streambase-high-performance-fix-engine-7-7-0,TRUE,FALSE,Do Not Migrate
TIBCO StreamBase® High-Performance FIX Engine,Data Science & Streaming,7.6.8,https://docs.tibco.com/products/tibco-streambase-high-performance-fix-engine-7-6-8,TRUE,FALSE,Do Not Migrate
TIBCO StreamBase® High-Performance FIX Engine,Data Science & Streaming,7.6.7,https://docs.tibco.com/products/tibco-streambase-high-performance-fix-engine-7-6-7,TRUE,FALSE,Do Not Migrate
TIBCO StreamBase® Standard Edition,Data Science & Streaming,7.7.4,https://docs.tibco.com/products/tibco-streambase-standard-edition-7-7-4,TRUE,FALSE,Do Not Migrate
TIBCO Substation ES™,Mainframe,2.14.0,https://docs.tibco.com/products/tibco-substation-es-2-14-0,TRUE,FALSE,Migrate
TIBCO Substation ES™,Mainframe,2.13.0,https://docs.tibco.com/products/tibco-substation-es-2-13-0,TRUE,TRUE,Do Not Migrate
TIBCO Substation ES™,Mainframe,2.12.1,https://docs.tibco.com/products/tibco-substation-es-2-12-1,TRUE,TRUE,Do Not Migrate
TIBCO Substation ES™,Mainframe,2.12.0,https://docs.tibco.com/products/tibco-substation-es-2-12-0,TRUE,TRUE,Do Not Migrate
TIBCO Substation ES™,Mainframe,2.11.1,https://docs.tibco.com/products/tibco-substation-es-2-11-1,TRUE,TRUE,Do Not Migrate
TIBCO Substation ES™,Mainframe,2.11.0,https://docs.tibco.com/products/tibco-substation-es-2-11-0,TRUE,TRUE,Do Not Migrate
TIBCO Substation ES™,Mainframe,2.10.0,https://docs.tibco.com/products/tibco-substation-es-2-10-0,TRUE,TRUE,Do Not Migrate
TIBCO Substation ES™,Mainframe,2.9.0,https://docs.tibco.com/products/tibco-substation-es-2-9-0,TRUE,TRUE,Do Not Migrate
TIBCO Substation ES™,Mainframe,2.8.1,https://docs.tibco.com/products/tibco-substation-es-2-8-1,TRUE,TRUE,Do Not Migrate
TIBCO Substation ES™,Mainframe,2.8.0,https://docs.tibco.com/products/tibco-substation-es-2-8-0,TRUE,TRUE,Do Not Migrate
TIBCO Substation ES™,Mainframe,2.7.0,https://docs.tibco.com/products/tibco-substation-es-2-7-0,TRUE,TRUE,Do Not Migrate
TIBCO Substation ES™,Mainframe,2.6.0,https://docs.tibco.com/products/tibco-substation-es-2-6-0,TRUE,FALSE,Do Not Migrate
TIBCO Transaction Interface™ for CICS,Mainframe,2.14.0,https://docs.tibco.com/products/tibco-transaction-interface-for-cics-2-14-0,TRUE,FALSE,Do Not Migrate
TIBCO Transaction Interface™ for CICS,Mainframe,2.13.0,https://docs.tibco.com/products/tibco-transaction-interface-for-cics-2-13-0,TRUE,FALSE,Do Not Migrate
TIBCO Transaction Interface™ for CICS,Mainframe,2.12.1,https://docs.tibco.com/products/tibco-transaction-interface-for-cics-2-12-1,TRUE,FALSE,Do Not Migrate
TIBCO Transaction Interface™ for CICS,Mainframe,2.12.0,https://docs.tibco.com/products/tibco-transaction-interface-for-cics-2-12-0,TRUE,FALSE,Do Not Migrate
TIBCO Transaction Interface™ for CICS,Mainframe,2.11.1,https://docs.tibco.com/products/tibco-transaction-interface-for-cics-2-11-1,TRUE,FALSE,Do Not Migrate
TIBCO Transaction Interface™ for CICS,Mainframe,2.11.0,https://docs.tibco.com/products/tibco-transaction-interface-for-cics-2-11-0,TRUE,FALSE,Do Not Migrate
TIBCO Transaction Interface™ for CICS,Mainframe,2.10.0,https://docs.tibco.com/products/tibco-transaction-interface-for-cics-2-10-0,TRUE,FALSE,Do Not Migrate
TIBCO Transaction Interface™ for CICS,Mainframe,2.9.0,https://docs.tibco.com/products/tibco-transaction-interface-for-cics-2-9-0,TRUE,FALSE,Do Not Migrate
TIBCO Transaction Interface™ for IMS,Mainframe,2.14.0,https://docs.tibco.com/products/tibco-transaction-interface-for-ims-2-14-0,FALSE,FALSE,Do Not Migrate
TIBCO Transaction Interface™ for IMS,Mainframe,2.13.0,https://docs.tibco.com/products/tibco-transaction-interface-for-ims-2-13-0,FALSE,FALSE,Do Not Migrate
TIBCO Transaction Interface™ for IMS,Mainframe,2.12.0,https://docs.tibco.com/products/tibco-transaction-interface-for-ims-2-12-0,FALSE,FALSE,Do Not Migrate
TIBCO Transaction Interface™ for IMS,Mainframe,2.11.0,https://docs.tibco.com/products/tibco-transaction-interface-for-ims-2-11-0,FALSE,FALSE,Do Not Migrate
TIBCO Transaction Interface™ for IMS,Mainframe,2.10.0,https://docs.tibco.com/products/tibco-transaction-interface-for-ims-2-10-0,FALSE,FALSE,Do Not Migrate
TIBCO Transaction Interface™ for IMS,Mainframe,2.9.0,https://docs.tibco.com/products/tibco-transaction-interface-for-ims-2-9-0,FALSE,FALSE,Do Not Migrate
TIBCO® Activation Service,Unassigned,1.1.0,https://docs.tibco.com/products/tibco-activation-service-1-1-0,FALSE,FALSE,Migrate
TIBCO® Activation Service,Unassigned,1.0.0,https://docs.tibco.com/products/tibco-activation-service-1-0-0,FALSE,FALSE,Migrate
TIBCO® Adapter for Files (IBM i),Integration,5.0.1,https://docs.tibco.com/products/tibco-adapter-for-files-ibm-i-5-0-1,TRUE,FALSE,Migrate
TIBCO® Adapter for Files (IBM i),Integration,5.0.0,https://docs.tibco.com/products/tibco-adapter-for-files-ibm-i-5-0-0,TRUE,FALSE,Do Not Migrate
TIBCO® Adapter for Files (IBM i),Integration,4.7,https://docs.tibco.com/products/tibco-adapter-for-files-ibm-i-4-7,TRUE,FALSE,Do Not Migrate
TIBCO® Adapter Migration,Unassigned,1.8.1,https://docs.tibco.com/products/tibco-adapter-migration-1-8-1,FALSE,FALSE,Migrate
TIBCO® Adapter Migration,Unassigned,1.8.0,https://docs.tibco.com/products/tibco-adapter-migration-1-8-0,FALSE,FALSE,Migrate
TIBCO® Adapter Migration,Unassigned,1.7.0,https://docs.tibco.com/products/tibco-adapter-migration-1-7-0,FALSE,FALSE,Migrate
TIBCO® Adapter SDK,Integration,5.8.0,https://docs.tibco.com/products/tibco-adapter-sdk-5-8-0,FALSE,FALSE,Migrate
TIBCO® Adapter SDK,Integration,5.7.0,https://docs.tibco.com/products/tibco-adapter-sdk-5-7-0,TRUE,TRUE,Do Not Migrate
TIBCO® Analytics,Visual Analytics,10.6.1,https://docs.tibco.com/products/tibco-analytics-10-6-1,TRUE,FALSE,Do Not Migrate
TIBCO® Analytics,Visual Analytics,10.6.0,https://docs.tibco.com/products/tibco-analytics-10-6-0,TRUE,FALSE,Do Not Migrate
TIBCO® Analytics,Visual Analytics,10.5.0,https://docs.tibco.com/products/tibco-analytics-10-5-0,TRUE,FALSE,Do Not Migrate
TIBCO® Analytics,Visual Analytics,10.4.0,https://docs.tibco.com/products/tibco-analytics-10-4-0,TRUE,FALSE,Do Not Migrate
TIBCO® Analytics,Visual Analytics,10.3.4,https://docs.tibco.com/products/tibco-analytics-10-3-4,TRUE,FALSE,Do Not Migrate
TIBCO® Analytics,Visual Analytics,10.3.3,https://docs.tibco.com/products/tibco-analytics-10-3-3,TRUE,FALSE,Do Not Migrate
TIBCO® Analytics,Visual Analytics,10.3.2,https://docs.tibco.com/products/tibco-analytics-10-3-2,TRUE,FALSE,Do Not Migrate
TIBCO® Analytics,Visual Analytics,10.3.1,https://docs.tibco.com/products/tibco-analytics-10-3-1,TRUE,FALSE,Do Not Migrate
TIBCO® Analytics,Visual Analytics,10.3.0,https://docs.tibco.com/products/tibco-analytics-10-3-0,TRUE,FALSE,Do Not Migrate
TIBCO® Analytics,Visual Analytics,10.2.1,https://docs.tibco.com/products/tibco-analytics-10-2-1,TRUE,FALSE,Do Not Migrate
TIBCO® Analytics,Visual Analytics,10.2.0,https://docs.tibco.com/products/tibco-analytics-10-2-0,TRUE,FALSE,Do Not Migrate
TIBCO® Analytics,Visual Analytics,10.1.0,https://docs.tibco.com/products/tibco-analytics-10-1-0,TRUE,FALSE,Do Not Migrate
TIBCO® Analytics,Visual Analytics,10.0.1,https://docs.tibco.com/products/tibco-analytics-10-0-1,TRUE,FALSE,Do Not Migrate
TIBCO® Analytics,Visual Analytics,10.0.0,https://docs.tibco.com/products/tibco-analytics-10-0-0,TRUE,FALSE,Do Not Migrate
TIBCO® Analytics,Visual Analytics,7.14.1,https://docs.tibco.com/products/tibco-analytics-7-14-1,TRUE,FALSE,Do Not Migrate
TIBCO® Analytics,Visual Analytics,7.14.0,https://docs.tibco.com/products/tibco-analytics-7-14-0,TRUE,FALSE,Do Not Migrate
TIBCO® Analytics,Visual Analytics,7.13.0,https://docs.tibco.com/products/tibco-analytics-7-13-0,TRUE,FALSE,Do Not Migrate
TIBCO® Analytics,Visual Analytics,7.12.0,https://docs.tibco.com/products/tibco-analytics-7-12-0,TRUE,FALSE,Do Not Migrate
TIBCO® Analytics,Visual Analytics,7.11.7,https://docs.tibco.com/products/tibco-analytics-7-11-7,TRUE,FALSE,Do Not Migrate
TIBCO® Analytics,Visual Analytics,7.11.6,https://docs.tibco.com/products/tibco-analytics-7-11-6,TRUE,FALSE,Do Not Migrate
TIBCO® Analytics,Visual Analytics,7.11.5,https://docs.tibco.com/products/tibco-analytics-7-11-5,TRUE,FALSE,Do Not Migrate
TIBCO® Analytics,Visual Analytics,7.11.4,https://docs.tibco.com/products/tibco-analytics-7-11-4,TRUE,FALSE,Do Not Migrate
TIBCO® Analytics,Visual Analytics,7.11.3,https://docs.tibco.com/products/tibco-analytics-7-11-3,TRUE,FALSE,Do Not Migrate
TIBCO® Analytics,Visual Analytics,7.11.2,https://docs.tibco.com/products/tibco-analytics-7-11-2,TRUE,FALSE,Do Not Migrate
TIBCO® Analytics,Visual Analytics,7.11.1,https://docs.tibco.com/products/tibco-analytics-7-11-1,TRUE,FALSE,Do Not Migrate
TIBCO® Analytics,Visual Analytics,7.11.0,https://docs.tibco.com/products/tibco-analytics-7-11-0,TRUE,FALSE,Do Not Migrate
TIBCO® Analytics,Visual Analytics,7.10.1,https://docs.tibco.com/products/tibco-analytics-7-10-1,TRUE,FALSE,Do Not Migrate
TIBCO® Analytics,Visual Analytics,7.10.0,https://docs.tibco.com/products/tibco-analytics-7-10-0,TRUE,FALSE,Do Not Migrate
TIBCO® Analytics,Visual Analytics,7.9.0,https://docs.tibco.com/products/tibco-analytics-7-9-0,TRUE,FALSE,Do Not Migrate
TIBCO® Analytics,Visual Analytics,7.8.1,https://docs.tibco.com/products/tibco-analytics-7-8-1,TRUE,FALSE,Do Not Migrate
TIBCO® Analytics - Business Author Add-on,Visual Analytics,10.6.1,https://docs.tibco.com/products/tibco-analytics-business-author-add-on-10-6-1,TRUE,FALSE,Do Not Migrate
TIBCO® Analytics - Business Author Add-on,Visual Analytics,10.6.0,https://docs.tibco.com/products/tibco-analytics-business-author-add-on-10-6-0,TRUE,FALSE,Do Not Migrate
TIBCO® Analytics - Business Author Add-on,Visual Analytics,10.5.0,https://docs.tibco.com/products/tibco-analytics-business-author-add-on-10-5-0,TRUE,FALSE,Do Not Migrate
TIBCO® Analytics - Business Author Add-on,Visual Analytics,10.4.0,https://docs.tibco.com/products/tibco-analytics-business-author-add-on-10-4-0,TRUE,FALSE,Do Not Migrate
TIBCO® Analytics - Business Author Add-on,Visual Analytics,10.3.4,https://docs.tibco.com/products/tibco-analytics-business-author-add-on-10-3-4,TRUE,FALSE,Do Not Migrate
TIBCO® Analytics - Business Author Add-on,Visual Analytics,10.3.3,https://docs.tibco.com/products/tibco-analytics-business-author-add-on-10-3-3,TRUE,FALSE,Do Not Migrate
TIBCO® Analytics - Business Author Add-on,Visual Analytics,10.3.2,https://docs.tibco.com/products/tibco-analytics-business-author-add-on-10-3-2,TRUE,FALSE,Do Not Migrate
TIBCO® Analytics - Business Author Add-on,Visual Analytics,10.3.1,https://docs.tibco.com/products/tibco-analytics-business-author-add-on-10-3-1,TRUE,FALSE,Do Not Migrate
TIBCO® Analytics - Business Author Add-on,Visual Analytics,10.3.0,https://docs.tibco.com/products/tibco-analytics-business-author-add-on-10-3-0,TRUE,FALSE,Do Not Migrate
TIBCO® Analytics - Business Author Add-on,Visual Analytics,10.2.1,https://docs.tibco.com/products/tibco-analytics-business-author-add-on-10-2-1,TRUE,FALSE,Do Not Migrate
TIBCO® Analytics - Business Author Add-on,Visual Analytics,10.2.0,https://docs.tibco.com/products/tibco-analytics-business-author-add-on-10-2-0,TRUE,FALSE,Do Not Migrate
TIBCO® Analytics - Business Author Add-on,Visual Analytics,10.1.0,https://docs.tibco.com/products/tibco-analytics-business-author-add-on-10-1-0,TRUE,FALSE,Do Not Migrate
TIBCO® Analytics - Business Author Add-on,Visual Analytics,10.0.1,https://docs.tibco.com/products/tibco-analytics-business-author-add-on-10-0-1,TRUE,FALSE,Do Not Migrate
TIBCO® Analytics - Business Author Add-on,Visual Analytics,10.0.0,https://docs.tibco.com/products/tibco-analytics-business-author-add-on-10-0-0,TRUE,FALSE,Do Not Migrate
TIBCO® Analytics - Business Author Add-on,Visual Analytics,7.14.1,https://docs.tibco.com/products/tibco-analytics-business-author-add-on-7-14-1,TRUE,FALSE,Do Not Migrate
TIBCO® Analytics - Business Author Add-on,Visual Analytics,7.14.0,https://docs.tibco.com/products/tibco-analytics-business-author-add-on-7-14-0,TRUE,FALSE,Do Not Migrate
TIBCO® Analytics - Business Author Add-on,Visual Analytics,7.13.0,https://docs.tibco.com/products/tibco-analytics-business-author-add-on-7-13-0,TRUE,FALSE,Do Not Migrate
TIBCO® Analytics - Business Author Add-on,Visual Analytics,7.12.0,https://docs.tibco.com/products/tibco-analytics---business-author-add-on-7-12-0,TRUE,FALSE,Do Not Migrate
TIBCO® Analytics - Business Author Add-on,Visual Analytics,7.11.7,https://docs.tibco.com/products/tibco-analytics-business-author-add-on-7-11-7,TRUE,FALSE,Do Not Migrate
TIBCO® Analytics - Business Author Add-on,Visual Analytics,7.11.6,https://docs.tibco.com/products/tibco-analytics-business-author-add-on-7-11-6,TRUE,FALSE,Do Not Migrate
TIBCO® Analytics - Business Author Add-on,Visual Analytics,7.11.5,https://docs.tibco.com/products/tibco-analytics-business-author-add-on-7-11-5,TRUE,FALSE,Do Not Migrate
TIBCO® Analytics - Business Author Add-on,Visual Analytics,7.11.4,https://docs.tibco.com/products/tibco-analytics-business-author-add-on-7-11-4,TRUE,FALSE,Do Not Migrate
TIBCO® Analytics - Business Author Add-on,Visual Analytics,7.11.3,https://docs.tibco.com/products/tibco-analytics-business-author-add-on-7-11-3,TRUE,FALSE,Do Not Migrate
TIBCO® Analytics - Business Author Add-on,Visual Analytics,7.11.2,https://docs.tibco.com/products/tibco-analytics-business-author-add-on-7-11-2,TRUE,FALSE,Do Not Migrate
TIBCO® Analytics - Business Author Add-on,Visual Analytics,7.11.1,https://docs.tibco.com/products/tibco-analytics-business-author-add-on-7-11-1,TRUE,FALSE,Do Not Migrate
TIBCO® Analytics - Business Author Add-on,Visual Analytics,7.11.0,https://docs.tibco.com/products/tibco-analytics-business-author-add-on-7-11-0,TRUE,FALSE,Do Not Migrate
TIBCO® Analytics - Business Author Add-on,Visual Analytics,7.10.0,https://docs.tibco.com/products/tibco-analytics-business-author-add-on-7-10-0,TRUE,FALSE,Do Not Migrate
TIBCO® Analytics - Business Author Add-on,Visual Analytics,7.9.0,https://docs.tibco.com/products/tibco-analytics-business-author-add-on-7-9-0,TRUE,FALSE,Do Not Migrate
TIBCO® Analytics - Business Author Add-on,Visual Analytics,7.8.1,https://docs.tibco.com/products/tibco-analytics---business-author-add-on-7-8-1,TRUE,FALSE,Do Not Migrate
TIBCO® Analytics - Consumer Add-on,Visual Analytics,10.6.1,https://docs.tibco.com/products/tibco-analytics-consumer-add-on-10-6-1,TRUE,FALSE,Do Not Migrate
TIBCO® Analytics - Consumer Add-on,Visual Analytics,10.6.0,https://docs.tibco.com/products/tibco-analytics-consumer-add-on-10-6-0,TRUE,FALSE,Do Not Migrate
TIBCO® Analytics - Consumer Add-on,Visual Analytics,10.5.0,https://docs.tibco.com/products/tibco-analytics-consumer-add-on-10-5-0,TRUE,FALSE,Do Not Migrate
TIBCO® Analytics - Consumer Add-on,Visual Analytics,10.4.0,https://docs.tibco.com/products/tibco-analytics-consumer-add-on-10-4-0,TRUE,FALSE,Do Not Migrate
TIBCO® Analytics - Consumer Add-on,Visual Analytics,10.3.4,https://docs.tibco.com/products/tibco-analytics-consumer-add-on-10-3-4,TRUE,FALSE,Do Not Migrate
TIBCO® Analytics - Consumer Add-on,Visual Analytics,10.3.3,https://docs.tibco.com/products/tibco-analytics-consumer-add-on-10-3-3,TRUE,FALSE,Do Not Migrate
TIBCO® Analytics - Consumer Add-on,Visual Analytics,10.3.2,https://docs.tibco.com/products/tibco-analytics-consumer-add-on-10-3-2,TRUE,FALSE,Do Not Migrate
TIBCO® Analytics - Consumer Add-on,Visual Analytics,10.3.1,https://docs.tibco.com/products/tibco-analytics-consumer-add-on-10-3-1,TRUE,FALSE,Do Not Migrate
TIBCO® Analytics - Consumer Add-on,Visual Analytics,10.3.0,https://docs.tibco.com/products/tibco-analytics-consumer-add-on-10-3-0,TRUE,FALSE,Do Not Migrate
TIBCO® Analytics - Consumer Add-on,Visual Analytics,10.2.1,https://docs.tibco.com/products/tibco-analytics-consumer-add-on-10-2-1,TRUE,FALSE,Do Not Migrate
TIBCO® Analytics - Consumer Add-on,Visual Analytics,10.2.0,https://docs.tibco.com/products/tibco-analytics-consumer-add-on-10-2-0,TRUE,FALSE,Do Not Migrate
TIBCO® Analytics - Consumer Add-on,Visual Analytics,10.1.0,https://docs.tibco.com/products/tibco-analytics-consumer-add-on-10-1-0,TRUE,FALSE,Do Not Migrate
TIBCO® Analytics - Consumer Add-on,Visual Analytics,10.0.1,https://docs.tibco.com/products/tibco-analytics-consumer-add-on-10-0-1,TRUE,FALSE,Do Not Migrate
TIBCO® Analytics - Consumer Add-on,Visual Analytics,10.0.0,https://docs.tibco.com/products/tibco-analytics-consumer-add-on-10-0-0,TRUE,FALSE,Do Not Migrate
TIBCO® Analytics - Consumer Add-on,Visual Analytics,7.14.1,https://docs.tibco.com/products/tibco-analytics-consumer-add-on-7-14-1,TRUE,FALSE,Do Not Migrate
TIBCO® Analytics - Consumer Add-on,Visual Analytics,7.14.0,https://docs.tibco.com/products/tibco-analytics-consumer-add-on-7-14-0,TRUE,FALSE,Do Not Migrate
TIBCO® Analytics - Consumer Add-on,Visual Analytics,7.13.0,https://docs.tibco.com/products/tibco-analytics-consumer-add-on-7-13-0,TRUE,FALSE,Do Not Migrate
TIBCO® Analytics - Consumer Add-on,Visual Analytics,7.12.0,https://docs.tibco.com/products/tibco-analytics---consumer-add-on-7-12-0,TRUE,FALSE,Do Not Migrate
TIBCO® Analytics - Consumer Add-on,Visual Analytics,7.11.7,https://docs.tibco.com/products/tibco-analytics-consumer-add-on-7-11-7,TRUE,FALSE,Do Not Migrate
TIBCO® Analytics - Consumer Add-on,Visual Analytics,7.11.6,https://docs.tibco.com/products/tibco-analytics-consumer-add-on-7-11-6,TRUE,FALSE,Do Not Migrate
TIBCO® Analytics - Consumer Add-on,Visual Analytics,7.11.5,https://docs.tibco.com/products/tibco-analytics-consumer-add-on-7-11-5,TRUE,FALSE,Do Not Migrate
TIBCO® Analytics - Consumer Add-on,Visual Analytics,7.11.4,https://docs.tibco.com/products/tibco-analytics-consumer-add-on-7-11-4,TRUE,FALSE,Do Not Migrate
TIBCO® Analytics - Consumer Add-on,Visual Analytics,7.11.3,https://docs.tibco.com/products/tibco-analytics-consumer-add-on-7-11-3,TRUE,FALSE,Do Not Migrate
TIBCO® Analytics - Consumer Add-on,Visual Analytics,7.11.2,https://docs.tibco.com/products/tibco-analytics-consumer-add-on-7-11-2,TRUE,FALSE,Do Not Migrate
TIBCO® Analytics - Consumer Add-on,Visual Analytics,7.11.1,https://docs.tibco.com/products/tibco-analytics-consumer-add-on-7-11-1,TRUE,FALSE,Do Not Migrate
TIBCO® Analytics - Consumer Add-on,Visual Analytics,7.11.0,https://docs.tibco.com/products/tibco-analytics-consumer-add-on-7-11-0,TRUE,FALSE,Do Not Migrate
TIBCO® Analytics - Consumer Add-on,Visual Analytics,7.10.0,https://docs.tibco.com/products/tibco-analytics-consumer-add-on-7-10-0,TRUE,FALSE,Do Not Migrate
TIBCO® Analytics - Consumer Add-on,Visual Analytics,7.9.0,https://docs.tibco.com/products/tibco-analytics---consumer-add-on-7-9-0,TRUE,FALSE,Do Not Migrate
TIBCO® Analytics - Consumer Add-on,Visual Analytics,7.8.1,https://docs.tibco.com/products/tibco-analytics---consumer-add-on-7-8-1,TRUE,FALSE,Do Not Migrate
TIBCO® API Exchange Gateway,Unassigned,2.5.1,https://docs.tibco.com/products/tibco-api-exchange-gateway-2-5-1,FALSE,FALSE,Do Not Migrate
TIBCO® API Exchange Gateway,Unassigned,2.5.0,https://docs.tibco.com/products/tibco-api-exchange-gateway-2-5-0,FALSE,FALSE,Do Not Migrate
TIBCO® API Exchange Gateway,Unassigned,2.4.1,https://docs.tibco.com/products/tibco-api-exchange-gateway-2-4-1,FALSE,FALSE,Do Not Migrate
TIBCO® API Exchange Gateway,Unassigned,2.4.0,https://docs.tibco.com/products/tibco-api-exchange-gateway-2-4-0,FALSE,FALSE,Do Not Migrate
TIBCO® API Exchange Gateway,Unassigned,2.3.3,https://docs.tibco.com/products/tibco-api-exchange-gateway-2-3-3,FALSE,FALSE,Do Not Migrate
TIBCO® API Exchange Gateway,Unassigned,2.3.2,https://docs.tibco.com/products/tibco-api-exchange-gateway-2-3-2,FALSE,FALSE,Do Not Migrate
TIBCO® API Exchange Gateway,Unassigned,2.3.1,https://docs.tibco.com/products/tibco-api-exchange-gateway-2-3-1,FALSE,FALSE,Do Not Migrate
TIBCO® API Exchange Gateway,Unassigned,2.3.0,https://docs.tibco.com/products/tibco-api-exchange-gateway-2-3-0,FALSE,FALSE,Do Not Migrate
TIBCO® API Exchange Gateway,Unassigned,2.2.1,https://docs.tibco.com/products/tibco-api-exchange-gateway-2-2-1,FALSE,FALSE,Do Not Migrate
TIBCO® API Exchange Gateway,Unassigned,2.2.0,https://docs.tibco.com/products/tibco-api-exchange-gateway-2-2-0,FALSE,FALSE,Do Not Migrate
TIBCO® API Exchange Gateway,Unassigned,2.1.1,https://docs.tibco.com/products/tibco-api-exchange-gateway-2-1-1,FALSE,FALSE,Do Not Migrate
TIBCO® API Exchange Gateway,Unassigned,2.1.0,https://docs.tibco.com/products/tibco-api-exchange-gateway-2-1-0,FALSE,FALSE,Do Not Migrate
TIBCO® API Exchange Gateway,Unassigned,2.0.0,https://docs.tibco.com/products/tibco-api-exchange-gateway-2-0-0,FALSE,FALSE,Do Not Migrate
TIBCO® API Exchange Manager,Unassigned,2.3.3,https://docs.tibco.com/products/tibco-api-exchange-manager-2-3-3,FALSE,FALSE,Do Not Migrate
TIBCO® API Exchange Manager,Unassigned,2.3.2,https://docs.tibco.com/products/tibco-api-exchange-manager-2-3-2,FALSE,FALSE,Do Not Migrate
TIBCO® API Exchange Manager,Unassigned,2.3.1,https://docs.tibco.com/products/tibco-api-exchange-manager-2-3-1,FALSE,FALSE,Do Not Migrate
TIBCO® API Exchange Manager,Unassigned,2.3.0,https://docs.tibco.com/products/tibco-api-exchange-manager-2-3-0,FALSE,FALSE,Do Not Migrate
TIBCO® API Exchange Manager,Unassigned,2.2.1,https://docs.tibco.com/products/tibco-api-exchange-2-2-1,TRUE,FALSE,Do Not Migrate
TIBCO® API Exchange Manager,Unassigned,2.2.0,https://docs.tibco.com/products/tibco-api-exchange-2-2-0,TRUE,FALSE,Do Not Migrate
TIBCO® API Exchange Manager,Unassigned,2.1.1,https://docs.tibco.com/products/tibco-api-exchange-2-1-1,TRUE,FALSE,Do Not Migrate
TIBCO® API Exchange Manager,Unassigned,2.1.0,https://docs.tibco.com/products/tibco-api-exchange-2-1-0,TRUE,FALSE,Do Not Migrate
TIBCO® Application Integration B2B,Unassigned,1.3.0,https://docs.tibco.com/products/tibco-application-integration-b2b-1-3-0,FALSE,FALSE,Migrate
TIBCO® Application Integration B2B,Unassigned,1.2.0,https://docs.tibco.com/products/tibco-application-integration-b2b-1-2-0,FALSE,FALSE,Migrate
TIBCO® Application Integration B2B,Unassigned,1.1.0,https://docs.tibco.com/products/tibco-application-integration-b2b-1-1-0,FALSE,FALSE,Migrate
TIBCO® Application Integration B2B,Unassigned,1.0.0,https://docs.tibco.com/products/tibco-application-integration-b2b-1-0-0,FALSE,FALSE,Migrate
TIBCO® AuditSafe,Unassigned,1.4.0,https://docs.tibco.com/products/tibco-auditsafe-1-4-0,FALSE,TRUE,Do Not Migrate
TIBCO® AuditSafe,Unassigned,1.3.0,https://docs.tibco.com/products/tibco-auditsafe-1-3-0,FALSE,TRUE,Do Not Migrate
TIBCO® AuditSafe,Unassigned,1.2.0,https://docs.tibco.com/products/tibco-auditsafe-1-2-0,FALSE,TRUE,Do Not Migrate
TIBCO® AuditSafe,Unassigned,1.1.1,https://docs.tibco.com/products/tibco-auditsafe-1-1-1,TRUE,TRUE,Do Not Migrate
TIBCO® AuditSafe,Unassigned,1.1.0,https://docs.tibco.com/products/tibco-auditsafe-1-1-0,TRUE,TRUE,Do Not Migrate
TIBCO® AuditSafe,Unassigned,1.0.0,https://docs.tibco.com/products/tibco-auditsafe-1-0-0,TRUE,TRUE,Do Not Migrate
TIBCO® BPM Enterprise,Business Process Management,5.7.0,https://docs.tibco.com/products/tibco-bpm-enterprise-5-7-0,FALSE,FALSE,Migrate
TIBCO® BPM Enterprise,Business Process Management,5.6.1,https://docs.tibco.com/products/tibco-bpm-enterprise-5-6-1,FALSE,FALSE,Migrate
TIBCO® BPM Enterprise,Business Process Management,5.6.0,https://docs.tibco.com/products/tibco-bpm-enterprise-5-6-0,FALSE,FALSE,Migrate
TIBCO® BPM Enterprise,Business Process Management,5.5.0,https://docs.tibco.com/products/tibco-bpm-enterprise-5-5-0,FALSE,TRUE,Do Not Migrate
TIBCO® BPM Enterprise,Business Process Management,5.4.0,https://docs.tibco.com/products/tibco-bpm-enterprise-5-4-0,FALSE,TRUE,Do Not Migrate
TIBCO® BPM Enterprise,Business Process Management,5.3.0,https://docs.tibco.com/products/tibco-bpm-enterprise-5-3-0,TRUE,TRUE,Do Not Migrate
TIBCO® BPM Enterprise,Business Process Management,5.2.2,https://docs.tibco.com/products/tibco-bpm-enterprise-5-2-2,TRUE,TRUE,Do Not Migrate
TIBCO® BPM Enterprise,Business Process Management,5.2.1,https://docs.tibco.com/products/tibco-bpm-enterprise-5-2-1,TRUE,TRUE,Do Not Migrate
TIBCO® BPM Enterprise,Business Process Management,5.2.0,https://docs.tibco.com/products/tibco-bpm-enterprise-5-2-0,TRUE,TRUE,Do Not Migrate
TIBCO® BPM Enterprise,Business Process Management,5.1.0,https://docs.tibco.com/products/tibco-bpm-enterprise-5-1-0,TRUE,TRUE,Do Not Migrate
TIBCO® BPM Enterprise,Business Process Management,5.0.0,https://docs.tibco.com/products/tibco-bpm-enterprise-5-0-0,TRUE,TRUE,Do Not Migrate
TIBCO® BPM Enterprise,Business Process Management,4.3.5,https://docs.tibco.com/products/tibco-bpm-enterprise-4-3-5,FALSE,FALSE,Migrate
TIBCO® BPM Enterprise,Business Process Management,4.3.4,https://docs.tibco.com/products/tibco-bpm-enterprise-4-3-4,FALSE,TRUE,Do Not Migrate
TIBCO® BPM Enterprise,Business Process Management,4.3.3,https://docs.tibco.com/products/tibco-bpm-enterprise-4-3-3,FALSE,TRUE,Do Not Migrate
TIBCO® BPM Enterprise,Business Process Management,4.3.2,https://docs.tibco.com/products/tibco-bpm-enterprise-4-3-2,TRUE,TRUE,Do Not Migrate
TIBCO® BPM Enterprise,Business Process Management,4.3.1,https://docs.tibco.com/products/tibco-bpm-enterprise-4-3-1,TRUE,TRUE,Do Not Migrate
TIBCO® BPM Suite,Unassigned,4.3.2,https://docs.tibco.com/products/tibco-bpm-suite-4-3-2,FALSE,FALSE,Do Not Migrate
TIBCO® BPM Suite,Unassigned,4.3.1,https://docs.tibco.com/products/tibco-bpm-suite-4-3-1,FALSE,FALSE,Do Not Migrate
TIBCO® BPM Suite,Unassigned,4.3.0,https://docs.tibco.com/products/tibco-bpm-suite-4-3-0,FALSE,FALSE,Do Not Migrate
TIBCO® BPM Suite,Unassigned,4.2.0,https://docs.tibco.com/products/tibco-bpm-suite-4-2-0,FALSE,FALSE,Do Not Migrate
TIBCO® BPM Suite,Unassigned,4.1.0,https://docs.tibco.com/products/tibco-bpm-suite-4-1-0,TRUE,FALSE,Do Not Migrate
TIBCO® BPM Suite,Unassigned,4.0.0,https://docs.tibco.com/products/tibco-bpm-suite-4-0-0,TRUE,FALSE,Do Not Migrate
TIBCO® Clarity,Master Data Management,3.0.0,https://docs.tibco.com/products/tibco-clarity-3-0-0,TRUE,FALSE,Do Not Migrate
TIBCO® Clarity,Master Data Management,2.4.0,https://docs.tibco.com/products/tibco-clarity-2-4-0,TRUE,FALSE,Do Not Migrate
TIBCO® Clarity,Master Data Management,2.3.0,https://docs.tibco.com/products/tibco-clarity-2-3-0,FALSE,FALSE,Do Not Migrate
TIBCO® Clarity,Master Data Management,2.2.0,https://docs.tibco.com/products/tibco-clarity-2-2-0,TRUE,FALSE,Do Not Migrate
TIBCO® Clarity,Master Data Management,2.1.0,https://docs.tibco.com/products/tibco-clarity-2-1-0,TRUE,FALSE,Do Not Migrate
TIBCO® Clarity,Master Data Management,2.0.1,https://docs.tibco.com/products/tibco-clarity-2-0-1,TRUE,FALSE,Do Not Migrate
TIBCO® Clarity,Master Data Management,2.0.0,https://docs.tibco.com/products/tibco-clarity-2-0-0,TRUE,FALSE,Do Not Migrate
TIBCO® Clarity,Master Data Management,1.3.2,https://docs.tibco.com/products/tibco-clarity-1-3-2,TRUE,FALSE,Do Not Migrate
TIBCO® Clarity,Master Data Management,1.3.1,https://docs.tibco.com/products/tibco-clarity-1-3-1,TRUE,FALSE,Do Not Migrate
TIBCO® Clarity,Master Data Management,1.3.0,https://docs.tibco.com/products/tibco-clarity-1-3-0,TRUE,FALSE,Do Not Migrate
TIBCO® Clarity,Master Data Management,1.2.0,https://docs.tibco.com/products/tibco-clarity-1-2-0,TRUE,FALSE,Do Not Migrate
TIBCO® Clarity,Master Data Management,1.1.0,https://docs.tibco.com/products/tibco-clarity-1-1-0,TRUE,FALSE,Do Not Migrate
TIBCO® Clarity,Master Data Management,1.0.1,https://docs.tibco.com/products/tibco-clarity-1-0-1,TRUE,FALSE,Do Not Migrate
TIBCO® Clarity,Master Data Management,1.0.0,https://docs.tibco.com/products/tibco-clarity-1-0-0,TRUE,FALSE,Do Not Migrate
TIBCO® Clarity - Cloud Edition,Master Data Management,3.1.0,https://docs.tibco.com/products/tibco-cloud-clarity-3-1-0,TRUE,FALSE,Do Not Migrate
TIBCO® Clarity - Cloud Edition,Master Data Management,3.0.1,https://docs.tibco.com/products/tibco-clarity---cloud-edition-3-0-1,TRUE,FALSE,Do Not Migrate
TIBCO® Clarity - Enterprise Edition,Master Data Management,3.2.1,https://docs.tibco.com/products/tibco-clarity-enterprise-edition-3-2-1,TRUE,TRUE,Do Not Migrate
TIBCO® Clarity - Enterprise Edition,Master Data Management,3.2.0,https://docs.tibco.com/products/tibco-clarity-enterprise-edition-3-2-0,TRUE,TRUE,Do Not Migrate
TIBCO® Clarity - Enterprise Edition,Master Data Management,3.1.0,https://docs.tibco.com/products/tibco-clarity-enterprise-edition-3-1-0,TRUE,TRUE,Do Not Migrate
TIBCO® Clarity - Enterprise Edition,Master Data Management,3.0.1,https://docs.tibco.com/products/tibco-clarity-enterprise-edition-3-0-1,TRUE,TRUE,Do Not Migrate
TIBCO® Cloud Integration (iPaaS),Unassigned,(iPaaS),https://docs.tibco.com/products/tibco-cloud-integration-ipaas,FALSE,FALSE,Do Not Migrate
TIBCO® Cloud MDM,Master Data Management,2.0.1,https://docs.tibco.com/products/tibco-cloud-mdm-2-0-1,TRUE,FALSE,Do Not Migrate
TIBCO® Cloud MDM,Master Data Management,2.0.0,https://docs.tibco.com/products/tibco-cloud-mdm-2-0-0,TRUE,TRUE,Do Not Migrate
TIBCO® Cloud MDM,Master Data Management,1.1.0,https://docs.tibco.com/products/tibco-cloud-mdm-1-1-0,TRUE,FALSE,Do Not Migrate
TIBCO® Cloud MDM,Master Data Management,1.0.0,https://docs.tibco.com/products/tibco-cloud-mdm-1-0-0,TRUE,TRUE,Do Not Migrate
TIBCO® Control Plane,Unassigned,1.20.0,https://docs.tibco.com/products/tibco-control-plane-1-20-0,FALSE,FALSE,Migrate
TIBCO® Control Plane,Unassigned,1.19.0,https://docs.tibco.com/products/tibco-control-plane-1-19-0,FALSE,FALSE,Migrate
TIBCO® Control Plane,Unassigned,1.18.0,https://docs.tibco.com/products/tibco-control-plane-1-18-0,FALSE,FALSE,Migrate
TIBCO® Control Plane,Unassigned,1.17.0,https://docs.tibco.com/products/tibco-control-plane-1-17-0,FALSE,FALSE,Migrate
TIBCO® Control Plane,Unassigned,1.16.0,https://docs.tibco.com/products/tibco-control-plane-1-16-0,FALSE,FALSE,Migrate
TIBCO® Control Plane,Unassigned,1.15.0,https://docs.tibco.com/products/tibco-control-plane-1-15-0,FALSE,FALSE,Migrate
TIBCO® Control Plane,Unassigned,1.14.0,https://docs.tibco.com/products/tibco-control-plane-1-14-0,FALSE,FALSE,Migrate
TIBCO® Control Plane,Unassigned,1.13.0,https://docs.tibco.com/products/tibco-control-plane-1-13-0,FALSE,FALSE,Migrate
TIBCO® Control Plane,Unassigned,1.12.0,https://docs.tibco.com/products/tibco-control-plane-1-12-0,FALSE,FALSE,Migrate
TIBCO® Control Plane,Unassigned,1.11.0,https://docs.tibco.com/products/tibco-control-plane-1-11-0,FALSE,FALSE,Migrate
TIBCO® Control Plane,Unassigned,1.10.0,https://docs.tibco.com/products/tibco-control-plane-1-10-0,FALSE,FALSE,Migrate
TIBCO® Control Plane,Unassigned,1.9.0,https://docs.tibco.com/products/tibco-control-plane-1-9-0,TRUE,FALSE,Do Not Migrate
TIBCO® Control Plane,Unassigned,1.8.0,https://docs.tibco.com/products/tibco-control-plane-1-8-0,TRUE,FALSE,Do Not Migrate
TIBCO® Control Plane,Unassigned,1.7.0,https://docs.tibco.com/products/tibco-control-plane-1-7-0,TRUE,FALSE,Do Not Migrate
TIBCO® Control Plane,Unassigned,1.6.0,https://docs.tibco.com/products/tibco-control-plane-1-6-0,TRUE,FALSE,Do Not Migrate
TIBCO® Control Plane,Unassigned,1.5.1,https://docs.tibco.com/products/tibco-control-plane-1-5-1,TRUE,FALSE,Do Not Migrate
TIBCO® Control Plane,Unassigned,1.5.0,https://docs.tibco.com/products/tibco-control-plane-1-5-0,TRUE,FALSE,Do Not Migrate
TIBCO® Control Plane,Unassigned,1.4.0,https://docs.tibco.com/products/tibco-control-plane-1-4-0,TRUE,FALSE,Do Not Migrate
TIBCO® Control Plane,Unassigned,1.3.0,https://docs.tibco.com/products/tibco-control-plane-1-3-0,TRUE,FALSE,Do Not Migrate
TIBCO® Data Science - Package for Notebooks,Data Science & Streaming,6.6.1,https://docs.tibco.com/products/tibco-data-science-package-for-notebooks-6-6-1,TRUE,FALSE,Do Not Migrate
TIBCO® Data Science - Package for Notebooks,Data Science & Streaming,6.6.0,https://docs.tibco.com/products/tibco-data-science-package-for-notebooks-6-6-0,TRUE,FALSE,Do Not Migrate
TIBCO® Data Science - Team Studio,Data Science & Streaming,7.1.0,https://docs.tibco.com/products/tibco-data-science-team-studio-7-1-0,FALSE,FALSE,Migrate
TIBCO® Data Science - Team Studio,Data Science & Streaming,7.0.1,https://docs.tibco.com/products/tibco-data-science-team-studio-7-0-1,FALSE,FALSE,Migrate
TIBCO® Data Science - Team Studio,Data Science & Streaming,7.0.0,https://docs.tibco.com/products/tibco-data-science-team-studio-7-0-0,FALSE,FALSE,Migrate
TIBCO® Data Science - Team Studio,Data Science & Streaming,6.6.0,https://docs.tibco.com/products/tibco-data-science-team-studio-6-6-0,TRUE,FALSE,Do Not Migrate
TIBCO® Data Science - Team Studio,Data Science & Streaming,6.5.0,https://docs.tibco.com/products/tibco-data-science-team-studio-6-5-0,FALSE,FALSE,Do Not Migrate
TIBCO® Data Science - Team Studio,Data Science & Streaming,6.4.1,https://docs.tibco.com/products/tibco-spotfire-data-science-6-4-1,TRUE,FALSE,Do Not Migrate
TIBCO® Data Science - Team Studio,Data Science & Streaming,6.4.0,https://docs.tibco.com/products/tibco-spotfire-data-science-6-4-0,TRUE,FALSE,Do Not Migrate
TIBCO® Data Science - Team Studio,Data Science & Streaming,6.3.2,https://docs.tibco.com/products/tibco-spotfire-data-science-6-3-2,TRUE,FALSE,Do Not Migrate
TIBCO® DQ Service Provider - DQS Add-on,Master Data Management,5.0.0,https://docs.tibco.com/products/tibco-dq-service-provider-dqs-add-on-5-0-0,TRUE,FALSE,Do Not Migrate
TIBCO® EMS Client for IBM i,Messaging,8.6.0,https://docs.tibco.com/products/tibco-ems-client-for-ibm-i-8-6-0,TRUE,FALSE,Migrate
TIBCO® EMS Client for IBM i,Messaging,8.5.1,https://docs.tibco.com/products/tibco-ems-client-for-ibm-i-8-5-1,TRUE,FALSE,Do Not Migrate
TIBCO® EMS Client for IBM i,Messaging,8.5.0,https://docs.tibco.com/products/tibco-ems-client-for-ibm-i-8-5-0,TRUE,FALSE,Do Not Migrate
TIBCO® EMS Client for IBM i,Messaging,8.4.0,https://docs.tibco.com/products/tibco-ems-client-for-ibm-i-8-4-0,TRUE,FALSE,Do Not Migrate
TIBCO® EMS Client for IBM i,Messaging,8.3.0,https://docs.tibco.com/products/tibco-ems-client-for-ibm-i-8-3-0,TRUE,FALSE,Do Not Migrate
TIBCO® EMS Client for IBM i,Messaging,8.2.0,https://docs.tibco.com/products/tibco-ems-client-for-ibm-i-8-2-0,TRUE,FALSE,Do Not Migrate
TIBCO® EMS Client for IBM i,Messaging,8.0.0,https://docs.tibco.com/products/tibco-ems-client-for-ibm-i-8-0-0,TRUE,FALSE,Do Not Migrate
TIBCO® EMS Client for IBM i,Messaging,7.0.0,https://docs.tibco.com/products/tibco-ems-client-for-ibm-i-7-0-0,TRUE,FALSE,Do Not Migrate
TIBCO® EMS Client for IBM i,Messaging,6.1.0,https://docs.tibco.com/products/tibco-ems-client-for-ibm-i-6-1-0,TRUE,FALSE,Do Not Migrate
TIBCO® EMS Client for IBM i,Messaging,6.0.1,https://docs.tibco.com/products/tibco-ems-client-for-ibm-i-6-0-1,TRUE,FALSE,Do Not Migrate
TIBCO® EMS Client for IBM i,Messaging,6.0.0,https://docs.tibco.com/products/tibco-ems-client-for-ibm-i-6-0-0,TRUE,FALSE,Do Not Migrate
TIBCO® EMS Client for IBM i,Messaging,5.1.5,https://docs.tibco.com/products/tibco-ems-client-for-ibm-i-5-1-5,TRUE,FALSE,Do Not Migrate
TIBCO® EMS Client for z/OS (CICS),Unassigned,8.5.1,https://docs.tibco.com/products/tibco-ems-client-for-z-os-cics-8-5-1,TRUE,TRUE,Do Not Migrate
TIBCO® EMS Client for z/OS (CICS),Unassigned,8.5.0,https://docs.tibco.com/products/tibco-ems-client-for-z-os-cics-8-5-0,TRUE,TRUE,Do Not Migrate
TIBCO® EMS Client for z/OS (CICS),Unassigned,8.4.0,https://docs.tibco.com/products/tibco-ems-client-for-z-os-cics-8-4-0,TRUE,TRUE,Do Not Migrate
TIBCO® EMS Client for z/OS (CICS),Unassigned,8.2.0,https://docs.tibco.com/products/tibco-ems-client-for-z-os-cics-8-2-0,TRUE,FALSE,Do Not Migrate
TIBCO® EMS Client for z/OS (CICS),Unassigned,8.0.0,https://docs.tibco.com/products/tibco-ems-client-for-z-os-cics-8-0-0,TRUE,TRUE,Do Not Migrate
TIBCO® EMS Client for z/OS (CICS),Unassigned,6.1.0,https://docs.tibco.com/products/tibco-ems-client-for-z-os-cics-6-1-0,TRUE,TRUE,Do Not Migrate
TIBCO® EMS Client for z/OS (CICS),Unassigned,6.0.1,https://docs.tibco.com/products/tibco-ems-client-for-z-os-cics-6-0-1,TRUE,FALSE,Do Not Migrate
TIBCO® EMS Client for z/OS (CICS),Unassigned,5.1.5,https://docs.tibco.com/products/tibco-ems-client-for-z-os-cics-5-1-5,TRUE,TRUE,Do Not Migrate
TIBCO® EMS Client for z/OS (CICS),Unassigned,5.1.0,https://docs.tibco.com/products/tibco-ems-client-for-z-os-cics-5-1-0,TRUE,TRUE,Do Not Migrate
TIBCO® EMS Client for z/OS (MVS),Messaging,8.6.0,https://docs.tibco.com/products/tibco-ems-client-for-z-os-mvs-8-6-0,TRUE,FALSE,Do Not Migrate
TIBCO® EMS Client for z/OS (MVS),Messaging,8.5.0,https://docs.tibco.com/products/tibco-ems-client-for-z-os-mvs-8-5-0,TRUE,TRUE,Do Not Migrate
TIBCO® EMS Client for z/OS (MVS),Messaging,8.4.0,https://docs.tibco.com/products/tibco-ems-client-for-z-os-mvs-8-4-0,TRUE,TRUE,Do Not Migrate
TIBCO® EMS Client for z/OS (MVS),Messaging,8.3.0,https://docs.tibco.com/products/tibco-ems-client-for-z-os-mvs-8-3-0,TRUE,TRUE,Do Not Migrate
TIBCO® EMS Client for z/OS (MVS),Messaging,8.2.0,https://docs.tibco.com/products/tibco-ems-client-for-z-os-mvs-8-2-0,TRUE,TRUE,Do Not Migrate
TIBCO® EMS Client for z/OS (MVS),Messaging,8.0.0,https://docs.tibco.com/products/tibco-ems-client-for-z-os-mvs-8-0-0,TRUE,TRUE,Do Not Migrate
TIBCO® EMS Client for z/OS (MVS),Messaging,7.0.0,https://docs.tibco.com/products/tibco-ems-client-for-z-os-mvs-7-0-0,TRUE,TRUE,Do Not Migrate
TIBCO® EMS Client for z/OS (MVS),Messaging,6.1.0,https://docs.tibco.com/products/tibco-ems-client-for-z-os-mvs-6-1-0,TRUE,TRUE,Do Not Migrate
TIBCO® EMS Client for z/OS (MVS),Messaging,6.0.1,https://docs.tibco.com/products/tibco-ems-client-for-z-os-mvs-6-0-1,TRUE,FALSE,Do Not Migrate
TIBCO® EMS Client for z/OS (MVS),Messaging,6.0.0,https://docs.tibco.com/products/tibco-ems-client-for-z-os-mvs-6-0-0,TRUE,TRUE,Do Not Migrate
TIBCO® EMS Transport Channel for WCF,Unassigned,2.0.0,https://docs.tibco.com/products/tibco-ems-transport-channel-for-wcf-2-0-0,TRUE,FALSE,Migrate
TIBCO® EMS Transport Channel for WCF,Unassigned,1.2.0,https://docs.tibco.com/products/tibco-ems-transport-channel-for-wcf-1-2-0,TRUE,FALSE,Do Not Migrate
TIBCO® EMS Transport Channel for WCF,Unassigned,1.0.0,https://docs.tibco.com/products/tibco-ems-transport-channel-for-wcf-1-0-0,TRUE,FALSE,Do Not Migrate
TIBCO® Enterprise Administrator,Integration,2.4.3,https://docs.tibco.com/products/tibco-enterprise-administrator-2-4-3,FALSE,FALSE,Migrate
TIBCO® Enterprise Administrator,Integration,2.4.2,https://docs.tibco.com/products/tibco-enterprise-administrator-2-4-2,FALSE,FALSE,Migrate
TIBCO® Enterprise Administrator,Integration,2.4.1,https://docs.tibco.com/products/tibco-enterprise-administrator-2-4-1,TRUE,FALSE,Migrate
TIBCO® Enterprise Administrator,Integration,2.4.0,https://docs.tibco.com/products/tibco-enterprise-administrator-2-4-0,TRUE,FALSE,Migrate
TIBCO® Enterprise Administrator,Integration,2.3.0,https://docs.tibco.com/products/tibco-enterprise-administrator-2-3-0,TRUE,FALSE,Do Not Migrate
TIBCO® Enterprise Administrator,Integration,2.2.0,https://docs.tibco.com/products/tibco-enterprise-administrator-2-2-0,TRUE,FALSE,Do Not Migrate
TIBCO® Enterprise Administrator,Integration,2.1.0,https://docs.tibco.com/products/tibco-enterprise-administrator-2-1-0,TRUE,FALSE,Do Not Migrate
TIBCO® Enterprise Administrator,Integration,2.0.0,https://docs.tibco.com/products/tibco-enterprise-administrator-2-0-0,TRUE,FALSE,Do Not Migrate
TIBCO® Enterprise Administrator,Integration,1.2.0,https://docs.tibco.com/products/tibco-enterprise-administrator-1-2-0,TRUE,FALSE,Do Not Migrate
TIBCO® Enterprise Administrator,Integration,1.1.0,https://docs.tibco.com/products/tibco-enterprise-administrator-1-1-0,TRUE,FALSE,Do Not Migrate
TIBCO® Enterprise Administrator,Integration,1.0.0,https://docs.tibco.com/products/tibco-enterprise-administrator-1-0-0,TRUE,FALSE,Do Not Migrate
TIBCO® Enterprise Administrator SDK,Integration,2.2.0,https://docs.tibco.com/products/tibco-enterprise-administrator-sdk-2-2-0,TRUE,FALSE,Do Not Migrate
TIBCO® Enterprise Administrator SDK,Integration,2.1.0,https://docs.tibco.com/products/tibco-enterprise-administrator-sdk-2-1-0,TRUE,FALSE,Do Not Migrate
TIBCO® Enterprise Administrator SDK,Integration,2.0.0,https://docs.tibco.com/products/tibco-enterprise-administrator-sdk-2-0-0,TRUE,FALSE,Do Not Migrate
TIBCO® Enterprise Administrator SDK,Integration,1.3.0,https://docs.tibco.com/products/tibco-enterprise-administrator-sdk-1-3-0,TRUE,FALSE,Do Not Migrate
TIBCO® Enterprise Administrator SDK,Integration,1.2.0,https://docs.tibco.com/products/tibco-enterprise-administrator-sdk-1-2-0,TRUE,FALSE,Do Not Migrate
TIBCO® Enterprise Administrator SDK,Integration,1.1.0,https://docs.tibco.com/products/tibco-enterprise-administrator-sdk-1-1-0,TRUE,FALSE,Do Not Migrate
TIBCO® Enterprise Administrator SDK,Integration,1.0.0,https://docs.tibco.com/products/tibco-enterprise-administrator-sdk-1-0-0,TRUE,FALSE,Do Not Migrate
TIBCO® Enterprise Foresight®,Unassigned,1.1.0,https://docs.tibco.com/products/tibco-enterprise-foresight-1-1-0,FALSE,FALSE,Migrate
TIBCO® Enterprise Foresight®,Unassigned,1.0.0,https://docs.tibco.com/products/tibco-enterprise-foresight-1-0-0,FALSE,FALSE,Migrate
TIBCO® Enterprise Foresight® Healthcare Add-on,Unassigned,1.1.0,https://docs.tibco.com/products/tibco-enterprise-foresight-healthcare-add-on-1-1-0,FALSE,FALSE,Migrate
TIBCO® Enterprise Foresight® Healthcare Add-on,Unassigned,1.0.0,https://docs.tibco.com/products/tibco-enterprise-foresight-healthcare-add-on-1-0-0,FALSE,FALSE,Migrate
TIBCO® Enterprise Fulfillment Orchestration Suite,Integration,1.1.0,https://docs.tibco.com/products/tibco-enterprise-fulfillment-orchestration-suite-1-1-0,FALSE,FALSE,Migrate
TIBCO® Enterprise MDM,Master Data Management,1.0.0,https://docs.tibco.com/products/tibco-enterprise-mdm-1-0-0,FALSE,FALSE,Migrate
TIBCO® Enterprise Streaming,Unassigned,11.2.1,https://docs.tibco.com/products/tibco-enterprise-streaming-11-2-1,FALSE,FALSE,Migrate
TIBCO® Enterprise Streaming,Unassigned,11.2.0,https://docs.tibco.com/products/tibco-enterprise-streaming-11-2-0,FALSE,FALSE,Migrate
TIBCO® Enterprise Streaming,Unassigned,11.1.3,https://docs.tibco.com/products/tibco-enterprise-streaming-11-1-3,FALSE,FALSE,Migrate
TIBCO® Enterprise Streaming,Unassigned,11.1.2,https://docs.tibco.com/products/tibco-enterprise-streaming-11-1-2,FALSE,FALSE,Migrate
TIBCO® Enterprise Streaming - High-Performance FIX Engine,Unassigned,11.2.1,https://docs.tibco.com/products/tibco-enterprise-streaming-high-performance-fix-engine-11-2-1,FALSE,FALSE,Migrate
TIBCO® Enterprise Streaming - High-Performance FIX Engine,Unassigned,11.2.0,https://docs.tibco.com/products/tibco-enterprise-streaming-high-performance-fix-engine-11-2-0,FALSE,FALSE,Migrate
TIBCO® Enterprise Streaming - High-Performance FIX Engine,Unassigned,11.1.3,https://docs.tibco.com/products/tibco-enterprise-streaming-high-performance-fix-engine-11-1-3,FALSE,FALSE,Migrate
TIBCO® Enterprise Streaming - High-Performance FIX Engine,Unassigned,11.1.2,https://docs.tibco.com/products/tibco-enterprise-streaming-high-performance-fix-engine-11-1-2,FALSE,FALSE,Migrate
TIBCO® Event Processing,Event Processing,1.1.0,https://docs.tibco.com/products/tibco-event-processing-1-1-0,TRUE,FALSE,Do Not Migrate
TIBCO® Event Processing,Event Processing,1.0.0,https://docs.tibco.com/products/tibco-event-processing-1-0-0,TRUE,FALSE,Do Not Migrate
TIBCO® Fulfillment Orchestration Suite,Unassigned,1.0.0,https://docs.tibco.com/products/tibco-fulfillment-orchestration-suite-1-0-0,FALSE,FALSE,Migrate
TIBCO® Fulfillment Provisioning,Fulfillment Orchestration Suite,3.10.0,https://docs.tibco.com/products/tibco-fulfillment-provisioning-3-10-0,FALSE,FALSE,Migrate
TIBCO® Fulfillment Provisioning,Fulfillment Orchestration Suite,3.9.0,https://docs.tibco.com/products/tibco-fulfillment-provisioning-3-9-0,TRUE,FALSE,Migrate
TIBCO® Fulfillment Provisioning,Fulfillment Orchestration Suite,3.8,https://docs.tibco.com/products/tibco-fulfillment-provisioning-3-8,TRUE,FALSE,Migrate
TIBCO® Fulfillment Provisioning,Fulfillment Orchestration Suite,3.8.1,https://docs.tibco.com/products/tibco-fulfillment-provisioning-3-8-1,TRUE,FALSE,Migrate
TIBCO® Fulfillment Provisioning,Fulfillment Orchestration Suite,3.7,https://docs.tibco.com/products/tibco-kpsa-3-7,TRUE,FALSE,Do Not Migrate
TIBCO® Fulfillment Provisioning,Fulfillment Orchestration Suite,3.6,https://docs.tibco.com/products/tibco-kpsa-3-6,TRUE,FALSE,Do Not Migrate
TIBCO® Fulfillment Provisioning Client Adapter for BSCS,Unassigned,3.10.0,https://docs.tibco.com/products/tibco-fulfillment-provisioning-client-adapter-for-bscs-3-10-0,FALSE,FALSE,Migrate
TIBCO® Fulfillment Provisioning Client Adapter for BSCS,Unassigned,3.9.1,https://docs.tibco.com/products/tibco-fulfillment-provisioning-client-adapter-for-bscs-3-9-1,FALSE,FALSE,Migrate
TIBCO® Fulfillment Provisioning Client Adapter for Files,Unassigned,3.9.0,https://docs.tibco.com/products/tibco-fulfillment-provisioning-client-adapter-for-files-3-9-0,FALSE,FALSE,Migrate
TIBCO® Fulfillment Provisioning Client Adapter for Files,Unassigned,3.8.1,https://docs.tibco.com/products/tibco-fulfillment-provisioning-client-adapter-for-files-3-8-1,FALSE,FALSE,Migrate
TIBCO® Fulfillment Provisioning Client Adapter for HTTP,Unassigned,3.9.0,https://docs.tibco.com/products/tibco-fulfillment-provisioning-client-adapter-for-http-3-9-0,FALSE,FALSE,Migrate
TIBCO® Fulfillment Provisioning Client Adapter for HTTP,Unassigned,3.8.1,https://docs.tibco.com/products/tibco-fulfillment-provisioning-client-adapter-for-http-3-8-1,FALSE,FALSE,Migrate
TIBCO® Fulfillment Provisioning Load Balancer,Unassigned,3.10.0,https://docs.tibco.com/products/tibco-fulfillment-provisioning-load-balancer-3-10-0,FALSE,FALSE,Migrate
TIBCO® Fulfillment Provisioning Load Balancer,Unassigned,3.9,https://docs.tibco.com/products/tibco-fulfillment-provisioning-load-balancer-3-9,FALSE,FALSE,Migrate
TIBCO® Fulfillment Provisioning Load Balancer,Unassigned,3.9.1,https://docs.tibco.com/products/tibco-fulfillment-provisioning-load-balancer-3-9-1,FALSE,FALSE,Migrate
TIBCO® Fulfillment Provisioning Load Balancer,Unassigned,3.7,https://docs.tibco.com/products/tibco-kpsa-load-balancer-3-7,FALSE,FALSE,Migrate
TIBCO® Fulfillment Provisioning Session Layer for Files,Unassigned,3.10.0,https://docs.tibco.com/products/tibco-fulfillment-provisioning-session-layer-for-files-3-10-0,FALSE,FALSE,Migrate
TIBCO® Fulfillment Provisioning Session Layer for Files,Unassigned,3.9.1,https://docs.tibco.com/products/tibco-fulfillment-provisioning-session-layer-for-files-3-9-1,FALSE,FALSE,Migrate
TIBCO® Fulfillment Provisioning Session Layer for FTP,Unassigned,3.9.0,https://docs.tibco.com/products/tibco-fulfillment-provisioning-session-layer-for-ftp-3-9-0,FALSE,FALSE,Migrate
TIBCO® Fulfillment Provisioning Session Layer for FTP,Unassigned,3.8.1,https://docs.tibco.com/products/tibco-fulfillment-provisioning-session-layer-for-ftp-3-8-1,FALSE,FALSE,Migrate
TIBCO® Fulfillment Provisioning Session Layer for HTTP,Unassigned,3.9.0,https://docs.tibco.com/products/tibco-fulfillment-provisioning-session-layer-for-http-3-9-0,FALSE,FALSE,Migrate
TIBCO® Fulfillment Provisioning Session Layer for HTTP,Unassigned,3.8.1,https://docs.tibco.com/products/tibco-fulfillment-provisioning-session-layer-for-http-3-8-1,FALSE,FALSE,Migrate
TIBCO® Fulfillment Provisioning Session Layer for LDAP,Unassigned,3.11.0,https://docs.tibco.com/products/tibco-fulfillment-provisioning-session-layer-for-ldap-3-11-0,FALSE,FALSE,Migrate
TIBCO® Fulfillment Provisioning Session Layer for LDAP,Unassigned,3.10.0,https://docs.tibco.com/products/tibco-fulfillment-provisioning-session-layer-for-ldap-3-10-0,FALSE,FALSE,Migrate
TIBCO® Fulfillment Provisioning Session Layer for ODBC,Unassigned,3.9.0,https://docs.tibco.com/products/tibco-fulfillment-provisioning-session-layer-for-odbc-3-9-0,FALSE,FALSE,Migrate
TIBCO® Fulfillment Provisioning Session Layer for ODBC,Unassigned,3.8.1,https://docs.tibco.com/products/tibco-fulfillment-provisioning-session-layer-for-odbc-3-8-1,FALSE,FALSE,Migrate
TIBCO® Fulfillment Provisioning Session Layer for PAD,Unassigned,3.9.0,https://docs.tibco.com/products/tibco-fulfillment-provisioning-session-layer-for-pad-3-9-0,FALSE,FALSE,Migrate
TIBCO® Fulfillment Provisioning Session Layer for PAD,Unassigned,3.8.1,https://docs.tibco.com/products/tibco-fulfillment-provisioning-session-layer-for-pad-3-8-1,FALSE,FALSE,Migrate
TIBCO® Fulfillment Provisioning Session Layer for RADIUS,Unassigned,3.9.0,https://docs.tibco.com/products/tibco-fulfillment-provisioning-session-layer-for-radius-3-9-0,FALSE,FALSE,Migrate
TIBCO® Fulfillment Provisioning Session Layer for RADIUS,Unassigned,3.8.1,https://docs.tibco.com/products/tibco-fulfillment-provisioning-session-layer-for-radius-3-8-1,FALSE,FALSE,Migrate
TIBCO® Fulfillment Provisioning Session Layer for SMPP,Unassigned,3.9.0,https://docs.tibco.com/products/tibco-fulfillment-provisioning-session-layer-for-smpp-3-9-0,FALSE,FALSE,Migrate
TIBCO® Fulfillment Provisioning Session Layer for SMPP,Unassigned,3.8.1,https://docs.tibco.com/products/tibco-fulfillment-provisioning-session-layer-for-smpp-3-8-1,FALSE,FALSE,Migrate
TIBCO® Fulfillment Provisioning Session Layer for SNMP,Unassigned,3.9.0,https://docs.tibco.com/products/tibco-fulfillment-provisioning-session-layer-for-snmp-3-9-0,FALSE,FALSE,Migrate
TIBCO® Fulfillment Provisioning Session Layer for SNMP,Unassigned,3.8.1,https://docs.tibco.com/products/tibco-fulfillment-provisioning-session-layer-for-snmp-3-8-1,FALSE,FALSE,Migrate
TIBCO® Fulfillment Provisioning Session Layer for SSH,Unassigned,3.9.0,https://docs.tibco.com/products/tibco-fulfillment-provisioning-session-layer-for-ssh-3-9-0,FALSE,FALSE,Migrate
TIBCO® Fulfillment Provisioning Session Layer for SSH,Unassigned,3.8.1,https://docs.tibco.com/products/tibco-fulfillment-provisioning-session-layer-for-ssh-3-8-1,FALSE,FALSE,Migrate
TIBCO® Fulfillment Provisioning Session Layer for TELNET,Unassigned,3.9.0,https://docs.tibco.com/products/tibco-fulfillment-provisioning-session-layer-for-telnet-3-9-0,FALSE,FALSE,Migrate
TIBCO® Fulfillment Provisioning Session Layer for TELNET,Unassigned,3.8.1,https://docs.tibco.com/products/tibco-fulfillment-provisioning-session-layer-for-telnet-3-8-1,FALSE,FALSE,Migrate
TIBCO® Fulfillment Provisioning Session Layer for TFTP,Unassigned,3.9.0,https://docs.tibco.com/products/tibco-fulfillment-provisioning-session-layer-for-tftp-3-9-0,FALSE,FALSE,Migrate
TIBCO® Fulfillment Provisioning Session Layer for TFTP,Unassigned,3.8.1,https://docs.tibco.com/products/tibco-fulfillment-provisioning-session-layer-for-tftp-3-8-1,FALSE,FALSE,Migrate
TIBCO® Fulfillment Studio,Unassigned,1,https://docs.tibco.com/products/tibco-fulfillment-studio-1-0,FALSE,FALSE,Migrate
TIBCO® Fulfillment Subscriber Inventory,Fulfillment Orchestration Suite,2.0.0,https://docs.tibco.com/products/tibco-fulfillment-subscriber-inventory-2-0-0,TRUE,FALSE,Do Not Migrate
TIBCO® Fulfillment Subscriber Inventory,Fulfillment Orchestration Suite,1.0.1,https://docs.tibco.com/products/tibco-fulfillment-subscriber-inventory-1-0-1,TRUE,FALSE,Do Not Migrate
TIBCO® Fulfillment Subscriber Inventory,Fulfillment Orchestration Suite,1.0.0,https://docs.tibco.com/products/tibco-fulfillment-subscriber-inventory-1-0-0,TRUE,FALSE,Do Not Migrate
TIBCO® Gemini - Powered by Apache Cassandra®,Unassigned,5.0.2,https://docs.tibco.com/products/tibco-gemini-powered-by-apache-cassandra-5-0-2,FALSE,FALSE,Migrate
TIBCO® Gemini - Powered by Apache Cassandra®,Unassigned,5.0.1,https://docs.tibco.com/products/tibco-gemini-powered-by-apache-cassandra-5-0-1,FALSE,FALSE,Migrate
TIBCO® Gemini - Powered by Apache Cassandra®,Unassigned,5.0.0,https://docs.tibco.com/products/tibco-gemini-powered-by-apache-cassandra-5-0-0,FALSE,FALSE,Migrate
TIBCO® Gemini - Powered by Apache Cassandra®,Unassigned,4.1.7,https://docs.tibco.com/products/tibco-gemini-powered-by-apache-cassandra-4-1-7,FALSE,FALSE,Migrate
TIBCO® Gemini - Powered by Apache Cassandra®,Unassigned,4.1.5,https://docs.tibco.com/products/tibco-gemini-powered-by-apache-cassandra-4-1-5,FALSE,FALSE,Migrate
TIBCO® General Interface - Enterprise Edition,Unassigned,3.9.2,https://docs.tibco.com/products/tibco-general-interface-enterprise-edition-3-9-2,FALSE,FALSE,Migrate
TIBCO® General Interface - Enterprise Edition,Unassigned,3.9.1,https://docs.tibco.com/products/tibco-general-interface-enterprise-edition-3-9-1,FALSE,FALSE,Do Not Migrate
TIBCO® General Interface - Enterprise Edition,Unassigned,3.9.0,https://docs.tibco.com/products/tibco-general-interface-enterprise-edition-3-9-0,FALSE,FALSE,Do Not Migrate
TIBCO® Graph Database - Community Edition,Data Virtualization,3.1.0,https://docs.tibco.com/products/tibco-graph-database-community-edition-3-1-0,TRUE,FALSE,Do Not Migrate
TIBCO® Graph Database - Community Edition,Data Virtualization,1.1.0,https://docs.tibco.com/products/tibco-graph-database-community-edition-1-1-0,TRUE,FALSE,Do Not Migrate
TIBCO® Graph Database - Enterprise Edition,Data Virtualization,3.1.0,https://docs.tibco.com/products/tibco-graph-database-enterprise-edition-3-1-0,TRUE,TRUE,Do Not Migrate
TIBCO® Graph Database - Enterprise Edition,Data Virtualization,3.0.0,https://docs.tibco.com/products/tibco-graph-database-enterprise-edition-3-0-0,TRUE,TRUE,Do Not Migrate
TIBCO® Graph Database - Enterprise Edition,Data Virtualization,2.0.2,https://docs.tibco.com/products/tibco-graph-database-enterprise-edition-2-0-2,TRUE,TRUE,Do Not Migrate
TIBCO® Graph Database - Enterprise Edition,Data Virtualization,2.0.1,https://docs.tibco.com/products/tibco-graph-database-enterprise-edition-2-0-1,TRUE,TRUE,Do Not Migrate
TIBCO® Graph Database - Enterprise Edition,Data Virtualization,2.0.0,https://docs.tibco.com/products/tibco-graph-database-enterprise-edition-2-0-0,TRUE,TRUE,Do Not Migrate
TIBCO® Graph Database - Enterprise Edition,Data Virtualization,1.1.1,https://docs.tibco.com/products/tibco-graph-database-enterprise-edition-1-1-1,TRUE,TRUE,Do Not Migrate
TIBCO® Graph Database - Enterprise Edition,Data Virtualization,1.1.0,https://docs.tibco.com/products/tibco-graph-database-enterprise-edition-1-1-0,TRUE,TRUE,Do Not Migrate
TIBCO® Graph Database - Enterprise Edition,Data Virtualization,1.0.0,https://docs.tibco.com/products/tibco-graph-database-enterprise-edition-1-0-0,TRUE,TRUE,Do Not Migrate
TIBCO® Graphical Rendezvous®,Messaging,1.1.0,https://docs.tibco.com/products/tibco-graphical-rendezvous-1-1-0,FALSE,FALSE,Migrate
TIBCO® Health Essentials Cloud,Unassigned,Cloud,https://docs.tibco.com/products/tibco-health-essentials-cloud,FALSE,FALSE,Migrate
TIBCO® Hybrid Integration,Unassigned,3.14.0,https://docs.tibco.com/products/tibco-hybrid-integration-3-14-0,FALSE,FALSE,Migrate
TIBCO® Hybrid Integration,Unassigned,3.13.0,https://docs.tibco.com/products/tibco-hybrid-integration-3-13-0,FALSE,FALSE,Migrate
TIBCO® Hybrid Integration,Unassigned,3.12.0,https://docs.tibco.com/products/tibco-hybrid-integration-3-12-0,FALSE,FALSE,Migrate
TIBCO® Hybrid Integration,Unassigned,3.11.0,https://docs.tibco.com/products/tibco-hybrid-integration-3-11-0,FALSE,FALSE,Migrate
TIBCO® Hybrid Integration,Unassigned,3.10.0,https://docs.tibco.com/products/tibco-hybrid-integration-3-10-0,FALSE,FALSE,Migrate
TIBCO® Hybrid Integration,Unassigned,3.9.0,https://docs.tibco.com/products/tibco-hybrid-integration-3-9-0,FALSE,FALSE,Migrate
TIBCO® Hybrid Integration,Unassigned,3.8.0,https://docs.tibco.com/products/tibco-hybrid-integration-3-8-0,FALSE,FALSE,Migrate
TIBCO® Hybrid Integration,Unassigned,3.7.0,https://docs.tibco.com/products/tibco-hybrid-integration-3-7-0,FALSE,FALSE,Migrate
TIBCO® Hybrid Integration,Unassigned,3.6.0,https://docs.tibco.com/products/tibco-hybrid-integration-3-6-0,FALSE,FALSE,Migrate
TIBCO® Hybrid Integration,Unassigned,3.5.0,https://docs.tibco.com/products/tibco-hybrid-integration-3-5-0,FALSE,FALSE,Migrate
TIBCO® Hybrid Integration,Unassigned,3.4.0,https://docs.tibco.com/products/tibco-hybrid-integration-3-4-0,FALSE,FALSE,Migrate
TIBCO® Hybrid Integration,Unassigned,3.3.0,https://docs.tibco.com/products/tibco-hybrid-integration-3-3-0,TRUE,FALSE,Do Not Migrate
TIBCO® Hybrid Integration,Unassigned,3.2.0,https://docs.tibco.com/products/tibco-hybrid-integration-3-2-0,TRUE,FALSE,Do Not Migrate
TIBCO® Hybrid Integration,Unassigned,3.1.0,https://docs.tibco.com/products/tibco-hybrid-integration-3-1-0,TRUE,FALSE,Do Not Migrate
TIBCO® Hybrid Integration,Unassigned,3.0.0,https://docs.tibco.com/products/tibco-hybrid-integration-3-0-0,TRUE,FALSE,Do Not Migrate
TIBCO® Hybrid Integration,Unassigned,2.9.1,https://docs.tibco.com/products/tibco-hybrid-integration-2-9-1,TRUE,FALSE,Do Not Migrate
TIBCO® Hybrid Integration,Unassigned,2.9.0,https://docs.tibco.com/products/tibco-hybrid-integration-2-9-0,TRUE,FALSE,Do Not Migrate
TIBCO® Hybrid Integration,Unassigned,2.8.0,https://docs.tibco.com/products/tibco-hybrid-integration-2-8-0,TRUE,FALSE,Do Not Migrate
TIBCO® Hybrid Integration,Unassigned,2.7.0,https://docs.tibco.com/products/tibco-hybrid-integration-2-7-0,TRUE,FALSE,Do Not Migrate
TIBCO® Hybrid Integration,Unassigned,2.6.1,https://docs.tibco.com/products/tibco-hybrid-integration-2-6-1,TRUE,FALSE,Do Not Migrate
TIBCO® Hybrid Integration,Unassigned,2.6.0,https://docs.tibco.com/products/tibco-hybrid-integration-2-6-0,TRUE,FALSE,Do Not Migrate
TIBCO® Hybrid Integration,Unassigned,2.5.0,https://docs.tibco.com/products/tibco-hybrid-integration-2-5-0,TRUE,FALSE,Do Not Migrate
TIBCO® Hybrid Integration,Unassigned,2.3.0,https://docs.tibco.com/products/tibco-hybrid-integration-2-3-0,TRUE,FALSE,Do Not Migrate
TIBCO® Hybrid Integration,Unassigned,2.2.0,https://docs.tibco.com/products/tibco-hybrid-integration-2-2-0,TRUE,FALSE,Do Not Migrate
TIBCO® Hybrid Integration,Unassigned,2.1.1,https://docs.tibco.com/products/tibco-hybrid-integration-2-1-1,TRUE,FALSE,Do Not Migrate
TIBCO® Hybrid Integration,Unassigned,2.1.0,https://docs.tibco.com/products/tibco-hybrid-integration-2-1-0,TRUE,FALSE,Do Not Migrate
TIBCO® Hybrid Integration,Unassigned,2.0.0,https://docs.tibco.com/products/tibco-hybrid-integration-2-0-0,TRUE,FALSE,Do Not Migrate
TIBCO® Hybrid Integration,Unassigned,1.8.0,https://docs.tibco.com/products/tibco-hybrid-integration-1-8-0,TRUE,FALSE,Do Not Migrate
TIBCO® Hybrid Integration,Unassigned,1.7.0,https://docs.tibco.com/products/tibco-hybrid-integration-1-7-0,TRUE,FALSE,Do Not Migrate
TIBCO® Hybrid Integration,Unassigned,1.6.0,https://docs.tibco.com/products/tibco-hybrid-integration-1-6-0,TRUE,FALSE,Do Not Migrate
TIBCO® Hybrid Integration,Unassigned,1.5.0,https://docs.tibco.com/products/tibco-hybrid-integration-1-5-0,TRUE,FALSE,Do Not Migrate
TIBCO® Hybrid Integration,Unassigned,1.4.0,https://docs.tibco.com/products/tibco-hybrid-integration-1-4-0,TRUE,FALSE,Do Not Migrate
TIBCO® Hybrid Integration,Unassigned,1.3.0,https://docs.tibco.com/products/tibco-hybrid-integration-1-3-0,TRUE,FALSE,Do Not Migrate
TIBCO® Hybrid Integration,Unassigned,1.2.0,https://docs.tibco.com/products/tibco-hybrid-integration-1-2-0,TRUE,FALSE,Do Not Migrate
TIBCO® Hybrid Integration,Unassigned,1.1.0,https://docs.tibco.com/products/tibco-hybrid-integration-1-1-0,TRUE,FALSE,Do Not Migrate
TIBCO® Hybrid Integration,Unassigned,1.0.0,https://docs.tibco.com/products/tibco-hybrid-integration-1-0-0,TRUE,FALSE,Do Not Migrate
TIBCO® Hybrid Integration Connectivity Add-on,Unassigned,3.11.0,https://docs.tibco.com/products/tibco-hybrid-integration-connectivity-add-on-3-11-0,FALSE,FALSE,Migrate
TIBCO® Hybrid Integration Connectivity Add-on,Unassigned,3.9.0,https://docs.tibco.com/products/tibco-hybrid-integration-connectivity-add-on-3-9-0,FALSE,FALSE,Migrate
TIBCO® Hybrid Integration Connectivity Add-on,Unassigned,3.8.0,https://docs.tibco.com/products/tibco-hybrid-integration-connectivity-add-on-3-8-0,FALSE,FALSE,Migrate
TIBCO® Hybrid Integration Connectivity Add-on,Unassigned,3.7.0,https://docs.tibco.com/products/tibco-hybrid-integration-connectivity-add-on-3-7-0,FALSE,FALSE,Migrate
TIBCO® Hybrid Integration Connectivity Add-on,Unassigned,3.6.0,https://docs.tibco.com/products/tibco-hybrid-integration-connectivity-add-on-3-6-0,FALSE,FALSE,Migrate
TIBCO® Hybrid Integration Connectivity Add-on,Unassigned,3.5.1,https://docs.tibco.com/products/tibco-hybrid-integration-connectivity-add-on-3-5-1,FALSE,FALSE,Migrate
TIBCO® Hybrid Integration Connectivity Add-on,Unassigned,3.5.0,https://docs.tibco.com/products/tibco-hybrid-integration-connectivity-add-on-3-5-0,FALSE,FALSE,Migrate
TIBCO® Hybrid Integration Connectivity Add-on,Unassigned,3.3.0,https://docs.tibco.com/products/tibco-hybrid-integration-connectivity-add-on-3-3-0,FALSE,FALSE,Migrate
TIBCO® Hybrid Integration Connectivity Add-on,Unassigned,3.2.0,https://docs.tibco.com/products/tibco-hybrid-integration-connectivity-add-on-3-2-0,FALSE,FALSE,Migrate
TIBCO® Hybrid Integration Connectivity Add-on,Unassigned,3.1.0,https://docs.tibco.com/products/tibco-hybrid-integration-connectivity-add-on-3-1-0,FALSE,FALSE,Migrate
TIBCO® Hybrid Integration Connectivity Add-on,Unassigned,3.0.0,https://docs.tibco.com/products/tibco-hybrid-integration-connectivity-add-on-3-0-0,FALSE,FALSE,Migrate
TIBCO® Hybrid Integration Connectivity Add-on,Unassigned,2.9.1,https://docs.tibco.com/products/tibco-hybrid-integration-connectivity-add-on-2-9-1,FALSE,FALSE,Migrate
TIBCO® Hybrid Integration Connectivity Add-on,Unassigned,2.9.0,https://docs.tibco.com/products/tibco-hybrid-integration-connectivity-add-on-2-9-0,FALSE,FALSE,Migrate
TIBCO® Hybrid Integration Connectivity Add-on,Unassigned,2.7.0,https://docs.tibco.com/products/tibco-hybrid-integration-connectivity-add-on-2-7-0,FALSE,FALSE,Migrate
TIBCO® Hybrid Integration Connectivity Add-on,Unassigned,2.6.1,https://docs.tibco.com/products/tibco-hybrid-integration-connectivity-add-on-2-6-1,FALSE,FALSE,Migrate
TIBCO® Hybrid Integration Connectivity Add-on,Unassigned,2.6.0,https://docs.tibco.com/products/tibco-hybrid-integration-connectivity-add-on-2-6-0,FALSE,FALSE,Migrate
TIBCO® Hybrid Integration Connectivity Add-on,Unassigned,2.5.1,https://docs.tibco.com/products/tibco-hybrid-integration-connectivity-add-on-2-5-1,FALSE,FALSE,Migrate
TIBCO® Hybrid Integration Connectivity Add-on,Unassigned,2.5.0,https://docs.tibco.com/products/tibco-hybrid-integration-connectivity-add-on-2-5-0,FALSE,FALSE,Migrate
TIBCO® Hybrid Integration Connectivity Add-on,Unassigned,2.4.0,https://docs.tibco.com/products/tibco-hybrid-integration-connectivity-add-on-2-4-0,FALSE,FALSE,Migrate
TIBCO® Hybrid Integration Connectivity Add-on,Unassigned,2.3.0,https://docs.tibco.com/products/tibco-hybrid-integration-connectivity-add-on-2-3-0,FALSE,FALSE,Migrate
TIBCO® Hybrid Integration Connectivity Add-on,Unassigned,2.2.0,https://docs.tibco.com/products/tibco-hybrid-integration-connectivity-add-on-2-2-0,FALSE,FALSE,Migrate
TIBCO® Hybrid Integration Connectivity Add-on,Unassigned,2.1.0,https://docs.tibco.com/products/tibco-hybrid-integration-connectivity-add-on-2-1-0,FALSE,FALSE,Migrate
TIBCO® Hybrid Integration Connectivity Add-on,Unassigned,2.0.0,https://docs.tibco.com/products/tibco-hybrid-integration-connectivity-add-on-2-0-0,FALSE,FALSE,Migrate
TIBCO® Hybrid Integration Connectivity Add-on,Unassigned,1.8.0,https://docs.tibco.com/products/tibco-hybrid-integration-connectivity-add-on-1-8-0,FALSE,FALSE,Migrate
TIBCO® Hybrid Integration Connectivity Add-on,Unassigned,1.7.0,https://docs.tibco.com/products/tibco-hybrid-integration-connectivity-add-on-1-7-0,FALSE,FALSE,Migrate
TIBCO® Hybrid Integration Connectivity Add-on,Unassigned,1.5.0,https://docs.tibco.com/products/tibco-hybrid-integration-connectivity-add-on-1-5-0,FALSE,FALSE,Migrate
TIBCO® Hybrid Integration Connectivity Add-on,Unassigned,1.4.0,https://docs.tibco.com/products/tibco-hybrid-integration-connectivity-add-on-1-4-0,FALSE,FALSE,Migrate
TIBCO® Hybrid Integration Connectivity Add-on,Unassigned,1.3.0,https://docs.tibco.com/products/tibco-hybrid-integration-connectivity-add-on-1-3-0,FALSE,FALSE,Migrate
TIBCO® Hybrid Integration Connectivity Add-on,Unassigned,1.2.0,https://docs.tibco.com/products/tibco-hybrid-integration-connectivity-add-on-1-2-0,FALSE,FALSE,Migrate
TIBCO® Hybrid Integration Connectivity Add-on,Unassigned,1.1.0,https://docs.tibco.com/products/tibco-hybrid-integration-connectivity-add-on-1-1-0,FALSE,FALSE,Migrate
TIBCO® Hybrid Integration Connectivity Add-on,Unassigned,1.0.0,https://docs.tibco.com/products/tibco-hybrid-integration-connectivity-add-on-1-0-0,FALSE,FALSE,Migrate
TIBCO® Integration,Unassigned,3.16.0,https://docs.tibco.com/products/tibco-integration-3-16-0,FALSE,FALSE,Migrate
TIBCO® Integration,Unassigned,3.15.0,https://docs.tibco.com/products/tibco-integration-3-15-0,FALSE,FALSE,Migrate
TIBCO® Integration,Unassigned,3.14.0,https://docs.tibco.com/products/tibco-integration-3-14-0,FALSE,FALSE,Migrate
TIBCO® Integration,Unassigned,3.13.0,https://docs.tibco.com/products/tibco-integration-3-13-0,FALSE,FALSE,Migrate
TIBCO® Integration,Unassigned,3.12.0,https://docs.tibco.com/products/tibco-integration-3-12-0,FALSE,FALSE,Migrate
TIBCO® Integration,Unassigned,3.11.0,https://docs.tibco.com/products/tibco-integration-3-11-0,FALSE,FALSE,Migrate
TIBCO® Integration,Unassigned,3.10.1,https://docs.tibco.com/products/tibco-integration-3-10-1,FALSE,FALSE,Migrate
TIBCO® Integration,Unassigned,3.10.0,https://docs.tibco.com/products/tibco-integration-3-10-0,FALSE,FALSE,Migrate
TIBCO® Integration,Unassigned,3.9.0,https://docs.tibco.com/products/tibco-integration-3-9-0,FALSE,FALSE,Migrate
TIBCO® Integration,Unassigned,3.8.0,https://docs.tibco.com/products/tibco-integration-3-8-0,FALSE,FALSE,Migrate
TIBCO® Integration,Unassigned,3.7.0,https://docs.tibco.com/products/tibco-integration-3-7-0,FALSE,FALSE,Migrate
TIBCO® Integration,Unassigned,3.6.0,https://docs.tibco.com/products/tibco-integration-3-6-0,FALSE,FALSE,Migrate
TIBCO® Integration,Unassigned,3.5.0,https://docs.tibco.com/products/tibco-integration-3-5-0,FALSE,FALSE,Migrate
TIBCO® Integration,Unassigned,3.4.0,https://docs.tibco.com/products/tibco-integration-3-4-0,FALSE,FALSE,Migrate
TIBCO® Integration,Unassigned,3.3.0,https://docs.tibco.com/products/tibco-integration-3-3-0,TRUE,FALSE,Do Not Migrate
TIBCO® Integration,Unassigned,3.2.0,https://docs.tibco.com/products/tibco-integration-3-2-0,TRUE,FALSE,Do Not Migrate
TIBCO® Integration,Unassigned,3.1.0,https://docs.tibco.com/products/tibco-integration-3-1-0,TRUE,FALSE,Do Not Migrate
TIBCO® Integration,Unassigned,3.0.0,https://docs.tibco.com/products/tibco-integration-3-0-0,TRUE,FALSE,Do Not Migrate
TIBCO® Integration,Unassigned,2.9.1,https://docs.tibco.com/products/tibco-integration-2-9-1,TRUE,FALSE,Do Not Migrate
TIBCO® Integration,Unassigned,2.9.0,https://docs.tibco.com/products/tibco-integration-2-9-0,TRUE,FALSE,Do Not Migrate
TIBCO® Integration,Unassigned,2.8.0,https://docs.tibco.com/products/tibco-integration-2-8-0,TRUE,FALSE,Do Not Migrate
TIBCO® Integration,Unassigned,2.7.0,https://docs.tibco.com/products/tibco-integration-2-7-0,TRUE,FALSE,Do Not Migrate
TIBCO® Integration,Unassigned,2.6.1,https://docs.tibco.com/products/tibco-integration-2-6-1,TRUE,FALSE,Do Not Migrate
TIBCO® Integration,Unassigned,2.6.0,https://docs.tibco.com/products/tibco-integration-2-6-0,TRUE,FALSE,Do Not Migrate
TIBCO® Integration,Unassigned,2.5.0,https://docs.tibco.com/products/tibco-integration-2-5-0,TRUE,FALSE,Do Not Migrate
TIBCO® Integration,Unassigned,2.4.0,https://docs.tibco.com/products/tibco-integration-2-4-0,TRUE,FALSE,Do Not Migrate
TIBCO® Integration,Unassigned,2.3.0,https://docs.tibco.com/products/tibco-integration-2-3-0,TRUE,FALSE,Do Not Migrate
TIBCO® Integration,Unassigned,2.2.0,https://docs.tibco.com/products/tibco-integration-2-2-0,TRUE,FALSE,Do Not Migrate
TIBCO® Integration,Unassigned,2.1.1,https://docs.tibco.com/products/tibco-integration-2-1-1,TRUE,FALSE,Do Not Migrate
TIBCO® Integration,Unassigned,2.1.0,https://docs.tibco.com/products/tibco-integration-2-1-0,TRUE,FALSE,Do Not Migrate
TIBCO® Integration,Unassigned,2.0.0,https://docs.tibco.com/products/tibco-integration-2-0-0,TRUE,FALSE,Do Not Migrate
TIBCO® Integration,Unassigned,1.7.0,https://docs.tibco.com/products/tibco-integration-1-7-0,TRUE,FALSE,Do Not Migrate
TIBCO® Integration,Unassigned,1.6.0,https://docs.tibco.com/products/tibco-integration-1-6-0,TRUE,FALSE,Do Not Migrate
TIBCO® Integration,Unassigned,1.5.0,https://docs.tibco.com/products/tibco-integration-1-5-0,TRUE,FALSE,Do Not Migrate
TIBCO® Integration,Unassigned,1.4.0,https://docs.tibco.com/products/tibco-integration-1-4-0,TRUE,FALSE,Do Not Migrate
TIBCO® Integration,Unassigned,1.3.0,https://docs.tibco.com/products/tibco-integration-1-3-0,TRUE,FALSE,Do Not Migrate
TIBCO® Integration,Unassigned,1.2.0,https://docs.tibco.com/products/tibco-integration-1-2-0,TRUE,FALSE,Do Not Migrate
TIBCO® Integration,Unassigned,1.1.0,https://docs.tibco.com/products/tibco-integration-1-1-0,TRUE,FALSE,Do Not Migrate
TIBCO® Integration - Connectivity Add-on,Unassigned,3.10.1,https://docs.tibco.com/products/tibco-integration-connectivity-add-on-3-10-1,FALSE,FALSE,Migrate
TIBCO® Integration - Connectivity Add-on,Unassigned,3.10.0,https://docs.tibco.com/products/tibco-integration-connectivity-add-on-3-10-0,FALSE,FALSE,Migrate
TIBCO® Integration - Connectivity Add-on,Unassigned,3.9.0,https://docs.tibco.com/products/tibco-integration-connectivity-add-on-3-9-0,FALSE,FALSE,Migrate
TIBCO® Integration - Connectivity Add-on,Unassigned,3.8.0,https://docs.tibco.com/products/tibco-integration-connectivity-add-on-3-8-0,FALSE,FALSE,Migrate
TIBCO® Integration - Connectivity Add-on,Unassigned,3.7.0,https://docs.tibco.com/products/tibco-integration-connectivity-add-on-3-7-0,FALSE,FALSE,Migrate
TIBCO® Integration - Connectivity Add-on,Unassigned,3.6.0,https://docs.tibco.com/products/tibco-integration-connectivity-add-on-3-6-0,FALSE,FALSE,Migrate
TIBCO® Integration - Connectivity Add-on,Unassigned,3.5.0,https://docs.tibco.com/products/tibco-integration-connectivity-add-on-3-5-0,FALSE,FALSE,Migrate
TIBCO® Integration - Connectivity Add-on,Unassigned,3.4.1,https://docs.tibco.com/products/tibco-integration-connectivity-add-on-3-4-1,FALSE,FALSE,Migrate
TIBCO® Integration - Connectivity Add-on,Unassigned,3.4.0,https://docs.tibco.com/products/tibco-integration-connectivity-add-on-3-4-0,FALSE,FALSE,Migrate
TIBCO® Integration - Connectivity Add-on,Unassigned,3.3.0,https://docs.tibco.com/products/tibco-integration-connectivity-add-on-3-3-0,FALSE,FALSE,Migrate
TIBCO® Integration - Connectivity Add-on,Unassigned,3.2.0,https://docs.tibco.com/products/tibco-integration-connectivity-add-on-3-2-0,FALSE,FALSE,Migrate
TIBCO® Integration - Connectivity Add-on,Unassigned,3.1.0,https://docs.tibco.com/products/tibco-integration-connectivity-add-on-3-1-0,FALSE,FALSE,Migrate
TIBCO® Integration - Connectivity Add-on,Unassigned,3.0.0,https://docs.tibco.com/products/tibco-integration-connectivity-add-on-3-0-0,FALSE,FALSE,Migrate
TIBCO® Integration - Connectivity Add-on,Unassigned,2.9.1,https://docs.tibco.com/products/tibco-integration-connectivity-add-on-2-9-1,FALSE,FALSE,Migrate
TIBCO® Integration - Connectivity Add-on,Unassigned,2.9.0,https://docs.tibco.com/products/tibco-integration-connectivity-add-on-2-9-0,FALSE,FALSE,Migrate
TIBCO® Integration - Connectivity Add-on,Unassigned,2.7.0,https://docs.tibco.com/products/tibco-integration-connectivity-add-on-2-7-0,FALSE,FALSE,Migrate
TIBCO® Integration - Connectivity Add-on,Unassigned,2.6.1,https://docs.tibco.com/products/tibco-integration-connectivity-add-on-2-6-1,FALSE,FALSE,Migrate
TIBCO® Integration - Connectivity Add-on,Unassigned,2.6.0,https://docs.tibco.com/products/tibco-integration-connectivity-add-on-2-6-0,FALSE,FALSE,Migrate
TIBCO® Integration - Connectivity Add-on,Unassigned,2.5.2,https://docs.tibco.com/products/tibco-integration-connectivity-add-on-2-5-2,FALSE,FALSE,Migrate
TIBCO® Integration - Connectivity Add-on,Unassigned,2.5.1,https://docs.tibco.com/products/tibco-integration-connectivity-add-on-2-5-1,FALSE,FALSE,Migrate
TIBCO® Integration - Connectivity Add-on,Unassigned,2.5.0,https://docs.tibco.com/products/tibco-integration-connectivity-add-on-2-5-0,FALSE,FALSE,Migrate
TIBCO® Integration - Connectivity Add-on,Unassigned,2.4.0,https://docs.tibco.com/products/tibco-integration-connectivity-add-on-2-4-0,FALSE,FALSE,Migrate
TIBCO® Integration - Connectivity Add-on,Unassigned,2.3.0,https://docs.tibco.com/products/tibco-integration-connectivity-add-on-2-3-0,FALSE,FALSE,Migrate
TIBCO® Integration - Connectivity Add-on,Unassigned,2.2.0,https://docs.tibco.com/products/tibco-integration-connectivity-add-on-2-2-0,FALSE,FALSE,Migrate
TIBCO® Integration - Connectivity Add-on,Unassigned,2.1.1,https://docs.tibco.com/products/tibco-integration-connectivity-add-on-2-1-1,FALSE,FALSE,Migrate
TIBCO® Integration - Connectivity Add-on,Unassigned,2.1.0,https://docs.tibco.com/products/tibco-integration-connectivity-add-on-2-1-0,FALSE,FALSE,Migrate
TIBCO® Integration - Connectivity Add-on,Unassigned,2.0.0,https://docs.tibco.com/products/tibco-integration-connectivity-add-on-2-0-0,FALSE,FALSE,Migrate
TIBCO® Integration - Connectivity Add-on,Unassigned,1.7.0,https://docs.tibco.com/products/tibco-integration-connectivity-add-on-1-7-0,FALSE,FALSE,Migrate
TIBCO® Integration - Connectivity Add-on,Unassigned,1.6.0,https://docs.tibco.com/products/tibco-integration-connectivity-add-on-1-6-0,FALSE,FALSE,Migrate
TIBCO® Integration - Connectivity Add-on,Unassigned,1.2.0,https://docs.tibco.com/products/tibco-integration-connectivity-add-on-1-2-0,FALSE,FALSE,Migrate
TIBCO® Integration - Connectivity Add-on,Unassigned,1.1.0,https://docs.tibco.com/products/tibco-integration-connectivity-add-on-1-1-0,FALSE,FALSE,Migrate
TIBCO® Integration - Connectivity Add-on,Unassigned,1.0.0,https://docs.tibco.com/products/tibco-integration-connectivity-add-on-1-0-0,FALSE,FALSE,Migrate
TIBCO® Integration Connectivity for TIBCO® Platform,Integration,1.3.0,https://docs.tibco.com/products/tibco-integration-connectivity-for-tibco-platform-1-3-0,FALSE,FALSE,Migrate
TIBCO® Integration Connectivity for TIBCO® Platform,Integration,1.2.0,https://docs.tibco.com/products/tibco-integration-connectivity-for-tibco-platform-1-2-0,FALSE,FALSE,Migrate
TIBCO® Integration Connectivity for TIBCO® Platform,Integration,1.1.0,https://docs.tibco.com/products/tibco-integration-connectivity-for-tibco-platform-1-1-0,FALSE,FALSE,Migrate
TIBCO® Integration Connectivity for TIBCO® Platform,Integration,1.0.0,https://docs.tibco.com/products/tibco-integration-connectivity-for-tibco-platform-1-0-0,FALSE,FALSE,Migrate
TIBCO® Integration for TIBCO® Platform,Integration,1.6.0,https://docs.tibco.com/products/tibco-integration-for-tibco-platform-1-6-0,FALSE,FALSE,Migrate
TIBCO® Integration for TIBCO® Platform,Integration,1.5.0,https://docs.tibco.com/products/tibco-integration-for-tibco-platform-1-5-0,FALSE,FALSE,Migrate
TIBCO® Integration for TIBCO® Platform,Integration,1.4.0,https://docs.tibco.com/products/tibco-integration-for-tibco-platform-1-4-0,FALSE,FALSE,Migrate
TIBCO® Integration for TIBCO® Platform,Integration,1.3.0,https://docs.tibco.com/products/tibco-integration-for-tibco-platform-1-3-0,FALSE,FALSE,Migrate
TIBCO® Integration for TIBCO® Platform,Integration,1.2.0,https://docs.tibco.com/products/tibco-integration-for-tibco-platform-1-2-0,FALSE,FALSE,Migrate
TIBCO® Integration for TIBCO® Platform,Integration,1.1.0,https://docs.tibco.com/products/tibco-integration-for-tibco-platform-1-1-0,FALSE,FALSE,Migrate
TIBCO® Integration for TIBCO® Platform,Integration,1.0.0,https://docs.tibco.com/products/tibco-integration-for-tibco-platform-1-0-0,FALSE,FALSE,Migrate
TIBCO® IT Operations Analytics,Visual Analytics,3.0.0,https://docs.tibco.com/products/tibco-it-operations-analytics-3-0-0,TRUE,FALSE,Do Not Migrate
TIBCO® IT Operations Analytics,Visual Analytics,2.0.0,https://docs.tibco.com/products/tibco-it-operations-analytics-2-0-0,TRUE,FALSE,Do Not Migrate
TIBCO® IT Operations Analytics,Visual Analytics,1.0.0,https://docs.tibco.com/products/tibco-it-operations-analytics-1-0-0,TRUE,FALSE,Do Not Migrate
TIBCO® Live Datamart,Data Science & Streaming,10.3.0,https://docs.tibco.com/products/tibco-live-datamart-10-3-0,TRUE,TRUE,Do Not Migrate
TIBCO® Live Datamart,Data Science & Streaming,10.2.1,https://docs.tibco.com/products/tibco-live-datamart-10-2-1,TRUE,TRUE,Do Not Migrate
TIBCO® Live Datamart,Data Science & Streaming,10.2.0,https://docs.tibco.com/products/tibco-live-datamart-10-2-0,TRUE,TRUE,Do Not Migrate
TIBCO® Live Datamart,Data Science & Streaming,2.2.8,https://docs.tibco.com/products/tibco-live-datamart-2-2-8,TRUE,TRUE,Do Not Migrate
TIBCO® Live Datamart,Data Science & Streaming,2.2.7,https://docs.tibco.com/products/tibco-live-datamart-2-2-7,TRUE,TRUE,Do Not Migrate
TIBCO® Live Datamart,Data Science & Streaming,2.2.6,https://docs.tibco.com/products/tibco-live-datamart-2-2-6,TRUE,TRUE,Do Not Migrate
TIBCO® Live Datamart,Data Science & Streaming,2.2.5,https://docs.tibco.com/products/tibco-live-datamart-2-2-5,TRUE,TRUE,Do Not Migrate
TIBCO® Live Datamart,Data Science & Streaming,2.2.4,https://docs.tibco.com/products/tibco-live-datamart-2-2-4,TRUE,TRUE,Do Not Migrate
TIBCO® Live Datamart,Data Science & Streaming,2.2.3,https://docs.tibco.com/products/tibco-live-datamart-2-2-3,TRUE,TRUE,Do Not Migrate
TIBCO® Live Datamart,Data Science & Streaming,2.2.2,https://docs.tibco.com/products/tibco-live-datamart-2-2-2,TRUE,TRUE,Do Not Migrate
TIBCO® Live Datamart,Data Science & Streaming,2.2.1,https://docs.tibco.com/products/tibco-live-datamart-2-2-1,TRUE,TRUE,Do Not Migrate
TIBCO® Live Datamart,Data Science & Streaming,2.2.0,https://docs.tibco.com/products/tibco-live-datamart-2-2-0,TRUE,TRUE,Do Not Migrate
TIBCO® Live Datamart,Data Science & Streaming,2.1.8,https://docs.tibco.com/products/tibco-live-datamart-2-1-8,TRUE,TRUE,Do Not Migrate
TIBCO® Live Datamart,Data Science & Streaming,2.1.7,https://docs.tibco.com/products/tibco-live-datamart-2-1-7,TRUE,TRUE,Do Not Migrate
TIBCO® Live Datamart,Data Science & Streaming,2.1.6,https://docs.tibco.com/products/tibco-live-datamart-2-1-6,TRUE,TRUE,Do Not Migrate
TIBCO® Live Datamart,Data Science & Streaming,2.1.5,https://docs.tibco.com/products/tibco-live-datamart-2-1-5,TRUE,TRUE,Do Not Migrate
TIBCO® Live Datamart,Data Science & Streaming,2.1.4,https://docs.tibco.com/products/tibco-live-datamart-2-1-4,TRUE,TRUE,Do Not Migrate
TIBCO® Live Datamart,Data Science & Streaming,2.1.3,https://docs.tibco.com/products/tibco-live-datamart-2-1-3,TRUE,TRUE,Do Not Migrate
TIBCO® Live Datamart,Data Science & Streaming,2.1.2,https://docs.tibco.com/products/tibco-live-datamart-2-1-2,TRUE,TRUE,Do Not Migrate
TIBCO® Live Datamart,Data Science & Streaming,2.1.1,https://docs.tibco.com/products/tibco-live-datamart-2-1-1,TRUE,TRUE,Do Not Migrate
TIBCO® Live Datamart,Data Science & Streaming,2.1.0,https://docs.tibco.com/products/tibco-live-datamart-2-1-0,TRUE,TRUE,Do Not Migrate
TIBCO® Live Datamart Standard Edition,Data Science & Streaming,2.2.8,https://docs.tibco.com/products/tibco-live-datamart-standard-edition-2-2-8,TRUE,FALSE,Do Not Migrate
TIBCO® Live Datamart Standard Edition,Data Science & Streaming,2.2.7,https://docs.tibco.com/products/tibco-live-datamart-standard-edition-2-2-7,TRUE,FALSE,Do Not Migrate
TIBCO® Live Datamart Standard Edition,Data Science & Streaming,2.2.6,https://docs.tibco.com/products/tibco-live-datamart-standard-edition-2-2-6,TRUE,FALSE,Do Not Migrate
TIBCO® Mainframe RED,Mainframe,3.1.0,https://docs.tibco.com/products/tibco-mainframe-red-3-1-0,FALSE,FALSE,Migrate
TIBCO® Mainframe RED,Mainframe,2.5.1,https://docs.tibco.com/products/tibco-mainframe-red-2-5-1,TRUE,FALSE,Do Not Migrate
TIBCO® Mainframe RED,Mainframe,2.5.0,https://docs.tibco.com/products/tibco-mainframe-red-2-5-0,TRUE,FALSE,Do Not Migrate
TIBCO® Mainframe RED,Mainframe,2.4.0,https://docs.tibco.com/products/tibco-mainframe-red-2-4-0,TRUE,TRUE,Do Not Migrate
TIBCO® Mainframe RED,Mainframe,2.3.1,https://docs.tibco.com/products/tibco-mainframe-red-2-3-1,TRUE,TRUE,Do Not Migrate
TIBCO® Mainframe RED,Mainframe,2.3.0,https://docs.tibco.com/products/tibco-mainframe-red-2-3-0,TRUE,TRUE,Do Not Migrate
TIBCO® Mainframe RED,Mainframe,2.2.0,https://docs.tibco.com/products/tibco-mainframe-red-2-2-0,TRUE,TRUE,Do Not Migrate
TIBCO® Mainframe RED,Mainframe,2.1.0,https://docs.tibco.com/products/tibco-mainframe-red-2-1-0,TRUE,TRUE,Do Not Migrate
TIBCO® Mainframe RED,Mainframe,2.0.0,https://docs.tibco.com/products/tibco-mainframe-red-2-0-0,TRUE,TRUE,Do Not Migrate
TIBCO® Mainframe RED,Mainframe,1.1.0,https://docs.tibco.com/products/tibco-mainframe-red-1-1-0,TRUE,TRUE,Do Not Migrate
TIBCO® Mainframe RED,Mainframe,1.0.0,https://docs.tibco.com/products/tibco-mainframe-red-1-0-0,TRUE,TRUE,Do Not Migrate
TIBCO® Mainframe TCP Library,Unassigned,3.0.0,https://docs.tibco.com/products/tibco-mainframe-tcp-library-3-0-0,FALSE,FALSE,Migrate
TIBCO® Mainframe TCP Library,Unassigned,2.5.0,https://docs.tibco.com/products/tibco-mainframe-tcp-library-2-5-0,FALSE,FALSE,Do Not Migrate
TIBCO® Mainframe TCP Library,Unassigned,2.1.0,https://docs.tibco.com/products/tibco-mainframe-tcp-library-2-1-0,FALSE,FALSE,Do Not Migrate
TIBCO® Mainframe WebUI,Unassigned,3.0.0,https://docs.tibco.com/products/tibco-mainframe-webui-3-0-0,FALSE,FALSE,Migrate
TIBCO® Mainframe WebUI,Unassigned,2.5.0,https://docs.tibco.com/products/tibco-mainframe-webui-2-5-0,FALSE,FALSE,Do Not Migrate
TIBCO® Mainframe WebUI,Unassigned,2.4.0,https://docs.tibco.com/products/tibco-mainframe-webui-2-4-0,FALSE,FALSE,Do Not Migrate
TIBCO® Mainframe WebUI,Unassigned,2.2.0,https://docs.tibco.com/products/tibco-mainframe-webui-2-2-0,FALSE,FALSE,Do Not Migrate
TIBCO® Mainframe WebUI,Unassigned,2.1.0,https://docs.tibco.com/products/tibco-mainframe-webui-2-1-0,FALSE,FALSE,Do Not Migrate
TIBCO® Mainframe WebUI,Unassigned,2.0.0,https://docs.tibco.com/products/tibco-mainframe-webui-2-0-0,FALSE,FALSE,Do Not Migrate
TIBCO® Mainframe WebUI,Unassigned,1.1.0,https://docs.tibco.com/products/tibco-mainframe-webui-1-1-0,FALSE,FALSE,Do Not Migrate
TIBCO® Mainframe WebUI,Unassigned,1.0.0,https://docs.tibco.com/products/tibco-mainframe-webui-1-0-0,FALSE,FALSE,Do Not Migrate
TIBCO® Managed File Transfer Command Center,B2B,8.7.1,https://docs.tibco.com/products/tibco-managed-file-transfer-command-center-8-7-1,FALSE,FALSE,Migrate
TIBCO® Managed File Transfer Command Center,B2B,8.7.0,https://docs.tibco.com/products/tibco-managed-file-transfer-command-center-8-7-0,FALSE,FALSE,Migrate
TIBCO® Managed File Transfer Command Center,B2B,8.6.0,https://docs.tibco.com/products/tibco-managed-file-transfer-command-center-8-6-0,FALSE,FALSE,Migrate
TIBCO® Managed File Transfer Command Center,B2B,8.5.2,https://docs.tibco.com/products/tibco-managed-file-transfer-command-center-8-5-2,FALSE,FALSE,Migrate
TIBCO® Managed File Transfer Command Center,B2B,8.5.1,https://docs.tibco.com/products/tibco-managed-file-transfer-command-center-8-5-1,FALSE,FALSE,Migrate
TIBCO® Managed File Transfer Command Center,B2B,8.5.0,https://docs.tibco.com/products/tibco-managed-file-transfer-command-center-8-5-0,FALSE,FALSE,Migrate
TIBCO® Managed File Transfer Command Center,B2B,8.4.4,https://docs.tibco.com/products/tibco-managed-file-transfer-command-center-8-4-4,FALSE,FALSE,Migrate
TIBCO® Managed File Transfer Command Center,B2B,8.4.3,https://docs.tibco.com/products/tibco-managed-file-transfer-command-center-8-4-3,FALSE,FALSE,Migrate
TIBCO® Managed File Transfer Command Center,B2B,8.4.2,https://docs.tibco.com/products/tibco-managed-file-transfer-command-center-8-4-2,TRUE,FALSE,Migrate
TIBCO® Managed File Transfer Command Center,B2B,8.4.1,https://docs.tibco.com/products/tibco-managed-file-transfer-command-center-8-4-1,TRUE,FALSE,Migrate
TIBCO® Managed File Transfer Command Center,B2B,8.4.0,https://docs.tibco.com/products/tibco-managed-file-transfer-command-center-8-4-0,TRUE,FALSE,Migrate
TIBCO® Managed File Transfer Command Center,B2B,8.3.2,https://docs.tibco.com/products/tibco-managed-file-transfer-command-center-8-3-2,TRUE,TRUE,Do Not Migrate
TIBCO® Managed File Transfer Command Center,B2B,8.3.1,https://docs.tibco.com/products/tibco-managed-file-transfer-command-center-8-3-1,TRUE,TRUE,Do Not Migrate
TIBCO® Managed File Transfer Command Center,B2B,8.3.0,https://docs.tibco.com/products/tibco-managed-file-transfer-command-center-8-3-0,TRUE,TRUE,Do Not Migrate
TIBCO® Managed File Transfer Command Center,B2B,8.2.2,https://docs.tibco.com/products/tibco-managed-file-transfer-command-center-8-2-2,TRUE,TRUE,Do Not Migrate
TIBCO® Managed File Transfer Command Center,B2B,8.2.1,https://docs.tibco.com/products/tibco-managed-file-transfer-command-center-8-2-1,TRUE,TRUE,Do Not Migrate
TIBCO® Managed File Transfer Command Center,B2B,8.2.0,https://docs.tibco.com/products/tibco-managed-file-transfer-command-center-8-2-0,TRUE,TRUE,Do Not Migrate
TIBCO® Managed File Transfer Command Center,B2B,8.1.1,https://docs.tibco.com/products/tibco-managed-file-transfer-command-center-8-1-1,TRUE,TRUE,Do Not Migrate
TIBCO® Managed File Transfer Command Center,B2B,8.1.0,https://docs.tibco.com/products/tibco-managed-file-transfer-command-center-8-1-0,TRUE,TRUE,Do Not Migrate
TIBCO® Managed File Transfer Command Center,B2B,8.0.3,https://docs.tibco.com/products/tibco-managed-file-transfer-command-center-8-0-3,TRUE,TRUE,Do Not Migrate
TIBCO® Managed File Transfer Command Center,B2B,8.0.2,https://docs.tibco.com/products/tibco-managed-file-transfer-command-center-8-0-2,TRUE,TRUE,Do Not Migrate
TIBCO® Managed File Transfer Command Center,B2B,8.0.1,https://docs.tibco.com/products/tibco-managed-file-transfer-command-center-8-0-1,TRUE,TRUE,Do Not Migrate
TIBCO® Managed File Transfer Command Center,B2B,8.0.0,https://docs.tibco.com/products/tibco-managed-file-transfer-command-center-8-0-0,TRUE,TRUE,Do Not Migrate
TIBCO® Managed File Transfer Command Center,B2B,7.3.3,https://docs.tibco.com/products/tibco-managed-file-transfer-command-center-7-3-3,TRUE,TRUE,Do Not Migrate
TIBCO® Managed File Transfer Command Center,B2B,7.3.2,https://docs.tibco.com/products/tibco-managed-file-transfer-command-center-7-3-2,TRUE,TRUE,Do Not Migrate
TIBCO® Managed File Transfer Command Center,B2B,7.3.1,https://docs.tibco.com/products/tibco-managed-file-transfer-command-center-7-3-1,TRUE,TRUE,Do Not Migrate
TIBCO® Managed File Transfer Command Center,B2B,7.3.0,https://docs.tibco.com/products/tibco-managed-file-transfer-command-center-7-3-0,TRUE,TRUE,Do Not Migrate
TIBCO® Managed File Transfer Command Center,B2B,7.2.6,https://docs.tibco.com/products/tibco-managed-file-transfer-command-center-7-2-6,TRUE,TRUE,Do Not Migrate
TIBCO® Managed File Transfer Command Center,B2B,7.2.5,https://docs.tibco.com/products/tibco-managed-file-transfer-command-center-7-2-5,TRUE,TRUE,Do Not Migrate
TIBCO® Managed File Transfer Command Center,B2B,7.2.4,https://docs.tibco.com/products/tibco-managed-file-transfer-command-center-7-2-4,TRUE,TRUE,Do Not Migrate
TIBCO® Managed File Transfer Command Center,B2B,7.2.3,https://docs.tibco.com/products/tibco-managed-file-transfer-command-center-7-2-3,TRUE,TRUE,Do Not Migrate
TIBCO® Managed File Transfer Command Center,B2B,7.2.2,https://docs.tibco.com/products/tibco-managed-file-transfer-command-center-7-2-2,TRUE,TRUE,Do Not Migrate
TIBCO® Managed File Transfer Command Center,B2B,7.2.1,https://docs.tibco.com/products/tibco-managed-file-transfer-command-center-7-2-1,TRUE,TRUE,Do Not Migrate
TIBCO® Managed File Transfer Command Center,B2B,7.2.0,https://docs.tibco.com/products/tibco-managed-file-transfer-command-center-7-2-0,TRUE,TRUE,Do Not Migrate
TIBCO® Managed File Transfer Command Center,B2B,7.1.1,https://docs.tibco.com/products/tibco-managed-file-transfer-command-center-7-1-1,TRUE,TRUE,Do Not Migrate
TIBCO® Managed File Transfer Command Center,B2B,7.0.1,https://docs.tibco.com/products/tibco-managed-file-transfer-command-center-7-0-1,TRUE,TRUE,Do Not Migrate
TIBCO® Managed File Transfer Internet Server,B2B,8.7.1,https://docs.tibco.com/products/tibco-managed-file-transfer-internet-server-8-7-1,FALSE,FALSE,Migrate
TIBCO® Managed File Transfer Internet Server,B2B,8.7.0,https://docs.tibco.com/products/tibco-managed-file-transfer-internet-server-8-7-0,FALSE,FALSE,Migrate
TIBCO® Managed File Transfer Internet Server,B2B,8.6.0,https://docs.tibco.com/products/tibco-managed-file-transfer-internet-server-8-6-0,FALSE,FALSE,Migrate
TIBCO® Managed File Transfer Internet Server,B2B,8.5.2,https://docs.tibco.com/products/tibco-managed-file-transfer-internet-server-8-5-2,FALSE,FALSE,Migrate
TIBCO® Managed File Transfer Internet Server,B2B,8.5.1,https://docs.tibco.com/products/tibco-managed-file-transfer-internet-server-8-5-1,FALSE,FALSE,Migrate
TIBCO® Managed File Transfer Internet Server,B2B,8.5.0,https://docs.tibco.com/products/tibco-managed-file-transfer-internet-server-8-5-0,FALSE,FALSE,Migrate
TIBCO® Managed File Transfer Internet Server,B2B,8.4.4,https://docs.tibco.com/products/tibco-managed-file-transfer-internet-server-8-4-4,FALSE,FALSE,Migrate
TIBCO® Managed File Transfer Internet Server,B2B,8.4.3,https://docs.tibco.com/products/tibco-managed-file-transfer-internet-server-8-4-3,FALSE,FALSE,Migrate
TIBCO® Managed File Transfer Internet Server,B2B,8.4.2,https://docs.tibco.com/products/tibco-managed-file-transfer-internet-server-8-4-2,TRUE,FALSE,Migrate
TIBCO® Managed File Transfer Internet Server,B2B,8.4.1,https://docs.tibco.com/products/tibco-managed-file-transfer-internet-server-8-4-1,TRUE,FALSE,Migrate
TIBCO® Managed File Transfer Internet Server,B2B,8.4.0,https://docs.tibco.com/products/tibco-managed-file-transfer-internet-server-8-4-0,TRUE,FALSE,Migrate
TIBCO® Managed File Transfer Internet Server,B2B,8.3.2,https://docs.tibco.com/products/tibco-managed-file-transfer-internet-server-8-3-2,TRUE,TRUE,Do Not Migrate
TIBCO® Managed File Transfer Internet Server,B2B,8.3.1,https://docs.tibco.com/products/tibco-managed-file-transfer-internet-server-8-3-1,TRUE,TRUE,Do Not Migrate
TIBCO® Managed File Transfer Internet Server,B2B,8.3.0,https://docs.tibco.com/products/tibco-managed-file-transfer-internet-server-8-3-0,TRUE,TRUE,Do Not Migrate
TIBCO® Managed File Transfer Internet Server,B2B,8.2.2,https://docs.tibco.com/products/tibco-managed-file-transfer-internet-server-8-2-2,TRUE,TRUE,Do Not Migrate
TIBCO® Managed File Transfer Internet Server,B2B,8.2.1,https://docs.tibco.com/products/tibco-managed-file-transfer-internet-server-8-2-1,TRUE,TRUE,Do Not Migrate
TIBCO® Managed File Transfer Internet Server,B2B,8.2.0,https://docs.tibco.com/products/tibco-managed-file-transfer-internet-server-8-2-0,TRUE,TRUE,Do Not Migrate
TIBCO® Managed File Transfer Internet Server,B2B,8.1.1,https://docs.tibco.com/products/tibco-managed-file-transfer-internet-server-8-1-1,TRUE,TRUE,Do Not Migrate
TIBCO® Managed File Transfer Internet Server,B2B,8.1.0,https://docs.tibco.com/products/tibco-managed-file-transfer-internet-server-8-1-0,TRUE,TRUE,Do Not Migrate
TIBCO® Managed File Transfer Internet Server,B2B,8.0.3,https://docs.tibco.com/products/tibco-managed-file-transfer-internet-server-8-0-3,TRUE,TRUE,Do Not Migrate
TIBCO® Managed File Transfer Internet Server,B2B,8.0.2,https://docs.tibco.com/products/tibco-managed-file-transfer-internet-server-8-0-2,TRUE,TRUE,Do Not Migrate
TIBCO® Managed File Transfer Internet Server,B2B,8.0.1,https://docs.tibco.com/products/tibco-managed-file-transfer-internet-server-8-0-1,TRUE,TRUE,Do Not Migrate
TIBCO® Managed File Transfer Internet Server,B2B,8.0.0,https://docs.tibco.com/products/tibco-managed-file-transfer-internet-server-8-0-0,TRUE,TRUE,Do Not Migrate
TIBCO® Managed File Transfer Internet Server,B2B,7.3.3,https://docs.tibco.com/products/tibco-managed-file-transfer-internet-server-7-3-3,TRUE,TRUE,Do Not Migrate
TIBCO® Managed File Transfer Internet Server,B2B,7.3.2,https://docs.tibco.com/products/tibco-managed-file-transfer-internet-server-7-3-2,TRUE,TRUE,Do Not Migrate
TIBCO® Managed File Transfer Internet Server,B2B,7.3.1,https://docs.tibco.com/products/tibco-managed-file-transfer-internet-server-7-3-1,TRUE,TRUE,Do Not Migrate
TIBCO® Managed File Transfer Internet Server,B2B,7.3.0,https://docs.tibco.com/products/tibco-managed-file-transfer-internet-server-7-3-0,TRUE,TRUE,Do Not Migrate
TIBCO® Managed File Transfer Internet Server,B2B,7.2.6,https://docs.tibco.com/products/tibco-managed-file-transfer-internet-server-7-2-6,TRUE,TRUE,Do Not Migrate
TIBCO® Managed File Transfer Internet Server,B2B,7.2.5,https://docs.tibco.com/products/tibco-managed-file-transfer-internet-server-7-2-5,TRUE,TRUE,Do Not Migrate
TIBCO® Managed File Transfer Internet Server,B2B,7.2.4,https://docs.tibco.com/products/tibco-managed-file-transfer-internet-server-7-2-4,TRUE,TRUE,Do Not Migrate
TIBCO® Managed File Transfer Internet Server,B2B,7.2.3,https://docs.tibco.com/products/tibco-managed-file-transfer-internet-server-7-2-3,TRUE,TRUE,Do Not Migrate
TIBCO® Managed File Transfer Internet Server,B2B,7.2.2,https://docs.tibco.com/products/tibco-managed-file-transfer-internet-server-7-2-2,TRUE,TRUE,Do Not Migrate
TIBCO® Managed File Transfer Internet Server,B2B,7.2.1,https://docs.tibco.com/products/tibco-managed-file-transfer-internet-server-7-2-1,TRUE,TRUE,Do Not Migrate
TIBCO® Managed File Transfer Internet Server,B2B,7.2.0,https://docs.tibco.com/products/tibco-managed-file-transfer-internet-server-7-2-0,TRUE,TRUE,Do Not Migrate
TIBCO® Managed File Transfer Internet Server,B2B,7.1.1,https://docs.tibco.com/products/tibco-managed-file-transfer-internet-server-7-1-1,TRUE,TRUE,Do Not Migrate
TIBCO® Managed File Transfer Internet Server,B2B,7.0.1,https://docs.tibco.com/products/tibco-managed-file-transfer-internet-server-7-0-1,TRUE,TRUE,Do Not Migrate
TIBCO® Managed File Transfer Internet Server with RocketStream® Accelerator,Unassigned,7.2.6,https://docs.tibco.com/products/tibco-managed-file-transfer-internet-server-with-rocketstream-accelerator-7-2-6,FALSE,FALSE,Migrate
TIBCO® Managed File Transfer Internet Server with RocketStream® Accelerator,Unassigned,7.2.5,https://docs.tibco.com/products/tibco-managed-file-transfer-internet-server-with-rocketstream-accelerator-7-2-5,TRUE,TRUE,Do Not Migrate
TIBCO® Managed File Transfer Internet Server with RocketStream® Accelerator,Unassigned,7.2.4,https://docs.tibco.com/products/tibco-managed-file-transfer-internet-server-with-rocketstream-accelerator-7-2-4,TRUE,TRUE,Do Not Migrate
TIBCO® Managed File Transfer Internet Server with RocketStream® Accelerator,Unassigned,7.2.3,https://docs.tibco.com/products/tibco-managed-file-transfer-internet-server-with-rocketstream-accelerator-7-2-3,TRUE,TRUE,Do Not Migrate
TIBCO® Managed File Transfer Internet Server with RocketStream® Accelerator,Unassigned,7.2.2,https://docs.tibco.com/products/tibco-managed-file-transfer-internet-server-with-rocketstream-accelerator-7-2-2,TRUE,TRUE,Do Not Migrate
TIBCO® Managed File Transfer Platform Server Agent,Unassigned,7.1.0,https://docs.tibco.com/products/tibco-managed-file-transfer-platform-server-agent-7-1-0,FALSE,TRUE,Do Not Migrate
TIBCO® Managed File Transfer Platform Server Agent,Unassigned,7.0.0,https://docs.tibco.com/products/tibco-managed-file-transfer-platform-server-agent-7-0-0,FALSE,FALSE,Do Not Migrate
TIBCO® Managed File Transfer Platform Server for IBM i,B2B,8.0.0,https://docs.tibco.com/products/tibco-managed-file-transfer-platform-server-for-ibm-i-8-0-0,TRUE,TRUE,Do Not Migrate
TIBCO® Managed File Transfer Platform Server for IBM i,B2B,7.1.0,https://docs.tibco.com/products/tibco-managed-file-transfer-platform-server-for-ibm-i-7-1-0,TRUE,FALSE,Do Not Migrate
TIBCO® Managed File Transfer Platform Server for UNIX,B2B,8.2.0,https://docs.tibco.com/products/tibco-managed-file-transfer-platform-server-for-unix-8-2-0,FALSE,FALSE,Migrate
TIBCO® Managed File Transfer Platform Server for UNIX,B2B,8.1.2,https://docs.tibco.com/products/tibco-managed-file-transfer-platform-server-for-unix-8-1-2,FALSE,FALSE,Migrate
TIBCO® Managed File Transfer Platform Server for UNIX,B2B,8.1.1,https://docs.tibco.com/products/tibco-managed-file-transfer-platform-server-for-unix-8-1-1,FALSE,FALSE,Migrate
TIBCO® Managed File Transfer Platform Server for UNIX,B2B,8.1.0,https://docs.tibco.com/products/tibco-managed-file-transfer-platform-server-for-unix-8-1-0,TRUE,FALSE,Migrate
TIBCO® Managed File Transfer Platform Server for UNIX,B2B,8.0.2,https://docs.tibco.com/products/tibco-managed-file-transfer-platform-server-for-unix-8-0-2,FALSE,FALSE,Migrate
TIBCO® Managed File Transfer Platform Server for UNIX,B2B,8.0.1,https://docs.tibco.com/products/tibco-managed-file-transfer-platform-server-for-unix-8-0-1,TRUE,FALSE,Migrate
TIBCO® Managed File Transfer Platform Server for UNIX,B2B,8.0.0,https://docs.tibco.com/products/tibco-managed-file-transfer-platform-server-for-unix-8-0-0,TRUE,FALSE,Migrate
TIBCO® Managed File Transfer Platform Server for UNIX,B2B,7.2.0,https://docs.tibco.com/products/tibco-managed-file-transfer-platform-server-for-unix-7-2-0,TRUE,TRUE,Do Not Migrate
TIBCO® Managed File Transfer Platform Server for UNIX,B2B,7.1,https://docs.tibco.com/products/tibco-managed-file-transfer-platform-server-for-unix-7-1,TRUE,FALSE,Do Not Migrate
TIBCO® Managed File Transfer Platform Server for Windows,B2B,8.2.0,https://docs.tibco.com/products/tibco-managed-file-transfer-platform-server-for-windows-8-2-0,FALSE,FALSE,Migrate
TIBCO® Managed File Transfer Platform Server for Windows,B2B,8.1.0,https://docs.tibco.com/products/tibco-managed-file-transfer-platform-server-for-windows-8-1-0,FALSE,FALSE,Migrate
TIBCO® Managed File Transfer Platform Server for Windows,B2B,8.0.1,https://docs.tibco.com/products/tibco-managed-file-transfer-platform-server-for-windows-8-0-1,TRUE,FALSE,Migrate
TIBCO® Managed File Transfer Platform Server for Windows,B2B,8.0.0,https://docs.tibco.com/products/tibco-managed-file-transfer-platform-server-for-windows-8-0-0,TRUE,FALSE,Migrate
TIBCO® Managed File Transfer Platform Server for Windows,B2B,7.2.0,https://docs.tibco.com/products/tibco-managed-file-transfer-platform-server-for-windows-7-2-0,TRUE,TRUE,Do Not Migrate
TIBCO® Managed File Transfer Platform Server for Windows,B2B,7.1.1,https://docs.tibco.com/products/tibco-managed-file-transfer-platform-server-for-windows-7-1-1,TRUE,TRUE,Do Not Migrate
TIBCO® Managed File Transfer Platform Server for Windows,B2B,7.1.0,https://docs.tibco.com/products/tibco-managed-file-transfer-platform-server-for-windows-7-1-0,TRUE,TRUE,Do Not Migrate
TIBCO® Managed File Transfer Platform Server for Windows with RocketStream Accelerator,Unassigned,7.1.1,https://docs.tibco.com/products/tibco-managed-file-transfer-platform-server-for-windows-with-rocketstream-accelerator-7-1-1,FALSE,FALSE,Migrate
TIBCO® Managed File Transfer Platform Server for Windows with RocketStream Accelerator,Unassigned,7.1.0,https://docs.tibco.com/products/tibco-managed-file-transfer-platform-server-for-windows-with-rocketstream-accelerator-7-1-0,FALSE,FALSE,Migrate
TIBCO® Managed File Transfer Platform Server for z/Linux,Unassigned,8.1.2,https://docs.tibco.com/products/tibco-managed-file-transfer-platform-server-for-z-linux-8-1-2,FALSE,FALSE,Migrate
TIBCO® Managed File Transfer Platform Server for z/Linux,Unassigned,8.1.1,https://docs.tibco.com/products/tibco-managed-file-transfer-platform-server-for-z-linux-8-1-1,FALSE,FALSE,Migrate
TIBCO® Managed File Transfer Platform Server for z/Linux,Unassigned,8.1.0,https://docs.tibco.com/products/tibco-managed-file-transfer-platform-server-for-z-linux-8-1-0,FALSE,FALSE,Migrate
TIBCO® Managed File Transfer Platform Server for z/Linux,Unassigned,8.0.1,https://docs.tibco.com/products/tibco-managed-file-transfer-platform-server-for-z-linux-8-0-1,FALSE,FALSE,Migrate
TIBCO® Managed File Transfer Platform Server for z/Linux,Unassigned,8.0.0,https://docs.tibco.com/products/tibco-managed-file-transfer-platform-server-for-z-linux-8-0-0,FALSE,FALSE,Migrate
TIBCO® Managed File Transfer Platform Server for z/Linux,Unassigned,7.2.0,https://docs.tibco.com/products/tibco-managed-file-transfer-platform-server-for-z-linux-7-2-0,FALSE,FALSE,Do Not Migrate
TIBCO® Managed File Transfer Platform Server for z/Linux,Unassigned,7.1.0,https://docs.tibco.com/products/tibco-managed-file-transfer-platform-server-for-z-linux-7-1-0,FALSE,FALSE,Do Not Migrate
TIBCO® Managed File Transfer Platform Server for z/OS,B2B,8.1.0,https://docs.tibco.com/products/tibco-managed-file-transfer-platform-server-for-z-os-8-1-0,TRUE,FALSE,Migrate
TIBCO® Managed File Transfer Platform Server for z/OS,B2B,8.0.0,https://docs.tibco.com/products/tibco-managed-file-transfer-platform-server-for-z-os-8-0-0,TRUE,FALSE,Migrate
TIBCO® Managed File Transfer Platform Server for z/OS,B2B,7.2.0,https://docs.tibco.com/products/tibco-managed-file-transfer-platform-server-for-z-os-7-2-0,TRUE,FALSE,Do Not Migrate
TIBCO® Managed File Transfer Platform Server for z/OS,B2B,7.1.0,https://docs.tibco.com/products/tibco-managed-file-transfer-platform-server-for-z-os-7-1-0,TRUE,FALSE,Do Not Migrate
TIBCO® MDM Administration Agent,Master Data Management,1.0.0,https://docs.tibco.com/products/tibco-mdm-administration-agent-1-0-0,TRUE,FALSE,Do Not Migrate
TIBCO® MDM for Retail,Master Data Management,1.2.0,https://docs.tibco.com/products/tibco-mdm-for-retail-1-2-0,TRUE,FALSE,Do Not Migrate
TIBCO® MDM for Retail,Master Data Management,1.1.0,https://docs.tibco.com/products/tibco-mdm-for-retail-1-1-0,TRUE,FALSE,Do Not Migrate
TIBCO® MDM for Retail,Master Data Management,1.0.0,https://docs.tibco.com/products/tibco-mdm-for-retail-1-0-0,TRUE,FALSE,Do Not Migrate
TIBCO® MDM Studio,Master Data Management,6.1.1,https://docs.tibco.com/products/tibco-mdm-studio-6-1-1,FALSE,FALSE,Migrate
TIBCO® MDM Studio,Master Data Management,6.1.0,https://docs.tibco.com/products/ibi-mdm-studio-6-1-0,FALSE,FALSE,Migrate
TIBCO® MDM Studio,Master Data Management,6.0.0,https://docs.tibco.com/products/ibi-mdm-studio-6-0-0,FALSE,FALSE,Migrate
TIBCO® MDM Studio,Master Data Management,5.3.0,https://docs.tibco.com/products/tibco-mdm-studio-5-3-0,TRUE,FALSE,Migrate
TIBCO® MDM Studio,Master Data Management,5.2.0,https://docs.tibco.com/products/tibco-mdm-studio-5-2-0,TRUE,FALSE,Migrate
TIBCO® MDM Studio,Master Data Management,5.1.0,https://docs.tibco.com/products/tibco-mdm-studio-5-1-0,TRUE,TRUE,Do Not Migrate
TIBCO® MDM Studio,Master Data Management,5.0.0,https://docs.tibco.com/products/tibco-mdm-studio-5-0-0,TRUE,TRUE,Do Not Migrate
TIBCO® MDM Studio,Master Data Management,4.1.0,https://docs.tibco.com/products/tibco-mdm-studio-4-1-0,TRUE,FALSE,Do Not Migrate
TIBCO® MDM Studio,Master Data Management,4.0.1,https://docs.tibco.com/products/tibco-mdm-studio-4-0-1,TRUE,FALSE,Do Not Migrate
TIBCO® MDM Studio,Master Data Management,3.3.0,https://docs.tibco.com/products/tibco-mdm-studio-3-3-0,TRUE,FALSE,Do Not Migrate
TIBCO® MDM Studio,Master Data Management,3.2.0,https://docs.tibco.com/products/tibco-mdm-studio-3-2-0,TRUE,FALSE,Do Not Migrate
TIBCO® MDM Studio,Master Data Management,3.1,https://docs.tibco.com/products/tibco-collaborative-information-manager-studio-3-1,TRUE,FALSE,Do Not Migrate
TIBCO® MDM Studio,Master Data Management,3,https://docs.tibco.com/products/tibco-collaborative-information-manager-studio-3-0,TRUE,FALSE,Do Not Migrate
TIBCO® MDM Studio,Master Data Management,2,https://docs.tibco.com/products/tibco-collaborative-information-manager-studio-2-0,TRUE,FALSE,Do Not Migrate
TIBCO® Messaging,Messaging,1.27.0,https://docs.tibco.com/products/tibco-messaging-1-27-0,FALSE,FALSE,Migrate
TIBCO® Messaging,Messaging,1.26.0,https://docs.tibco.com/products/tibco-messaging-1-26-0,FALSE,FALSE,Migrate
TIBCO® Messaging,Messaging,1.25.0,https://docs.tibco.com/products/tibco-messaging-1-25-0,FALSE,FALSE,Migrate
TIBCO® Messaging,Messaging,1.24.0,https://docs.tibco.com/products/tibco-messaging-1-24-0,FALSE,FALSE,Migrate
TIBCO® Messaging,Messaging,1.23.0,https://docs.tibco.com/products/tibco-messaging-1-23-0,FALSE,FALSE,Migrate
TIBCO® Messaging,Messaging,1.22.0,https://docs.tibco.com/products/tibco-messaging-1-22-0,FALSE,FALSE,Migrate
TIBCO® Messaging,Messaging,1.21.0,https://docs.tibco.com/products/tibco-messaging-1-21-0,FALSE,FALSE,Migrate
TIBCO® Messaging,Messaging,1.20.0,https://docs.tibco.com/products/tibco-messaging-1-20-0,TRUE,FALSE,Do Not Migrate
TIBCO® Messaging,Messaging,1.19.0,https://docs.tibco.com/products/tibco-messaging-1-19-0,TRUE,FALSE,Do Not Migrate
TIBCO® Messaging,Messaging,1.18.0,https://docs.tibco.com/products/tibco-messaging-1-18-0,TRUE,FALSE,Do Not Migrate
TIBCO® Messaging,Messaging,1.17.0,https://docs.tibco.com/products/tibco-messaging-1-17-0,TRUE,FALSE,Do Not Migrate
TIBCO® Messaging,Messaging,1.16.0,https://docs.tibco.com/products/tibco-messaging-1-16-0,TRUE,FALSE,Do Not Migrate
TIBCO® Messaging,Messaging,1.15.0,https://docs.tibco.com/products/tibco-messaging-1-15-0,TRUE,FALSE,Do Not Migrate
TIBCO® Messaging,Messaging,1.14.0,https://docs.tibco.com/products/tibco-messaging-1-14-0,TRUE,FALSE,Do Not Migrate
TIBCO® Messaging,Messaging,1.13.0,https://docs.tibco.com/products/tibco-messaging-1-13-0,TRUE,FALSE,Do Not Migrate
TIBCO® Messaging,Messaging,1.12.0,https://docs.tibco.com/products/tibco-messaging-1-12-0,TRUE,FALSE,Do Not Migrate
TIBCO® Messaging,Messaging,1.11.0,https://docs.tibco.com/products/tibco-messaging-1-11-0,TRUE,FALSE,Do Not Migrate
TIBCO® Messaging,Messaging,1.10.0,https://docs.tibco.com/products/tibco-messaging-1-10-0,TRUE,FALSE,Do Not Migrate
TIBCO® Messaging,Messaging,1.9.0,https://docs.tibco.com/products/tibco-messaging-1-9-0,TRUE,FALSE,Do Not Migrate
TIBCO® Messaging,Messaging,1.8.0,https://docs.tibco.com/products/tibco-messaging-1-8-0,TRUE,FALSE,Do Not Migrate
TIBCO® Messaging,Messaging,1.7.0,https://docs.tibco.com/products/tibco-messaging-1-7-0,TRUE,FALSE,Do Not Migrate
TIBCO® Messaging,Messaging,1.6.0,https://docs.tibco.com/products/tibco-messaging-1-6-0,TRUE,FALSE,Do Not Migrate
TIBCO® Messaging,Messaging,1.5.0,https://docs.tibco.com/products/tibco-messaging-1-5-0,TRUE,FALSE,Do Not Migrate
TIBCO® Messaging,Messaging,1.4.0,https://docs.tibco.com/products/tibco-messaging-1-4-0,TRUE,FALSE,Do Not Migrate
TIBCO® Messaging,Messaging,1.3.0,https://docs.tibco.com/products/tibco-messaging-1-3-0,TRUE,FALSE,Do Not Migrate
TIBCO® Messaging,Messaging,1.2.0,https://docs.tibco.com/products/tibco-messaging-1-2-0,TRUE,FALSE,Do Not Migrate
TIBCO® Messaging,Messaging,1.1.0,https://docs.tibco.com/products/tibco-messaging-1-1-0,TRUE,FALSE,Do Not Migrate
TIBCO® Messaging,Messaging,1.0.0,https://docs.tibco.com/products/tibco-messaging-1-0-0,TRUE,FALSE,Do Not Migrate
TIBCO® Messaging - Bridge for Apache Kafka - Community Edition,Unassigned,2.4.0,https://docs.tibco.com/products/tibco-messaging-bridge-for-apache-kafka-community-edition-2-4-0,FALSE,FALSE,Migrate
TIBCO® Messaging - Bridge for Apache Kafka - Community Edition,Unassigned,2.3.1,https://docs.tibco.com/products/tibco-messaging-bridge-for-apache-kafka-community-edition-2-3-1,FALSE,FALSE,Do Not Migrate
TIBCO® Messaging - Bridge for Apache Kafka - Community Edition,Unassigned,2.3.0,https://docs.tibco.com/products/tibco-messaging-bridge-for-apache-kafka-community-edition-2-3-0,FALSE,FALSE,Do Not Migrate
TIBCO® Messaging - Bridge for Apache Kafka - Community Edition,Unassigned,2.2.0,https://docs.tibco.com/products/tibco-messaging-bridge-for-apache-kafka-community-edition-2-2-0,FALSE,FALSE,Do Not Migrate
TIBCO® Messaging - Bridge for Apache Kafka - Community Edition,Unassigned,2.1.0,https://docs.tibco.com/products/tibco-messaging-apache-kafka-distribution-tibco-ftl-bridge-community-edition-2-1-0,FALSE,FALSE,Do Not Migrate
TIBCO® Messaging - Bridge for Apache Kafka - Community Edition,Unassigned,2.0.0,https://docs.tibco.com/products/tibco-messaging-apache-kafka-distribution-tibco-ftl-bridge-community-edition-2-0-0,FALSE,FALSE,Do Not Migrate
TIBCO® Messaging - Bridge for Apache Kafka - Enterprise Edition,Unassigned,2.4.0,https://docs.tibco.com/products/tibco-messaging-bridge-for-apache-kafka-enterprise-edition-2-4-0,FALSE,FALSE,Migrate
TIBCO® Messaging - Bridge for Apache Kafka - Enterprise Edition,Unassigned,2.3.1,https://docs.tibco.com/products/tibco-messaging-bridge-for-apache-kafka-enterprise-edition-2-3-1,FALSE,FALSE,Do Not Migrate
TIBCO® Messaging - Bridge for Apache Kafka - Enterprise Edition,Unassigned,2.3.0,https://docs.tibco.com/products/tibco-messaging-bridge-for-apache-kafka-enterprise-edition-2-3-0,FALSE,FALSE,Do Not Migrate
TIBCO® Messaging - Bridge for Apache Kafka - Enterprise Edition,Unassigned,2.2.0,https://docs.tibco.com/products/tibco-messaging-bridge-for-apache-kafka-enterprise-edition-2-2-0,TRUE,TRUE,Do Not Migrate
TIBCO® Messaging - Bridge for Apache Kafka - Enterprise Edition,Unassigned,2.1.0,https://docs.tibco.com/products/tibco-messaging-apache-kafka-distribution-tibco-ftl-bridge-enterprise-edition-2-1-0,FALSE,TRUE,Do Not Migrate
TIBCO® Messaging - Bridge for Apache Kafka - Enterprise Edition,Unassigned,2.0.0,https://docs.tibco.com/products/tibco-messaging-apache-kafka-distribution-tibco-ftl-bridge-enterprise-edition-2-0-0,FALSE,TRUE,Do Not Migrate
TIBCO® Messaging - Bridge for Apache Kafka - Enterprise Edition,Unassigned,1.0.0,https://docs.tibco.com/products/tibco-messaging-apache-kafka-distribution-tibco-ftl-bridge-enterprise-edition-1-0-0,FALSE,TRUE,Do Not Migrate
TIBCO® Messaging - Bridge for Apache Pulsar - Community Edition,Unassigned,1.0.0,https://docs.tibco.com/products/tibco-messaging-bridge-for-apache-pulsar-community-edition-1-0-0,FALSE,FALSE,Migrate
TIBCO® Messaging - Bridge for Apache Pulsar - Enterprise Edition,Unassigned,1.0.0,https://docs.tibco.com/products/tibco-messaging-bridge-for-apache-pulsar-enterprise-edition-1-0-0,FALSE,FALSE,Migrate
TIBCO® Messaging - Eclipse Mosquitto Distribution - Bridge - Enterprise Edition,Unassigned,2.0.7,https://docs.tibco.com/products/tibco-messaging-eclipse-mosquitto-distribution-bridge-enterprise-edition-2-0-7,TRUE,FALSE,Migrate
TIBCO® Messaging - Eclipse Mosquitto Distribution - Bridge - Enterprise Edition,Unassigned,1.3.0,https://docs.tibco.com/products/tibco-messaging-eclipse-mosquitto-distribution-bridge-enterprise-edition-1-3-0,TRUE,TRUE,Do Not Migrate
TIBCO® Messaging - Eclipse Mosquitto Distribution - Bridge - Enterprise Edition,Unassigned,1.2.0,https://docs.tibco.com/products/tibco-messaging-eclipse-mosquitto-distribution-bridge-enterprise-edition-1-2-0,TRUE,FALSE,Do Not Migrate
TIBCO® Messaging - Eclipse Mosquitto Distribution - Bridge - Enterprise Edition,Unassigned,1.1.0,https://docs.tibco.com/products/tibco-messaging-eclipse-mosquitto-distribution-bridge-enterprise-edition-1-1-0,TRUE,FALSE,Do Not Migrate
TIBCO® Messaging - Eclipse Mosquitto Distribution - Bridge - Enterprise Edition,Unassigned,1.0.0,https://docs.tibco.com/products/tibco-messaging-eclipse-mosquitto-distribution-bridge-enterprise-edition-1-0-0,TRUE,FALSE,Do Not Migrate
TIBCO® Messaging - Eclipse Mosquitto Distribution - Core - Enterprise Edition,Unassigned,2.0.7,https://docs.tibco.com/products/tibco-messaging-eclipse-mosquitto-distribution-core-enterprise-edition-2-0-7,TRUE,FALSE,Migrate
TIBCO® Messaging - Eclipse Mosquitto Distribution - Core - Enterprise Edition,Unassigned,1.3.0,https://docs.tibco.com/products/tibco-messaging-eclipse-mosquitto-distribution-core-enterprise-edition-1-3-0,TRUE,TRUE,Do Not Migrate
TIBCO® Messaging - Eclipse Mosquitto Distribution - Core - Enterprise Edition,Unassigned,1.2.0,https://docs.tibco.com/products/tibco-messaging-eclipse-mosquitto-distribution-core-enterprise-edition-1-2-0,TRUE,FALSE,Do Not Migrate
TIBCO® Messaging - Eclipse Mosquitto Distribution - Core - Enterprise Edition,Unassigned,1.1.0,https://docs.tibco.com/products/tibco-messaging-eclipse-mosquitto-distribution-core-enterprise-edition-1-1-0,TRUE,FALSE,Do Not Migrate
TIBCO® Messaging - Eclipse Mosquitto Distribution - Core - Enterprise Edition,Unassigned,1.0.0,https://docs.tibco.com/products/tibco-messaging-eclipse-mosquitto-distribution-core-enterprise-edition-1-0-0,TRUE,FALSE,Do Not Migrate
TIBCO® Messaging - Enterprise Edition,Messaging,3.4.0,https://docs.tibco.com/products/tibco-messaging-enterprise-edition-3-4-0,FALSE,FALSE,Migrate
TIBCO® Messaging - Enterprise Edition,Messaging,3.3.0,https://docs.tibco.com/products/tibco-messaging-enterprise-edition-3-3-0,FALSE,FALSE,Migrate
TIBCO® Messaging - Enterprise Edition,Messaging,3.2.0,https://docs.tibco.com/products/tibco-messaging-enterprise-edition-3-2-0,TRUE,FALSE,Do Not Migrate
TIBCO® Messaging - Enterprise Edition,Messaging,3.1.0,https://docs.tibco.com/products/tibco-messaging-enterprise-edition-3-1-0,TRUE,FALSE,Do Not Migrate
TIBCO® Messaging - Enterprise Edition,Messaging,3.0.0,https://docs.tibco.com/products/tibco-messaging-enterprise-edition-3-0-0,TRUE,FALSE,Do Not Migrate
TIBCO® Messaging - Enterprise Edition,Messaging,2.0.0,https://docs.tibco.com/products/tibco-messaging-enterprise-edition-2-0-0,TRUE,FALSE,Do Not Migrate
TIBCO® Messaging - Enterprise Edition,Messaging,1.0.0,https://docs.tibco.com/products/tibco-messaging-enterprise-edition-1-0-0,TRUE,FALSE,Do Not Migrate
TIBCO® Messaging - Schema Repository for Apache Kafka - Community Edition,Unassigned,1.6.0,https://docs.tibco.com/products/tibco-messaging-schema-repository-for-apache-kafka-community-edition-1-6-0,FALSE,FALSE,Migrate
TIBCO® Messaging - Schema Repository for Apache Kafka - Community Edition,Unassigned,1.5.0,https://docs.tibco.com/products/tibco-messaging-schema-repository-for-apache-kafka-community-edition-1-5-0,FALSE,FALSE,Migrate
TIBCO® Messaging - Schema Repository for Apache Kafka - Community Edition,Unassigned,1.4.0,https://docs.tibco.com/products/tibco-messaging-schema-repository-for-apache-kafka-community-edition-1-4-0,FALSE,FALSE,Migrate
TIBCO® Messaging - Schema Repository for Apache Kafka - Community Edition,Unassigned,1.3.0,https://docs.tibco.com/products/tibco-messaging-schema-repository-for-apache-kafka-community-edition-1-3-0,FALSE,FALSE,Migrate
TIBCO® Messaging - Schema Repository for Apache Kafka - Community Edition,Unassigned,1.2.0,https://docs.tibco.com/products/tibco-messaging-schema-repository-for-apache-kafka-community-edition-1-2-0,FALSE,FALSE,Do Not Migrate
TIBCO® Messaging - Schema Repository for Apache Kafka - Community Edition,Unassigned,1.1.0,https://docs.tibco.com/products/tibco-messaging-schema-repository-for-apache-kafka-community-edition-1-1-0,FALSE,FALSE,Do Not Migrate
TIBCO® Messaging - Schema Repository for Apache Kafka - Community Edition,Unassigned,1.0.1,https://docs.tibco.com/products/tibco-messaging-apache-kafka-distribution-schema-repository-community-edition-1-0-1,FALSE,FALSE,Do Not Migrate
TIBCO® Messaging - Schema Repository for Apache Kafka - Community Edition,Unassigned,1.0.0,https://docs.tibco.com/products/tibco-messaging-apache-kafka-distribution-schema-repository-community-edition-1-0-0,FALSE,FALSE,Do Not Migrate
TIBCO® Messaging - Schema Repository for Apache Kafka - Enterprise Edition,Messaging,2.1.0,https://docs.tibco.com/products/tibco-messaging-schema-repository-for-apache-kafka-enterprise-edition-2-1-0,FALSE,FALSE,Migrate
TIBCO® Messaging - Schema Repository for Apache Kafka - Enterprise Edition,Messaging,2.0.0,https://docs.tibco.com/products/tibco-messaging-schema-repository-for-apache-kafka-enterprise-edition-2-0-0,FALSE,FALSE,Migrate
TIBCO® Messaging - Schema Repository for Apache Kafka - Enterprise Edition,Messaging,1.6.0,https://docs.tibco.com/products/tibco-messaging-schema-repository-for-apache-kafka-enterprise-edition-1-6-0,FALSE,TRUE,Do Not Migrate
TIBCO® Messaging - Schema Repository for Apache Kafka - Enterprise Edition,Messaging,1.5.0,https://docs.tibco.com/products/tibco-messaging-schema-repository-for-apache-kafka-enterprise-edition-1-5-0,FALSE,TRUE,Do Not Migrate
TIBCO® Messaging - Schema Repository for Apache Kafka - Enterprise Edition,Messaging,1.4.0,https://docs.tibco.com/products/tibco-messaging-schema-repository-for-apache-kafka-enterprise-edition-1-4-0,TRUE,TRUE,Do Not Migrate
TIBCO® Messaging - Schema Repository for Apache Kafka - Enterprise Edition,Messaging,1.3.0,https://docs.tibco.com/products/tibco-messaging-schema-repository-for-apache-kafka-enterprise-edition-1-3-0,TRUE,TRUE,Do Not Migrate
TIBCO® Messaging - Schema Repository for Apache Kafka - Enterprise Edition,Messaging,1.2.0,https://docs.tibco.com/products/tibco-messaging-schema-repository-for-apache-kafka-enterprise-edition-1-2-0,TRUE,TRUE,Do Not Migrate
TIBCO® Messaging - Schema Repository for Apache Kafka - Enterprise Edition,Messaging,1.1.0,https://docs.tibco.com/products/tibco-messaging-schema-repository-for-apache-kafka-enterprise-edition-1-1-0,TRUE,TRUE,Do Not Migrate
TIBCO® Messaging - Schema Repository for Apache Kafka - Enterprise Edition,Messaging,1.0.1,https://docs.tibco.com/products/tibco-messaging-apache-kafka-distribution-schema-repository-enterprise-edition-1-0-1,TRUE,FALSE,Do Not Migrate
TIBCO® Messaging - Schema Repository for Apache Kafka - Enterprise Edition,Messaging,1.0.0,https://docs.tibco.com/products/tibco-messaging-apache-kafka-distribution-schema-repository-enterprise-edition-1-0-0,TRUE,FALSE,Do Not Migrate
TIBCO® Messaging Manager,Unassigned,4.0.0,https://docs.tibco.com/products/tibco-messaging-manager-4-0-0,FALSE,FALSE,Migrate
TIBCO® Messaging Manager,Unassigned,3.1.1,https://docs.tibco.com/products/tibco-messaging-manager-3-1-1,FALSE,FALSE,Migrate
TIBCO® Messaging Manager,Unassigned,3.1.0,https://docs.tibco.com/products/tibco-messaging-manager-3-1-0,TRUE,TRUE,Do Not Migrate
TIBCO® Messaging Manager,Unassigned,3.0.0,https://docs.tibco.com/products/tibco-messaging-manager-3-0-0,TRUE,TRUE,Do Not Migrate
TIBCO® Messaging Manager,Unassigned,2.0.0,https://docs.tibco.com/products/tibco-messaging-manager-2-0-0,TRUE,TRUE,Do Not Migrate
TIBCO® Messaging Manager,Unassigned,1.1.0,https://docs.tibco.com/products/tibco-messaging-manager-1-1-0,FALSE,FALSE,Migrate
TIBCO® Messaging Manager,Unassigned,1.0.0,https://docs.tibco.com/products/tibco-messaging-manager-1-0-0,FALSE,FALSE,Migrate
TIBCO® Messaging Monitor Core,Unassigned,1.1.0,https://docs.tibco.com/products/tibco-messaging-monitor-core-1-1-0,FALSE,FALSE,Migrate
TIBCO® Messaging Monitor Core,Unassigned,1.0.1,https://docs.tibco.com/products/tibco-messaging-monitor-core-1-0-1,FALSE,FALSE,Migrate
TIBCO® Messaging Monitor Core,Unassigned,1.0.0,https://docs.tibco.com/products/tibco-messaging-monitor-core-1-0-0,FALSE,FALSE,Migrate
TIBCO® Messaging Monitor for Apache Kafka,Unassigned,1.1.0,https://docs.tibco.com/products/tibco-messaging-monitor-for-apache-kafka-1-1-0,FALSE,FALSE,Migrate
TIBCO® Messaging Monitor for Apache Kafka,Unassigned,1.0.0,https://docs.tibco.com/products/tibco-messaging-monitor-for-apache-kafka-1-0-0,FALSE,FALSE,Migrate
TIBCO® Messaging Monitor for Apache Pulsar,Unassigned,1.1.0,https://docs.tibco.com/products/tibco-messaging-monitor-for-apache-pulsar-1-1-0,FALSE,FALSE,Migrate
TIBCO® Messaging Monitor for Apache Pulsar,Unassigned,1.0.0,https://docs.tibco.com/products/tibco-messaging-monitor-for-apache-pulsar-1-0-0,FALSE,FALSE,Migrate
TIBCO® Messaging Monitor for TIBCO Enterprise Message Service™,Unassigned,1.1.0,https://docs.tibco.com/products/tibco-messaging-monitor-for-tibco-enterprise-message-service-1-1-0,FALSE,FALSE,Migrate
TIBCO® Messaging Monitor for TIBCO Enterprise Message Service™,Unassigned,1.0.0,https://docs.tibco.com/products/tibco-messaging-monitor-for-tibco-enterprise-message-service-1-0-0,FALSE,FALSE,Migrate
TIBCO® Messaging Monitor for TIBCO FTL®,Unassigned,1.0.0,https://docs.tibco.com/products/tibco-messaging-monitor-for-tibco-ftl-1-0-0,FALSE,FALSE,Migrate
TIBCO® ModelOps,Data Science & Streaming,1.3.0,https://docs.tibco.com/products/tibco-modelops-1-3-0,FALSE,FALSE,Migrate
TIBCO® ModelOps,Data Science & Streaming,1.2.0,https://docs.tibco.com/products/tibco-modelops-1-2-0,TRUE,TRUE,Do Not Migrate
TIBCO® ModelOps,Data Science & Streaming,1.1.0,https://docs.tibco.com/products/tibco-modelops-1-1-0,TRUE,FALSE,Do Not Migrate
TIBCO® ModelOps,Data Science & Streaming,1.0.0,https://docs.tibco.com/products/tibco-modelops-1-0-0,TRUE,TRUE,Do Not Migrate
TIBCO® Monitoring 1.0.0,Unassigned,1.0.0,https://docs.tibco.com/products/tibco-monitoring-1-0-0,FALSE,FALSE,Migrate
TIBCO® Object Service Broker,Unassigned,6.0.0,https://docs.tibco.com/products/tibco-object-service-broker-6-0-0,FALSE,FALSE,Migrate
TIBCO® Object Service Broker,Unassigned,5.2.0,https://docs.tibco.com/products/tibco-object-service-broker-5-2-0,FALSE,FALSE,Migrate
TIBCO® Offer and Price Engine,Fulfillment Orchestration Suite,6.0.0,https://docs.tibco.com/products/tibco-offer-and-price-engine-6-0-0,FALSE,FALSE,Migrate
TIBCO® Offer and Price Engine,Fulfillment Orchestration Suite,5.1.0,https://docs.tibco.com/products/tibco-offer-and-price-engine-5-1-0,TRUE,TRUE,Do Not Migrate
TIBCO® Offer and Price Engine,Fulfillment Orchestration Suite,5.0.0,https://docs.tibco.com/products/tibco-offer-and-price-engine-5-0-0,TRUE,TRUE,Do Not Migrate
TIBCO® Operational Intelligence Hawk® RedTail,Monitoring,7.5.0,https://docs.tibco.com/products/tibco-operational-intelligence-hawk-redtail-7-5-0,FALSE,FALSE,Migrate
TIBCO® Operational Intelligence Hawk® RedTail,Monitoring,7.4.0,https://docs.tibco.com/products/tibco-operational-intelligence-hawk-redtail-7-4-0,FALSE,FALSE,Migrate
TIBCO® Operational Intelligence Hawk® RedTail,Monitoring,7.3.0,https://docs.tibco.com/products/tibco-operational-intelligence-hawk-redtail-7-3-0,FALSE,TRUE,Do Not Migrate
TIBCO® Operational Intelligence Hawk® RedTail,Monitoring,7.2.2,https://docs.tibco.com/products/tibco-operational-intelligence-hawk-redtail-7-2-2,FALSE,TRUE,Do Not Migrate
TIBCO® Operational Intelligence Hawk® RedTail,Monitoring,7.2.1,https://docs.tibco.com/products/tibco-operational-intelligence-hawk-redtail-7-2-1,FALSE,TRUE,Do Not Migrate
TIBCO® Operational Intelligence Hawk® RedTail,Monitoring,7.2.0,https://docs.tibco.com/products/tibco-operational-intelligence-hawk-redtail-7-2-0,TRUE,TRUE,Do Not Migrate
TIBCO® Operational Intelligence Hawk® RedTail,Monitoring,7.1.0,https://docs.tibco.com/products/tibco-operational-intelligence-hawk-redtail-7-1-0,TRUE,TRUE,Do Not Migrate
TIBCO® Operational Intelligence Hawk® RedTail,Monitoring,7.0.1,https://docs.tibco.com/products/tibco-operational-intelligence-hawk-redtail-container-edition-7-0-1,TRUE,FALSE,Do Not Migrate
TIBCO® Operational Intelligence Hawk® RedTail,Monitoring,7.0.0,https://docs.tibco.com/products/tibco-operational-intelligence-hawk-redtail-container-edition-7-0-0,TRUE,FALSE,Do Not Migrate
TIBCO® Operational Intelligence Hawk® RedTail,Monitoring,6.3.1,https://docs.tibco.com/products/tibco-hawk-6-3-1,FALSE,FALSE,Migrate
TIBCO® Operational Intelligence Hawk® RedTail,Monitoring,6.3.0,https://docs.tibco.com/products/tibco-hawk-6-3-0,FALSE,FALSE,Migrate
TIBCO® Operational Intelligence Hawk® RedTail,Monitoring,6.2.5,https://docs.tibco.com/products/tibco-hawk-6-2-5,FALSE,FALSE,Do Not Migrate
TIBCO® Operational Intelligence Hawk® RedTail,Monitoring,6.2.4,https://docs.tibco.com/products/tibco-hawk-6-2-4,FALSE,FALSE,Do Not Migrate
TIBCO® Operational Intelligence Hawk® RedTail,Monitoring,6.2.3,https://docs.tibco.com/products/tibco-hawk-6-2-3,FALSE,FALSE,Do Not Migrate
TIBCO® Operational Intelligence Hawk® RedTail,Monitoring,6.2.2,https://docs.tibco.com/products/tibco-hawk-6-2-2,FALSE,FALSE,Do Not Migrate
TIBCO® Operational Intelligence Hawk® RedTail,Monitoring,6.2.1,https://docs.tibco.com/products/tibco-hawk-6-2-1,TRUE,FALSE,Do Not Migrate
TIBCO® Operational Intelligence Hawk® RedTail,Monitoring,6.2.0,https://docs.tibco.com/products/tibco-hawk-6-2-0,TRUE,FALSE,Do Not Migrate
TIBCO® Operational Intelligence Hawk® RedTail,Monitoring,6.1.0,https://docs.tibco.com/products/tibco-hawk-6-1-0,TRUE,FALSE,Do Not Migrate
TIBCO® Operational Intelligence Hawk® RedTail,Monitoring,6.0.0,https://docs.tibco.com/products/tibco-hawk-6-0-0,TRUE,FALSE,Do Not Migrate
TIBCO® Operational Intelligence Hawk® RedTail,Monitoring,5.2.0,https://docs.tibco.com/products/tibco-hawk-5-2-0,TRUE,FALSE,Do Not Migrate
TIBCO® Operational Intelligence Hawk® RedTail,Monitoring,5.1.1,https://docs.tibco.com/products/tibco-hawk-5-1-1,TRUE,FALSE,Do Not Migrate
TIBCO® Operational Intelligence Hawk® RedTail,Monitoring,5.1.0,https://docs.tibco.com/products/tibco-hawk-5-1-0,TRUE,FALSE,Do Not Migrate
TIBCO® Operational Intelligence Hawk® RedTail,Monitoring,5.0.0,https://docs.tibco.com/products/tibco-hawk-5-0-0,TRUE,FALSE,Do Not Migrate
TIBCO® Operational Intelligence Hawk® RedTail,Monitoring,4.9.1,https://docs.tibco.com/products/tibco-hawk-4-9-1,TRUE,FALSE,Do Not Migrate
TIBCO® Operational Intelligence Hawk® RedTail,Monitoring,4.9.0,https://docs.tibco.com/products/tibco-hawk-4-9-0,TRUE,FALSE,Do Not Migrate
TIBCO® Orchestra Networks,Master Data Management,Networks,https://docs.tibco.com/products/tibco-orchestra-networks,FALSE,FALSE,Migrate
TIBCO® Order Management,Fulfillment Orchestration Suite,6.1.0,https://docs.tibco.com/products/tibco-order-management-6-1-0,FALSE,FALSE,Migrate
TIBCO® Order Management,Fulfillment Orchestration Suite,6.0.1,https://docs.tibco.com/products/tibco-order-management-6-0-1,FALSE,FALSE,Migrate
TIBCO® Order Management,Fulfillment Orchestration Suite,6.0.0,https://docs.tibco.com/products/tibco-order-management-6-0-0,FALSE,FALSE,Migrate
TIBCO® Order Management,Fulfillment Orchestration Suite,5.1.0,https://docs.tibco.com/products/tibco-order-management-5-1-0,TRUE,TRUE,Do Not Migrate
TIBCO® Order Management,Fulfillment Orchestration Suite,5.0.1,https://docs.tibco.com/products/tibco-order-management-long-running-5-0-1,FALSE,FALSE,Migrate
TIBCO® Order Management,Fulfillment Orchestration Suite,5.0.0,https://docs.tibco.com/products/tibco-order-management-5-0-0,TRUE,TRUE,Do Not Migrate
TIBCO® Order Management,Fulfillment Orchestration Suite,4.0.2,https://docs.tibco.com/products/tibco-fulfillment-order-management-4-0-2,TRUE,FALSE,Do Not Migrate
TIBCO® Order Management,Fulfillment Orchestration Suite,4.0.1,https://docs.tibco.com/products/tibco-fulfillment-order-management-4-0-1,TRUE,FALSE,Do Not Migrate
TIBCO® Order Management,Fulfillment Orchestration Suite,4.0.0,https://docs.tibco.com/products/tibco-fulfillment-order-management-4-0-0,TRUE,FALSE,Do Not Migrate
TIBCO® Order Management,Fulfillment Orchestration Suite,3.0.2,https://docs.tibco.com/products/tibco-fulfillment-order-management-3-0-2,TRUE,FALSE,Do Not Migrate
TIBCO® Order Management,Fulfillment Orchestration Suite,3.0.1,https://docs.tibco.com/products/tibco-fulfillment-order-management-3-0-1,TRUE,FALSE,Do Not Migrate
TIBCO® Order Management,Fulfillment Orchestration Suite,3.0.0,https://docs.tibco.com/products/tibco-fulfillment-order-management-3-0-0,TRUE,FALSE,Do Not Migrate
TIBCO® Order Management,Fulfillment Orchestration Suite,2.1.2,https://docs.tibco.com/products/tibco-fulfillment-order-management-2-1-2,TRUE,FALSE,Do Not Migrate
TIBCO® Order Management,Fulfillment Orchestration Suite,2.1.1,https://docs.tibco.com/products/tibco-fulfillment-order-management-2-1-1,TRUE,FALSE,Do Not Migrate
TIBCO® Order Management,Fulfillment Orchestration Suite,2.1.0,https://docs.tibco.com/products/tibco-fulfillment-order-management-2-1-0,TRUE,FALSE,Do Not Migrate
TIBCO® Order Management,Fulfillment Orchestration Suite,2.0.1,https://docs.tibco.com/products/tibco-fulfillment-order-management-2-0-1,TRUE,FALSE,Do Not Migrate
TIBCO® Patterns,Master Data Management,6.2.0,https://docs.tibco.com/products/tibco-patterns-6-2-0,FALSE,FALSE,Migrate
TIBCO® Patterns,Master Data Management,6.1.2,https://docs.tibco.com/products/tibco-patterns-6-1-2,FALSE,FALSE,Migrate
TIBCO® Patterns,Master Data Management,6.1.1,https://docs.tibco.com/products/ibi-patterns-search-6-1-1,FALSE,FALSE,Migrate
TIBCO® Patterns,Master Data Management,6.1.0,https://docs.tibco.com/products/ibi-patterns-search-6-1-0,FALSE,FALSE,Migrate
TIBCO® Patterns,Master Data Management,6.0.0,https://docs.tibco.com/products/ibi-patterns-search-6-0-0,FALSE,FALSE,Migrate
TIBCO® Patterns,Master Data Management,5.7.1,https://docs.tibco.com/products/tibco-patterns-search-5-7-1,TRUE,FALSE,Migrate
TIBCO® Patterns,Master Data Management,5.7.0,https://docs.tibco.com/products/tibco-patterns-search-5-7-0,TRUE,FALSE,Migrate
TIBCO® Patterns,Master Data Management,5.6.0,https://docs.tibco.com/products/tibco-patterns-search-5-6-0,TRUE,TRUE,Do Not Migrate
TIBCO® Patterns,Master Data Management,5.5.0,https://docs.tibco.com/products/tibco-patterns-search-5-5-0,TRUE,TRUE,Do Not Migrate
TIBCO® Patterns,Master Data Management,5.4.0,https://docs.tibco.com/products/tibco-patterns-search-5-4-0,TRUE,TRUE,Do Not Migrate
TIBCO® Patterns,Master Data Management,5.3.0,https://docs.tibco.com/products/tibco-patterns-search-5-3-0,TRUE,TRUE,Do Not Migrate
TIBCO® Patterns,Master Data Management,5.2.0,https://docs.tibco.com/products/tibco-patterns-search-5-2-0,TRUE,TRUE,Do Not Migrate
TIBCO® Patterns,Master Data Management,5.1.0,https://docs.tibco.com/products/tibco-patterns-search-5-1-0,TRUE,TRUE,Do Not Migrate
TIBCO® Patterns,Master Data Management,5.0.0,https://docs.tibco.com/products/tibco-patterns-5-0-0,TRUE,TRUE,Do Not Migrate
TIBCO® Patterns,Master Data Management,4.5.1,https://docs.tibco.com/products/tibco-patterns-4-5-1,TRUE,TRUE,Do Not Migrate
TIBCO® Platform,Unassigned,1.1.0,https://docs.tibco.com/products/tibco-platform-1-1-0,FALSE,FALSE,Migrate
TIBCO® Platform,Unassigned,1.0.0,https://docs.tibco.com/products/tibco-platform-1-0-0,FALSE,FALSE,Migrate
TIBCO® Platform Add-on for Business Process Management,Unassigned,1.0.0,https://docs.tibco.com/products/tibco-platform-add-on-for-business-process-management-1-0-0,FALSE,FALSE,Migrate
TIBCO® Platform Add-on for Event Processing,Event Processing,1.9.0,https://docs.tibco.com/products/tibco-platform-add-on-for-event-processing-1-9-0,FALSE,FALSE,Migrate
TIBCO® Platform Add-on for Event Processing,Event Processing,1.8.0,https://docs.tibco.com/products/tibco-platform-add-on-for-event-processing-1-8-0,FALSE,FALSE,Migrate
TIBCO® Platform Add-on for Event Processing,Event Processing,1.7.0,https://docs.tibco.com/products/tibco-platform-add-on-for-event-processing-1-7-0,FALSE,FALSE,Migrate
TIBCO® Platform Add-on for Event Processing,Event Processing,1.4.0,https://docs.tibco.com/products/tibco-platform-add-on-for-event-processing-1-4-0,FALSE,FALSE,Migrate
TIBCO® Platform Add-on for Event Processing,Event Processing,1.3.0,https://docs.tibco.com/products/tibco-platform-add-on-for-event-processing-1-3-0,FALSE,FALSE,Migrate
TIBCO® Platform Add-on for Event Processing,Event Processing,1.0.0,https://docs.tibco.com/products/tibco-platform-add-on-for-event-processing-1-0-0,FALSE,FALSE,Migrate
TIBCO® Platform Command Line Interface,Unassigned,1.2.0,https://docs.tibco.com/products/tibco-platform-command-line-interface-1-2-0,FALSE,FALSE,Migrate
TIBCO® Platform Command Line Interface,Unassigned,1.1.0,https://docs.tibco.com/products/tibco-platform-command-line-interface-1-1-0,FALSE,FALSE,Migrate
TIBCO® Product and Service Catalog,Fulfillment Orchestration Suite,5.1.0,https://docs.tibco.com/products/tibco-product-and-service-catalog-5-1-0,FALSE,FALSE,Migrate
TIBCO® Product and Service Catalog,Fulfillment Orchestration Suite,5.0.0,https://docs.tibco.com/products/tibco-product-and-service-catalog-5-0-0,TRUE,TRUE,Do Not Migrate
TIBCO® Product and Service Catalog,Fulfillment Orchestration Suite,4.1.0,https://docs.tibco.com/products/tibco-fulfillment-catalog-4-1-0,TRUE,FALSE,Do Not Migrate
TIBCO® Product and Service Catalog,Fulfillment Orchestration Suite,4.0.2,https://docs.tibco.com/products/tibco-fulfillment-catalog-4-0-2,TRUE,FALSE,Do Not Migrate
TIBCO® Product and Service Catalog,Fulfillment Orchestration Suite,4.0.1,https://docs.tibco.com/products/tibco-fulfillment-catalog-4-0-1,TRUE,FALSE,Do Not Migrate
TIBCO® Product and Service Catalog,Fulfillment Orchestration Suite,4.0.0,https://docs.tibco.com/products/tibco-fulfillment-catalog-4-0-0,TRUE,FALSE,Do Not Migrate
TIBCO® Product and Service Catalog,Fulfillment Orchestration Suite,3.1.0,https://docs.tibco.com/products/tibco-fulfillment-catalog-3-1-0,TRUE,FALSE,Do Not Migrate
TIBCO® Product and Service Catalog,Fulfillment Orchestration Suite,3.0.2,https://docs.tibco.com/products/tibco-fulfillment-catalog-3-0-2,TRUE,FALSE,Do Not Migrate
TIBCO® Product and Service Catalog,Fulfillment Orchestration Suite,3.0.1,https://docs.tibco.com/products/tibco-fulfillment-catalog-3-0-1,TRUE,FALSE,Do Not Migrate
TIBCO® Product and Service Catalog,Fulfillment Orchestration Suite,3.0.0,https://docs.tibco.com/products/tibco-fulfillment-catalog-3-0-0,TRUE,FALSE,Do Not Migrate
TIBCO® Product and Service Catalog,Fulfillment Orchestration Suite,2.1.0,https://docs.tibco.com/products/tibco-fulfillment-catalog-2-1-0,TRUE,FALSE,Do Not Migrate
TIBCO® Product and Service Catalog,Fulfillment Orchestration Suite,1.2,https://docs.tibco.com/products/tibco-activecatalog-1-2,TRUE,FALSE,Do Not Migrate
TIBCO® Product and Service Catalog,Fulfillment Orchestration Suite,1.1,https://docs.tibco.com/products/tibco-activecatalog-1-1,TRUE,FALSE,Do Not Migrate
TIBCO® Product and Service Catalog,Fulfillment Orchestration Suite,1.0.0,https://docs.tibco.com/products/tibco-activecatalog-1-0-0,TRUE,FALSE,Do Not Migrate
TIBCO® Product and Service Catalog powered by TIBCO EBX®,Unassigned,2.0.0,https://docs.tibco.com/products/tibco-product-and-service-catalog-powered-by-tibco-ebx-2-0-0,FALSE,FALSE,Migrate
TIBCO® Product and Service Catalog powered by TIBCO EBX®,Unassigned,1.2.1,https://docs.tibco.com/products/tibco-product-and-service-catalog-powered-by-tibco-ebx-1-2-1,TRUE,TRUE,Do Not Migrate
TIBCO® Product and Service Catalog powered by TIBCO EBX®,Unassigned,1.2.0,https://docs.tibco.com/products/tibco-product-and-service-catalog-powered-by-tibco-ebx-1-2-0,TRUE,TRUE,Do Not Migrate
TIBCO® Product and Service Catalog powered by TIBCO EBX®,Unassigned,1.1.0,https://docs.tibco.com/products/tibco-product-and-service-catalog-powered-by-tibco-ebx-1-1-0,FALSE,FALSE,Do Not Migrate
TIBCO® Product and Service Catalog powered by TIBCO EBX®,Unassigned,1.0.0,https://docs.tibco.com/products/tibco-product-and-service-catalog-powered-by-tibco-ebx-1-0-0,FALSE,FALSE,Do Not Migrate
TIBCO® Product and Service Inventory 2.1.0,Unassigned,2.1.0,https://docs.tibco.com/products/tibco-product-and-service-inventory-2-1-0,FALSE,FALSE,Migrate
TIBCO® RED Enabled for zIIP,Mainframe,3.1.0,https://docs.tibco.com/products/tibco-red-enabled-for-ziip-3-1-0,FALSE,FALSE,Migrate
TIBCO® RED Enabled for zIIP,Mainframe,2.5.0,https://docs.tibco.com/products/tibco-red-enabled-for-ziip-2-5-0,TRUE,FALSE,Do Not Migrate
TIBCO® RED Enabled for zIIP,Mainframe,2.4.0,https://docs.tibco.com/products/tibco-red-enabled-for-ziip-2-4-0,TRUE,FALSE,Do Not Migrate
TIBCO® RED Enabled for zIIP,Mainframe,2.3.0,https://docs.tibco.com/products/tibco-red-enabled-for-ziip-2-3-0,TRUE,FALSE,Do Not Migrate
TIBCO® RED Enabled for zIIP,Mainframe,2.2.0,https://docs.tibco.com/products/tibco-red-enabled-for-ziip-2-2-0,TRUE,FALSE,Do Not Migrate
TIBCO® RED Enabled for zIIP,Mainframe,2.1.0,https://docs.tibco.com/products/tibco-red-enabled-for-ziip-2-1-0,TRUE,FALSE,Do Not Migrate
TIBCO® RED Enabled for zIIP,Mainframe,1.0.0,https://docs.tibco.com/products/tibco-red-enabled-for-ziip-1-0-0,TRUE,FALSE,Do Not Migrate
TIBCO® Reward,Unassigned,22.3.0,https://docs.tibco.com/products/tibco-reward-22-3-0,FALSE,FALSE,Do Not Migrate
TIBCO® Reward,Unassigned,22.2.0,https://docs.tibco.com/products/tibco-reward-22-2-0,FALSE,FALSE,Do Not Migrate
TIBCO® Reward,Unassigned,21.4.0,https://docs.tibco.com/products/tibco-reward-21-4-0,FALSE,FALSE,Do Not Migrate
TIBCO® Reward,Unassigned,21.3.0,https://docs.tibco.com/products/tibco-reward-21-3-0,FALSE,FALSE,Do Not Migrate
TIBCO® Reward,Unassigned,21.2.0,https://docs.tibco.com/products/tibco-reward-21-2-0,FALSE,FALSE,Do Not Migrate
TIBCO® Reward,Unassigned,21.1.0,https://docs.tibco.com/products/tibco-reward-21-1-0,FALSE,FALSE,Do Not Migrate
TIBCO® Reward,Unassigned,20.3.0,https://docs.tibco.com/products/tibco-reward-20-3-0,FALSE,FALSE,Do Not Migrate
TIBCO® Reward,Unassigned,20.2.0,https://docs.tibco.com/products/tibco-reward-20-2-0,FALSE,FALSE,Do Not Migrate
TIBCO® Reward,Unassigned,20.1.0,https://docs.tibco.com/products/tibco-reward-20-1-0,FALSE,FALSE,Do Not Migrate
TIBCO® Reward,Unassigned,19.4.0,https://docs.tibco.com/products/tibco-reward-19-4-0,FALSE,FALSE,Do Not Migrate
TIBCO® Reward,Unassigned,19.3.1,https://docs.tibco.com/products/tibco-reward-19-3-1,FALSE,FALSE,Do Not Migrate
TIBCO® Reward,Unassigned,19.3.0,https://docs.tibco.com/products/tibco-reward-19-3-0,FALSE,FALSE,Do Not Migrate
TIBCO® Reward,Unassigned,19.2.0,https://docs.tibco.com/products/tibco-reward-19-2-0,FALSE,FALSE,Do Not Migrate
TIBCO® Reward,Unassigned,19.1.1,https://docs.tibco.com/products/tibco-reward-19-1-1,FALSE,FALSE,Do Not Migrate
TIBCO® Reward,Unassigned,19.1.0,https://docs.tibco.com/products/tibco-reward-19-1-0,FALSE,FALSE,Do Not Migrate
TIBCO® Reward,Unassigned,18.4.0,https://docs.tibco.com/products/tibco-reward-18-4-0,FALSE,FALSE,Do Not Migrate
TIBCO® Reward,Unassigned,18.3.1,https://docs.tibco.com/products/tibco-reward-18-3-1,FALSE,FALSE,Do Not Migrate
TIBCO® Reward,Unassigned,18.3.0,https://docs.tibco.com/products/tibco-reward-18-3-0,FALSE,FALSE,Do Not Migrate
TIBCO® Reward,Unassigned,18.2.0,https://docs.tibco.com/products/tibco-reward-18-2-0,FALSE,FALSE,Do Not Migrate
TIBCO® Reward,Unassigned,18.1.0,https://docs.tibco.com/products/tibco-reward-18-1-0,FALSE,FALSE,Do Not Migrate
TIBCO® Reward,Unassigned,17.4.1,https://docs.tibco.com/products/tibco-reward-17-4-1,FALSE,FALSE,Do Not Migrate
TIBCO® Reward,Unassigned,17.4.0,https://docs.tibco.com/products/tibco-reward-17-4-0,FALSE,FALSE,Do Not Migrate
TIBCO® Reward,Unassigned,17.3.0,https://docs.tibco.com/products/tibco-reward-17-3-0,FALSE,FALSE,Do Not Migrate
TIBCO® Reward,Unassigned,17.2.2,https://docs.tibco.com/products/tibco-reward-17-2-2,FALSE,FALSE,Do Not Migrate
TIBCO® Reward,Unassigned,17.2.1,https://docs.tibco.com/products/tibco-reward-17-2-1,TRUE,FALSE,Do Not Migrate
TIBCO® Reward,Unassigned,17.2.0,https://docs.tibco.com/products/tibco-reward-17-2-0,FALSE,FALSE,Do Not Migrate
TIBCO® Reward,Unassigned,17.1.0,https://docs.tibco.com/products/tibco-reward-17-1-0,FALSE,FALSE,Do Not Migrate
TIBCO® Reward,Unassigned,16.4.0,https://docs.tibco.com/products/tibco-reward-16-4-0,FALSE,FALSE,Do Not Migrate
TIBCO® Reward,Unassigned,16.3.0,https://docs.tibco.com/products/tibco-reward-16-3-0,FALSE,FALSE,Do Not Migrate
TIBCO® Reward,Unassigned,16.2.0,https://docs.tibco.com/products/tibco-reward-16-2-0,FALSE,FALSE,Do Not Migrate
TIBCO® Reward,Unassigned,16.1.0,https://docs.tibco.com/products/tibco-reward-16-1-0,FALSE,FALSE,Do Not Migrate
TIBCO® Reward,Unassigned,15.4.0,https://docs.tibco.com/products/tibco-reward-15-4-0,TRUE,FALSE,Do Not Migrate
TIBCO® Reward,Unassigned,15.3.0,https://docs.tibco.com/products/tibco-reward-15-3-0,TRUE,FALSE,Do Not Migrate
TIBCO® Reward,Unassigned,15.2.0,https://docs.tibco.com/products/tibco-reward-15-2-0,TRUE,FALSE,Do Not Migrate
TIBCO® Reward,Unassigned,14.3.0,https://docs.tibco.com/products/tibco-loyalty-lab-reward-14-3-0,TRUE,FALSE,Do Not Migrate
TIBCO® Reward,Unassigned,14.2.0,https://docs.tibco.com/products/tibco-loyalty-lab-reward-14-2-0,TRUE,FALSE,Do Not Migrate
TIBCO® Reward,Unassigned,14.1.0,https://docs.tibco.com/products/tibco-loyalty-lab-reward-14-1-0,TRUE,FALSE,Do Not Migrate
TIBCO® Reward,Unassigned,13.3.0,https://docs.tibco.com/products/tibco-loyalty-lab-reward-13-3-0,TRUE,FALSE,Do Not Migrate
TIBCO® Reward,Unassigned,13.2.0,https://docs.tibco.com/products/tibco-loyalty-lab-reward-13-2-0,TRUE,FALSE,Do Not Migrate
TIBCO® Reward,Unassigned,13.1.0,https://docs.tibco.com/products/tibco-loyalty-lab-reward-13-1-0,TRUE,FALSE,Do Not Migrate
TIBCO® Reward,Unassigned,12.3.0,https://docs.tibco.com/products/tibco-loyalty-lab-reward-12-3-0,TRUE,FALSE,Do Not Migrate
TIBCO® Reward,Unassigned,12.2.0,https://docs.tibco.com/products/tibco-loyalty-lab-reward-12-2-0,TRUE,FALSE,Do Not Migrate
TIBCO® RTView®,Unassigned,7.6.0,https://docs.tibco.com/products/tibco-rtview-7-6-0,FALSE,FALSE,Do Not Migrate
TIBCO® RTView®,Unassigned,7.5.0,https://docs.tibco.com/products/tibco-rtview-7-5-0,FALSE,FALSE,Do Not Migrate
TIBCO® RTView®,Unassigned,7.1.0,https://docs.tibco.com/products/tibco-rtview-7-1-0,FALSE,FALSE,Do Not Migrate
TIBCO® RTView®,Unassigned,7.0.0,https://docs.tibco.com/products/tibco-rtview-7-0-0,FALSE,FALSE,Do Not Migrate
TIBCO® RTView®,Unassigned,6.9.0,https://docs.tibco.com/products/tibco-rtview-6-9-0,FALSE,FALSE,Do Not Migrate
TIBCO® RTView®,Unassigned,6.8.0,https://docs.tibco.com/products/tibco-rtview-6-8-0,FALSE,FALSE,Do Not Migrate
TIBCO® RTView®,Unassigned,6.5.0,https://docs.tibco.com/products/tibco-rtview-6-5-0,FALSE,FALSE,Do Not Migrate
TIBCO® RTView®,Unassigned,6.4.0,https://docs.tibco.com/products/tibco-rtview-6-4-0,FALSE,FALSE,Do Not Migrate
TIBCO® RTView®,Unassigned,6.2.1,https://docs.tibco.com/products/tibco-rtview-6-2-1,FALSE,FALSE,Do Not Migrate
TIBCO® RTView®,Unassigned,6.0.0,https://docs.tibco.com/products/tibco-rtview-6-0-0,FALSE,FALSE,Do Not Migrate
TIBCO® RTView®,Unassigned,5.9.1,https://docs.tibco.com/products/tibco-rtview-5-9-1,FALSE,FALSE,Do Not Migrate
TIBCO® RTView® for TIBCO BusinessEvents®,Unassigned,7.1.1,https://docs.tibco.com/products/tibco-rtview-for-tibco-businessevents-7-1-1,TRUE,TRUE,Do Not Migrate
TIBCO® RTView® for TIBCO BusinessEvents®,Unassigned,7.0.0,https://docs.tibco.com/products/tibco-rtview-for-tibco-businessevents-7-0-0,TRUE,TRUE,Do Not Migrate
TIBCO® RTView® for TIBCO BusinessEvents®,Unassigned,3.5.0,https://docs.tibco.com/products/tibco-rtview-for-tibco-businessevents-3-5-0,TRUE,TRUE,Do Not Migrate
TIBCO® RTView® for TIBCO BusinessEvents®,Unassigned,1.5.3,https://docs.tibco.com/products/tibco-rtview-for-tibco-businessevents-1-5-3,TRUE,TRUE,Do Not Migrate
TIBCO® Service Performance Manager,Unassigned,2.3.0,https://docs.tibco.com/products/tibco-service-performance-manager-2-3-0,TRUE,TRUE,Do Not Migrate
TIBCO® Service Performance Manager,Unassigned,2.2.1,https://docs.tibco.com/products/tibco-service-performance-manager-2-2-1,FALSE,FALSE,Do Not Migrate
TIBCO® Service Performance Manager,Unassigned,2.2.0,https://docs.tibco.com/products/tibco-service-performance-manager-2-2-0,TRUE,TRUE,Do Not Migrate
TIBCO® Service Performance Manager,Unassigned,2.0.1,https://docs.tibco.com/products/tibco-activematrix-service-performance-manager-2-0-1,FALSE,TRUE,Do Not Migrate
TIBCO® Service Performance Manager,Unassigned,1.3.3,https://docs.tibco.com/products/tibco-activematrix-service-performance-manager-1-3-3,FALSE,FALSE,Do Not Migrate
TIBCO® Service Performance Manager,Unassigned,1.3.2,https://docs.tibco.com/products/tibco-activematrix-service-performance-manager-1-3-2,FALSE,FALSE,Do Not Migrate
TIBCO® Service Performance Manager,Unassigned,1.3.1,https://docs.tibco.com/products/tibco-activematrix-service-performance-manager-1-3-1,FALSE,FALSE,Do Not Migrate
TIBCO® Service Performance Manager,Unassigned,1.3.0,https://docs.tibco.com/products/tibco-activematrix-service-performance-manager-1-3-0,FALSE,FALSE,Do Not Migrate
TIBCO® Service Performance Manager,Unassigned,1.2.0,https://docs.tibco.com/products/tibco-activematrix-service-performance-manager-1-2-0,FALSE,FALSE,Do Not Migrate
TIBCO® Service Performance Manager,Unassigned,1.1.1,https://docs.tibco.com/products/tibco-activematrix-service-performance-manager-1-1-1,FALSE,FALSE,Do Not Migrate
TIBCO® Streaming,Data Science & Streaming,11.2.1,https://docs.tibco.com/products/tibco-streaming-11-2-1,FALSE,FALSE,Migrate
TIBCO® Streaming,Data Science & Streaming,11.2.0,https://docs.tibco.com/products/tibco-streaming-11-2-0,FALSE,FALSE,Migrate
TIBCO® Streaming,Data Science & Streaming,11.1.3,https://docs.tibco.com/products/tibco-streaming-11-1-3,FALSE,FALSE,Migrate
TIBCO® Streaming,Data Science & Streaming,11.1.2,https://docs.tibco.com/products/tibco-streaming-11-1-2,FALSE,FALSE,Migrate
TIBCO® Streaming,Data Science & Streaming,11.1.1,https://docs.tibco.com/products/spotfire-streaming-11-1-1,FALSE,FALSE,Migrate
TIBCO® Streaming,Data Science & Streaming,11.1.0,https://docs.tibco.com/products/spotfire-streaming-11-1-0,FALSE,FALSE,Migrate
TIBCO® Streaming,Data Science & Streaming,11.0.1,https://docs.tibco.com/products/tibco-streaming-11-0-1,TRUE,TRUE,Do Not Migrate
TIBCO® Streaming,Data Science & Streaming,11.0.0,https://docs.tibco.com/products/tibco-streaming-11-0-0,TRUE,TRUE,Do Not Migrate
TIBCO® Streaming,Data Science & Streaming,10.6.6,https://docs.tibco.com/products/tibco-streaming-10-6-6,TRUE,TRUE,Do Not Migrate
TIBCO® Streaming,Data Science & Streaming,10.6.5,https://docs.tibco.com/products/tibco-streaming-10-6-5,TRUE,TRUE,Do Not Migrate
TIBCO® Streaming,Data Science & Streaming,10.6.4,https://docs.tibco.com/products/tibco-streaming-10-6-4,TRUE,TRUE,Do Not Migrate
TIBCO® Streaming,Data Science & Streaming,10.6.3,https://docs.tibco.com/products/tibco-streaming-10-6-3,TRUE,TRUE,Do Not Migrate
TIBCO® Streaming,Data Science & Streaming,10.6.2,https://docs.tibco.com/products/tibco-streaming-10-6-2,TRUE,TRUE,Do Not Migrate
TIBCO® Streaming,Data Science & Streaming,10.6.1,https://docs.tibco.com/products/tibco-streaming-10-6-1,TRUE,TRUE,Do Not Migrate
TIBCO® Streaming,Data Science & Streaming,10.6.0,https://docs.tibco.com/products/tibco-streaming-10-6-0,TRUE,TRUE,Do Not Migrate
TIBCO® Streaming,Data Science & Streaming,10.5.0,https://docs.tibco.com/products/tibco-streaming-10-5-0,TRUE,TRUE,Do Not Migrate
TIBCO® Streaming,Data Science & Streaming,10.4.5,https://docs.tibco.com/products/tibco-streaming-10-4-5,TRUE,TRUE,Do Not Migrate
TIBCO® Streaming,Data Science & Streaming,10.4.4,https://docs.tibco.com/products/tibco-streaming-10-4-4,TRUE,TRUE,Do Not Migrate
TIBCO® Streaming,Data Science & Streaming,10.4.3,https://docs.tibco.com/products/tibco-streaming-10-4-3,TRUE,TRUE,Do Not Migrate
TIBCO® Streaming,Data Science & Streaming,10.4.2,https://docs.tibco.com/products/tibco-streaming-10-4-2,TRUE,TRUE,Do Not Migrate
TIBCO® Streaming,Data Science & Streaming,10.4.1,https://docs.tibco.com/products/tibco-streaming-10-4-1,TRUE,TRUE,Do Not Migrate
TIBCO® Streaming,Data Science & Streaming,10.4.0,https://docs.tibco.com/products/tibco-streaming-10-4-0,TRUE,TRUE,Do Not Migrate
TIBCO® Streaming for 3GPP™,Data Science & Streaming,1.1.0,https://docs.tibco.com/products/tibco-streaming-for-3gpp-1-1-0,FALSE,FALSE,Migrate
TIBCO® Streaming for 3GPP™,Data Science & Streaming,1.0.0,https://docs.tibco.com/products/tibco-streaming-for-3gpp-1-0-0,TRUE,FALSE,Do Not Migrate
TIBCO® Trading Partner Management REST API,B2B,1.1.0,https://docs.tibco.com/products/tibco-trading-partner-management-rest-api-1-1-0,FALSE,FALSE,Migrate
TIBCO® Trading Partner Management REST API,B2B,1.0.1,https://docs.tibco.com/products/tibco-trading-partner-management-rest-api-1-0-1,TRUE,TRUE,Do Not Migrate
TIBCO® Trading Partner Management REST API,B2B,1.0.0,https://docs.tibco.com/products/tibco-trading-partner-management-rest-api-1-0-0,TRUE,TRUE,Do Not Migrate
TIBCO® Vault,Unassigned,2.0.1,https://docs.tibco.com/products/tibco-vault-2-0-1,TRUE,TRUE,Do Not Migrate
TIBCO® Vault,Unassigned,2.0.0,https://docs.tibco.com/products/tibco-vault-2-0-0,TRUE,TRUE,Do Not Migrate
TIBCO® Vault,Unassigned,1.1.1,https://docs.tibco.com/products/tibco-vault-1-1-1,TRUE,TRUE,Do Not Migrate
TIBCO® Vault,Unassigned,1.1.0,https://docs.tibco.com/products/tibco-vault-1-1-0,TRUE,TRUE,Do Not Migrate
TIBCO® Vault,Unassigned,1.0.1,https://docs.tibco.com/products/tibco-vault-1-0-1,TRUE,TRUE,Do Not Migrate
TIBCO® Vault,Unassigned,1.0.0,https://docs.tibco.com/products/tibco-vault-1-0-0,TRUE,TRUE,Do Not Migrate